-- Hizashi Business Japanese — Khoá học Kính ngữ
-- course_id = 8010, modules = 8011..8015
-- generated từ release/business_japanese_sql/build_sql_business_japanese.py
-- KHÔNG sửa thủ công — chạy lại script để regenerate.

BEGIN;

-- 1) Course
INSERT INTO study_courses (id, code, name, description, order_index, free_preview_count, tenant_id, is_active, is_deleted, created_at, created_by) VALUES (8010, 'business_japanese_keigo', 'Tiếng Nhật Thương Mại — Kính ngữ', 'Khoá học chuyên sâu về hệ thống kính ngữ tiếng Nhật trong giao tiếp thương mại.', 1, 5, 'system', TRUE, FALSE, NOW(), 'system') ON CONFLICT (id) DO UPDATE SET code = EXCLUDED.code, name = EXCLUDED.name, description = EXCLUDED.description, order_index = EXCLUDED.order_index, free_preview_count = EXCLUDED.free_preview_count, tenant_id = EXCLUDED.tenant_id, is_active = EXCLUDED.is_active, is_deleted = EXCLUDED.is_deleted, updated_at = NOW(), updated_by = 'system';

-- 2) Modules + course_modules
INSERT INTO study_modules (id, code, name, module_type, description, difficulty, topic, order_index, free_preview_count, tenant_id, is_active, is_deleted, created_at, created_by) VALUES (8011, 'keigo_phan_loai', 'Phân loại Kính ngữ — Tổng quan', 'grammar', 'Phân loại Kính ngữ — Tổng quan', 'basic', 'keigo_overview', 1, 5, 'system', TRUE, FALSE, NOW(), 'system') ON CONFLICT (id) DO UPDATE SET code = EXCLUDED.code, name = EXCLUDED.name, module_type = EXCLUDED.module_type, description = EXCLUDED.description, difficulty = EXCLUDED.difficulty, topic = EXCLUDED.topic, order_index = EXCLUDED.order_index, free_preview_count = EXCLUDED.free_preview_count, tenant_id = EXCLUDED.tenant_id, is_active = EXCLUDED.is_active, is_deleted = EXCLUDED.is_deleted, updated_at = NOW(), updated_by = 'system';
INSERT INTO study_course_modules (course_id, module_id, position, tenant_id, is_deleted, created_at, created_by) VALUES (8010, 8011, 1, 'system', FALSE, NOW(), 'system') ON CONFLICT (course_id, module_id) DO UPDATE SET position = EXCLUDED.position, is_deleted = FALSE;
INSERT INTO study_modules (id, code, name, module_type, description, difficulty, topic, order_index, free_preview_count, tenant_id, is_active, is_deleted, created_at, created_by) VALUES (8012, 'juzu_doushi', 'Động từ cho/nhận (授受動詞)', 'grammar', 'Động từ cho/nhận (授受動詞)', 'intermediate', 'juzu_doushi', 2, 5, 'system', TRUE, FALSE, NOW(), 'system') ON CONFLICT (id) DO UPDATE SET code = EXCLUDED.code, name = EXCLUDED.name, module_type = EXCLUDED.module_type, description = EXCLUDED.description, difficulty = EXCLUDED.difficulty, topic = EXCLUDED.topic, order_index = EXCLUDED.order_index, free_preview_count = EXCLUDED.free_preview_count, tenant_id = EXCLUDED.tenant_id, is_active = EXCLUDED.is_active, is_deleted = EXCLUDED.is_deleted, updated_at = NOW(), updated_by = 'system';
INSERT INTO study_course_modules (course_id, module_id, position, tenant_id, is_deleted, created_at, created_by) VALUES (8010, 8012, 2, 'system', FALSE, NOW(), 'system') ON CONFLICT (course_id, module_id) DO UPDATE SET position = EXCLUDED.position, is_deleted = FALSE;
INSERT INTO study_modules (id, code, name, module_type, description, difficulty, topic, order_index, free_preview_count, tenant_id, is_active, is_deleted, created_at, created_by) VALUES (8013, 'uchi_soto', 'Uchi/Soto — In-group / Out-group', 'grammar', 'Uchi/Soto — In-group / Out-group', 'intermediate', 'uchi_soto', 3, 5, 'system', TRUE, FALSE, NOW(), 'system') ON CONFLICT (id) DO UPDATE SET code = EXCLUDED.code, name = EXCLUDED.name, module_type = EXCLUDED.module_type, description = EXCLUDED.description, difficulty = EXCLUDED.difficulty, topic = EXCLUDED.topic, order_index = EXCLUDED.order_index, free_preview_count = EXCLUDED.free_preview_count, tenant_id = EXCLUDED.tenant_id, is_active = EXCLUDED.is_active, is_deleted = EXCLUDED.is_deleted, updated_at = NOW(), updated_by = 'system';
INSERT INTO study_course_modules (course_id, module_id, position, tenant_id, is_deleted, created_at, created_by) VALUES (8010, 8013, 3, 'system', FALSE, NOW(), 'system') ON CONFLICT (course_id, module_id) DO UPDATE SET position = EXCLUDED.position, is_deleted = FALSE;
INSERT INTO study_modules (id, code, name, module_type, description, difficulty, topic, order_index, free_preview_count, tenant_id, is_active, is_deleted, created_at, created_by) VALUES (8014, 'ukemi_shieki', 'Bị động & Sai khiến (受動・使役)', 'grammar', 'Bị động & Sai khiến (受動・使役)', 'intermediate', 'ukemi_shieki', 4, 5, 'system', TRUE, FALSE, NOW(), 'system') ON CONFLICT (id) DO UPDATE SET code = EXCLUDED.code, name = EXCLUDED.name, module_type = EXCLUDED.module_type, description = EXCLUDED.description, difficulty = EXCLUDED.difficulty, topic = EXCLUDED.topic, order_index = EXCLUDED.order_index, free_preview_count = EXCLUDED.free_preview_count, tenant_id = EXCLUDED.tenant_id, is_active = EXCLUDED.is_active, is_deleted = EXCLUDED.is_deleted, updated_at = NOW(), updated_by = 'system';
INSERT INTO study_course_modules (course_id, module_id, position, tenant_id, is_deleted, created_at, created_by) VALUES (8010, 8014, 4, 'system', FALSE, NOW(), 'system') ON CONFLICT (course_id, module_id) DO UPDATE SET position = EXCLUDED.position, is_deleted = FALSE;
INSERT INTO study_modules (id, code, name, module_type, description, difficulty, topic, order_index, free_preview_count, tenant_id, is_active, is_deleted, created_at, created_by) VALUES (8015, 'keigo_tong_hop', 'Tổng hợp & So sánh', 'grammar', 'Tổng hợp & So sánh', 'advanced', 'keigo_tong_hop', 5, 5, 'system', TRUE, FALSE, NOW(), 'system') ON CONFLICT (id) DO UPDATE SET code = EXCLUDED.code, name = EXCLUDED.name, module_type = EXCLUDED.module_type, description = EXCLUDED.description, difficulty = EXCLUDED.difficulty, topic = EXCLUDED.topic, order_index = EXCLUDED.order_index, free_preview_count = EXCLUDED.free_preview_count, tenant_id = EXCLUDED.tenant_id, is_active = EXCLUDED.is_active, is_deleted = EXCLUDED.is_deleted, updated_at = NOW(), updated_by = 'system';
INSERT INTO study_course_modules (course_id, module_id, position, tenant_id, is_deleted, created_at, created_by) VALUES (8010, 8015, 5, 'system', FALSE, NOW(), 'system') ON CONFLICT (course_id, module_id) DO UPDATE SET position = EXCLUDED.position, is_deleted = FALSE;

-- Mogishiken file: 2.1.0_Keigo_Mogishiken.json
INSERT INTO reading_passages (id, user_id, is_system, is_public, title, content, translation, jlpt_level, category, difficulty, word_count, tenant_id, is_active, is_deleted, created_at, created_by) VALUES (8010001, NULL, TRUE, TRUE, 'ビジネスメール', '件名：来週の会議について

田中さんへ

いつもお疲れ様です。
来週の月曜日に営業会議があります。開始時間は午前10時です。準備物として、最新の販売データが必要になります。
お手数ですが、データを送っていただけませんか？ご不明な点がありましたら、いつでもお気軽にお尋ねください。

よろしくお願いいたします。
鈴木', 'Tình huống: Nhân viên viết email cho đồng nghiệp để yêu cầu thông tin. Email ngắn gọn, sử dụng Teineigo cơ bản.', 'BJT', 'business_keigo', 1, 87, 'system', TRUE, FALSE, NOW(), 'system') ON CONFLICT (id) DO UPDATE SET title = EXCLUDED.title, content = EXCLUDED.content, translation = EXCLUDED.translation, category = EXCLUDED.category, difficulty = EXCLUDED.difficulty, word_count = EXCLUDED.word_count, is_active = EXCLUDED.is_active, is_deleted = EXCLUDED.is_deleted, updated_at = NOW(), updated_by = 'system';
INSERT INTO reading_passages (id, user_id, is_system, is_public, title, content, translation, jlpt_level, category, difficulty, word_count, tenant_id, is_active, is_deleted, created_at, created_by) VALUES (8010002, NULL, TRUE, TRUE, '電話応対スクリプト', 'A（営業担当）：「いつもご利用ありがとうございます。本日はどのようなご用件でしょうか？」

B（顧客）：「商品の納期について確認したいのですが」

A：「かしこまりました。確認させていただきます。申し訳ございませんが、注文番号をお伺いしてもよろしいでしょうか？」

B：「注文番号は、ABC-2024-001です」

A：「ありがとうございます。少々お待ちください。...確認いたしました。ご注文いただきました商品は、来週の木曜日にお届け予定でございます。」

B：「わかりました。よろしくお願いします」', 'Tình huống: Cuộc gọi điện thoại giữa nhân viên (A) và khách hàng (B). Nhân viên dùng Sonkeigo khi nói với khách, Kenjougo khi nói về công ty mình.', 'BJT', 'business_keigo', 2, 148, 'system', TRUE, FALSE, NOW(), 'system') ON CONFLICT (id) DO UPDATE SET title = EXCLUDED.title, content = EXCLUDED.content, translation = EXCLUDED.translation, category = EXCLUDED.category, difficulty = EXCLUDED.difficulty, word_count = EXCLUDED.word_count, is_active = EXCLUDED.is_active, is_deleted = EXCLUDED.is_deleted, updated_at = NOW(), updated_by = 'system';
INSERT INTO reading_passages (id, user_id, is_system, is_public, title, content, translation, jlpt_level, category, difficulty, word_count, tenant_id, is_active, is_deleted, created_at, created_by) VALUES (8010003, NULL, TRUE, TRUE, '社内通知・お知らせ', '【重要なお知らせ】

いつも弊社の発展にご尽力いただきありがとうございます。

この度、人事部一同より、今年度の勤務体制の改善につきまして、お知らせさせていただきます。

本年4月より、以下の制度が導入されることになりました。第一に、フレックスタイム制を導入いたします。これにより、従業員の皆様がご自身のペースで業務を進めることが可能になります。第二に、リモートワークの対象者を拡大いたしますので、申請がございましたら、人事部までご連絡ください。

ご不明な点やご質問がおありでしたら、人事部までお気軽にお問い合わせいただきますよう、お願い申し上げます。本改革により、全社一丸となって、さらなる発展を遂行いたします。

何卒、ご理解・ご協力のほど、よろしくお願いいたします。', 'Tình huống: Công ty gửi thông báo nội bộ trang trọng cho tất cả nhân viên về thay đổi chính sách. Sử dụng kết hợp đủ 3 loại kính ngữ.', 'BJT', 'business_keigo', 3, 203, 'system', TRUE, FALSE, NOW(), 'system') ON CONFLICT (id) DO UPDATE SET title = EXCLUDED.title, content = EXCLUDED.content, translation = EXCLUDED.translation, category = EXCLUDED.category, difficulty = EXCLUDED.difficulty, word_count = EXCLUDED.word_count, is_active = EXCLUDED.is_active, is_deleted = EXCLUDED.is_deleted, updated_at = NOW(), updated_by = 'system';
INSERT INTO reading_passages (id, user_id, is_system, is_public, title, content, translation, jlpt_level, category, difficulty, word_count, tenant_id, is_active, is_deleted, created_at, created_by) VALUES (8010004, NULL, TRUE, TRUE, '会議議事録', '【会議議事録】
日時：2026年4月10日 14:00-15:30
参加者：田中部長、佐藤課長、岡崎係長、林リーダー

【議題】
第二四半期の営業戦略について

【主要な議論内容】
まず、田中部長が市場分析の結果について説明いたしました。同部長は、現在の市場競争が激しくなっている状況をご指摘されました。これに対して、佐藤課長は新商品の開発を加速させることを提案されました。

岡崎係長からは、人事面でのリソース不足について懸念が述べられました。同係長は「現在、営業チームのメンバーが不足しており、新しい戦略を実行することが難しい」とご発言されました。

最後に、田中部長は以下の決定を申し上げられました。新商品開発チームを拡大し、5名の新メンバーを採用することになりました。

【決定事項】
・新商品開発チームを拡大
・5名の追加採用を決定
・次回会議は5月1日に開催予定', 'Tình huống: Biên bản họp từ cuộc họp chiến lược công ty. Chứa lỗi kính ngữ ẩn và yêu cầu phân tích sâu sắc về việc sử dụng kính ngữ.', 'BJT', 'business_keigo', 4, 256, 'system', TRUE, FALSE, NOW(), 'system') ON CONFLICT (id) DO UPDATE SET title = EXCLUDED.title, content = EXCLUDED.content, translation = EXCLUDED.translation, category = EXCLUDED.category, difficulty = EXCLUDED.difficulty, word_count = EXCLUDED.word_count, is_active = EXCLUDED.is_active, is_deleted = EXCLUDED.is_deleted, updated_at = NOW(), updated_by = 'system';
INSERT INTO reading_passages (id, user_id, is_system, is_public, title, content, translation, jlpt_level, category, difficulty, word_count, tenant_id, is_active, is_deleted, created_at, created_by) VALUES (8010005, NULL, TRUE, TRUE, '申請書・依頼文書', '申請書

謹んでお申し上げます。

この度は、貴社の研修制度を活用させていただき、本年度の国際マネジメント研修への参加をお願い申し上げたくお手紙を差し上げた次第でございます。

私は、現在営業部において責務を担当させていただいておりますが、グローバル化する市場環境において、さらなるスキルの向上が必須と考えております。当研修は、国際ビジネスの知見を深め、貴社への貢献をより一層高める機会になると存じます。

つきましては、下記の要項についてご承認をいただき賜りますよう、伏してお願い申し上げます。

【申請要項】
・研修名：国際マネジメント研修
・開催地：シンガポール
・期間：2026年7月1日～8月31日
・参加費：会社負担でお願い申し上げます

何卒、本申請についてのご検討・ご了承のほど、心より切望いたしております。今後とも、弊社の発展と貴社の信頼に応えるべく、一層精進いたします。

敬具

営業部　太郎
2026年4月13日', 'Tình huống: Tờ đơn xin phép chính thức từ nhân viên gửi công ty, yêu cầu được phép tham gia khóa đào tạo quốc tế. Sử dụng kính ngữ văn phong trang trọng nhất.', 'BJT', 'business_keigo', 5, 268, 'system', TRUE, FALSE, NOW(), 'system') ON CONFLICT (id) DO UPDATE SET title = EXCLUDED.title, content = EXCLUDED.content, translation = EXCLUDED.translation, category = EXCLUDED.category, difficulty = EXCLUDED.difficulty, word_count = EXCLUDED.word_count, is_active = EXCLUDED.is_active, is_deleted = EXCLUDED.is_deleted, updated_at = NOW(), updated_by = 'system';
INSERT INTO questions (id, user_id, is_system, is_khoa_cu, question_type, content_type, level, selection_type, question, passage, passage_translation, general_explanation, skill_category, base_difficulty, tenant_id, is_active, is_deleted, created_at, created_by) VALUES (80200001, NULL, TRUE, FALSE, 'reading', 'keigo_dokkai_keigo_phan_loai', NULL, 'single', 'このメールの目的は何ですか？

Mục đích của email này là gì?', '8010001', 'Tình huống: Nhân viên viết email cho đồng nghiệp để yêu cầu thông tin. Email ngắn gọn, sử dụng Teineigo cơ bản.', 'Email rõ ràng yêu cầu (「データを送っていただけませんか？」) gửi dữ liệu bán hàng cho cuộc họp. Các lựa chọn khác không liên quan đến nội dung email.', 'dokkai', 1, 'system', TRUE, FALSE, NOW(), 'system') ON CONFLICT (id) DO UPDATE SET question_type = EXCLUDED.question_type, content_type = EXCLUDED.content_type, level = EXCLUDED.level, question = EXCLUDED.question, passage = EXCLUDED.passage, passage_translation = EXCLUDED.passage_translation, general_explanation = EXCLUDED.general_explanation, skill_category = EXCLUDED.skill_category, base_difficulty = EXCLUDED.base_difficulty, is_active = EXCLUDED.is_active, is_deleted = EXCLUDED.is_deleted, updated_at = NOW(), updated_by = 'system';
DELETE FROM questions_answers WHERE question_id = 80200001;
INSERT INTO questions_answers (question_id, sentence, sentence_translation, is_correct, "order") VALUES (80200001, '来週の会議が中止することを知らせる', NULL, FALSE, 1);
INSERT INTO questions_answers (question_id, sentence, sentence_translation, is_correct, "order") VALUES (80200001, '会議の準備物として販売データを送ってもらう', NULL, TRUE, 2);
INSERT INTO questions_answers (question_id, sentence, sentence_translation, is_correct, "order") VALUES (80200001, '田中さんの連絡先を確認する', NULL, FALSE, 3);
INSERT INTO questions_answers (question_id, sentence, sentence_translation, is_correct, "order") VALUES (80200001, '営業会議の参加者を増やす', NULL, FALSE, 4);
INSERT INTO questions (id, user_id, is_system, is_khoa_cu, question_type, content_type, level, selection_type, question, passage, passage_translation, general_explanation, skill_category, base_difficulty, tenant_id, is_active, is_deleted, created_at, created_by) VALUES (80200002, NULL, TRUE, FALSE, 'reading', 'keigo_dokkai_keigo_phan_loai', NULL, 'single', '「お手数ですが」はどんな場面で使いますか？

「お手数ですが」được dùng trong tình huống nào?', '8010001', 'Tình huống: Nhân viên viết email cho đồng nghiệp để yêu cầu thông tin. Email ngắn gọn, sử dụng Teineigo cơ bản.', '「お手数ですが」là biểu hiện lịch sự dùng khi yêu cầu ai đó làm điều gì đó mà biết sẽ gây phiền toái. Nó thể hiện sự tôn trọng và nhận thức về việc gây rắc rối cho người kia.', 'dokkai', 1, 'system', TRUE, FALSE, NOW(), 'system') ON CONFLICT (id) DO UPDATE SET question_type = EXCLUDED.question_type, content_type = EXCLUDED.content_type, level = EXCLUDED.level, question = EXCLUDED.question, passage = EXCLUDED.passage, passage_translation = EXCLUDED.passage_translation, general_explanation = EXCLUDED.general_explanation, skill_category = EXCLUDED.skill_category, base_difficulty = EXCLUDED.base_difficulty, is_active = EXCLUDED.is_active, is_deleted = EXCLUDED.is_deleted, updated_at = NOW(), updated_by = 'system';
DELETE FROM questions_answers WHERE question_id = 80200002;
INSERT INTO questions_answers (question_id, sentence, sentence_translation, is_correct, "order") VALUES (80200002, '相手に何か迷惑をかけるときに、丁寧に依頼する場面', NULL, TRUE, 1);
INSERT INTO questions_answers (question_id, sentence, sentence_translation, is_correct, "order") VALUES (80200002, '相手が忙しいときに、無視する場面', NULL, FALSE, 2);
INSERT INTO questions_answers (question_id, sentence, sentence_translation, is_correct, "order") VALUES (80200002, '相手を褒める場面', NULL, FALSE, 3);
INSERT INTO questions_answers (question_id, sentence, sentence_translation, is_correct, "order") VALUES (80200002, '相手に厳しく命令する場面', NULL, FALSE, 4);
INSERT INTO questions (id, user_id, is_system, is_khoa_cu, question_type, content_type, level, selection_type, question, passage, passage_translation, general_explanation, skill_category, base_difficulty, tenant_id, is_active, is_deleted, created_at, created_by) VALUES (80200003, NULL, TRUE, FALSE, 'reading', 'keigo_dokkai_keigo_phan_loai', NULL, 'single', '会議の開始時間は何時ですか？

Giờ bắt đầu cuộc họp là mấy giờ?', '8010001', 'Tình huống: Nhân viên viết email cho đồng nghiệp để yêu cầu thông tin. Email ngắn gọn, sử dụng Teineigo cơ bản.', 'Văn bản nói rõ: 「開始時間は午前10時です」. Đáp án C là chính xác.', 'dokkai', 1, 'system', TRUE, FALSE, NOW(), 'system') ON CONFLICT (id) DO UPDATE SET question_type = EXCLUDED.question_type, content_type = EXCLUDED.content_type, level = EXCLUDED.level, question = EXCLUDED.question, passage = EXCLUDED.passage, passage_translation = EXCLUDED.passage_translation, general_explanation = EXCLUDED.general_explanation, skill_category = EXCLUDED.skill_category, base_difficulty = EXCLUDED.base_difficulty, is_active = EXCLUDED.is_active, is_deleted = EXCLUDED.is_deleted, updated_at = NOW(), updated_by = 'system';
DELETE FROM questions_answers WHERE question_id = 80200003;
INSERT INTO questions_answers (question_id, sentence, sentence_translation, is_correct, "order") VALUES (80200003, '午後10時', NULL, FALSE, 1);
INSERT INTO questions_answers (question_id, sentence, sentence_translation, is_correct, "order") VALUES (80200003, '午前9時', NULL, FALSE, 2);
INSERT INTO questions_answers (question_id, sentence, sentence_translation, is_correct, "order") VALUES (80200003, '午前10時', NULL, TRUE, 3);
INSERT INTO questions_answers (question_id, sentence, sentence_translation, is_correct, "order") VALUES (80200003, '午後2時', NULL, FALSE, 4);
INSERT INTO questions (id, user_id, is_system, is_khoa_cu, question_type, content_type, level, selection_type, question, passage, passage_translation, general_explanation, skill_category, base_difficulty, tenant_id, is_active, is_deleted, created_at, created_by) VALUES (80200004, NULL, TRUE, FALSE, 'reading', 'keigo_dokkai_keigo_phan_loai', NULL, 'single', '「ご不明な点がありましたら、いつでもお気軽にお尋ねください」のお気軽に（きがるに）とはどういう意味ですか？

「お気軽に」có ý nghĩa gì?', '8010001', 'Tình huống: Nhân viên viết email cho đồng nghiệp để yêu cầu thông tin. Email ngắn gọn, sử dụng Teineigo cơ bản.', '「お気軽に」là biểu hiện lịch sự có nghĩa là "hãy tự tại, không cần e ngại" khi liên hệ. Nó thể hiện thái độ mở cửa, sẵn sàng giúp đỡ.', 'dokkai', 1, 'system', TRUE, FALSE, NOW(), 'system') ON CONFLICT (id) DO UPDATE SET question_type = EXCLUDED.question_type, content_type = EXCLUDED.content_type, level = EXCLUDED.level, question = EXCLUDED.question, passage = EXCLUDED.passage, passage_translation = EXCLUDED.passage_translation, general_explanation = EXCLUDED.general_explanation, skill_category = EXCLUDED.skill_category, base_difficulty = EXCLUDED.base_difficulty, is_active = EXCLUDED.is_active, is_deleted = EXCLUDED.is_deleted, updated_at = NOW(), updated_by = 'system';
DELETE FROM questions_answers WHERE question_id = 80200004;
INSERT INTO questions_answers (question_id, sentence, sentence_translation, is_correct, "order") VALUES (80200004, '厳しく、重くお願いする', NULL, FALSE, 1);
INSERT INTO questions_answers (question_id, sentence, sentence_translation, is_correct, "order") VALUES (80200004, '気分が悪いときだけ連絡する', NULL, FALSE, 2);
INSERT INTO questions_answers (question_id, sentence, sentence_translation, is_correct, "order") VALUES (80200004, '気を楽にして、遠慮なく連絡する', NULL, TRUE, 3);
INSERT INTO questions_answers (question_id, sentence, sentence_translation, is_correct, "order") VALUES (80200004, '秘密にして、誰にも言わない', NULL, FALSE, 4);
INSERT INTO questions (id, user_id, is_system, is_khoa_cu, question_type, content_type, level, selection_type, question, passage, passage_translation, general_explanation, skill_category, base_difficulty, tenant_id, is_active, is_deleted, created_at, created_by) VALUES (80200005, NULL, TRUE, FALSE, 'reading', 'keigo_dokkai_keigo_phan_loai', NULL, 'single', 'Aさんが「申し訳ございませんが」と言ったのは、どうしてですか？

Tại sao nhân viên A nói "申し訳ございません"?', '8010002', 'Tình huống: Cuộc gọi điện thoại giữa nhân viên (A) và khách hàng (B). Nhân viên dùng Sonkeigo khi nói với khách, Kenjougo khi nói về công ty mình.', '「申し訳ございません」là biểu hiện xin lỗi trước khi yêu cầu khách cung cấp thông tin (注文番号). Đây là cách lịch sự để cho khách biết rằng yêu cầu này có thể gây phiền toái.', 'dokkai', 1, 'system', TRUE, FALSE, NOW(), 'system') ON CONFLICT (id) DO UPDATE SET question_type = EXCLUDED.question_type, content_type = EXCLUDED.content_type, level = EXCLUDED.level, question = EXCLUDED.question, passage = EXCLUDED.passage, passage_translation = EXCLUDED.passage_translation, general_explanation = EXCLUDED.general_explanation, skill_category = EXCLUDED.skill_category, base_difficulty = EXCLUDED.base_difficulty, is_active = EXCLUDED.is_active, is_deleted = EXCLUDED.is_deleted, updated_at = NOW(), updated_by = 'system';
DELETE FROM questions_answers WHERE question_id = 80200005;
INSERT INTO questions_answers (question_id, sentence, sentence_translation, is_correct, "order") VALUES (80200005, '顧客の注文番号が間違っている', NULL, FALSE, 1);
INSERT INTO questions_answers (question_id, sentence, sentence_translation, is_correct, "order") VALUES (80200005, '顧客に質問をするときに、迷惑をかけるかもしれないという丁寧な表現', NULL, TRUE, 2);
INSERT INTO questions_answers (question_id, sentence, sentence_translation, is_correct, "order") VALUES (80200005, '商品が壊れている', NULL, FALSE, 3);
INSERT INTO questions_answers (question_id, sentence, sentence_translation, is_correct, "order") VALUES (80200005, '顧客の電話番号を知らない', NULL, FALSE, 4);
INSERT INTO questions (id, user_id, is_system, is_khoa_cu, question_type, content_type, level, selection_type, question, passage, passage_translation, general_explanation, skill_category, base_difficulty, tenant_id, is_active, is_deleted, created_at, created_by) VALUES (80200006, NULL, TRUE, FALSE, 'reading', 'keigo_dokkai_keigo_phan_loai', NULL, 'single', '「お伺いしてもよろしいでしょうか」は何という敬語ですか？

"お伺いしてもよろしいでしょうか" là cách dùng kính ngữ gì?', '8010002', 'Tình huống: Cuộc gọi điện thoại giữa nhân viên (A) và khách hàng (B). Nhân viên dùng Sonkeigo khi nói với khách, Kenjougo khi nói về công ty mình.', '"お伺いする" là Kenjougo (khiêm nhường ngữ) - một hình thức của "聞く" (hỏi). Nhân viên dùng Kenjougo để hạ thấp hành động của mình (yêu cầu thông tin) để tôn trọng khách hàng.', 'dokkai', 1, 'system', TRUE, FALSE, NOW(), 'system') ON CONFLICT (id) DO UPDATE SET question_type = EXCLUDED.question_type, content_type = EXCLUDED.content_type, level = EXCLUDED.level, question = EXCLUDED.question, passage = EXCLUDED.passage, passage_translation = EXCLUDED.passage_translation, general_explanation = EXCLUDED.general_explanation, skill_category = EXCLUDED.skill_category, base_difficulty = EXCLUDED.base_difficulty, is_active = EXCLUDED.is_active, is_deleted = EXCLUDED.is_deleted, updated_at = NOW(), updated_by = 'system';
DELETE FROM questions_answers WHERE question_id = 80200006;
INSERT INTO questions_answers (question_id, sentence, sentence_translation, is_correct, "order") VALUES (80200006, '謙譲語（自社の行動を低める）', NULL, TRUE, 1);
INSERT INTO questions_answers (question_id, sentence, sentence_translation, is_correct, "order") VALUES (80200006, '尊敬語（相手を尊敬する）', NULL, FALSE, 2);
INSERT INTO questions_answers (question_id, sentence, sentence_translation, is_correct, "order") VALUES (80200006, '丁寧語（敬語ではない）', NULL, FALSE, 3);
INSERT INTO questions_answers (question_id, sentence, sentence_translation, is_correct, "order") VALUES (80200006, '敬語ではなく、普通語', NULL, FALSE, 4);
INSERT INTO questions (id, user_id, is_system, is_khoa_cu, question_type, content_type, level, selection_type, question, passage, passage_translation, general_explanation, skill_category, base_difficulty, tenant_id, is_active, is_deleted, created_at, created_by) VALUES (80200007, NULL, TRUE, FALSE, 'reading', 'keigo_dokkai_keigo_phan_loai', NULL, 'single', '商品はいつお届けしますか？

Sản phẩm sẽ được giao khi nào?', '8010002', 'Tình huống: Cuộc gọi điện thoại giữa nhân viên (A) và khách hàng (B). Nhân viên dùng Sonkeigo khi nói với khách, Kenjougo khi nói về công ty mình.', 'Nhân viên A nói: 「来週の木曜日にお届け予定でございます」. Câu trả lời chính xác là B - Thứ Năm tuần tới.', 'dokkai', 1, 'system', TRUE, FALSE, NOW(), 'system') ON CONFLICT (id) DO UPDATE SET question_type = EXCLUDED.question_type, content_type = EXCLUDED.content_type, level = EXCLUDED.level, question = EXCLUDED.question, passage = EXCLUDED.passage, passage_translation = EXCLUDED.passage_translation, general_explanation = EXCLUDED.general_explanation, skill_category = EXCLUDED.skill_category, base_difficulty = EXCLUDED.base_difficulty, is_active = EXCLUDED.is_active, is_deleted = EXCLUDED.is_deleted, updated_at = NOW(), updated_by = 'system';
DELETE FROM questions_answers WHERE question_id = 80200007;
INSERT INTO questions_answers (question_id, sentence, sentence_translation, is_correct, "order") VALUES (80200007, '来週の月曜日', NULL, FALSE, 1);
INSERT INTO questions_answers (question_id, sentence, sentence_translation, is_correct, "order") VALUES (80200007, '来週の木曜日', NULL, TRUE, 2);
INSERT INTO questions_answers (question_id, sentence, sentence_translation, is_correct, "order") VALUES (80200007, '今週の金曜日', NULL, FALSE, 3);
INSERT INTO questions_answers (question_id, sentence, sentence_translation, is_correct, "order") VALUES (80200007, '来週の金曜日', NULL, FALSE, 4);
INSERT INTO questions (id, user_id, is_system, is_khoa_cu, question_type, content_type, level, selection_type, question, passage, passage_translation, general_explanation, skill_category, base_difficulty, tenant_id, is_active, is_deleted, created_at, created_by) VALUES (80200008, NULL, TRUE, FALSE, 'reading', 'keigo_dokkai_keigo_phan_loai', NULL, 'single', '「ご注文いただきました商品」の「いただきました」はどの敬語ですか？

"いただきました" trong "ご注文いただきました商品" là loại kính ngữ gì?', '8010002', 'Tình huống: Cuộc gọi điện thoại giữa nhân viên (A) và khách hàng (B). Nhân viên dùng Sonkeigo khi nói với khách, Kenjougo khi nói về công ty mình.', '"いただきました" là Kenjougo - là hình thức khiêm nhường của "もらう" (nhận). Khi nói "ご注文いただきました", nhân viên thể hiện tôn trọng khách hàng bằng cách nói khách đã "ban cho" công ty hàng đơn hàng.', 'dokkai', 1, 'system', TRUE, FALSE, NOW(), 'system') ON CONFLICT (id) DO UPDATE SET question_type = EXCLUDED.question_type, content_type = EXCLUDED.content_type, level = EXCLUDED.level, question = EXCLUDED.question, passage = EXCLUDED.passage, passage_translation = EXCLUDED.passage_translation, general_explanation = EXCLUDED.general_explanation, skill_category = EXCLUDED.skill_category, base_difficulty = EXCLUDED.base_difficulty, is_active = EXCLUDED.is_active, is_deleted = EXCLUDED.is_deleted, updated_at = NOW(), updated_by = 'system';
DELETE FROM questions_answers WHERE question_id = 80200008;
INSERT INTO questions_answers (question_id, sentence, sentence_translation, is_correct, "order") VALUES (80200008, '尊敬語', NULL, FALSE, 1);
INSERT INTO questions_answers (question_id, sentence, sentence_translation, is_correct, "order") VALUES (80200008, '謙譲語（「～てもらう」の謙譲語表現）', NULL, TRUE, 2);
INSERT INTO questions_answers (question_id, sentence, sentence_translation, is_correct, "order") VALUES (80200008, '丁寧語', NULL, FALSE, 3);
INSERT INTO questions_answers (question_id, sentence, sentence_translation, is_correct, "order") VALUES (80200008, '普通語', NULL, FALSE, 4);
INSERT INTO questions (id, user_id, is_system, is_khoa_cu, question_type, content_type, level, selection_type, question, passage, passage_translation, general_explanation, skill_category, base_difficulty, tenant_id, is_active, is_deleted, created_at, created_by) VALUES (80200009, NULL, TRUE, FALSE, 'reading', 'keigo_dokkai_keigo_phan_loai', NULL, 'single', 'このお知らせの主な内容は何ですか？

Nội dung chính của thông báo này là gì?', '8010003', 'Tình huống: Công ty gửi thông báo nội bộ trang trọng cho tất cả nhân viên về thay đổi chính sách. Sử dụng kết hợp đủ 3 loại kính ngữ.', 'Văn bản rõ ràng nói: 「今年度の勤務体制の改善につきまして、お知らせさせていただきます」. Đó là nội dung chính - thay đổi chính sách làm việc.', 'dokkai', 1, 'system', TRUE, FALSE, NOW(), 'system') ON CONFLICT (id) DO UPDATE SET question_type = EXCLUDED.question_type, content_type = EXCLUDED.content_type, level = EXCLUDED.level, question = EXCLUDED.question, passage = EXCLUDED.passage, passage_translation = EXCLUDED.passage_translation, general_explanation = EXCLUDED.general_explanation, skill_category = EXCLUDED.skill_category, base_difficulty = EXCLUDED.base_difficulty, is_active = EXCLUDED.is_active, is_deleted = EXCLUDED.is_deleted, updated_at = NOW(), updated_by = 'system';
DELETE FROM questions_answers WHERE question_id = 80200009;
INSERT INTO questions_answers (question_id, sentence, sentence_translation, is_correct, "order") VALUES (80200009, '社員の給料を下げることについて', NULL, FALSE, 1);
INSERT INTO questions_answers (question_id, sentence, sentence_translation, is_correct, "order") VALUES (80200009, '今年度の勤務体制の改善について', NULL, TRUE, 2);
INSERT INTO questions_answers (question_id, sentence, sentence_translation, is_correct, "order") VALUES (80200009, '会社の経営難について', NULL, FALSE, 3);
INSERT INTO questions_answers (question_id, sentence, sentence_translation, is_correct, "order") VALUES (80200009, '新しい社屋への引っ越しについて', NULL, FALSE, 4);
INSERT INTO questions (id, user_id, is_system, is_khoa_cu, question_type, content_type, level, selection_type, question, passage, passage_translation, general_explanation, skill_category, base_difficulty, tenant_id, is_active, is_deleted, created_at, created_by) VALUES (80200010, NULL, TRUE, FALSE, 'reading', 'keigo_dokkai_keigo_phan_loai', NULL, 'single', '「ご尽力いただき」の「ご尽力」はどのような敬語ですか？

"ご尽力" là loại kính ngữ gì?', '8010003', 'Tình huống: Công ty gửi thông báo nội bộ trang trọng cho tất cả nhân viên về thay đổi chính sách. Sử dụng kết hợp đủ 3 loại kính ngữ.', '"ご尽力" là Sonkeigo (tôn kính ngữ) - "ご/お" prefix + danh từ để tôn trọng hành động của đối phương. Đây là cách trang trọng để nói về nỗ lực/đóng góp của nhân viên.', 'dokkai', 1, 'system', TRUE, FALSE, NOW(), 'system') ON CONFLICT (id) DO UPDATE SET question_type = EXCLUDED.question_type, content_type = EXCLUDED.content_type, level = EXCLUDED.level, question = EXCLUDED.question, passage = EXCLUDED.passage, passage_translation = EXCLUDED.passage_translation, general_explanation = EXCLUDED.general_explanation, skill_category = EXCLUDED.skill_category, base_difficulty = EXCLUDED.base_difficulty, is_active = EXCLUDED.is_active, is_deleted = EXCLUDED.is_deleted, updated_at = NOW(), updated_by = 'system';
DELETE FROM questions_answers WHERE question_id = 80200010;
INSERT INTO questions_answers (question_id, sentence, sentence_translation, is_correct, "order") VALUES (80200010, '謙譲語（自分の行動を低める）', NULL, FALSE, 1);
INSERT INTO questions_answers (question_id, sentence, sentence_translation, is_correct, "order") VALUES (80200010, '尊敬語（相手の行動を敬う）', NULL, TRUE, 2);
INSERT INTO questions_answers (question_id, sentence, sentence_translation, is_correct, "order") VALUES (80200010, '丁寧語', NULL, FALSE, 3);
INSERT INTO questions_answers (question_id, sentence, sentence_translation, is_correct, "order") VALUES (80200010, '敬語ではない', NULL, FALSE, 4);
INSERT INTO questions (id, user_id, is_system, is_khoa_cu, question_type, content_type, level, selection_type, question, passage, passage_translation, general_explanation, skill_category, base_difficulty, tenant_id, is_active, is_deleted, created_at, created_by) VALUES (80200011, NULL, TRUE, FALSE, 'reading', 'keigo_dokkai_keigo_phan_loai', NULL, 'single', '導入される制度は何ですか？

Những chế độ nào được đưa vào áp dụng?', '8010003', 'Tình huống: Công ty gửi thông báo nội bộ trang trọng cho tất cả nhân viên về thay đổi chính sách. Sử dụng kết hợp đủ 3 loại kính ngữ.', 'Văn bản nói: 「フレックスタイム制を導入いたします」và「リモートワークの対象者を拡大いたします」. Hai chế độ này được giới thiệu.', 'dokkai', 1, 'system', TRUE, FALSE, NOW(), 'system') ON CONFLICT (id) DO UPDATE SET question_type = EXCLUDED.question_type, content_type = EXCLUDED.content_type, level = EXCLUDED.level, question = EXCLUDED.question, passage = EXCLUDED.passage, passage_translation = EXCLUDED.passage_translation, general_explanation = EXCLUDED.general_explanation, skill_category = EXCLUDED.skill_category, base_difficulty = EXCLUDED.base_difficulty, is_active = EXCLUDED.is_active, is_deleted = EXCLUDED.is_deleted, updated_at = NOW(), updated_by = 'system';
DELETE FROM questions_answers WHERE question_id = 80200011;
INSERT INTO questions_answers (question_id, sentence, sentence_translation, is_correct, "order") VALUES (80200011, '給与システムと昇進制度', NULL, FALSE, 1);
INSERT INTO questions_answers (question_id, sentence, sentence_translation, is_correct, "order") VALUES (80200011, 'フレックスタイム制とリモートワークの拡大', NULL, TRUE, 2);
INSERT INTO questions_answers (question_id, sentence, sentence_translation, is_correct, "order") VALUES (80200011, '退職システムと採用制度', NULL, FALSE, 3);
INSERT INTO questions_answers (question_id, sentence, sentence_translation, is_correct, "order") VALUES (80200011, '教育訓練制度だけ', NULL, FALSE, 4);
INSERT INTO questions (id, user_id, is_system, is_khoa_cu, question_type, content_type, level, selection_type, question, passage, passage_translation, general_explanation, skill_category, base_difficulty, tenant_id, is_active, is_deleted, created_at, created_by) VALUES (80200012, NULL, TRUE, FALSE, 'reading', 'keigo_dokkai_keigo_phan_loai', NULL, 'single', '「何卒、ご理解・ご協力のほど、よろしくお願いいたします」の「何卒」はどのような表現ですか？

"何卒" là biểu hiện gì?', '8010003', 'Tình huống: Công ty gửi thông báo nội bộ trang trọng cho tất cả nhân viên về thay đổi chính sách. Sử dụng kết hợp đủ 3 loại kính ngữ.', '"何卒（なにとぞ）" là biểu hiện cổ điển, rất trang trọng và chính thức, thường dùng trong thư từ chính thức hay thông báo quan trọng. Nó thể hiện sự tôn kính cao độ đối với yêu cầu của mình.', 'dokkai', 1, 'system', TRUE, FALSE, NOW(), 'system') ON CONFLICT (id) DO UPDATE SET question_type = EXCLUDED.question_type, content_type = EXCLUDED.content_type, level = EXCLUDED.level, question = EXCLUDED.question, passage = EXCLUDED.passage, passage_translation = EXCLUDED.passage_translation, general_explanation = EXCLUDED.general_explanation, skill_category = EXCLUDED.skill_category, base_difficulty = EXCLUDED.base_difficulty, is_active = EXCLUDED.is_active, is_deleted = EXCLUDED.is_deleted, updated_at = NOW(), updated_by = 'system';
DELETE FROM questions_answers WHERE question_id = 80200012;
INSERT INTO questions_answers (question_id, sentence, sentence_translation, is_correct, "order") VALUES (80200012, '非常に形式的で、高い敬意を込めた依頼表現', NULL, TRUE, 1);
INSERT INTO questions_answers (question_id, sentence, sentence_translation, is_correct, "order") VALUES (80200012, '日常の会話で使う普通の表現', NULL, FALSE, 2);
INSERT INTO questions_answers (question_id, sentence, sentence_translation, is_correct, "order") VALUES (80200012, '相手を批判する表現', NULL, FALSE, 3);
INSERT INTO questions_answers (question_id, sentence, sentence_translation, is_correct, "order") VALUES (80200012, '喜びを表す表現', NULL, FALSE, 4);
INSERT INTO questions (id, user_id, is_system, is_khoa_cu, question_type, content_type, level, selection_type, question, passage, passage_translation, general_explanation, skill_category, base_difficulty, tenant_id, is_active, is_deleted, created_at, created_by) VALUES (80200013, NULL, TRUE, FALSE, 'reading', 'keigo_dokkai_keigo_phan_loai', NULL, 'single', 'この議事録の主な目的は何ですか？

Mục đích chính của biên bản họp này là gì?', '8010004', 'Tình huống: Biên bản họp từ cuộc họp chiến lược công ty. Chứa lỗi kính ngữ ẩn và yêu cầu phân tích sâu sắc về việc sử dụng kính ngữ.', 'Biên bản họp ghi lại cuộc thảo luận về chiến lược bán hàng quý 2 và các quyết định đã đưa ra (mở rộng đội phát triển sản phẩm, tuyển 5 nhân viên mới).', 'dokkai', 1, 'system', TRUE, FALSE, NOW(), 'system') ON CONFLICT (id) DO UPDATE SET question_type = EXCLUDED.question_type, content_type = EXCLUDED.content_type, level = EXCLUDED.level, question = EXCLUDED.question, passage = EXCLUDED.passage, passage_translation = EXCLUDED.passage_translation, general_explanation = EXCLUDED.general_explanation, skill_category = EXCLUDED.skill_category, base_difficulty = EXCLUDED.base_difficulty, is_active = EXCLUDED.is_active, is_deleted = EXCLUDED.is_deleted, updated_at = NOW(), updated_by = 'system';
DELETE FROM questions_answers WHERE question_id = 80200013;
INSERT INTO questions_answers (question_id, sentence, sentence_translation, is_correct, "order") VALUES (80200013, '社員の個人的な意見を記録する', NULL, FALSE, 1);
INSERT INTO questions_answers (question_id, sentence, sentence_translation, is_correct, "order") VALUES (80200013, '第二四半期の営業戦略についての会議内容と決定事項を記録する', NULL, TRUE, 2);
INSERT INTO questions_answers (question_id, sentence, sentence_translation, is_correct, "order") VALUES (80200013, '社員を批判する', NULL, FALSE, 3);
INSERT INTO questions_answers (question_id, sentence, sentence_translation, is_correct, "order") VALUES (80200013, '新商品の詳細なデザインを説明する', NULL, FALSE, 4);
INSERT INTO questions (id, user_id, is_system, is_khoa_cu, question_type, content_type, level, selection_type, question, passage, passage_translation, general_explanation, skill_category, base_difficulty, tenant_id, is_active, is_deleted, created_at, created_by) VALUES (80200014, NULL, TRUE, FALSE, 'reading', 'keigo_dokkai_keigo_phan_loai', NULL, 'single', '「同部長は、現在の市場競争が激しくなっている状況をご指摘されました」の敬語の使い方で、問題がありますか？

Cách dùng kính ngữ trong câu này có vấn đề không?', '8010004', 'Tình huống: Biên bản họp từ cuộc họp chiến lược công ty. Chứa lỗi kính ngữ ẩn và yêu cầu phân tích sâu sắc về việc sử dụng kính ngữ.', '"ご指摘されました" kết hợp "ご" (Sonkeigo prefix) + "指摘する" (hành động chủ động) + "られました" (bị động). Cách này quá cứng nhắc. Tốt hơn dùng "ご指摘いただきました" (khách sáo chỉ ra) hoặc nếu là cấp trên, "指摘されました" (được chỉ ra) là tự nhiên hơn.', 'dokkai', 1, 'system', TRUE, FALSE, NOW(), 'system') ON CONFLICT (id) DO UPDATE SET question_type = EXCLUDED.question_type, content_type = EXCLUDED.content_type, level = EXCLUDED.level, question = EXCLUDED.question, passage = EXCLUDED.passage, passage_translation = EXCLUDED.passage_translation, general_explanation = EXCLUDED.general_explanation, skill_category = EXCLUDED.skill_category, base_difficulty = EXCLUDED.base_difficulty, is_active = EXCLUDED.is_active, is_deleted = EXCLUDED.is_deleted, updated_at = NOW(), updated_by = 'system';
DELETE FROM questions_answers WHERE question_id = 80200014;
INSERT INTO questions_answers (question_id, sentence, sentence_translation, is_correct, "order") VALUES (80200014, 'いいえ、完全に正しい敬語です', NULL, FALSE, 1);
INSERT INTO questions_answers (question_id, sentence, sentence_translation, is_correct, "order") VALUES (80200014, 'はい。「ご指摘されました」は受動形を使いすぎて、不自然です。「ご指摘いただきました」か「指摘されました」の方がいい', NULL, TRUE, 2);
INSERT INTO questions_answers (question_id, sentence, sentence_translation, is_correct, "order") VALUES (80200014, '文法的に完全に間違っている', NULL, FALSE, 3);
INSERT INTO questions_answers (question_id, sentence, sentence_translation, is_correct, "order") VALUES (80200014, '敬語を全く使っていない', NULL, FALSE, 4);
INSERT INTO questions (id, user_id, is_system, is_khoa_cu, question_type, content_type, level, selection_type, question, passage, passage_translation, general_explanation, skill_category, base_difficulty, tenant_id, is_active, is_deleted, created_at, created_by) VALUES (80200015, NULL, TRUE, FALSE, 'reading', 'keigo_dokkai_keigo_phan_loai', NULL, 'single', '岡崎係長が指摘した主な問題は何ですか？

Vấn đề chính mà Okasaki chỉ ra là gì?', '8010004', 'Tình huống: Biên bản họp từ cuộc họp chiến lược công ty. Chứa lỗi kính ngữ ẩn và yêu cầu phân tích sâu sắc về việc sử dụng kính ngữ.', 'Okasaki nói: "現在、営業チームのメンバーが不足しており、新しい戦略を実行することが難しい". Đó là vấn đề thiếu nhân sự.', 'dokkai', 1, 'system', TRUE, FALSE, NOW(), 'system') ON CONFLICT (id) DO UPDATE SET question_type = EXCLUDED.question_type, content_type = EXCLUDED.content_type, level = EXCLUDED.level, question = EXCLUDED.question, passage = EXCLUDED.passage, passage_translation = EXCLUDED.passage_translation, general_explanation = EXCLUDED.general_explanation, skill_category = EXCLUDED.skill_category, base_difficulty = EXCLUDED.base_difficulty, is_active = EXCLUDED.is_active, is_deleted = EXCLUDED.is_deleted, updated_at = NOW(), updated_by = 'system';
DELETE FROM questions_answers WHERE question_id = 80200015;
INSERT INTO questions_answers (question_id, sentence, sentence_translation, is_correct, "order") VALUES (80200015, '市場競争が激しい', NULL, FALSE, 1);
INSERT INTO questions_answers (question_id, sentence, sentence_translation, is_correct, "order") VALUES (80200015, '新商品の質が悪い', NULL, FALSE, 2);
INSERT INTO questions_answers (question_id, sentence, sentence_translation, is_correct, "order") VALUES (80200015, '営業チームの人事面でのリソース不足', NULL, TRUE, 3);
INSERT INTO questions_answers (question_id, sentence, sentence_translation, is_correct, "order") VALUES (80200015, '会社の経営難', NULL, FALSE, 4);
INSERT INTO questions (id, user_id, is_system, is_khoa_cu, question_type, content_type, level, selection_type, question, passage, passage_translation, general_explanation, skill_category, base_difficulty, tenant_id, is_active, is_deleted, created_at, created_by) VALUES (80200016, NULL, TRUE, FALSE, 'reading', 'keigo_dokkai_keigo_phan_loai', NULL, 'single', '「最後に、田中部長は以下の決定を申し上げられました」の敬語で、何が問題ですか？

Vấn đề kính ngữ trong câu này là gì?', '8010004', 'Tình huống: Biên bản họp từ cuộc họp chiến lược công ty. Chứa lỗi kính ngữ ẩn và yêu cầu phân tích sâu sắc về việc sử dụng kính ngữ.', '"申し上げられました" kết hợp "申し上げます" (Kenjougo - tôi nói humbly) + "られました" (bị động). Cách này tạo hiệu ứng quá khiêm nhường cho một cấp trên đang đưa ra quyết định của mình. "申し上げました" (tôi nói/quyết định) hoặc "述べました" (nói) sẽ tự nhiên hơn.', 'dokkai', 1, 'system', TRUE, FALSE, NOW(), 'system') ON CONFLICT (id) DO UPDATE SET question_type = EXCLUDED.question_type, content_type = EXCLUDED.content_type, level = EXCLUDED.level, question = EXCLUDED.question, passage = EXCLUDED.passage, passage_translation = EXCLUDED.passage_translation, general_explanation = EXCLUDED.general_explanation, skill_category = EXCLUDED.skill_category, base_difficulty = EXCLUDED.base_difficulty, is_active = EXCLUDED.is_active, is_deleted = EXCLUDED.is_deleted, updated_at = NOW(), updated_by = 'system';
DELETE FROM questions_answers WHERE question_id = 80200016;
INSERT INTO questions_answers (question_id, sentence, sentence_translation, is_correct, "order") VALUES (80200016, '完全に正しい敬語である', NULL, FALSE, 1);
INSERT INTO questions_answers (question_id, sentence, sentence_translation, is_correct, "order") VALUES (80200016, '「申し上げられました」は部長が自分の決定を述べる場面で、不自然に敬意が高すぎる。「申し上げました」の方が自然', NULL, TRUE, 2);
INSERT INTO questions_answers (question_id, sentence, sentence_translation, is_correct, "order") VALUES (80200016, '敬語を全く使っていない', NULL, FALSE, 3);
INSERT INTO questions_answers (question_id, sentence, sentence_translation, is_correct, "order") VALUES (80200016, '文法が間違っている', NULL, FALSE, 4);
INSERT INTO questions (id, user_id, is_system, is_khoa_cu, question_type, content_type, level, selection_type, question, passage, passage_translation, general_explanation, skill_category, base_difficulty, tenant_id, is_active, is_deleted, created_at, created_by) VALUES (80200017, NULL, TRUE, FALSE, 'reading', 'keigo_dokkai_keigo_phan_loai', NULL, 'single', 'この申請書の目的は何ですか？

Mục đích của tờ đơn này là gì?', '8010005', 'Tình huống: Tờ đơn xin phép chính thức từ nhân viên gửi công ty, yêu cầu được phép tham gia khóa đào tạo quốc tế. Sử dụng kính ngữ văn phong trang trọng nhất.', 'Văn bản rõ ràng xin phép tham gia khóa đào tạo quốc tế: 「国際マネジメント研修への参加をお願い申し上げたく」.', 'dokkai', 1, 'system', TRUE, FALSE, NOW(), 'system') ON CONFLICT (id) DO UPDATE SET question_type = EXCLUDED.question_type, content_type = EXCLUDED.content_type, level = EXCLUDED.level, question = EXCLUDED.question, passage = EXCLUDED.passage, passage_translation = EXCLUDED.passage_translation, general_explanation = EXCLUDED.general_explanation, skill_category = EXCLUDED.skill_category, base_difficulty = EXCLUDED.base_difficulty, is_active = EXCLUDED.is_active, is_deleted = EXCLUDED.is_deleted, updated_at = NOW(), updated_by = 'system';
DELETE FROM questions_answers WHERE question_id = 80200017;
INSERT INTO questions_answers (question_id, sentence, sentence_translation, is_correct, "order") VALUES (80200017, '給料を上げるよう要求する', NULL, FALSE, 1);
INSERT INTO questions_answers (question_id, sentence, sentence_translation, is_correct, "order") VALUES (80200017, '国際マネジメント研修への参加許可をお願いする', NULL, TRUE, 2);
INSERT INTO questions_answers (question_id, sentence, sentence_translation, is_correct, "order") VALUES (80200017, '仕事を辞めることを通告する', NULL, FALSE, 3);
INSERT INTO questions_answers (question_id, sentence, sentence_translation, is_correct, "order") VALUES (80200017, '新しい部門への転職を要求する', NULL, FALSE, 4);
INSERT INTO questions (id, user_id, is_system, is_khoa_cu, question_type, content_type, level, selection_type, question, passage, passage_translation, general_explanation, skill_category, base_difficulty, tenant_id, is_active, is_deleted, created_at, created_by) VALUES (80200018, NULL, TRUE, FALSE, 'reading', 'keigo_dokkai_keigo_phan_loai', NULL, 'single', '「謹んでお申し上げます」はどのような表現ですか？

"謹んでお申し上げます" là biểu hiện gì?', '8010005', 'Tình huống: Tờ đơn xin phép chính thức từ nhân viên gửi công ty, yêu cầu được phép tham gia khóa đào tạo quốc tế. Sử dụng kính ngữ văn phong trang trọng nhất.', '"謹んで（つつしんで）" là biểu hiện cổ điển, rất trang trọng và lễ phép, chỉ dùng trong các công văn chính thức, đơn xin phép quan trọng. Nó bộc lộ tính tôn trọng cao độ và sự trang trọng của yêu cầu.', 'dokkai', 1, 'system', TRUE, FALSE, NOW(), 'system') ON CONFLICT (id) DO UPDATE SET question_type = EXCLUDED.question_type, content_type = EXCLUDED.content_type, level = EXCLUDED.level, question = EXCLUDED.question, passage = EXCLUDED.passage, passage_translation = EXCLUDED.passage_translation, general_explanation = EXCLUDED.general_explanation, skill_category = EXCLUDED.skill_category, base_difficulty = EXCLUDED.base_difficulty, is_active = EXCLUDED.is_active, is_deleted = EXCLUDED.is_deleted, updated_at = NOW(), updated_by = 'system';
DELETE FROM questions_answers WHERE question_id = 80200018;
INSERT INTO questions_answers (question_id, sentence, sentence_translation, is_correct, "order") VALUES (80200018, '日常会話で普通に使う表現', NULL, FALSE, 1);
INSERT INTO questions_answers (question_id, sentence, sentence_translation, is_correct, "order") VALUES (80200018, '最も形式的で厳粛な導入表現。高い敬意を込めた正式な申し出の始まり', NULL, TRUE, 2);
INSERT INTO questions_answers (question_id, sentence, sentence_translation, is_correct, "order") VALUES (80200018, '相手を批判する表現', NULL, FALSE, 3);
INSERT INTO questions_answers (question_id, sentence, sentence_translation, is_correct, "order") VALUES (80200018, '喜びを表す表現', NULL, FALSE, 4);
INSERT INTO questions (id, user_id, is_system, is_khoa_cu, question_type, content_type, level, selection_type, question, passage, passage_translation, general_explanation, skill_category, base_difficulty, tenant_id, is_active, is_deleted, created_at, created_by) VALUES (80200019, NULL, TRUE, FALSE, 'reading', 'keigo_dokkai_keigo_phan_loai', NULL, 'single', '申請者が研修に参加する理由は何ですか？

Lý do mà người xin tham gia khóa đào tạo là gì?', '8010005', 'Tình huống: Tờ đơn xin phép chính thức từ nhân viên gửi công ty, yêu cầu được phép tham gia khóa đào tạo quốc tế. Sử dụng kính ngữ văn phong trang trọng nhất.', 'Văn bản nói: 「グローバル化する市場環境において、さらなるスキルの向上が必須と考えております。当研修は、国際ビジネスの知見を深め、貴社への貢献をより一層高める機会」. Người xin muốn nâng cao kỹ năng và đóng góp cho công ty hơn.', 'dokkai', 1, 'system', TRUE, FALSE, NOW(), 'system') ON CONFLICT (id) DO UPDATE SET question_type = EXCLUDED.question_type, content_type = EXCLUDED.content_type, level = EXCLUDED.level, question = EXCLUDED.question, passage = EXCLUDED.passage, passage_translation = EXCLUDED.passage_translation, general_explanation = EXCLUDED.general_explanation, skill_category = EXCLUDED.skill_category, base_difficulty = EXCLUDED.base_difficulty, is_active = EXCLUDED.is_active, is_deleted = EXCLUDED.is_deleted, updated_at = NOW(), updated_by = 'system';
DELETE FROM questions_answers WHERE question_id = 80200019;
INSERT INTO questions_answers (question_id, sentence, sentence_translation, is_correct, "order") VALUES (80200019, '会社を辞めたいから', NULL, FALSE, 1);
INSERT INTO questions_answers (question_id, sentence, sentence_translation, is_correct, "order") VALUES (80200019, 'グローバル化する市場環境で、スキルを向上させ、貴社への貢献をより高めるため', NULL, TRUE, 2);
INSERT INTO questions_answers (question_id, sentence, sentence_translation, is_correct, "order") VALUES (80200019, '外国で休暇を取りたいから', NULL, FALSE, 3);
INSERT INTO questions_answers (question_id, sentence, sentence_translation, is_correct, "order") VALUES (80200019, '給料を上げるため', NULL, FALSE, 4);
INSERT INTO questions (id, user_id, is_system, is_khoa_cu, question_type, content_type, level, selection_type, question, passage, passage_translation, general_explanation, skill_category, base_difficulty, tenant_id, is_active, is_deleted, created_at, created_by) VALUES (80200020, NULL, TRUE, FALSE, 'reading', 'keigo_dokkai_keigo_phan_loai', NULL, 'single', '「伏してお願い申し上げます」の「伏して」と「お願い申し上げます」の組み合わせはなぜ使われていますか？

Tại sao "伏してお願い申し上げます" được sử dụng?', '8010005', 'Tình huống: Tờ đơn xin phép chính thức từ nhân viên gửi công ty, yêu cầu được phép tham gia khóa đào tạo quốc tế. Sử dụng kính ngữ văn phong trang trọng nhất.', '"伏して（ふしして）" (= đầu cúi) + "お願い申し上げます" (xin hành động lịch sự nhất) là kết hợp hai yếu tố cổ điển để tạo ra mức độ tôn trọng và sự lễ phép cao nhất. Chỉ dùng trong những yêu cầu rất quan trọng, chính thức, cần sự chấp thuận của cấp trên.', 'dokkai', 1, 'system', TRUE, FALSE, NOW(), 'system') ON CONFLICT (id) DO UPDATE SET question_type = EXCLUDED.question_type, content_type = EXCLUDED.content_type, level = EXCLUDED.level, question = EXCLUDED.question, passage = EXCLUDED.passage, passage_translation = EXCLUDED.passage_translation, general_explanation = EXCLUDED.general_explanation, skill_category = EXCLUDED.skill_category, base_difficulty = EXCLUDED.base_difficulty, is_active = EXCLUDED.is_active, is_deleted = EXCLUDED.is_deleted, updated_at = NOW(), updated_by = 'system';
DELETE FROM questions_answers WHERE question_id = 80200020;
INSERT INTO questions_answers (question_id, sentence, sentence_translation, is_correct, "order") VALUES (80200020, '日常会話で普通に使う表現である', NULL, FALSE, 1);
INSERT INTO questions_answers (question_id, sentence, sentence_translation, is_correct, "order") VALUES (80200020, '最も高い敬意と礼儀を込めた、正式で厳粛な要求表現。2つの古典的敬語を組み合わせることで、相手への最大限の敬意を示す', NULL, TRUE, 2);
INSERT INTO questions_answers (question_id, sentence, sentence_translation, is_correct, "order") VALUES (80200020, '相手を批判する表現', NULL, FALSE, 3);
INSERT INTO questions_answers (question_id, sentence, sentence_translation, is_correct, "order") VALUES (80200020, '申請者が怒っていることを示す', NULL, FALSE, 4);

INSERT INTO study_question_sets (id, name, description, set_type, card_count, tenant_id, is_active, is_deleted, created_at, created_by) VALUES (80100020, '2.1.0 Mô Phỏng Đề Thi BJT Đọc Hiểu: Kính Ngữ Tổng Quan — Mô phỏng đề thi', 'Mô phỏng đề thi BJT đọc hiểu — 20 câu, 5 bài đọc.', 'reading', 20, 'system', TRUE, FALSE, NOW(), 'system') ON CONFLICT (id) DO UPDATE SET name = EXCLUDED.name, description = EXCLUDED.description, set_type = EXCLUDED.set_type, card_count = EXCLUDED.card_count, is_active = EXCLUDED.is_active, is_deleted = EXCLUDED.is_deleted, updated_at = NOW(), updated_by = 'system';
INSERT INTO study_question_set_questions (study_question_set_id, question_id, order_index, tenant_id, is_deleted, created_at, created_by) VALUES (80100020, 80200001, 1, 'system', FALSE, NOW(), 'system') ON CONFLICT (study_question_set_id, question_id) DO UPDATE SET order_index = EXCLUDED.order_index, is_deleted = FALSE;
INSERT INTO study_question_set_questions (study_question_set_id, question_id, order_index, tenant_id, is_deleted, created_at, created_by) VALUES (80100020, 80200002, 2, 'system', FALSE, NOW(), 'system') ON CONFLICT (study_question_set_id, question_id) DO UPDATE SET order_index = EXCLUDED.order_index, is_deleted = FALSE;
INSERT INTO study_question_set_questions (study_question_set_id, question_id, order_index, tenant_id, is_deleted, created_at, created_by) VALUES (80100020, 80200003, 3, 'system', FALSE, NOW(), 'system') ON CONFLICT (study_question_set_id, question_id) DO UPDATE SET order_index = EXCLUDED.order_index, is_deleted = FALSE;
INSERT INTO study_question_set_questions (study_question_set_id, question_id, order_index, tenant_id, is_deleted, created_at, created_by) VALUES (80100020, 80200004, 4, 'system', FALSE, NOW(), 'system') ON CONFLICT (study_question_set_id, question_id) DO UPDATE SET order_index = EXCLUDED.order_index, is_deleted = FALSE;
INSERT INTO study_question_set_questions (study_question_set_id, question_id, order_index, tenant_id, is_deleted, created_at, created_by) VALUES (80100020, 80200005, 5, 'system', FALSE, NOW(), 'system') ON CONFLICT (study_question_set_id, question_id) DO UPDATE SET order_index = EXCLUDED.order_index, is_deleted = FALSE;
INSERT INTO study_question_set_questions (study_question_set_id, question_id, order_index, tenant_id, is_deleted, created_at, created_by) VALUES (80100020, 80200006, 6, 'system', FALSE, NOW(), 'system') ON CONFLICT (study_question_set_id, question_id) DO UPDATE SET order_index = EXCLUDED.order_index, is_deleted = FALSE;
INSERT INTO study_question_set_questions (study_question_set_id, question_id, order_index, tenant_id, is_deleted, created_at, created_by) VALUES (80100020, 80200007, 7, 'system', FALSE, NOW(), 'system') ON CONFLICT (study_question_set_id, question_id) DO UPDATE SET order_index = EXCLUDED.order_index, is_deleted = FALSE;
INSERT INTO study_question_set_questions (study_question_set_id, question_id, order_index, tenant_id, is_deleted, created_at, created_by) VALUES (80100020, 80200008, 8, 'system', FALSE, NOW(), 'system') ON CONFLICT (study_question_set_id, question_id) DO UPDATE SET order_index = EXCLUDED.order_index, is_deleted = FALSE;
INSERT INTO study_question_set_questions (study_question_set_id, question_id, order_index, tenant_id, is_deleted, created_at, created_by) VALUES (80100020, 80200009, 9, 'system', FALSE, NOW(), 'system') ON CONFLICT (study_question_set_id, question_id) DO UPDATE SET order_index = EXCLUDED.order_index, is_deleted = FALSE;
INSERT INTO study_question_set_questions (study_question_set_id, question_id, order_index, tenant_id, is_deleted, created_at, created_by) VALUES (80100020, 80200010, 10, 'system', FALSE, NOW(), 'system') ON CONFLICT (study_question_set_id, question_id) DO UPDATE SET order_index = EXCLUDED.order_index, is_deleted = FALSE;
INSERT INTO study_question_set_questions (study_question_set_id, question_id, order_index, tenant_id, is_deleted, created_at, created_by) VALUES (80100020, 80200011, 11, 'system', FALSE, NOW(), 'system') ON CONFLICT (study_question_set_id, question_id) DO UPDATE SET order_index = EXCLUDED.order_index, is_deleted = FALSE;
INSERT INTO study_question_set_questions (study_question_set_id, question_id, order_index, tenant_id, is_deleted, created_at, created_by) VALUES (80100020, 80200012, 12, 'system', FALSE, NOW(), 'system') ON CONFLICT (study_question_set_id, question_id) DO UPDATE SET order_index = EXCLUDED.order_index, is_deleted = FALSE;
INSERT INTO study_question_set_questions (study_question_set_id, question_id, order_index, tenant_id, is_deleted, created_at, created_by) VALUES (80100020, 80200013, 13, 'system', FALSE, NOW(), 'system') ON CONFLICT (study_question_set_id, question_id) DO UPDATE SET order_index = EXCLUDED.order_index, is_deleted = FALSE;
INSERT INTO study_question_set_questions (study_question_set_id, question_id, order_index, tenant_id, is_deleted, created_at, created_by) VALUES (80100020, 80200014, 14, 'system', FALSE, NOW(), 'system') ON CONFLICT (study_question_set_id, question_id) DO UPDATE SET order_index = EXCLUDED.order_index, is_deleted = FALSE;
INSERT INTO study_question_set_questions (study_question_set_id, question_id, order_index, tenant_id, is_deleted, created_at, created_by) VALUES (80100020, 80200015, 15, 'system', FALSE, NOW(), 'system') ON CONFLICT (study_question_set_id, question_id) DO UPDATE SET order_index = EXCLUDED.order_index, is_deleted = FALSE;
INSERT INTO study_question_set_questions (study_question_set_id, question_id, order_index, tenant_id, is_deleted, created_at, created_by) VALUES (80100020, 80200016, 16, 'system', FALSE, NOW(), 'system') ON CONFLICT (study_question_set_id, question_id) DO UPDATE SET order_index = EXCLUDED.order_index, is_deleted = FALSE;
INSERT INTO study_question_set_questions (study_question_set_id, question_id, order_index, tenant_id, is_deleted, created_at, created_by) VALUES (80100020, 80200017, 17, 'system', FALSE, NOW(), 'system') ON CONFLICT (study_question_set_id, question_id) DO UPDATE SET order_index = EXCLUDED.order_index, is_deleted = FALSE;
INSERT INTO study_question_set_questions (study_question_set_id, question_id, order_index, tenant_id, is_deleted, created_at, created_by) VALUES (80100020, 80200018, 18, 'system', FALSE, NOW(), 'system') ON CONFLICT (study_question_set_id, question_id) DO UPDATE SET order_index = EXCLUDED.order_index, is_deleted = FALSE;
INSERT INTO study_question_set_questions (study_question_set_id, question_id, order_index, tenant_id, is_deleted, created_at, created_by) VALUES (80100020, 80200019, 19, 'system', FALSE, NOW(), 'system') ON CONFLICT (study_question_set_id, question_id) DO UPDATE SET order_index = EXCLUDED.order_index, is_deleted = FALSE;
INSERT INTO study_question_set_questions (study_question_set_id, question_id, order_index, tenant_id, is_deleted, created_at, created_by) VALUES (80100020, 80200020, 20, 'system', FALSE, NOW(), 'system') ON CONFLICT (study_question_set_id, question_id) DO UPDATE SET order_index = EXCLUDED.order_index, is_deleted = FALSE;
INSERT INTO study_resource_question_sets (resource_type, resource_id, study_question_set_id, position, context, tenant_id, is_active, is_deleted, created_at, created_by) VALUES ('module', 8011, 80100020, 1, '{"label": "2.1.0 Mô Phỏng Đề Thi BJT Đọc Hiểu: Kính Ngữ Tổng Quan — Mô phỏng đề thi"}'::jsonb, 'system', TRUE, FALSE, NOW(), 'system') ON CONFLICT (resource_type, resource_id, study_question_set_id) DO UPDATE SET position = EXCLUDED.position, context = EXCLUDED.context, is_active = TRUE, is_deleted = FALSE;

-- BaiTap file: 2.1.1_Teineigo_BaiTap.json
INSERT INTO questions (id, user_id, is_system, is_khoa_cu, question_type, content_type, level, selection_type, question, passage, passage_translation, general_explanation, skill_category, base_difficulty, tenant_id, is_active, is_deleted, created_at, created_by) VALUES (81100001, NULL, TRUE, FALSE, 'chon_dap_an', 'keigo_baitap_keigo_phan_loai', 'BJT-1', 'single', '丁寧語（Teineigo）の特徴として正しいものはどれですか？

Đặc điểm nào mô tả đúng Teineigo (Lịch sự ngữ)?', NULL, NULL, 'Teineigo (丁寧語) là nền tảng giao tiếp lịch sự, không liên quan đến chủ ngữ là ai. Đặc trưng: động từ chia dạng 〜ます, tính từ/danh từ kết thúc bằng 〜です. Khác với Sonkeigo (nâng người khác) và Kenjougo (hạ mình), Teineigo chỉ đơn giản là ''nói chuyện lịch sự'' — ai cũng dùng, cho dù nói về mình hay người khác.

💡 Teineigo = ngôn ngữ lịch sự tiêu chuẩn. ~ます/~です ở cuối câu là dấu hiệu nhận biết dễ nhất!', 'grammar', 1, 'system', TRUE, FALSE, NOW(), 'system') ON CONFLICT (id) DO UPDATE SET question_type = EXCLUDED.question_type, content_type = EXCLUDED.content_type, level = EXCLUDED.level, question = EXCLUDED.question, passage = EXCLUDED.passage, passage_translation = EXCLUDED.passage_translation, general_explanation = EXCLUDED.general_explanation, skill_category = EXCLUDED.skill_category, base_difficulty = EXCLUDED.base_difficulty, is_active = EXCLUDED.is_active, is_deleted = EXCLUDED.is_deleted, updated_at = NOW(), updated_by = 'system';
DELETE FROM questions_answers WHERE question_id = 81100001;
INSERT INTO questions_answers (question_id, sentence, sentence_translation, is_correct, "order") VALUES (81100001, '相手の行動を高める表現', 'Biểu đạt nâng cao hành động của đối phương', FALSE, 1);
INSERT INTO questions_answers (question_id, sentence, sentence_translation, is_correct, "order") VALUES (81100001, '自分の行動を低める表現', 'Biểu đạt hạ thấp hành động của bản thân', FALSE, 2);
INSERT INTO questions_answers (question_id, sentence, sentence_translation, is_correct, "order") VALUES (81100001, '誰の行動にも関係なく、文体を丁寧にする表現（〜ます/〜です で終わる）', 'Biểu đạt làm câu văn lịch sự bất kể ai hành động — câu kết thúc bằng 〜ます/〜です', TRUE, 3);
INSERT INTO questions_answers (question_id, sentence, sentence_translation, is_correct, "order") VALUES (81100001, '目上の人にだけ使う特別な表現', 'Biểu đạt đặc biệt chỉ dùng với người bề trên', FALSE, 4);
INSERT INTO questions (id, user_id, is_system, is_khoa_cu, question_type, content_type, level, selection_type, question, passage, passage_translation, general_explanation, skill_category, base_difficulty, tenant_id, is_active, is_deleted, created_at, created_by) VALUES (81100002, NULL, TRUE, FALSE, 'chon_dap_an', 'keigo_baitap_keigo_phan_loai', 'BJT-1', 'single', '「食べる」の丁寧語は何ですか？

Dạng Teineigo của「食べる」là gì?', NULL, NULL, '「食べます」là dạng Teineigo của 食べる — chỉ cần thêm ます vào thân động từ. Đây là cấp độ lịch sự cơ bản nhất và phổ biến nhất. So sánh 3 cấp: 食べる (thường/thân mật) → 食べます (Teineigo) → 召し上がる (Sonkeigo, người khác ăn) / いただく (Kenjougo, mình ăn khiêm nhường).

💡 Teineigo của động từ = thêm ます: 食べる→食べます, 行く→行きます, する→します', 'grammar', 1, 'system', TRUE, FALSE, NOW(), 'system') ON CONFLICT (id) DO UPDATE SET question_type = EXCLUDED.question_type, content_type = EXCLUDED.content_type, level = EXCLUDED.level, question = EXCLUDED.question, passage = EXCLUDED.passage, passage_translation = EXCLUDED.passage_translation, general_explanation = EXCLUDED.general_explanation, skill_category = EXCLUDED.skill_category, base_difficulty = EXCLUDED.base_difficulty, is_active = EXCLUDED.is_active, is_deleted = EXCLUDED.is_deleted, updated_at = NOW(), updated_by = 'system';
DELETE FROM questions_answers WHERE question_id = 81100002;
INSERT INTO questions_answers (question_id, sentence, sentence_translation, is_correct, "order") VALUES (81100002, '召し上がる（めしあがる）', '召し上がる (Sonkeigo — ăn kính trọng)', FALSE, 1);
INSERT INTO questions_answers (question_id, sentence, sentence_translation, is_correct, "order") VALUES (81100002, 'いただく', 'いただく (Kenjougo — tôi ăn khiêm nhường)', FALSE, 2);
INSERT INTO questions_answers (question_id, sentence, sentence_translation, is_correct, "order") VALUES (81100002, '食べます', '食べます (Teineigo — ăn lịch sự)', TRUE, 3);
INSERT INTO questions_answers (question_id, sentence, sentence_translation, is_correct, "order") VALUES (81100002, 'お食べする', 'お食べする (không tự nhiên — sai)', FALSE, 4);
INSERT INTO questions (id, user_id, is_system, is_khoa_cu, question_type, content_type, level, selection_type, question, passage, passage_translation, general_explanation, skill_category, base_difficulty, tenant_id, is_active, is_deleted, created_at, created_by) VALUES (81100003, NULL, TRUE, FALSE, 'chon_dap_an', 'keigo_baitap_keigo_phan_loai', 'BJT-1', 'single', '「きれいだ」の丁寧語は何ですか？

Dạng Teineigo của「きれいだ」(đẹp) là gì?', NULL, NULL, '「きれいです」là dạng Teineigo chuẩn: tính từ な (な-adjective) + です. Quy tắc: Tính từ い (い-adj) + です: 高いです, 安いです. Tính từ な + です: きれいです, 便利です. Danh từ + です: 会議室です. Câu D (でございます) cũng đúng nhưng là mức Teineigo cao hơn, tương đương với です nhưng trang trọng hơn.

💡 Tính từ な/Danh từ + です = Teineigo | Tính từ い + です = Teineigo (không bao giờ thêm ます cho tính từ!)', 'grammar', 1, 'system', TRUE, FALSE, NOW(), 'system') ON CONFLICT (id) DO UPDATE SET question_type = EXCLUDED.question_type, content_type = EXCLUDED.content_type, level = EXCLUDED.level, question = EXCLUDED.question, passage = EXCLUDED.passage, passage_translation = EXCLUDED.passage_translation, general_explanation = EXCLUDED.general_explanation, skill_category = EXCLUDED.skill_category, base_difficulty = EXCLUDED.base_difficulty, is_active = EXCLUDED.is_active, is_deleted = EXCLUDED.is_deleted, updated_at = NOW(), updated_by = 'system';
DELETE FROM questions_answers WHERE question_id = 81100003;
INSERT INTO questions_answers (question_id, sentence, sentence_translation, is_correct, "order") VALUES (81100003, 'きれいます', 'きれいます (sai — tính từ な không thêm ます)', FALSE, 1);
INSERT INTO questions_answers (question_id, sentence, sentence_translation, is_correct, "order") VALUES (81100003, 'きれいです', 'きれいです (Teineigo — đúng)', TRUE, 2);
INSERT INTO questions_answers (question_id, sentence, sentence_translation, is_correct, "order") VALUES (81100003, 'お綺麗になる', 'お綺麗になる (Sonkeigo — dùng khi khen đối phương)', FALSE, 3);
INSERT INTO questions_answers (question_id, sentence, sentence_translation, is_correct, "order") VALUES (81100003, 'きれいでございます', 'きれいでございます (Teineigo trang trọng hơn — đúng nhưng không phải cơ bản nhất)', FALSE, 4);
INSERT INTO questions (id, user_id, is_system, is_khoa_cu, question_type, content_type, level, selection_type, question, passage, passage_translation, general_explanation, skill_category, base_difficulty, tenant_id, is_active, is_deleted, created_at, created_by) VALUES (81100004, NULL, TRUE, FALSE, 'chon_dap_an', 'keigo_baitap_keigo_phan_loai', 'BJT-1', 'single', '「お」と「ご」の使い分けについて正しい説明はどれですか？

Giải thích nào đúng về cách phân biệt dùng「お」và「ご」?', NULL, NULL, 'Nguyên tắc cơ bản: 「お」+ từ Nhật thuần (Wago): お名前, お電話, お水, お金. 「ご」+ từ gốc Hán (Kango): ご連絡, ご確認, ご住所, ご利用. Ngoại lệ cần nhớ: お返事 (返事 là Kango nhưng dùng お), ご両親 (両親 là Wago nhưng dùng ご). Nhiều từ phải học thuộc theo thói quen vì có ngoại lệ.

💡 お + Wago (thuần Nhật) | ご + Kango (gốc Hán) — nhưng có nhiều ngoại lệ phải học thuộc!', 'grammar', 1, 'system', TRUE, FALSE, NOW(), 'system') ON CONFLICT (id) DO UPDATE SET question_type = EXCLUDED.question_type, content_type = EXCLUDED.content_type, level = EXCLUDED.level, question = EXCLUDED.question, passage = EXCLUDED.passage, passage_translation = EXCLUDED.passage_translation, general_explanation = EXCLUDED.general_explanation, skill_category = EXCLUDED.skill_category, base_difficulty = EXCLUDED.base_difficulty, is_active = EXCLUDED.is_active, is_deleted = EXCLUDED.is_deleted, updated_at = NOW(), updated_by = 'system';
DELETE FROM questions_answers WHERE question_id = 81100004;
INSERT INTO questions_answers (question_id, sentence, sentence_translation, is_correct, "order") VALUES (81100004, 'どちらも自由に使ってよい', 'Cả hai đều dùng tự do', FALSE, 1);
INSERT INTO questions_answers (question_id, sentence, sentence_translation, is_correct, "order") VALUES (81100004, '「お」は和語（日本固有語）につく、「ご」は漢語（漢字語）につく（原則）', '「お」đứng trước từ Nhật thuần (Wago), 「ご」đứng trước từ gốc Hán (Kango) — nguyên tắc chung', TRUE, 2);
INSERT INTO questions_answers (question_id, sentence, sentence_translation, is_correct, "order") VALUES (81100004, '「お」は謙譲語、「ご」は尊敬語', '「お」là Kenjougo, 「ご」là Sonkeigo', FALSE, 3);
INSERT INTO questions_answers (question_id, sentence, sentence_translation, is_correct, "order") VALUES (81100004, '「ご」は書き言葉、「お」は話し言葉', '「ご」là văn viết, 「お」là khẩu ngữ', FALSE, 4);
INSERT INTO questions (id, user_id, is_system, is_khoa_cu, question_type, content_type, level, selection_type, question, passage, passage_translation, general_explanation, skill_category, base_difficulty, tenant_id, is_active, is_deleted, created_at, created_by) VALUES (81100005, NULL, TRUE, FALSE, 'chon_dap_an', 'keigo_baitap_keigo_phan_loai', 'BJT-1', 'single', '次の中で「お」または「ご」の使い方が間違っているものはどれですか？

Cách dùng「お」hoặc「ご」nào SAI?', NULL, NULL, '「ご名前」là SAI — 名前 (なまえ) là từ Nhật thuần (Wago) nên phải dùng お → 「お名前（おなまえ）」. Đây là một trong những lỗi phổ biến nhất. Ngoại lệ cần nhớ: お電話 (電話 là Kango nhưng thói quen dùng お), お時間 (時間 là Kango nhưng thói quen dùng お). Nhiều trường hợp phải học thuộc theo quy ước.

💡 お名前 ✅ | ご名前 ❌ — tên người là từ Nhật thuần, phải dùng お!', 'grammar', 1, 'system', TRUE, FALSE, NOW(), 'system') ON CONFLICT (id) DO UPDATE SET question_type = EXCLUDED.question_type, content_type = EXCLUDED.content_type, level = EXCLUDED.level, question = EXCLUDED.question, passage = EXCLUDED.passage, passage_translation = EXCLUDED.passage_translation, general_explanation = EXCLUDED.general_explanation, skill_category = EXCLUDED.skill_category, base_difficulty = EXCLUDED.base_difficulty, is_active = EXCLUDED.is_active, is_deleted = EXCLUDED.is_deleted, updated_at = NOW(), updated_by = 'system';
DELETE FROM questions_answers WHERE question_id = 81100005;
INSERT INTO questions_answers (question_id, sentence, sentence_translation, is_correct, "order") VALUES (81100005, 'お電話（おでんわ）', 'お電話 (điện thoại — đúng, 電話 là Kango nhưng dùng お theo thói quen)', FALSE, 1);
INSERT INTO questions_answers (question_id, sentence, sentence_translation, is_correct, "order") VALUES (81100005, 'ご名前（ごなまえ）', 'ご名前 (tên — sai! 名前 là Wago → phải dùng お名前)', TRUE, 2);
INSERT INTO questions_answers (question_id, sentence, sentence_translation, is_correct, "order") VALUES (81100005, 'ご住所（ごじゅうしょ）', 'ご住所 (địa chỉ — đúng, 住所 là Kango)', FALSE, 3);
INSERT INTO questions_answers (question_id, sentence, sentence_translation, is_correct, "order") VALUES (81100005, 'お時間（おじかん）', 'お時間 (thời gian — đúng, thường dùng với お)', FALSE, 4);
INSERT INTO questions (id, user_id, is_system, is_khoa_cu, question_type, content_type, level, selection_type, question, passage, passage_translation, general_explanation, skill_category, base_difficulty, tenant_id, is_active, is_deleted, created_at, created_by) VALUES (81100006, NULL, TRUE, FALSE, 'chon_dap_an', 'keigo_baitap_keigo_phan_loai', 'BJT-1', 'single', '「ない」の丁寧語は何ですか？（動詞の否定形）

Dạng Teineigo phủ định của động từ (ない) là gì?', NULL, NULL, 'Cả 「〜ません」và「〜ないです」đều là Teineigo phủ định hợp lệ: 〜ません là dạng chuẩn mực và trang trọng hơn — dùng trong văn phòng và giao tiếp chính thức. 〜ないです tự nhiên hơn trong hội thoại thường ngày. Trong BJT, 〜ません được ưu tiên. Ví dụ: 「わかりません / わからないです」(không hiểu), 「存じません / 知らないです」(không biết).

💡 〜ません (trang trọng hơn) vs 〜ないです (tự nhiên hơn) — cả hai đúng, nhưng BJT ưu tiên 〜ません', 'grammar', 1, 'system', TRUE, FALSE, NOW(), 'system') ON CONFLICT (id) DO UPDATE SET question_type = EXCLUDED.question_type, content_type = EXCLUDED.content_type, level = EXCLUDED.level, question = EXCLUDED.question, passage = EXCLUDED.passage, passage_translation = EXCLUDED.passage_translation, general_explanation = EXCLUDED.general_explanation, skill_category = EXCLUDED.skill_category, base_difficulty = EXCLUDED.base_difficulty, is_active = EXCLUDED.is_active, is_deleted = EXCLUDED.is_deleted, updated_at = NOW(), updated_by = 'system';
DELETE FROM questions_answers WHERE question_id = 81100006;
INSERT INTO questions_answers (question_id, sentence, sentence_translation, is_correct, "order") VALUES (81100006, '〜ないです', '〜ないです (lịch sự, thông dụng trong hội thoại)', FALSE, 1);
INSERT INTO questions_answers (question_id, sentence, sentence_translation, is_correct, "order") VALUES (81100006, '〜ません', '〜ません (Teineigo chuẩn — lịch sự hơn ないです)', FALSE, 2);
INSERT INTO questions_answers (question_id, sentence, sentence_translation, is_correct, "order") VALUES (81100006, '〜ないでしょう', '〜ないでしょう (phỏng đoán phủ định)', FALSE, 3);
INSERT INTO questions_answers (question_id, sentence, sentence_translation, is_correct, "order") VALUES (81100006, 'A と B の両方が丁寧語として正しい', 'Cả A và B đều là Teineigo đúng', TRUE, 4);
INSERT INTO questions (id, user_id, is_system, is_khoa_cu, question_type, content_type, level, selection_type, question, passage, passage_translation, general_explanation, skill_category, base_difficulty, tenant_id, is_active, is_deleted, created_at, created_by) VALUES (81100007, NULL, TRUE, FALSE, 'chon_dap_an', 'keigo_baitap_keigo_phan_loai', 'BJT-1', 'single', '「行く」の丁寧語の過去形と過去否定形を正しく選んでください。

Dạng quá khứ và phủ định quá khứ Teineigo của「行く」là gì?', NULL, NULL, 'Chia dạng Teineigo đầy đủ: Hiện tại: 行きます | Phủ định: 行きません | Quá khứ: 行きました | Phủ định quá khứ: 行きませんでした. Câu D sai hoàn toàn về ngữ pháp. Câu B không sai nhưng 「行かなかったです」ít trang trọng hơn 「行きませんでした」. Trong kinh doanh và BJT, luôn dùng dạng 〜ませんでした.

💡 Bốn dạng cơ bản: 〜ます / 〜ません / 〜ました / 〜ませんでした — phải chia thành thạo!', 'grammar', 1, 'system', TRUE, FALSE, NOW(), 'system') ON CONFLICT (id) DO UPDATE SET question_type = EXCLUDED.question_type, content_type = EXCLUDED.content_type, level = EXCLUDED.level, question = EXCLUDED.question, passage = EXCLUDED.passage, passage_translation = EXCLUDED.passage_translation, general_explanation = EXCLUDED.general_explanation, skill_category = EXCLUDED.skill_category, base_difficulty = EXCLUDED.base_difficulty, is_active = EXCLUDED.is_active, is_deleted = EXCLUDED.is_deleted, updated_at = NOW(), updated_by = 'system';
DELETE FROM questions_answers WHERE question_id = 81100007;
INSERT INTO questions_answers (question_id, sentence, sentence_translation, is_correct, "order") VALUES (81100007, '行きました / 行きませんでした', '行きました / 行きませんでした (Teineigo quá khứ / phủ định quá khứ — đúng)', TRUE, 1);
INSERT INTO questions_answers (question_id, sentence, sentence_translation, is_correct, "order") VALUES (81100007, '行きました / 行かなかったです', '行きました / 行かなかったです (phủ định quá khứ — cũng được nhưng ít trang trọng hơn)', FALSE, 2);
INSERT INTO questions_answers (question_id, sentence, sentence_translation, is_correct, "order") VALUES (81100007, '行きました / 行きません', '行きました (quá khứ) / 行きません (phủ định hiện tại — sai)', FALSE, 3);
INSERT INTO questions_answers (question_id, sentence, sentence_translation, is_correct, "order") VALUES (81100007, '行ったです / 行かないでした', '行ったです / 行かないでした (sai ngữ pháp)', FALSE, 4);
INSERT INTO questions (id, user_id, is_system, is_khoa_cu, question_type, content_type, level, selection_type, question, passage, passage_translation, general_explanation, skill_category, base_difficulty, tenant_id, is_active, is_deleted, created_at, created_by) VALUES (81100008, NULL, TRUE, FALSE, 'chon_dap_an', 'keigo_baitap_keigo_phan_loai', 'BJT-1', 'single', '次の「お」/「ご」がついた言葉のうち、Teineigo（丁寧語）として正しく使われているものはどれですか？

Từ nào có tiền tố「お」/「ご」là Teineigo đúng chuẩn (không phải Sonkeigo hay Kenjougo)?', NULL, NULL, 'お茶, ご飯, お手洗い đều là ví dụ Teineigo: tiền tố お/ご không nhằm tôn kính ai (Sonkeigo) hay hạ thấp mình (Kenjougo) mà chỉ làm từ ngữ nghe lịch sự và nhã nhặn hơn. Đây là Teineigo thuần túy. Các từ khác trong nhóm: お水, お金, お菓子, ご注文, お料理, お会計... Tiền tố お/ご trong Teineigo đã ''dính vào'' từ và không thể bỏ ra trong giao tiếp lịch sự.

💡 お茶・ご飯・お手洗い・お菓子 = Teineigo thuần — お/ご ở đây chỉ làm tăng vẻ lịch sự, không liên quan đến Sonkeigo/Kenjougo', 'grammar', 1, 'system', TRUE, FALSE, NOW(), 'system') ON CONFLICT (id) DO UPDATE SET question_type = EXCLUDED.question_type, content_type = EXCLUDED.content_type, level = EXCLUDED.level, question = EXCLUDED.question, passage = EXCLUDED.passage, passage_translation = EXCLUDED.passage_translation, general_explanation = EXCLUDED.general_explanation, skill_category = EXCLUDED.skill_category, base_difficulty = EXCLUDED.base_difficulty, is_active = EXCLUDED.is_active, is_deleted = EXCLUDED.is_deleted, updated_at = NOW(), updated_by = 'system';
DELETE FROM questions_answers WHERE question_id = 81100008;
INSERT INTO questions_answers (question_id, sentence, sentence_translation, is_correct, "order") VALUES (81100008, 'お茶（おちゃ）', 'お茶 (trà) — tiền tố お làm từ lịch sự hơn', FALSE, 1);
INSERT INTO questions_answers (question_id, sentence, sentence_translation, is_correct, "order") VALUES (81100008, 'ご飯（ごはん）', 'ご飯 (cơm/bữa ăn) — tiền tố ご cố định', FALSE, 2);
INSERT INTO questions_answers (question_id, sentence, sentence_translation, is_correct, "order") VALUES (81100008, 'お手洗い（おてあらい）', 'お手洗い (nhà vệ sinh) — dùng tiền tố お', FALSE, 3);
INSERT INTO questions_answers (question_id, sentence, sentence_translation, is_correct, "order") VALUES (81100008, '上記の全て', 'Tất cả những từ trên', TRUE, 4);
INSERT INTO questions (id, user_id, is_system, is_khoa_cu, question_type, content_type, level, selection_type, question, passage, passage_translation, general_explanation, skill_category, base_difficulty, tenant_id, is_active, is_deleted, created_at, created_by) VALUES (81100009, NULL, TRUE, FALSE, 'chon_dap_an', 'keigo_baitap_keigo_phan_loai', 'BJT-1', 'single', '「山田部長は出張に行かれました」— この文の敬語の種類は？

「山田部長は出張に行かれました」— Câu này dùng loại kính ngữ nào?', NULL, NULL, '「行かれました」kết hợp hai lớp: 行かれる = Sonkeigo dạng 〜れる (nâng cao hành động đi của 部長) + ました = Teineigo (kết thúc câu lịch sự). Đây là cách kết hợp phổ biến nhất: Sonkeigo/Kenjougo + Teineigo ở cuối câu. Thực tế, mọi câu kính ngữ trong giao tiếp thương mại đều kết thúc bằng Teineigo (〜ます/〜です/〜ございます).

💡 Teineigo là LỚP NỀN của mọi câu lịch sự — luôn xuất hiện cuối câu dù có hay không có Sonkeigo/Kenjougo!', 'grammar', 1, 'system', TRUE, FALSE, NOW(), 'system') ON CONFLICT (id) DO UPDATE SET question_type = EXCLUDED.question_type, content_type = EXCLUDED.content_type, level = EXCLUDED.level, question = EXCLUDED.question, passage = EXCLUDED.passage, passage_translation = EXCLUDED.passage_translation, general_explanation = EXCLUDED.general_explanation, skill_category = EXCLUDED.skill_category, base_difficulty = EXCLUDED.base_difficulty, is_active = EXCLUDED.is_active, is_deleted = EXCLUDED.is_deleted, updated_at = NOW(), updated_by = 'system';
DELETE FROM questions_answers WHERE question_id = 81100009;
INSERT INTO questions_answers (question_id, sentence, sentence_translation, is_correct, "order") VALUES (81100009, '謙譲語（Kenjougo）', 'Kenjougo (Khiêm nhường ngữ)', FALSE, 1);
INSERT INTO questions_answers (question_id, sentence, sentence_translation, is_correct, "order") VALUES (81100009, '丁寧語（Teineigo）のみ', 'Chỉ Teineigo (Lịch sự ngữ)', FALSE, 2);
INSERT INTO questions_answers (question_id, sentence, sentence_translation, is_correct, "order") VALUES (81100009, '尊敬語（Sonkeigo）— 〜れる形', 'Sonkeigo (Tôn kính ngữ) — dùng cấu trúc 〜れる', FALSE, 3);
INSERT INTO questions_answers (question_id, sentence, sentence_translation, is_correct, "order") VALUES (81100009, '尊敬語＋丁寧語の組み合わせ', 'Kết hợp Sonkeigo + Teineigo', TRUE, 4);
INSERT INTO questions (id, user_id, is_system, is_khoa_cu, question_type, content_type, level, selection_type, question, passage, passage_translation, general_explanation, skill_category, base_difficulty, tenant_id, is_active, is_deleted, created_at, created_by) VALUES (81100010, NULL, TRUE, FALSE, 'chon_dap_an', 'keigo_baitap_keigo_phan_loai', 'BJT-1', 'single', '「何時ですか？」より丁寧な聞き方はどれですか？

Câu hỏi giờ nào lịch sự hơn「何時ですか？」?', NULL, NULL, 'Thang độ lịch sự từ thấp đến cao: 何時？ (thô) < 何時ですか (Teineigo cơ bản) < 何時でしょうか (Teineigo + でしょうか — lịch sự hơn) < 何時でございますか (Teineigo cao — でございます). Trong kinh doanh, 〜でしょうか thay cho 〜ですか làm câu hỏi nhẹ nhàng và lịch sự hơn. 〜でございますか là mức tối đa, dùng khi tiếp khách VIP.

💡 〜ですか < 〜でしょうか < 〜でございますか — thang lịch sự câu hỏi Teineigo tăng dần!', 'grammar', 1, 'system', TRUE, FALSE, NOW(), 'system') ON CONFLICT (id) DO UPDATE SET question_type = EXCLUDED.question_type, content_type = EXCLUDED.content_type, level = EXCLUDED.level, question = EXCLUDED.question, passage = EXCLUDED.passage, passage_translation = EXCLUDED.passage_translation, general_explanation = EXCLUDED.general_explanation, skill_category = EXCLUDED.skill_category, base_difficulty = EXCLUDED.base_difficulty, is_active = EXCLUDED.is_active, is_deleted = EXCLUDED.is_deleted, updated_at = NOW(), updated_by = 'system';
DELETE FROM questions_answers WHERE question_id = 81100010;
INSERT INTO questions_answers (question_id, sentence, sentence_translation, is_correct, "order") VALUES (81100010, '何時？', '何時？ (thô, thân mật — ít lịch sự hơn)', FALSE, 1);
INSERT INTO questions_answers (question_id, sentence, sentence_translation, is_correct, "order") VALUES (81100010, '今、何時でしょうか？', 'Bây giờ là mấy giờ ạ? (でしょうか — lịch sự hơn)', FALSE, 2);
INSERT INTO questions_answers (question_id, sentence, sentence_translation, is_correct, "order") VALUES (81100010, '今、何時でございますか？', 'Bây giờ là mấy giờ ạ? (でございますか — trang trọng nhất)', FALSE, 3);
INSERT INTO questions_answers (question_id, sentence, sentence_translation, is_correct, "order") VALUES (81100010, 'B と C の両方が「何時ですか」より丁寧', 'Cả B và C đều lịch sự hơn 何時ですか', TRUE, 4);
INSERT INTO questions (id, user_id, is_system, is_khoa_cu, question_type, content_type, level, selection_type, question, passage, passage_translation, general_explanation, skill_category, base_difficulty, tenant_id, is_active, is_deleted, created_at, created_by) VALUES (81100011, NULL, TRUE, FALSE, 'chon_dap_an', 'keigo_baitap_keigo_phan_loai', 'BJT-2', 'single', '「です」と「でございます」の違いとして正しいのはどれですか？

Sự khác biệt đúng giữa「です」và「でございます」là gì?', NULL, NULL, '「でございます」là dạng trang trọng nhất của です trong hệ thống Teineigo — không phải Sonkeigo hay Kenjougo. Dùng được cho mọi chủ ngữ (mình, người khác, đồ vật). Ví dụ: 「私は田中でございます」(Tôi là Tanaka), 「こちらが資料でございます」(Đây là tài liệu), 「会議室はこちらでございます」(Phòng họp ở đây ạ). Trong dịch vụ khách hàng và kinh doanh trang trọng, でございます thay thế hoàn toàn で す.

💡 でございます = です nâng cấp — Teineigo trang trọng nhất. Không phải Sonkeigo hay Kenjougo!', 'grammar', 2, 'system', TRUE, FALSE, NOW(), 'system') ON CONFLICT (id) DO UPDATE SET question_type = EXCLUDED.question_type, content_type = EXCLUDED.content_type, level = EXCLUDED.level, question = EXCLUDED.question, passage = EXCLUDED.passage, passage_translation = EXCLUDED.passage_translation, general_explanation = EXCLUDED.general_explanation, skill_category = EXCLUDED.skill_category, base_difficulty = EXCLUDED.base_difficulty, is_active = EXCLUDED.is_active, is_deleted = EXCLUDED.is_deleted, updated_at = NOW(), updated_by = 'system';
DELETE FROM questions_answers WHERE question_id = 81100011;
INSERT INTO questions_answers (question_id, sentence, sentence_translation, is_correct, "order") VALUES (81100011, '意味は全く同じで、どちらも同じ場面で使える', 'Hoàn toàn giống nhau, dùng được trong mọi tình huống', FALSE, 1);
INSERT INTO questions_answers (question_id, sentence, sentence_translation, is_correct, "order") VALUES (81100011, '「でございます」は「です」の丁寧語で、より格式が高い', '「でございます」là Teineigo của です — trang trọng hơn một bậc', TRUE, 2);
INSERT INTO questions_answers (question_id, sentence, sentence_translation, is_correct, "order") VALUES (81100011, '「でございます」は謙譲語なので、自分のことにしか使えない', '「でございます」là Kenjougo nên chỉ dùng về bản thân', FALSE, 3);
INSERT INTO questions_answers (question_id, sentence, sentence_translation, is_correct, "order") VALUES (81100011, '「でございます」は尊敬語なので、相手のことにしか使えない', '「でございます」là Sonkeigo nên chỉ dùng về đối phương', FALSE, 4);
INSERT INTO questions (id, user_id, is_system, is_khoa_cu, question_type, content_type, level, selection_type, question, passage, passage_translation, general_explanation, skill_category, base_difficulty, tenant_id, is_active, is_deleted, created_at, created_by) VALUES (81100012, NULL, TRUE, FALSE, 'chon_dap_an', 'keigo_baitap_keigo_phan_loai', 'BJT-2', 'single', '「ございます」と「あります」の使い分けとして正しいのはどれですか？

Cách phân biệt đúng giữa「ございます」và「あります」là gì?', NULL, NULL, '「ございます」là Teineigo trang trọng của あります — dùng khi nói về sự tồn tại của vật/tình huống trong môi trường lịch sự: 「こちらにございます」(Ở đây có ạ), 「ご不明な点がございましたら」(Nếu có điểm nào chưa rõ). Không dùng ございます để chỉ sự tồn tại của người (phải dùng いらっしゃる cho Soto, おる cho Uchi). Ví dụ sai: ×お客様がございます → ○お客様がいらっしゃいます.

💡 ございます = あります nâng cấp (cho vật/tình huống). KHÔNG dùng ございます cho người — đó là lỗi phổ biến!', 'grammar', 2, 'system', TRUE, FALSE, NOW(), 'system') ON CONFLICT (id) DO UPDATE SET question_type = EXCLUDED.question_type, content_type = EXCLUDED.content_type, level = EXCLUDED.level, question = EXCLUDED.question, passage = EXCLUDED.passage, passage_translation = EXCLUDED.passage_translation, general_explanation = EXCLUDED.general_explanation, skill_category = EXCLUDED.skill_category, base_difficulty = EXCLUDED.base_difficulty, is_active = EXCLUDED.is_active, is_deleted = EXCLUDED.is_deleted, updated_at = NOW(), updated_by = 'system';
DELETE FROM questions_answers WHERE question_id = 81100012;
INSERT INTO questions_answers (question_id, sentence, sentence_translation, is_correct, "order") VALUES (81100012, '「ございます」は生き物に、「あります」は物に使う', '「ございます」cho sinh vật, 「あります」cho đồ vật', FALSE, 1);
INSERT INTO questions_answers (question_id, sentence, sentence_translation, is_correct, "order") VALUES (81100012, '「ございます」はより丁寧なあります。主に物事の存在や状況に使う', '「ございます」là dạng trang trọng của あります — dùng cho sự tồn tại của vật/tình huống', TRUE, 2);
INSERT INTO questions_answers (question_id, sentence, sentence_translation, is_correct, "order") VALUES (81100012, '意味は同じで使い分けは不要', 'Hoàn toàn giống nhau, không cần phân biệt', FALSE, 3);
INSERT INTO questions_answers (question_id, sentence, sentence_translation, is_correct, "order") VALUES (81100012, '「ございます」は謙譲語、「あります」は普通語', '「ございます」là Kenjougo, 「あります」là thông thường', FALSE, 4);
INSERT INTO questions (id, user_id, is_system, is_khoa_cu, question_type, content_type, level, selection_type, question, passage, passage_translation, general_explanation, skill_category, base_difficulty, tenant_id, is_active, is_deleted, created_at, created_by) VALUES (81100013, NULL, TRUE, FALSE, 'chon_dap_an', 'keigo_baitap_keigo_phan_loai', 'BJT-2', 'single', '「でございます」の否定形と過去形を正しく選んでください。

Dạng phủ định và quá khứ của「でございます」là gì?', NULL, NULL, 'Chia dạng đầy đủ của でございます: Hiện tại: でございます | Phủ定: ではございません | Quá khứ: でございました | Phủ定 quá khứ: ではございませんでした. Chú ý: phủ định dùng 「では」không phải「で」(ではございません, không phải でございません). Bảng đối chiếu: です → ではないです | でございます → ではございません (trang trọng hơn).

💡 Phủ定 でございます → ではございません (có では!) | Quá khứ → でございました', 'grammar', 2, 'system', TRUE, FALSE, NOW(), 'system') ON CONFLICT (id) DO UPDATE SET question_type = EXCLUDED.question_type, content_type = EXCLUDED.content_type, level = EXCLUDED.level, question = EXCLUDED.question, passage = EXCLUDED.passage, passage_translation = EXCLUDED.passage_translation, general_explanation = EXCLUDED.general_explanation, skill_category = EXCLUDED.skill_category, base_difficulty = EXCLUDED.base_difficulty, is_active = EXCLUDED.is_active, is_deleted = EXCLUDED.is_deleted, updated_at = NOW(), updated_by = 'system';
DELETE FROM questions_answers WHERE question_id = 81100013;
INSERT INTO questions_answers (question_id, sentence, sentence_translation, is_correct, "order") VALUES (81100013, '否定：ではございません / 過去：でございました', 'Phủ định: ではございません / Quá khứ: でございました — đúng', TRUE, 1);
INSERT INTO questions_answers (question_id, sentence, sentence_translation, is_correct, "order") VALUES (81100013, '否定：でございません / 過去：でございましたん', 'Phủ định: でございません / Quá khứ: でございましたん — sai', FALSE, 2);
INSERT INTO questions_answers (question_id, sentence, sentence_translation, is_correct, "order") VALUES (81100013, '否定：ではないでございます / 過去：でありました', 'Phủ định: ではないでございます / Quá khứ: でありました — không chuẩn', FALSE, 3);
INSERT INTO questions_answers (question_id, sentence, sentence_translation, is_correct, "order") VALUES (81100013, '否定：ではございません / 過去：でございましたでした', 'Phủ định: ではございません / Quá khứ: でございましたでした — sai', FALSE, 4);
INSERT INTO questions (id, user_id, is_system, is_khoa_cu, question_type, content_type, level, selection_type, question, passage, passage_translation, general_explanation, skill_category, base_difficulty, tenant_id, is_active, is_deleted, created_at, created_by) VALUES (81100014, NULL, TRUE, FALSE, 'chon_dap_an', 'keigo_baitap_keigo_phan_loai', 'BJT-2', 'single', '「〜でしょうか」の機能として正しいのはどれですか？

Chức năng của「〜でしょうか」là gì?', NULL, NULL, '「でしょうか」có hai chức năng chính: (1) Phỏng đoán lịch sự: 「明日は雨でしょうか」(Ngày mai có mưa không nhỉ?); (2) Câu hỏi lịch sự hơn ですか: 「よろしいでしょうか」(Được không ạ?) — nhẹ nhàng hơn 「よろしいですか」. Trong giao tiếp kinh doanh, 〜でしょうか làm câu hỏi nghe ít áp lực hơn, khiêm nhường hơn. Không thể thay thế hoàn toàn ですか vì sắc thái khác.

💡 〜でしょうか = câu hỏi lịch sự hơn 〜ですか — dùng khi không muốn tạo áp lực cho đối phương', 'grammar', 2, 'system', TRUE, FALSE, NOW(), 'system') ON CONFLICT (id) DO UPDATE SET question_type = EXCLUDED.question_type, content_type = EXCLUDED.content_type, level = EXCLUDED.level, question = EXCLUDED.question, passage = EXCLUDED.passage, passage_translation = EXCLUDED.passage_translation, general_explanation = EXCLUDED.general_explanation, skill_category = EXCLUDED.skill_category, base_difficulty = EXCLUDED.base_difficulty, is_active = EXCLUDED.is_active, is_deleted = EXCLUDED.is_deleted, updated_at = NOW(), updated_by = 'system';
DELETE FROM questions_answers WHERE question_id = 81100014;
INSERT INTO questions_answers (question_id, sentence, sentence_translation, is_correct, "order") VALUES (81100014, '推量（〜だろう）の丁寧語として、または丁寧な疑問文を作る', 'Teineigo của 〜だろう (phỏng đoán), hoặc tạo câu hỏi lịch sự', TRUE, 1);
INSERT INTO questions_answers (question_id, sentence, sentence_translation, is_correct, "order") VALUES (81100014, '過去の出来事を推量する時だけに使う', 'Chỉ dùng khi phỏng đoán sự việc trong quá khứ', FALSE, 2);
INSERT INTO questions_answers (question_id, sentence, sentence_translation, is_correct, "order") VALUES (81100014, '「ですか」と全く同じで、置き換え可能', 'Hoàn toàn giống 「ですか」, có thể thay thế hoàn toàn', FALSE, 3);
INSERT INTO questions_answers (question_id, sentence, sentence_translation, is_correct, "order") VALUES (81100014, '命令や依頼を表す', 'Biểu đạt mệnh lệnh hoặc yêu cầu', FALSE, 4);
INSERT INTO questions (id, user_id, is_system, is_khoa_cu, question_type, content_type, level, selection_type, question, passage, passage_translation, general_explanation, skill_category, base_difficulty, tenant_id, is_active, is_deleted, created_at, created_by) VALUES (81100015, NULL, TRUE, FALSE, 'chon_dap_an', 'keigo_baitap_keigo_phan_loai', 'BJT-2', 'single', '受付で来客に「ご用件は何ですか？」より丁寧に聞く表現はどれですか？

Tại lễ tân, câu hỏi mục đích thăm viếng nào lịch sự hơn「ご用件は何ですか？」?', NULL, NULL, 'Câu B: 「ご用件は何でしょうか」— thay ですか bằng でしょうか làm câu hỏi nhẹ nhàng hơn. Câu C: 「どのようなご用件でいらっしゃいますか」— kết hợp Teineigo (どのような = thế nào) + でいらっしゃる (Sonkeigo của である/です) → mức trang trọng tối đa cho lễ tân khách sạn và tòa nhà văn phòng cao cấp. Trong BJT, cả hai đều xuất hiện.

💡 どのようなご用件でいらっしゃいますか = câu hỏi lễ tân trang trọng nhất — kết hợp Teineigo + Sonkeigo', 'grammar', 2, 'system', TRUE, FALSE, NOW(), 'system') ON CONFLICT (id) DO UPDATE SET question_type = EXCLUDED.question_type, content_type = EXCLUDED.content_type, level = EXCLUDED.level, question = EXCLUDED.question, passage = EXCLUDED.passage, passage_translation = EXCLUDED.passage_translation, general_explanation = EXCLUDED.general_explanation, skill_category = EXCLUDED.skill_category, base_difficulty = EXCLUDED.base_difficulty, is_active = EXCLUDED.is_active, is_deleted = EXCLUDED.is_deleted, updated_at = NOW(), updated_by = 'system';
DELETE FROM questions_answers WHERE question_id = 81100015;
INSERT INTO questions_answers (question_id, sentence, sentence_translation, is_correct, "order") VALUES (81100015, '何の用ですか？', 'Anh/chị đến có việc gì? (thô — thiếu tiền tố ご)', FALSE, 1);
INSERT INTO questions_answers (question_id, sentence, sentence_translation, is_correct, "order") VALUES (81100015, 'ご用件は何でしょうか？', 'Không biết quý vị có việc gì ạ? (でしょうか — lịch sự hơn)', FALSE, 2);
INSERT INTO questions_answers (question_id, sentence, sentence_translation, is_correct, "order") VALUES (81100015, '本日はどのようなご用件でいらっしゃいますか？', 'Hôm nay quý vị đến có việc gì ạ? (kết hợp Teineigo + Sonkeigo — trang trọng nhất)', FALSE, 3);
INSERT INTO questions_answers (question_id, sentence, sentence_translation, is_correct, "order") VALUES (81100015, 'B と C の両方が「ご用件は何ですか」より丁寧', 'Cả B và C đều lịch sự hơn câu gốc', TRUE, 4);
INSERT INTO questions (id, user_id, is_system, is_khoa_cu, question_type, content_type, level, selection_type, question, passage, passage_translation, general_explanation, skill_category, base_difficulty, tenant_id, is_active, is_deleted, created_at, created_by) VALUES (81100016, NULL, TRUE, FALSE, 'chon_dap_an', 'keigo_baitap_keigo_phan_loai', 'BJT-2', 'single', '「〜てもいいですか？」を最も丁寧な Teineigo に直すと？

Chuyển「〜てもいいですか？」thành Teineigo lịch sự nhất:', NULL, NULL, '「〜てもよろしいでしょうか」là chuẩn nhất trong tiếng Nhật kinh doanh hiện đại: よろしい (trang trọng hơn いい) + でしょうか (lịch sự hơn ですか). Câu C (よろしゅうございますか) về nguyên tắc đúng nhưng cực kỳ cổ điển — chỉ gặp trong phục vụ khách sạn 5 sao hoặc văn học cổ. Trong BJT thực chiến, câu B là câu trả lời đúng.

💡 〜てもよろしいでしょうか = cách xin phép lịch sự nhất trong tiếng Nhật kinh doanh hiện đại', 'grammar', 2, 'system', TRUE, FALSE, NOW(), 'system') ON CONFLICT (id) DO UPDATE SET question_type = EXCLUDED.question_type, content_type = EXCLUDED.content_type, level = EXCLUDED.level, question = EXCLUDED.question, passage = EXCLUDED.passage, passage_translation = EXCLUDED.passage_translation, general_explanation = EXCLUDED.general_explanation, skill_category = EXCLUDED.skill_category, base_difficulty = EXCLUDED.base_difficulty, is_active = EXCLUDED.is_active, is_deleted = EXCLUDED.is_deleted, updated_at = NOW(), updated_by = 'system';
DELETE FROM questions_answers WHERE question_id = 81100016;
INSERT INTO questions_answers (question_id, sentence, sentence_translation, is_correct, "order") VALUES (81100016, '〜てもいいでしょうか？', '〜てもいいでしょうか？ (でしょうか — lịch sự hơn)', FALSE, 1);
INSERT INTO questions_answers (question_id, sentence, sentence_translation, is_correct, "order") VALUES (81100016, '〜てもよろしいでしょうか？', '〜てもよろしいでしょうか？ (よろしい + でしょうか — trang trọng nhất)', FALSE, 2);
INSERT INTO questions_answers (question_id, sentence, sentence_translation, is_correct, "order") VALUES (81100016, '〜てもよろしゅうございますか？', '〜てもよろしゅうございますか？ (cổ điển, cực trang trọng — ít dùng ngày nay)', FALSE, 3);
INSERT INTO questions_answers (question_id, sentence, sentence_translation, is_correct, "order") VALUES (81100016, 'B が最も自然でビジネス的', 'B tự nhiên và kinh doanh nhất trong thực tế hiện đại', TRUE, 4);
INSERT INTO questions (id, user_id, is_system, is_khoa_cu, question_type, content_type, level, selection_type, question, passage, passage_translation, general_explanation, skill_category, base_difficulty, tenant_id, is_active, is_deleted, created_at, created_by) VALUES (81100017, NULL, TRUE, FALSE, 'chon_dap_an', 'keigo_baitap_keigo_phan_loai', 'BJT-2', 'single', 'ビジネス場面での電話応対として、最も適切な電話の出方はどれですか？

Cách nghe điện thoại nào phù hợp nhất trong môi trường kinh doanh?', NULL, NULL, 'Câu D là chuẩn nhất: giới thiệu cả tên công ty lẫn tên mình + でございます. Câu B cũng đúng — thường dùng cho tổng đài (switchboard). Câu C: 「もしもし」KHÔNG dùng trong điện thoại kinh doanh — chỉ dùng giữa bạn bè/gia đình. Câu A thiếu tên công ty. Trong BJT, câu mở đầu điện thoại kinh doanh luôn có cấu trúc: はい + [công ty] + でございます.

💡 Điện thoại kinh doanh: はい、〇〇でございます — KHÔNG dùng もしもし! Đây là lỗi cơ bản nhất!', 'grammar', 2, 'system', TRUE, FALSE, NOW(), 'system') ON CONFLICT (id) DO UPDATE SET question_type = EXCLUDED.question_type, content_type = EXCLUDED.content_type, level = EXCLUDED.level, question = EXCLUDED.question, passage = EXCLUDED.passage, passage_translation = EXCLUDED.passage_translation, general_explanation = EXCLUDED.general_explanation, skill_category = EXCLUDED.skill_category, base_difficulty = EXCLUDED.base_difficulty, is_active = EXCLUDED.is_active, is_deleted = EXCLUDED.is_deleted, updated_at = NOW(), updated_by = 'system';
DELETE FROM questions_answers WHERE question_id = 81100017;
INSERT INTO questions_answers (question_id, sentence, sentence_translation, is_correct, "order") VALUES (81100017, '「はい、田中です。」', '「はい、田中です。」(thông thường — thiếu trang trọng)', FALSE, 1);
INSERT INTO questions_answers (question_id, sentence, sentence_translation, is_correct, "order") VALUES (81100017, '「はい、〇〇株式会社でございます。」', '「はい、〇〇株式会社でございます。」(でございます — chuẩn)', FALSE, 2);
INSERT INTO questions_answers (question_id, sentence, sentence_translation, is_correct, "order") VALUES (81100017, '「もしもし、〇〇会社です。」', '「もしもし、〇〇会社です。」(もしもし không dùng trong kinh doanh — sai)', FALSE, 3);
INSERT INTO questions_answers (question_id, sentence, sentence_translation, is_correct, "order") VALUES (81100017, '「はい、〇〇株式会社の田中でございます。」', '「はい、〇〇株式会社の田中でございます。」(tên + でございます — trang trọng nhất)', TRUE, 4);
INSERT INTO questions (id, user_id, is_system, is_khoa_cu, question_type, content_type, level, selection_type, question, passage, passage_translation, general_explanation, skill_category, base_difficulty, tenant_id, is_active, is_deleted, created_at, created_by) VALUES (81100018, NULL, TRUE, FALSE, 'chon_dap_an', 'keigo_baitap_keigo_phan_loai', 'BJT-2', 'single', '次の文でお/ごの使い方が正しいものはどれですか？

Câu nào dùng お/ご ĐÚNG?', NULL, NULL, 'Câu A: 「ご結婚おめでとうございます」— kết hôn (結婚) là Kango → ご là đúng. Câu C: 「ご誕生日おめでとうございます」— 誕生日 (Kango) → ご đúng về nguyên tắc. Tuy nhiên,「お誕生日おめでとうございます」cũng phổ biến và được chấp nhận vì quen dùng. Câu B sai: お結婚là không tự nhiên. Trong BJT, câu A là đáp án rõ ràng nhất.

💡 ご結婚おめでとうございます ✅ | お誕生日 / ご誕生日 đều dùng được (ngoại lệ phổ biến)', 'grammar', 2, 'system', TRUE, FALSE, NOW(), 'system') ON CONFLICT (id) DO UPDATE SET question_type = EXCLUDED.question_type, content_type = EXCLUDED.content_type, level = EXCLUDED.level, question = EXCLUDED.question, passage = EXCLUDED.passage, passage_translation = EXCLUDED.passage_translation, general_explanation = EXCLUDED.general_explanation, skill_category = EXCLUDED.skill_category, base_difficulty = EXCLUDED.base_difficulty, is_active = EXCLUDED.is_active, is_deleted = EXCLUDED.is_deleted, updated_at = NOW(), updated_by = 'system';
DELETE FROM questions_answers WHERE question_id = 81100018;
INSERT INTO questions_answers (question_id, sentence, sentence_translation, is_correct, "order") VALUES (81100018, 'ご結婚おめでとうございます。', 'Chúc mừng ngài kết hôn. (ご結婚 — đúng, 結婚 là Kango)', FALSE, 1);
INSERT INTO questions_answers (question_id, sentence, sentence_translation, is_correct, "order") VALUES (81100018, 'お結婚おめでとうございます。', 'Chúc mừng ngài kết hôn. (お結婚 — sai, 結婚 là Kango phải dùng ご)', FALSE, 2);
INSERT INTO questions_answers (question_id, sentence, sentence_translation, is_correct, "order") VALUES (81100018, 'ご誕生日おめでとうございます。', 'Chúc mừng sinh nhật ngài. (ご誕生日 — đúng theo Kango, nhưng おも phổ biến hơn)', FALSE, 3);
INSERT INTO questions_answers (question_id, sentence, sentence_translation, is_correct, "order") VALUES (81100018, 'A と C の両方が正しい', 'Cả A và C đều đúng', TRUE, 4);
INSERT INTO questions (id, user_id, is_system, is_khoa_cu, question_type, content_type, level, selection_type, question, passage, passage_translation, general_explanation, skill_category, base_difficulty, tenant_id, is_active, is_deleted, created_at, created_by) VALUES (81100019, NULL, TRUE, FALSE, 'chon_dap_an', 'keigo_baitap_keigo_phan_loai', 'BJT-2', 'single', 'お客様に「会議室は3階です」を最も丁寧に伝えると？

Thông báo với khách hàng ''Phòng họp ở tầng 3'' lịch sự nhất là câu nào?', NULL, NULL, 'Câu B「でございます」: Teineigo trang trọng — phổ biến và tự nhiên. Câu C「となっております」: と (= として) + なっております (おる = Kenjougo của いる) → mang sắc thái ''được quy định là / đang là'' — thường dùng khi thông báo quy định, giờ giấc, địa điểm trong văn phòng/sự kiện. Cả hai đều xuất hiện nhiều trong BJT và thực tế kinh doanh.

💡 〜となっております = ''được quy định là / đang là'' — mẫu thông báo phổ biến trong sự kiện và dịch vụ', 'grammar', 2, 'system', TRUE, FALSE, NOW(), 'system') ON CONFLICT (id) DO UPDATE SET question_type = EXCLUDED.question_type, content_type = EXCLUDED.content_type, level = EXCLUDED.level, question = EXCLUDED.question, passage = EXCLUDED.passage, passage_translation = EXCLUDED.passage_translation, general_explanation = EXCLUDED.general_explanation, skill_category = EXCLUDED.skill_category, base_difficulty = EXCLUDED.base_difficulty, is_active = EXCLUDED.is_active, is_deleted = EXCLUDED.is_deleted, updated_at = NOW(), updated_by = 'system';
DELETE FROM questions_answers WHERE question_id = 81100019;
INSERT INTO questions_answers (question_id, sentence, sentence_translation, is_correct, "order") VALUES (81100019, '会議室は3階です。', 'Phòng họp ở tầng 3. (Teineigo cơ bản)', FALSE, 1);
INSERT INTO questions_answers (question_id, sentence, sentence_translation, is_correct, "order") VALUES (81100019, '会議室は3階でございます。', 'Phòng họp ở tầng 3 ạ. (でございます — trang trọng hơn)', FALSE, 2);
INSERT INTO questions_answers (question_id, sentence, sentence_translation, is_correct, "order") VALUES (81100019, '会議室は3階となっております。', 'Phòng họp là tầng 3 ạ. (となっております — Kenjougo + Teineigo)', FALSE, 3);
INSERT INTO questions_answers (question_id, sentence, sentence_translation, is_correct, "order") VALUES (81100019, 'B と C の両方がビジネス的に適切', 'Cả B và C đều phù hợp trong kinh doanh', TRUE, 4);
INSERT INTO questions (id, user_id, is_system, is_khoa_cu, question_type, content_type, level, selection_type, question, passage, passage_translation, general_explanation, skill_category, base_difficulty, tenant_id, is_active, is_deleted, created_at, created_by) VALUES (81100020, NULL, TRUE, FALSE, 'chon_dap_an', 'keigo_baitap_keigo_phan_loai', 'BJT-2', 'single', 'メールの結びの言葉として最も一般的な丁寧語表現はどれですか？

Câu kết thúc email thông dụng nhất trong Teineigo là gì?', NULL, NULL, '「よろしくお願い申し上げます」là câu kết thúc email kinh doanh trang trọng nhất và phổ biến nhất: よろしく + お願い + 申し上げる (Kenjougo tối cao của 言う). Câu C「よろしくお願いいたします」cũng đúng và phổ biến — chỉ khác ở mức trang trọng (いたす < 申し上げる). Cả hai đều xây trên nền Teineigo (〜ます). Câu A, B hoàn toàn không phù hợp email kinh doanh.

💡 よろしくお願い申し上げます (trang trọng nhất) | よろしくお願いいたします (phổ biến) — hai câu kết email chuẩn nhất!', 'grammar', 2, 'system', TRUE, FALSE, NOW(), 'system') ON CONFLICT (id) DO UPDATE SET question_type = EXCLUDED.question_type, content_type = EXCLUDED.content_type, level = EXCLUDED.level, question = EXCLUDED.question, passage = EXCLUDED.passage, passage_translation = EXCLUDED.passage_translation, general_explanation = EXCLUDED.general_explanation, skill_category = EXCLUDED.skill_category, base_difficulty = EXCLUDED.base_difficulty, is_active = EXCLUDED.is_active, is_deleted = EXCLUDED.is_deleted, updated_at = NOW(), updated_by = 'system';
DELETE FROM questions_answers WHERE question_id = 81100020;
INSERT INTO questions_answers (question_id, sentence, sentence_translation, is_correct, "order") VALUES (81100020, 'バイバイ。', 'Bye bye. (không phù hợp)', FALSE, 1);
INSERT INTO questions_answers (question_id, sentence, sentence_translation, is_correct, "order") VALUES (81100020, 'では、また。', 'Thế nhé, hẹn gặp lại. (thân mật — không phù hợp email công việc)', FALSE, 2);
INSERT INTO questions_answers (question_id, sentence, sentence_translation, is_correct, "order") VALUES (81100020, '以上、よろしくお願いいたします。', 'Trên đây là toàn bộ, kính mong sự hợp tác. (Kenjougo + Teineigo — chuẩn)', FALSE, 3);
INSERT INTO questions_answers (question_id, sentence, sentence_translation, is_correct, "order") VALUES (81100020, 'どうぞよろしくお願い申し上げます。', 'Kính nhờ quý vị. (Kenjougo trang trọng — chuẩn)', TRUE, 4);
INSERT INTO questions (id, user_id, is_system, is_khoa_cu, question_type, content_type, level, selection_type, question, passage, passage_translation, general_explanation, skill_category, base_difficulty, tenant_id, is_active, is_deleted, created_at, created_by) VALUES (81100021, NULL, TRUE, FALSE, 'chon_dap_an', 'keigo_baitap_keigo_phan_loai', 'BJT-3', 'single', 'お客様が到着した時の一連の応対で、敬語の使い方が最も正確な流れはどれですか？

Khi khách hàng đến, chuỗi câu tiếp đón nào dùng kính ngữ chính xác nhất?', NULL, NULL, 'Câu B chuẩn hoàn toàn: ①「いらっしゃいませ」= Sonkeigo chào đón; ②「お名前をお聞かせいただけますでしょうか」= お名前 (Teineigo) + お聞かせいただく (Kenjougo) + でしょうか (Teineigo lịch sự) — kết hợp hoàn hảo; ③「少々お待ちくださいませ」= Sonkeigo (くださる) + ませ (thêm lịch sự) + Teineigo (ます). Câu A sai ở ②: 「お名前をいただけますか」nghe như ''tôi có thể nhận tên của ngài không'' — いただく dùng sai ngữ cảnh ở đây.

💡 くださいませ = くださいより丁寧 (lịch sự hơn ください) — dùng trong tiếp khách VIP và lễ tân chuyên nghiệp', 'grammar', 3, 'system', TRUE, FALSE, NOW(), 'system') ON CONFLICT (id) DO UPDATE SET question_type = EXCLUDED.question_type, content_type = EXCLUDED.content_type, level = EXCLUDED.level, question = EXCLUDED.question, passage = EXCLUDED.passage, passage_translation = EXCLUDED.passage_translation, general_explanation = EXCLUDED.general_explanation, skill_category = EXCLUDED.skill_category, base_difficulty = EXCLUDED.base_difficulty, is_active = EXCLUDED.is_active, is_deleted = EXCLUDED.is_deleted, updated_at = NOW(), updated_by = 'system';
DELETE FROM questions_answers WHERE question_id = 81100021;
INSERT INTO questions_answers (question_id, sentence, sentence_translation, is_correct, "order") VALUES (81100021, '①「いらっしゃいませ」②「お名前をいただけますか」③「少々お待ちください」', '① Kính chào ② Tôi có thể nhận tên của ngài không? (いただく sai ở đây) ③ Xin chờ chút', FALSE, 1);
INSERT INTO questions_answers (question_id, sentence, sentence_translation, is_correct, "order") VALUES (81100021, '①「いらっしゃいませ」②「お名前をお聞かせいただけますでしょうか」③「少々お待ちくださいませ」', '① Kính chào ② Cho tôi biết tên của ngài không ạ? ③ Xin vui lòng chờ chút ạ', TRUE, 2);
INSERT INTO questions_answers (question_id, sentence, sentence_translation, is_correct, "order") VALUES (81100021, '①「こんにちは」②「名前は何ですか」③「ちょっと待って」', '① Chào ② Tên bạn là gì? ③ Chờ tí (thô — hoàn toàn không phù hợp)', FALSE, 3);
INSERT INTO questions_answers (question_id, sentence, sentence_translation, is_correct, "order") VALUES (81100021, '①「いらっしゃいませ」②「お名前を教えてもらえますか」③「お待ちください」', '① Kính chào ② Bạn có thể cho biết tên không? ③ Xin chờ (câu ② thiếu trang trọng)', FALSE, 4);
INSERT INTO questions (id, user_id, is_system, is_khoa_cu, question_type, content_type, level, selection_type, question, passage, passage_translation, general_explanation, skill_category, base_difficulty, tenant_id, is_active, is_deleted, created_at, created_by) VALUES (81100022, NULL, TRUE, FALSE, 'chon_dap_an', 'keigo_baitap_keigo_phan_loai', 'BJT-3', 'single', '「すみません」「申し訳ありません」「申し訳ございません」を丁寧さの低い順に並べてください。

Sắp xếp từ ÍT lịch sự đến NHIỀU lịch sự: 「すみません」「申し訳ありません」「申し訳ございません」', NULL, NULL, 'Thang lịch sự khi xin lỗi: すみません (thông thường, dùng với đồng nghiệp/quen biết) < 申し訳ありません (trang trọng, dùng với cấp trên và khách hàng) < 申し訳ございません (trang trọng nhất — ございません thay ありません). Trong phục vụ khách hàng và xử lý khiếu nại, luôn dùng「申し訳ございません」hoặc「誠に申し訳ございません」. すみません không bao giờ dùng trong email kinh doanh chính thức.

💡 申し訳ございません > 申し訳ありません > すみません — với khách VIP luôn dùng mức cao nhất!', 'grammar', 3, 'system', TRUE, FALSE, NOW(), 'system') ON CONFLICT (id) DO UPDATE SET question_type = EXCLUDED.question_type, content_type = EXCLUDED.content_type, level = EXCLUDED.level, question = EXCLUDED.question, passage = EXCLUDED.passage, passage_translation = EXCLUDED.passage_translation, general_explanation = EXCLUDED.general_explanation, skill_category = EXCLUDED.skill_category, base_difficulty = EXCLUDED.base_difficulty, is_active = EXCLUDED.is_active, is_deleted = EXCLUDED.is_deleted, updated_at = NOW(), updated_by = 'system';
DELETE FROM questions_answers WHERE question_id = 81100022;
INSERT INTO questions_answers (question_id, sentence, sentence_translation, is_correct, "order") VALUES (81100022, 'すみません→申し訳ありません→申し訳ございません', 'すみません (thông thường) → 申し訳ありません (Teineigo) → 申し訳ございません (Teineigo trang trọng nhất)', TRUE, 1);
INSERT INTO questions_answers (question_id, sentence, sentence_translation, is_correct, "order") VALUES (81100022, '申し訳ございません→申し訳ありません→すみません', 'Ngược lại', FALSE, 2);
INSERT INTO questions_answers (question_id, sentence, sentence_translation, is_correct, "order") VALUES (81100022, '申し訳ありません→すみません→申し訳ございません', 'Thứ tự khác', FALSE, 3);
INSERT INTO questions_answers (question_id, sentence, sentence_translation, is_correct, "order") VALUES (81100022, '全て同じ丁寧さ', 'Tất cả có cùng mức lịch sự', FALSE, 4);
INSERT INTO questions (id, user_id, is_system, is_khoa_cu, question_type, content_type, level, selection_type, question, passage, passage_translation, general_explanation, skill_category, base_difficulty, tenant_id, is_active, is_deleted, created_at, created_by) VALUES (81100023, NULL, TRUE, FALSE, 'chon_dap_an', 'keigo_baitap_keigo_phan_loai', 'BJT-3', 'single', '初めてメールを送る相手への書き出しとして最も適切なものはどれですか？

Câu mở đầu email gửi lần đầu đến người chưa quen là gì?', NULL, NULL, 'Câu B là chuẩn mực khi gửi email lần đầu: 「突然のご連絡、失礼いたします」= Kenjougo (いたす) xin lỗi vì liên hệ đột ngột + tự giới thiệu bằng 「〜と申します」(Kenjougo). Câu A sai: 「お世話になっております」chỉ dùng khi ĐÃ có quan hệ từ trước. Câu D sai: 「ご無沙汰しております」dùng khi đã quen nhưng lâu không gặp.

💡 Lần đầu email: 突然のご連絡失礼いたします | Đã quen: お世話になっております | Lâu không liên hệ: ご無沙汰しております', 'grammar', 3, 'system', TRUE, FALSE, NOW(), 'system') ON CONFLICT (id) DO UPDATE SET question_type = EXCLUDED.question_type, content_type = EXCLUDED.content_type, level = EXCLUDED.level, question = EXCLUDED.question, passage = EXCLUDED.passage, passage_translation = EXCLUDED.passage_translation, general_explanation = EXCLUDED.general_explanation, skill_category = EXCLUDED.skill_category, base_difficulty = EXCLUDED.base_difficulty, is_active = EXCLUDED.is_active, is_deleted = EXCLUDED.is_deleted, updated_at = NOW(), updated_by = 'system';
DELETE FROM questions_answers WHERE question_id = 81100023;
INSERT INTO questions_answers (question_id, sentence, sentence_translation, is_correct, "order") VALUES (81100023, 'いつもお世話になっております。', 'Cảm ơn sự quan tâm của quý vị. (Dùng khi ĐÃ có quan hệ — sai khi lần đầu)', FALSE, 1);
INSERT INTO questions_answers (question_id, sentence, sentence_translation, is_correct, "order") VALUES (81100023, '突然のご連絡、失礼いたします。〇〇社の田中と申します。', 'Xin lỗi vì liên hệ đột ngột. Tôi là Tanaka, công ty 〇〇 ạ. (Kenjougo — đúng khi lần đầu)', TRUE, 2);
INSERT INTO questions_answers (question_id, sentence, sentence_translation, is_correct, "order") VALUES (81100023, 'はじめまして。田中です。よろしく。', 'Rất vui được gặp. Tôi là Tanaka. Nhờ bạn nhé. (quá thân mật)', FALSE, 3);
INSERT INTO questions_answers (question_id, sentence, sentence_translation, is_correct, "order") VALUES (81100023, 'ご無沙汰しております。', 'Lâu ngày không liên lạc ạ. (Dùng khi đã quen nhưng lâu không liên lạc — sai khi lần đầu)', FALSE, 4);
INSERT INTO questions (id, user_id, is_system, is_khoa_cu, question_type, content_type, level, selection_type, question, passage, passage_translation, general_explanation, skill_category, base_difficulty, tenant_id, is_active, is_deleted, created_at, created_by) VALUES (81100024, NULL, TRUE, FALSE, 'chon_dap_an', 'keigo_baitap_keigo_phan_loai', 'BJT-3', 'single', '「会議は3時から始まります」をお客様に伝える最も丁寧な表現はどれですか？

Thông báo với khách hàng ''Cuộc họp bắt đầu từ 3 giờ'' lịch sự nhất là?', NULL, NULL, 'Câu B dùng でございます thay thế です — nâng mức Teineigo. Câu C: 「ご開催（かいさい）」= lịch sự hóa 開催 (tổ chức) bằng tiền tố ご + 「となっております」= Teineigo+Kenjougo (おる = Kenjougo của いる). 「より」trang trọng hơn 「から」khi chỉ thời gian bắt đầu trong văn bản. Câu C phù hợp cho sự kiện lớn, hội nghị. Cả B và D đều xuất hiện trong BJT.

💡 より (trang trọng) > から (thông thường) khi chỉ thời gian/địa điểm trong văn bản lịch sự', 'grammar', 3, 'system', TRUE, FALSE, NOW(), 'system') ON CONFLICT (id) DO UPDATE SET question_type = EXCLUDED.question_type, content_type = EXCLUDED.content_type, level = EXCLUDED.level, question = EXCLUDED.question, passage = EXCLUDED.passage, passage_translation = EXCLUDED.passage_translation, general_explanation = EXCLUDED.general_explanation, skill_category = EXCLUDED.skill_category, base_difficulty = EXCLUDED.base_difficulty, is_active = EXCLUDED.is_active, is_deleted = EXCLUDED.is_deleted, updated_at = NOW(), updated_by = 'system';
DELETE FROM questions_answers WHERE question_id = 81100024;
INSERT INTO questions_answers (question_id, sentence, sentence_translation, is_correct, "order") VALUES (81100024, '会議は3時から始まります。', 'Cuộc họp bắt đầu từ 3 giờ. (Teineigo cơ bản)', FALSE, 1);
INSERT INTO questions_answers (question_id, sentence, sentence_translation, is_correct, "order") VALUES (81100024, '会議は3時からでございます。', 'Cuộc họp là từ 3 giờ ạ. (でございます — lịch sự hơn)', FALSE, 2);
INSERT INTO questions_answers (question_id, sentence, sentence_translation, is_correct, "order") VALUES (81100024, '会議は3時よりご開催となっております。', 'Cuộc họp được tổ chức từ 3 giờ ạ. (ご開催 + となっております — trang trọng nhất)', FALSE, 3);
INSERT INTO questions_answers (question_id, sentence, sentence_translation, is_correct, "order") VALUES (81100024, 'B と C の両方が A より丁寧', 'Cả B và C đều lịch sự hơn A', TRUE, 4);
INSERT INTO questions (id, user_id, is_system, is_khoa_cu, question_type, content_type, level, selection_type, question, passage, passage_translation, general_explanation, skill_category, base_difficulty, tenant_id, is_active, is_deleted, created_at, created_by) VALUES (81100025, NULL, TRUE, FALSE, 'chon_dap_an', 'keigo_baitap_keigo_phan_loai', 'BJT-3', 'single', '電話で「担当の田中は今、席にいません」を丁寧に伝えると？（田中はUchi）

Nói qua điện thoại ''Nhân viên phụ trách Tanaka hiện không có mặt ở chỗ'' (Tanaka là Uchi):', NULL, NULL, 'Cả B và C đều đúng: Câu B「席を外しております」= cách nói chuẩn nhất trong điện thoại Nhật (を外す = vắng chỗ + おる = Kenjougo vì Tanaka là Uchi). Câu C「離席中でございます」dùng 離席中 (đang vắng mặt) + でございます (Teineigo) — hơi trang trọng hơn B, tự nhiên hơn trong môi trường dịch vụ cao cấp. Tiếp theo nên hỏi:「よろしければご伝言を承りましょうか」.

💡 席を外しております = cách nói ''vắng mặt'' chuẩn nhất trong điện thoại kinh doanh Nhật', 'grammar', 3, 'system', TRUE, FALSE, NOW(), 'system') ON CONFLICT (id) DO UPDATE SET question_type = EXCLUDED.question_type, content_type = EXCLUDED.content_type, level = EXCLUDED.level, question = EXCLUDED.question, passage = EXCLUDED.passage, passage_translation = EXCLUDED.passage_translation, general_explanation = EXCLUDED.general_explanation, skill_category = EXCLUDED.skill_category, base_difficulty = EXCLUDED.base_difficulty, is_active = EXCLUDED.is_active, is_deleted = EXCLUDED.is_deleted, updated_at = NOW(), updated_by = 'system';
DELETE FROM questions_answers WHERE question_id = 81100025;
INSERT INTO questions_answers (question_id, sentence, sentence_translation, is_correct, "order") VALUES (81100025, '田中はいません。', 'Tanaka không có. (thô)', FALSE, 1);
INSERT INTO questions_answers (question_id, sentence, sentence_translation, is_correct, "order") VALUES (81100025, '田中はただいま席を外しております。', 'Tanaka hiện đang vắng chỗ ạ. (Kenjougo + Teineigo — chuẩn)', FALSE, 2);
INSERT INTO questions_answers (question_id, sentence, sentence_translation, is_correct, "order") VALUES (81100025, '田中はただいま離席中でございます。', 'Tanaka hiện đang vắng chỗ ạ. (でございます — trang trọng hơn)', FALSE, 3);
INSERT INTO questions_answers (question_id, sentence, sentence_translation, is_correct, "order") VALUES (81100025, 'B と C の両方が適切', 'Cả B và C đều phù hợp', TRUE, 4);
INSERT INTO questions (id, user_id, is_system, is_khoa_cu, question_type, content_type, level, selection_type, question, passage, passage_translation, general_explanation, skill_category, base_difficulty, tenant_id, is_active, is_deleted, created_at, created_by) VALUES (81100026, NULL, TRUE, FALSE, 'chon_dap_an', 'keigo_baitap_keigo_phan_loai', 'BJT-3', 'single', '「〜と思います」「〜と存じます」「〜かと存じます」を丁寧さの低い順に並べてください。

Sắp xếp từ ÍT đến NHIỀU lịch sự: 「〜と思います」「〜と存じます」「〜かと存じます」', NULL, NULL, 'Thang lịch sự: 〜と思います (Teineigo — cơ bản) < 〜と存じます (Kenjougo của 思う — trang trọng) < 〜かと存じます (thêm か làm câu phỏng đoán nhẹ, thể hiện khiêm nhường tối đa — ''tôi khiêm tốn nghĩ rằng có lẽ là...''). 「〜かと存じます」thường xuất hiện trong thư từ chính thức và báo cáo trang trọng. Ví dụ: 「ご不便をおかけしたかと存じます」(Tôi e rằng đã gây bất tiện cho ngài).

💡 〜かと存じます = lịch sự tối đa khi diễn đạt nhận định/phỏng đoán — dùng trong báo cáo và thư chính thức', 'grammar', 3, 'system', TRUE, FALSE, NOW(), 'system') ON CONFLICT (id) DO UPDATE SET question_type = EXCLUDED.question_type, content_type = EXCLUDED.content_type, level = EXCLUDED.level, question = EXCLUDED.question, passage = EXCLUDED.passage, passage_translation = EXCLUDED.passage_translation, general_explanation = EXCLUDED.general_explanation, skill_category = EXCLUDED.skill_category, base_difficulty = EXCLUDED.base_difficulty, is_active = EXCLUDED.is_active, is_deleted = EXCLUDED.is_deleted, updated_at = NOW(), updated_by = 'system';
DELETE FROM questions_answers WHERE question_id = 81100026;
INSERT INTO questions_answers (question_id, sentence, sentence_translation, is_correct, "order") VALUES (81100026, '〜と思います → 〜と存じます → 〜かと存じます', 'と思います (Teineigo) → と存じます (Kenjougo) → かと存じます (Kenjougo + phỏng đoán nhẹ = lịch sự nhất)', TRUE, 1);
INSERT INTO questions_answers (question_id, sentence, sentence_translation, is_correct, "order") VALUES (81100026, '〜かと存じます → 〜と存じます → 〜と思います', 'Ngược lại hoàn toàn', FALSE, 2);
INSERT INTO questions_answers (question_id, sentence, sentence_translation, is_correct, "order") VALUES (81100026, '〜と存じます → 〜と思います → 〜かと存じます', 'Thứ tự khác', FALSE, 3);
INSERT INTO questions_answers (question_id, sentence, sentence_translation, is_correct, "order") VALUES (81100026, '全て同じ', 'Tất cả giống nhau', FALSE, 4);
INSERT INTO questions (id, user_id, is_system, is_khoa_cu, question_type, content_type, level, selection_type, question, passage, passage_translation, general_explanation, skill_category, base_difficulty, tenant_id, is_active, is_deleted, created_at, created_by) VALUES (81100027, NULL, TRUE, FALSE, 'chon_dap_an', 'keigo_baitap_keigo_phan_loai', 'BJT-3', 'single', '電話で担当者に取り次ぐ時、正しい表現の組み合わせはどれですか？
①お客様への言葉 ②担当者への言葉

Khi chuyển máy điện thoại, cặp câu nào đúng?
① Nói với khách ② Nói với nhân viên phụ trách', NULL, NULL, 'A và C đều đúng: Câu A tự nhiên cho điện thoại thông thường. Câu C trang trọng hơn: 「お待ちいただけますでしょうか」(xin phép được chờ — Kenjougo + Teineigo) + 「〜よりお電話が入っております」(有 điện thoại từ — trang trọng hơn 「〜からです」). よりtrang trọng hơn から. 「お電話が入っております」là cách nói chuyên nghiệp nhất khi thông báo có điện thoại đến.

💡 〜よりお電話が入っております > 〜からお電話です về mức trang trọng khi thông báo có điện thoại', 'grammar', 3, 'system', TRUE, FALSE, NOW(), 'system') ON CONFLICT (id) DO UPDATE SET question_type = EXCLUDED.question_type, content_type = EXCLUDED.content_type, level = EXCLUDED.level, question = EXCLUDED.question, passage = EXCLUDED.passage, passage_translation = EXCLUDED.passage_translation, general_explanation = EXCLUDED.general_explanation, skill_category = EXCLUDED.skill_category, base_difficulty = EXCLUDED.base_difficulty, is_active = EXCLUDED.is_active, is_deleted = EXCLUDED.is_deleted, updated_at = NOW(), updated_by = 'system';
DELETE FROM questions_answers WHERE question_id = 81100027;
INSERT INTO questions_answers (question_id, sentence, sentence_translation, is_correct, "order") VALUES (81100027, '①「少々お待ちくださいませ」②「田中さん、〇〇様からお電話です」', '① Xin đợi chút ạ ② Anh Tanaka, có điện thoại của ông/bà 〇〇 ạ', FALSE, 1);
INSERT INTO questions_answers (question_id, sentence, sentence_translation, is_correct, "order") VALUES (81100027, '①「ちょっと待って」②「電話だよ」', '① Chờ chút ② Có điện thoại đó (thô — không phù hợp cả hai)', FALSE, 2);
INSERT INTO questions_answers (question_id, sentence, sentence_translation, is_correct, "order") VALUES (81100027, '①「少々お待ちいただけますでしょうか」②「田中さん、〇〇様よりお電話が入っております」', '① Xin phép chờ chút ạ ② Anh Tanaka, có điện thoại từ ông/bà 〇〇 ạ (trang trọng hơn A)', FALSE, 3);
INSERT INTO questions_answers (question_id, sentence, sentence_translation, is_correct, "order") VALUES (81100027, 'A と C の両方が状況に応じて使える', 'Cả A và C đều dùng được tùy mức trang trọng', TRUE, 4);
INSERT INTO questions (id, user_id, is_system, is_khoa_cu, question_type, content_type, level, selection_type, question, passage, passage_translation, general_explanation, skill_category, base_difficulty, tenant_id, is_active, is_deleted, created_at, created_by) VALUES (81100028, NULL, TRUE, FALSE, 'chon_dap_an', 'keigo_baitap_keigo_phan_loai', 'BJT-3', 'single', '会議の開始を告げる際、最も適切なビジネス表現はどれですか？

Câu nào phù hợp nhất khi tuyên bố khai mạc cuộc họp?', NULL, NULL, 'Câu B đơn giản và phổ biến trong họp nội bộ. Câu C đầy đủ hơn: 「定刻となりましたので」(vì đã đến giờ quy định) + 「始めさせていただきます」(Kenjougo させていただく — xin phép bắt đầu) → dùng trong hội nghị, sự kiện có đối tác hoặc khách hàng. Việc thêm 定刻となりましたので cho thấy sự chuyên nghiệp và tôn trọng đúng giờ của người chủ trì.

💡 定刻となりましたので = vì đã đúng giờ quy định — câu khai mạc chuyên nghiệp nhất trong sự kiện có khách', 'grammar', 3, 'system', TRUE, FALSE, NOW(), 'system') ON CONFLICT (id) DO UPDATE SET question_type = EXCLUDED.question_type, content_type = EXCLUDED.content_type, level = EXCLUDED.level, question = EXCLUDED.question, passage = EXCLUDED.passage, passage_translation = EXCLUDED.passage_translation, general_explanation = EXCLUDED.general_explanation, skill_category = EXCLUDED.skill_category, base_difficulty = EXCLUDED.base_difficulty, is_active = EXCLUDED.is_active, is_deleted = EXCLUDED.is_deleted, updated_at = NOW(), updated_by = 'system';
DELETE FROM questions_answers WHERE question_id = 81100028;
INSERT INTO questions_answers (question_id, sentence, sentence_translation, is_correct, "order") VALUES (81100028, 'じゃあ、始めましょう。', 'Thì bắt đầu thôi nào. (thân mật — không phù hợp họp chính thức)', FALSE, 1);
INSERT INTO questions_answers (question_id, sentence, sentence_translation, is_correct, "order") VALUES (81100028, 'それでは、ただいまより会議を始めます。', 'Vậy thì, bây giờ chúng ta bắt đầu cuộc họp. (Teineigo — phổ biến)', FALSE, 2);
INSERT INTO questions_answers (question_id, sentence, sentence_translation, is_correct, "order") VALUES (81100028, 'それでは、定刻となりましたので、ただいまより会議を始めさせていただきます。', 'Vậy thì, đã đến giờ quy định, xin phép bắt đầu cuộc họp ạ. (đầy đủ nhất)', FALSE, 3);
INSERT INTO questions_answers (question_id, sentence, sentence_translation, is_correct, "order") VALUES (81100028, 'B と C の両方が使える', 'Cả B và C đều dùng được', TRUE, 4);
INSERT INTO questions (id, user_id, is_system, is_khoa_cu, question_type, content_type, level, selection_type, question, passage, passage_translation, general_explanation, skill_category, base_difficulty, tenant_id, is_active, is_deleted, created_at, created_by) VALUES (81100029, NULL, TRUE, FALSE, 'chon_dap_an', 'keigo_baitap_keigo_phan_loai', 'BJT-3', 'single', '社内の同僚に話す時と、お客様に話す時で、使う敬語レベルが違います。正しい例はどれですか？

Khi nói với đồng nghiệp nội bộ và khi nói với khách hàng, mức kính ngữ khác nhau. Ví dụ nào đúng?', NULL, NULL, 'Câu B đúng: Nội bộ: 「田中部長はいますか」(Teineigo cơ bản — OK với đồng nghiệp). Với khách về Tanaka (Uchi): 「田中はただいまおります」(Kenjougo + bỏ 部長 — đúng quy tắc Uchi/Soto). Câu A ngược chiều — hoàn toàn sai. Câu D sai: với khách cần kết hợp cả Sonkeigo (cho khách) và Kenjougo (cho người Uchi), không phải chỉ Sonkeigo.

💡 Nội bộ: Teineigo là đủ | Với khách: Sonkeigo cho họ + Kenjougo cho Uchi — không bao giờ dùng một loại duy nhất!', 'grammar', 3, 'system', TRUE, FALSE, NOW(), 'system') ON CONFLICT (id) DO UPDATE SET question_type = EXCLUDED.question_type, content_type = EXCLUDED.content_type, level = EXCLUDED.level, question = EXCLUDED.question, passage = EXCLUDED.passage, passage_translation = EXCLUDED.passage_translation, general_explanation = EXCLUDED.general_explanation, skill_category = EXCLUDED.skill_category, base_difficulty = EXCLUDED.base_difficulty, is_active = EXCLUDED.is_active, is_deleted = EXCLUDED.is_deleted, updated_at = NOW(), updated_by = 'system';
DELETE FROM questions_answers WHERE question_id = 81100029;
INSERT INTO questions_answers (question_id, sentence, sentence_translation, is_correct, "order") VALUES (81100029, '社内：「田中部長はいらっしゃいますか」/ 社外：「田中はおりますか」', 'Nội bộ: ''Trưởng phòng Tanaka có không?'' / Bên ngoài: ''Tanaka có không?'' (ngược — SAI)', FALSE, 1);
INSERT INTO questions_answers (question_id, sentence, sentence_translation, is_correct, "order") VALUES (81100029, '社内：「田中部長はいますか」/ 社外（お客様に）：「田中はただいまおります」', 'Nội bộ: ''Trưởng phòng Tanaka có không?'' / Với khách: ''Tanaka đang có mặt ạ'' (đúng)', TRUE, 2);
INSERT INTO questions_answers (question_id, sentence, sentence_translation, is_correct, "order") VALUES (81100029, '社内も社外も同じ敬語を使う', 'Trong và ngoài dùng kính ngữ giống nhau', FALSE, 3);
INSERT INTO questions_answers (question_id, sentence, sentence_translation, is_correct, "order") VALUES (81100029, '社外ではいつもSonkeigoだけ使う', 'Khi nói với bên ngoài luôn chỉ dùng Sonkeigo', FALSE, 4);
INSERT INTO questions (id, user_id, is_system, is_khoa_cu, question_type, content_type, level, selection_type, question, passage, passage_translation, general_explanation, skill_category, base_difficulty, tenant_id, is_active, is_deleted, created_at, created_by) VALUES (81100030, NULL, TRUE, FALSE, 'chon_dap_an', 'keigo_baitap_keigo_phan_loai', 'BJT-3', 'single', 'お客様との商談が終わった後、お見送りする時の言葉として最も適切なものはどれですか？

Câu tiễn khách sau khi kết thúc buổi gặp kinh doanh lịch sự nhất là?', NULL, NULL, 'Câu B phù hợp cho cuộc gặp thông thường. Câu C trang trọng hơn: 「ご足労いただく」(cảm ơn vì đã nhọc công đến) + 「お気をつけてお帰りくださいませ」(くださいませ — lịch sự nhất). 「お気をつけて」= cầu chúc bình an khi về — kết hợp với Sonkeigo (お帰りくださいませ) và Teineigo (ございました). Trong BJT, cả hai đều xuất hiện tùy ngữ cảnh.

💡 お気をつけてお帰りくださいませ = câu tiễn khách lịch sự nhất — くださいませ trang trọng hơn ください', 'grammar', 3, 'system', TRUE, FALSE, NOW(), 'system') ON CONFLICT (id) DO UPDATE SET question_type = EXCLUDED.question_type, content_type = EXCLUDED.content_type, level = EXCLUDED.level, question = EXCLUDED.question, passage = EXCLUDED.passage, passage_translation = EXCLUDED.passage_translation, general_explanation = EXCLUDED.general_explanation, skill_category = EXCLUDED.skill_category, base_difficulty = EXCLUDED.base_difficulty, is_active = EXCLUDED.is_active, is_deleted = EXCLUDED.is_deleted, updated_at = NOW(), updated_by = 'system';
DELETE FROM questions_answers WHERE question_id = 81100030;
INSERT INTO questions_answers (question_id, sentence, sentence_translation, is_correct, "order") VALUES (81100030, 'バイバイ。またね。', 'Bye bye. Gặp lại nhé. (hoàn toàn không phù hợp)', FALSE, 1);
INSERT INTO questions_answers (question_id, sentence, sentence_translation, is_correct, "order") VALUES (81100030, 'ありがとうございました。お気をつけてお帰りください。', 'Cảm ơn ạ. Mời ngài về bình an. (Teineigo + Sonkeigo — chuẩn)', FALSE, 2);
INSERT INTO questions_answers (question_id, sentence, sentence_translation, is_correct, "order") VALUES (81100030, '本日はご足労いただき、誠にありがとうございました。どうぞお気をつけてお帰りくださいませ。', 'Cảm ơn ngài đã không quản đường xá hôm nay ạ. Kính mời ngài về bình an. (trang trọng nhất)', FALSE, 3);
INSERT INTO questions_answers (question_id, sentence, sentence_translation, is_correct, "order") VALUES (81100030, 'B と C の両方が状況に応じて使える', 'Cả B và C đều dùng được tùy mức quan trọng của khách', TRUE, 4);
INSERT INTO questions (id, user_id, is_system, is_khoa_cu, question_type, content_type, level, selection_type, question, passage, passage_translation, general_explanation, skill_category, base_difficulty, tenant_id, is_active, is_deleted, created_at, created_by) VALUES (81100031, NULL, TRUE, FALSE, 'chon_dap_an', 'keigo_baitap_keigo_phan_loai', 'BJT-4', 'single', '次の文の中で「でございます」の使い方が間違っているものはどれですか？

Câu nào dùng「でございます」SAI?', NULL, NULL, '「いらっしゃいますでございます」là lỗi nặng: いらっしゃいます đã là Sonkeigo hoàn chỉnh (động từ + ます), không thể thêm でございます sau ます. でございます thay thế です (danh từ/tính từ + です), KHÔNG thay thế ます (sau động từ). Sai: いらっしゃいますでございます. Đúng: いらっしゃいます hoặc でいらっしゃいます (sau danh từ). Đây là lỗi tinh tế hay gặp trong BJT!

💡 でございます thay thế です (Danh từ/Tính từ な + です → でございます). KHÔNG thêm sau động từ + ます!', 'grammar', 4, 'system', TRUE, FALSE, NOW(), 'system') ON CONFLICT (id) DO UPDATE SET question_type = EXCLUDED.question_type, content_type = EXCLUDED.content_type, level = EXCLUDED.level, question = EXCLUDED.question, passage = EXCLUDED.passage, passage_translation = EXCLUDED.passage_translation, general_explanation = EXCLUDED.general_explanation, skill_category = EXCLUDED.skill_category, base_difficulty = EXCLUDED.base_difficulty, is_active = EXCLUDED.is_active, is_deleted = EXCLUDED.is_deleted, updated_at = NOW(), updated_by = 'system';
DELETE FROM questions_answers WHERE question_id = 81100031;
INSERT INTO questions_answers (question_id, sentence, sentence_translation, is_correct, "order") VALUES (81100031, 'こちらが会議室でございます。', 'Đây là phòng họp ạ. (danh từ + でございます — đúng)', FALSE, 1);
INSERT INTO questions_answers (question_id, sentence, sentence_translation, is_correct, "order") VALUES (81100031, 'お客様がいらっしゃいますでございます。', 'Khách hàng đang ở đây ạ. (いらっしゃいます + でございます = kép — sai!)', TRUE, 2);
INSERT INTO questions_answers (question_id, sentence, sentence_translation, is_correct, "order") VALUES (81100031, '資料はこちらでございます。', 'Tài liệu là ở đây ạ. (đúng)', FALSE, 3);
INSERT INTO questions_answers (question_id, sentence, sentence_translation, is_correct, "order") VALUES (81100031, '田中でございます。', 'Tôi là Tanaka ạ. (tên + でございます — đúng)', FALSE, 4);
INSERT INTO questions (id, user_id, is_system, is_khoa_cu, question_type, content_type, level, selection_type, question, passage, passage_translation, general_explanation, skill_category, base_difficulty, tenant_id, is_active, is_deleted, created_at, created_by) VALUES (81100032, NULL, TRUE, FALSE, 'chon_dap_an', 'keigo_baitap_keigo_phan_loai', 'BJT-4', 'single', '「ご確認いただけますと幸いでございます」の敬語分析として正しいのはどれですか？

Phân tích kính ngữ trong câu「ご確認いただけますと幸いでございます」— Giải thích nào đúng?', NULL, NULL, 'Phân tích chính xác: 「ご確認」= tiền tố ご + 確認 → Sonkeigo (nâng cao hành động ''xác nhận'' của đối phương). 「いただけます」= いただく (Kenjougo của もらう) + けます (khả năng + lịch sự) → Kenjougo (mình được nhận việc đối phương xác nhận). 「幸いでございます」= でございます (Teineigo trang trọng). Câu này là ví dụ điển hình của việc 3 loại kính ngữ cùng xuất hiện trong một câu — cực phổ biến trong BJT!

💡 ご〜いただけますと幸いでございます = Sonkeigo + Kenjougo + Teineigo trong 1 câu — mẫu email đẳng cấp!', 'grammar', 4, 'system', TRUE, FALSE, NOW(), 'system') ON CONFLICT (id) DO UPDATE SET question_type = EXCLUDED.question_type, content_type = EXCLUDED.content_type, level = EXCLUDED.level, question = EXCLUDED.question, passage = EXCLUDED.passage, passage_translation = EXCLUDED.passage_translation, general_explanation = EXCLUDED.general_explanation, skill_category = EXCLUDED.skill_category, base_difficulty = EXCLUDED.base_difficulty, is_active = EXCLUDED.is_active, is_deleted = EXCLUDED.is_deleted, updated_at = NOW(), updated_by = 'system';
DELETE FROM questions_answers WHERE question_id = 81100032;
INSERT INTO questions_answers (question_id, sentence, sentence_translation, is_correct, "order") VALUES (81100032, '全体が尊敬語', 'Toàn bộ là Sonkeigo', FALSE, 1);
INSERT INTO questions_answers (question_id, sentence, sentence_translation, is_correct, "order") VALUES (81100032, '「ご確認」は丁寧語、「いただけます」は謙譲語、「でございます」は丁寧語', '「ご確認」= Teineigo, 「いただけます」= Kenjougo, 「でございます」= Teineigo', FALSE, 2);
INSERT INTO questions_answers (question_id, sentence, sentence_translation, is_correct, "order") VALUES (81100032, '「ご確認」は尊敬語（相手の行動を高める）、「いただけます」は謙譲語（自分が受ける）、「でございます」は丁寧語', '「ご確認」= Sonkeigo (nâng hành động xác nhận của đối phương), 「いただけます」= Kenjougo (mình được nhận), 「でございます」= Teineigo', TRUE, 3);
INSERT INTO questions_answers (question_id, sentence, sentence_translation, is_correct, "order") VALUES (81100032, '全体が謙譲語', 'Toàn bộ là Kenjougo', FALSE, 4);
INSERT INTO questions (id, user_id, is_system, is_khoa_cu, question_type, content_type, level, selection_type, question, passage, passage_translation, general_explanation, skill_category, base_difficulty, tenant_id, is_active, is_deleted, created_at, created_by) VALUES (81100033, NULL, TRUE, FALSE, 'chon_dap_an', 'keigo_baitap_keigo_phan_loai', 'BJT-4', 'single', '次の文でお/ごの使い方に問題があるものはどれですか？

Câu nào có vấn đề về cách dùng お/ご?', NULL, NULL, '「ご挨拶をお申し上げます」có vấn đề: 申し上げる là từ thuần Nhật (Wago) nên tiền tố là お không phải ご. Đúng phải là「ご挨拶を申し上げます」(không thêm お vào trước 申し上げる, hoặc không cần tiền tố). Câu A đúng: お荷物 (Wago) + お預かりする (Wago). Câu C đúng: お料理 (Wago) + ご用意 (Kango). Câu D đúng: ご連絡 (Kango) + お待ちする (Wago).

💡 申し上げる là Wago → không thêm お trước. 「ご挨拶を申し上げます」là đúng, không phải「お申し上げます」!', 'grammar', 4, 'system', TRUE, FALSE, NOW(), 'system') ON CONFLICT (id) DO UPDATE SET question_type = EXCLUDED.question_type, content_type = EXCLUDED.content_type, level = EXCLUDED.level, question = EXCLUDED.question, passage = EXCLUDED.passage, passage_translation = EXCLUDED.passage_translation, general_explanation = EXCLUDED.general_explanation, skill_category = EXCLUDED.skill_category, base_difficulty = EXCLUDED.base_difficulty, is_active = EXCLUDED.is_active, is_deleted = EXCLUDED.is_deleted, updated_at = NOW(), updated_by = 'system';
DELETE FROM questions_answers WHERE question_id = 81100033;
INSERT INTO questions_answers (question_id, sentence, sentence_translation, is_correct, "order") VALUES (81100033, 'お荷物をお預かりいたします。', 'Tôi xin giữ hành lý giúp quý vị. (お荷物 + お預かり — đúng)', FALSE, 1);
INSERT INTO questions_answers (question_id, sentence, sentence_translation, is_correct, "order") VALUES (81100033, 'ご挨拶をお申し上げます。', 'Tôi xin kính chào. (ご挨拶 + お申し上げ — sai kết hợp)', TRUE, 2);
INSERT INTO questions_answers (question_id, sentence, sentence_translation, is_correct, "order") VALUES (81100033, 'お料理をご用意いたしました。', 'Chúng tôi đã chuẩn bị món ăn. (お料理 + ご用意いたす — đúng)', FALSE, 3);
INSERT INTO questions_answers (question_id, sentence, sentence_translation, is_correct, "order") VALUES (81100033, 'ご連絡をお待ちしております。', 'Tôi đang chờ liên hệ của quý vị. (ご連絡 + お待ちする — đúng)', FALSE, 4);
INSERT INTO questions (id, user_id, is_system, is_khoa_cu, question_type, content_type, level, selection_type, question, passage, passage_translation, general_explanation, skill_category, base_difficulty, tenant_id, is_active, is_deleted, created_at, created_by) VALUES (81100034, NULL, TRUE, FALSE, 'chon_dap_an', 'keigo_baitap_keigo_phan_loai', 'BJT-4', 'single', '次のうち「ございます」の使い方が最も適切なものはどれですか？

Câu nào dùng「ございます」ĐÚNG và TỰ NHIÊN nhất?', NULL, NULL, 'Câu A sai: ございます không dùng để chỉ sự tồn tại của người (dùng いらっしゃいます thay thế). Câu B đúng: ございます cho sự tồn tại của ''điểm chưa rõ'' (đồ/tình huống). Câu D giải thích cả hai: 「ありがとうございます」là cụm cố định — ございます ở đây là dạng trang trọng của ある (ありがとう + ある → ありがとうございます). Đây là từ nguồn gốc Kenjougo đã trở thành Teineigo cố định theo thời gian.

💡 ございます ✅ cho đồ/tình huống | ✅ trong cụm cố định (ありがとうございます) | ❌ cho người (phải dùng いらっしゃいます)', 'grammar', 4, 'system', TRUE, FALSE, NOW(), 'system') ON CONFLICT (id) DO UPDATE SET question_type = EXCLUDED.question_type, content_type = EXCLUDED.content_type, level = EXCLUDED.level, question = EXCLUDED.question, passage = EXCLUDED.passage, passage_translation = EXCLUDED.passage_translation, general_explanation = EXCLUDED.general_explanation, skill_category = EXCLUDED.skill_category, base_difficulty = EXCLUDED.base_difficulty, is_active = EXCLUDED.is_active, is_deleted = EXCLUDED.is_deleted, updated_at = NOW(), updated_by = 'system';
DELETE FROM questions_answers WHERE question_id = 81100034;
INSERT INTO questions_answers (question_id, sentence, sentence_translation, is_correct, "order") VALUES (81100034, 'お客様がございます。', 'Khách hàng đang ở đây. (ございます cho người — SAI)', FALSE, 1);
INSERT INTO questions_answers (question_id, sentence, sentence_translation, is_correct, "order") VALUES (81100034, 'ご不明な点がございましたら、お知らせください。', 'Nếu có điểm nào chưa rõ, mời quý vị cho biết ạ. (ございます cho tình huống — đúng)', FALSE, 2);
INSERT INTO questions_answers (question_id, sentence, sentence_translation, is_correct, "order") VALUES (81100034, 'ありがとうございます — ここでの「ございます」は何ですか？', 'ありがとうございます — ございます ở đây là gì?', FALSE, 3);
INSERT INTO questions_answers (question_id, sentence, sentence_translation, is_correct, "order") VALUES (81100034, 'B は正しい。C の「ございます」は「ある」の丁寧語として固定表現', 'B đúng. ございます trong C là dạng cố định của ある (→ ありがとうある → ありがとうございます)', TRUE, 4);
INSERT INTO questions (id, user_id, is_system, is_khoa_cu, question_type, content_type, level, selection_type, question, passage, passage_translation, general_explanation, skill_category, base_difficulty, tenant_id, is_active, is_deleted, created_at, created_by) VALUES (81100035, NULL, TRUE, FALSE, 'chon_dap_an', 'keigo_baitap_keigo_phan_loai', 'BJT-4', 'single', '「〜ではございません」「〜ではありません」「〜ではないです」を使い分ける基準として正しいのは？

Tiêu chí nào đúng để phân biệt cách dùng 3 dạng phủ định: 「〜ではございません」「〜ではありません」「〜ではないです」?', NULL, NULL, 'Thang lịch sự đúng: ではないです (tự nhiên trong hội thoại, không trang trọng) < ではありません (Teineigo chuẩn — dùng trong kinh doanh) < ではございません (Teineigo tối đa — dùng với khách VIP, trong email chính thức). Câu C sai: ではございません không phải Sonkeigo, dùng được cho mọi chủ ngữ. Câu D sai: ではないです ngữ pháp đúng nhưng kém trang trọng.

💡 ではないです → ではありません → ではございません: cùng nghĩa phủ định nhưng tăng dần mức trang trọng', 'grammar', 4, 'system', TRUE, FALSE, NOW(), 'system') ON CONFLICT (id) DO UPDATE SET question_type = EXCLUDED.question_type, content_type = EXCLUDED.content_type, level = EXCLUDED.level, question = EXCLUDED.question, passage = EXCLUDED.passage, passage_translation = EXCLUDED.passage_translation, general_explanation = EXCLUDED.general_explanation, skill_category = EXCLUDED.skill_category, base_difficulty = EXCLUDED.base_difficulty, is_active = EXCLUDED.is_active, is_deleted = EXCLUDED.is_deleted, updated_at = NOW(), updated_by = 'system';
DELETE FROM questions_answers WHERE question_id = 81100035;
INSERT INTO questions_answers (question_id, sentence, sentence_translation, is_correct, "order") VALUES (81100035, '全て同じで、使い分けは不要', 'Tất cả giống nhau, không cần phân biệt', FALSE, 1);
INSERT INTO questions_answers (question_id, sentence, sentence_translation, is_correct, "order") VALUES (81100035, '丁寧さ：ではないです（普通） < ではありません（丁寧） < ではございません（最丁寧）', 'Mức lịch sự: ではないです (thông thường) < ではありません (lịch sự) < ではございません (trang trọng nhất)', TRUE, 2);
INSERT INTO questions_answers (question_id, sentence, sentence_translation, is_correct, "order") VALUES (81100035, '「ではございません」は尊敬語なので、相手のことにしか使えない', '「ではございません」là Sonkeigo, chỉ dùng về đối phương', FALSE, 3);
INSERT INTO questions_answers (question_id, sentence, sentence_translation, is_correct, "order") VALUES (81100035, '「ではないです」は文法的に間違い', '「ではないです」sai ngữ pháp', FALSE, 4);
INSERT INTO questions (id, user_id, is_system, is_khoa_cu, question_type, content_type, level, selection_type, question, passage, passage_translation, general_explanation, skill_category, base_difficulty, tenant_id, is_active, is_deleted, created_at, created_by) VALUES (81100036, NULL, TRUE, FALSE, 'chon_dap_an', 'keigo_baitap_keigo_phan_loai', 'BJT-4', 'single', '次のアナウンス文で、最も不自然または間違った表現はどれですか？
「①本日はご来場いただきまして、②誠にありがとうございます。③まもなく開演でございます。④携帯電話の電源をお切りください。⑤なお、会場内での飲食はご遠慮してください。」

Trong câu thông báo sau, phần nào SAI hoặc KHÔNG TỰ NHIÊN nhất?
「①本日はご来場いただきまして、②誠にありがとうございます。③まもなく開演でございます。④携帯電話の電源をお切りください。⑤なお、会場内での飲食はご遠慮してください。」', NULL, NULL, 'Phần ⑤「ご遠慮してください」sai: 「ご遠慮する」là Kenjougo — hành động của MÌNH. Khi yêu cầu đối phương kiềm chế/vui lòng không làm gì đó, phải dùng 「ご遠慮ください」(Sonkeigo — mời ngài kiềm chế) hoặc 「ご遠慮いただけますでしょうか」. Câu ④: 「お切りください」hơi cứng nhưng không sai — 「電源をお切りいただけますようお願いいたします」tự nhiên hơn trong thực tế. Đây là bẫy thường gặp trong đề thi BJT.

💡 ご遠慮ください ✅ (yêu cầu khách kiềm chế) | ご遠慮してください ❌ (してください + ご〜する = mâu thuẫn chủ ngữ)', 'grammar', 4, 'system', TRUE, FALSE, NOW(), 'system') ON CONFLICT (id) DO UPDATE SET question_type = EXCLUDED.question_type, content_type = EXCLUDED.content_type, level = EXCLUDED.level, question = EXCLUDED.question, passage = EXCLUDED.passage, passage_translation = EXCLUDED.passage_translation, general_explanation = EXCLUDED.general_explanation, skill_category = EXCLUDED.skill_category, base_difficulty = EXCLUDED.base_difficulty, is_active = EXCLUDED.is_active, is_deleted = EXCLUDED.is_deleted, updated_at = NOW(), updated_by = 'system';
DELETE FROM questions_answers WHERE question_id = 81100036;
INSERT INTO questions_answers (question_id, sentence, sentence_translation, is_correct, "order") VALUES (81100036, '① ご来場いただきまして', '① ご来場いただきまして', FALSE, 1);
INSERT INTO questions_answers (question_id, sentence, sentence_translation, is_correct, "order") VALUES (81100036, '③ 開演でございます', '③ 開演でございます', FALSE, 2);
INSERT INTO questions_answers (question_id, sentence, sentence_translation, is_correct, "order") VALUES (81100036, '④ 電源をお切りください', '④ 電源をお切りください — お切り là không tự nhiên', FALSE, 3);
INSERT INTO questions_answers (question_id, sentence, sentence_translation, is_correct, "order") VALUES (81100036, '⑤ ご遠慮してください', '⑤ ご遠慮してください — sai cấu trúc, phải là ご遠慮ください hoặc ご遠慮いただけますか', TRUE, 4);
INSERT INTO questions (id, user_id, is_system, is_khoa_cu, question_type, content_type, level, selection_type, question, passage, passage_translation, general_explanation, skill_category, base_difficulty, tenant_id, is_active, is_deleted, created_at, created_by) VALUES (81100037, NULL, TRUE, FALSE, 'chon_dap_an', 'keigo_baitap_keigo_phan_loai', 'BJT-4', 'single', '「お電話番号をお教えいただけますでしょうか」の分析として正しいのは？

Phân tích câu「お電話番号をお教えいただけますでしょうか」— Giải thích nào đúng?', NULL, NULL, 'Câu B phân tích chính xác: お電話番号 = Teineigo (お + 電話番号 — lịch sự hóa số điện thoại của đối phương). お教えいただけます = Kenjougo (お教えする là Kenjougo của 教える, + いただく = được nhận). でしょうか = Teineigo (hỏi lịch sự). Câu C sai: đây không phải 二重敬語 — mỗi lớp có chức năng riêng. Câu D sai: việc có nhiều お trong một câu không phải vấn đề nếu mỗi từ dùng đúng.

💡 Một câu có thể có nhiều お/ご miễn là mỗi từ dùng đúng ngữ pháp — không phải 二重敬語!', 'grammar', 4, 'system', TRUE, FALSE, NOW(), 'system') ON CONFLICT (id) DO UPDATE SET question_type = EXCLUDED.question_type, content_type = EXCLUDED.content_type, level = EXCLUDED.level, question = EXCLUDED.question, passage = EXCLUDED.passage, passage_translation = EXCLUDED.passage_translation, general_explanation = EXCLUDED.general_explanation, skill_category = EXCLUDED.skill_category, base_difficulty = EXCLUDED.base_difficulty, is_active = EXCLUDED.is_active, is_deleted = EXCLUDED.is_deleted, updated_at = NOW(), updated_by = 'system';
DELETE FROM questions_answers WHERE question_id = 81100037;
INSERT INTO questions_answers (question_id, sentence, sentence_translation, is_correct, "order") VALUES (81100037, '「お電話番号」は謙譲語、「お教えいただく」は尊敬語', '「お電話番号」là Kenjougo, 「お教えいただく」là Sonkeigo', FALSE, 1);
INSERT INTO questions_answers (question_id, sentence, sentence_translation, is_correct, "order") VALUES (81100037, '「お電話番号」は丁寧語（相手の番号を丁寧に指す）、「お教えいただけます」は謙譲語（自分が教えてもらう）、「でしょうか」は丁寧語', '「お電話番号」= Teineigo (số điện thoại của ngài — lịch sự), 「お教えいただけます」= Kenjougo (mình được ngài cho biết), 「でしょうか」= Teineigo', TRUE, 2);
INSERT INTO questions_answers (question_id, sentence, sentence_translation, is_correct, "order") VALUES (81100037, 'この文は二重敬語なので間違い', 'Câu này là 二重敬語 nên sai', FALSE, 3);
INSERT INTO questions_answers (question_id, sentence, sentence_translation, is_correct, "order") VALUES (81100037, '「お電話番号」と「お教え」でおが重複しているので不自然', '「お電話番号」và「お教え」đều có お nên trùng lặp — không tự nhiên', FALSE, 4);
INSERT INTO questions (id, user_id, is_system, is_khoa_cu, question_type, content_type, level, selection_type, question, passage, passage_translation, general_explanation, skill_category, base_difficulty, tenant_id, is_active, is_deleted, created_at, created_by) VALUES (81100038, NULL, TRUE, FALSE, 'chon_dap_an', 'keigo_baitap_keigo_phan_loai', 'BJT-4', 'single', '次の4つの文を丁寧さの低い順に正しく並べてください。
①「これは何ですか？」②「こちらは何でしょうか？」③「こちらは何でございますか？」④「こちらはどのようなものでございますか？」

Sắp xếp 4 câu từ ÍT lịch sự đến NHIỀU lịch sự:
①「これは何ですか？」②「こちらは何でしょうか？」③「こちらは何でございますか？」④「こちらはどのようなものでございますか？」', NULL, NULL, 'Thang lịch sự tăng dần: ① これは何ですか (これ = thô, ですか = Teineigo cơ bản) < ② こちらは何でしょうか (こちら = lịch sự hơn これ, でしょうか = Teineigo cao hơn) < ③ こちらは何でございますか (でございます = Teineigo tối đa) < ④ こちらはどのようなものでございますか (どのようなもの = cách hỏi gián tiếp, lịch sự nhất toàn bộ). Sự khác biệt: これ < こちら (chỉ định lịch sự hơn), ですか < でしょうか < でございますか.

💡 これ < こちら | ですか < でしょうか < でございますか | 何 < どのようなもの — mỗi yếu tố đều có mức lịch sự!', 'grammar', 4, 'system', TRUE, FALSE, NOW(), 'system') ON CONFLICT (id) DO UPDATE SET question_type = EXCLUDED.question_type, content_type = EXCLUDED.content_type, level = EXCLUDED.level, question = EXCLUDED.question, passage = EXCLUDED.passage, passage_translation = EXCLUDED.passage_translation, general_explanation = EXCLUDED.general_explanation, skill_category = EXCLUDED.skill_category, base_difficulty = EXCLUDED.base_difficulty, is_active = EXCLUDED.is_active, is_deleted = EXCLUDED.is_deleted, updated_at = NOW(), updated_by = 'system';
DELETE FROM questions_answers WHERE question_id = 81100038;
INSERT INTO questions_answers (question_id, sentence, sentence_translation, is_correct, "order") VALUES (81100038, '①→②→③→④', '① (thô nhất) → ② → ③ → ④ (lịch sự nhất)', TRUE, 1);
INSERT INTO questions_answers (question_id, sentence, sentence_translation, is_correct, "order") VALUES (81100038, '④→③→②→①', '④ (lịch sự nhất) → ③ → ② → ①', FALSE, 2);
INSERT INTO questions_answers (question_id, sentence, sentence_translation, is_correct, "order") VALUES (81100038, '②→①→③→④', '② → ① → ③ → ④', FALSE, 3);
INSERT INTO questions_answers (question_id, sentence, sentence_translation, is_correct, "order") VALUES (81100038, '①→③→②→④', '① → ③ → ② → ④', FALSE, 4);
INSERT INTO questions (id, user_id, is_system, is_khoa_cu, question_type, content_type, level, selection_type, question, passage, passage_translation, general_explanation, skill_category, base_difficulty, tenant_id, is_active, is_deleted, created_at, created_by) VALUES (81100039, NULL, TRUE, FALSE, 'chon_dap_an', 'keigo_baitap_keigo_phan_loai', 'BJT-4', 'single', '次の受付の会話で最も自然なものはどれですか？

Hội thoại tại lễ tân nào TỰ NHIÊN và CHUẨN nhất?', NULL, NULL, 'Câu B chuẩn toàn diện: Lễ tân dùng「どのようなご用件でいらっしゃいますか」(Sonkeigo いらっしゃる + Teineigo). Khách dùng「ご面会したい」(ご面会 = lịch sự hóa 面会). Lễ tân đáp「ただいまご連絡いたします」(Kenjougo cho hành động của mình) +「少々お待ちくださいませ」(Sonkeigo + ませ = tôn kính nhất). Đây là cuộc hội thoại lễ tân BJT thực chiến hoàn chỉnh nhất.

💡 Hội thoại lễ tân chuẩn: Lễ tân dùng Sonkeigo cho khách + Kenjougo cho hành động của mình — tất cả kết thúc bằng Teineigo', 'grammar', 4, 'system', TRUE, FALSE, NOW(), 'system') ON CONFLICT (id) DO UPDATE SET question_type = EXCLUDED.question_type, content_type = EXCLUDED.content_type, level = EXCLUDED.level, question = EXCLUDED.question, passage = EXCLUDED.passage, passage_translation = EXCLUDED.passage_translation, general_explanation = EXCLUDED.general_explanation, skill_category = EXCLUDED.skill_category, base_difficulty = EXCLUDED.base_difficulty, is_active = EXCLUDED.is_active, is_deleted = EXCLUDED.is_deleted, updated_at = NOW(), updated_by = 'system';
DELETE FROM questions_answers WHERE question_id = 81100039;
INSERT INTO questions_answers (question_id, sentence, sentence_translation, is_correct, "order") VALUES (81100039, '受付:「何のご用ですか」客:「田中部長に会いたい」受付:「少し待ってください」', 'Lễ tân: Có việc gì? / Khách: Muốn gặp Trưởng phòng Tanaka / Lễ tân: Chờ chút (thô)', FALSE, 1);
INSERT INTO questions_answers (question_id, sentence, sentence_translation, is_correct, "order") VALUES (81100039, '受付:「本日はどのようなご用件でいらっしゃいますか」客:「田中部長にご面会したいのですが」受付:「ただいまご連絡いたします。少々お待ちくださいませ」', 'Lễ tân: Hôm nay quý vị đến có việc gì ạ? / Khách: Tôi muốn gặp Trưởng phòng Tanaka ạ / Lễ tân: Tôi sẽ liên hệ ngay. Xin đợi chút ạ.', FALSE, 2);
INSERT INTO questions_answers (question_id, sentence, sentence_translation, is_correct, "order") VALUES (81100039, '受付:「何の用ですか」客:「田中部長に会いたいです」受付:「確認します」', 'Lễ tân: Có việc gì? / Khách: Tôi muốn gặp Trưởng phòng Tanaka / Lễ tân: Tôi sẽ xác nhận (bình thường)', FALSE, 3);
INSERT INTO questions_answers (question_id, sentence, sentence_translation, is_correct, "order") VALUES (81100039, 'B が全体的に最も自然でビジネス的', 'B tự nhiên và kinh doanh nhất tổng thể', TRUE, 4);
INSERT INTO questions (id, user_id, is_system, is_khoa_cu, question_type, content_type, level, selection_type, question, passage, passage_translation, general_explanation, skill_category, base_difficulty, tenant_id, is_active, is_deleted, created_at, created_by) VALUES (81100040, NULL, TRUE, FALSE, 'chon_dap_an', 'keigo_baitap_keigo_phan_loai', 'BJT-4', 'single', '「お客様がご利用になったサービスについて、弊社の担当者よりご説明申し上げます」の敬語を正しく分析したものはどれですか？

Phân tích kính ngữ trong câu:「お客様がご利用になったサービスについて、弊社の担当者よりご説明申し上げます」', NULL, NULL, 'Phân tích hoàn chỉnh: 「ご利用になった」= ご〜になる (Sonkeigo) → hành động ''sử dụng'' của お客様 (Soto) được tôn kính. 「弊社の担当者」= 弊社 (Kenjougo — công ty mình) + 担当者 (không thêm さん — đúng với người Uchi trước mặt khách). 「ご説明申し上げます」= ご説明 (lịch sự hóa) + 申し上げる (Kenjougo tối cao của 言う/する) → hành động ''giải thích'' của nhân viên (Uchi) được hạ thấp. Toàn bộ câu dùng Teineigo làm nền (〜ます). Đây là câu kinh doanh hoàn chỉnh 3 lớp — điểm BJT cấp cao!

💡 Câu kinh doanh hoàn hảo = Sonkeigo cho Soto + Kenjougo cho Uchi + Teineigo làm nền — 3 lớp trong 1 câu!', 'grammar', 4, 'system', TRUE, FALSE, NOW(), 'system') ON CONFLICT (id) DO UPDATE SET question_type = EXCLUDED.question_type, content_type = EXCLUDED.content_type, level = EXCLUDED.level, question = EXCLUDED.question, passage = EXCLUDED.passage, passage_translation = EXCLUDED.passage_translation, general_explanation = EXCLUDED.general_explanation, skill_category = EXCLUDED.skill_category, base_difficulty = EXCLUDED.base_difficulty, is_active = EXCLUDED.is_active, is_deleted = EXCLUDED.is_deleted, updated_at = NOW(), updated_by = 'system';
DELETE FROM questions_answers WHERE question_id = 81100040;
INSERT INTO questions_answers (question_id, sentence, sentence_translation, is_correct, "order") VALUES (81100040, '全文が尊敬語', 'Toàn câu là Sonkeigo', FALSE, 1);
INSERT INTO questions_answers (question_id, sentence, sentence_translation, is_correct, "order") VALUES (81100040, '「ご利用になった」は尊敬語（お客様の行動）、「ご説明申し上げます」は謙譲語（担当者の行動）、全体の文体は丁寧語', '「ご利用になった」= Sonkeigo (hành động của khách) | 「ご説明申し上げます」= Kenjougo (hành động của nhân viên) | Văn phong toàn câu = Teineigo', TRUE, 2);
INSERT INTO questions_answers (question_id, sentence, sentence_translation, is_correct, "order") VALUES (81100040, '「ご利用になった」は謙譲語、「申し上げます」は尊敬語', '「ご利用になった」= Kenjougo, 「申し上げます」= Sonkeigo', FALSE, 3);
INSERT INTO questions_answers (question_id, sentence, sentence_translation, is_correct, "order") VALUES (81100040, '「弊社の担当者」の部分が間違っている', 'Phần「弊社の担当者」sai', FALSE, 4);

INSERT INTO study_question_sets (id, name, description, set_type, card_count, tenant_id, is_active, is_deleted, created_at, created_by) VALUES (80100111, '2.1.1 Bài Tập Chuyên Sâu: 丁寧語 (Teineigo) — Cơ bản', 'Bài tập cấp 1 (Cơ bản) — 10 câu.', 'practice', 10, 'system', TRUE, FALSE, NOW(), 'system') ON CONFLICT (id) DO UPDATE SET name = EXCLUDED.name, description = EXCLUDED.description, set_type = EXCLUDED.set_type, card_count = EXCLUDED.card_count, is_active = EXCLUDED.is_active, is_deleted = EXCLUDED.is_deleted, updated_at = NOW(), updated_by = 'system';
INSERT INTO study_question_set_questions (study_question_set_id, question_id, order_index, tenant_id, is_deleted, created_at, created_by) VALUES (80100111, 81100001, 1, 'system', FALSE, NOW(), 'system') ON CONFLICT (study_question_set_id, question_id) DO UPDATE SET order_index = EXCLUDED.order_index, is_deleted = FALSE;
INSERT INTO study_question_set_questions (study_question_set_id, question_id, order_index, tenant_id, is_deleted, created_at, created_by) VALUES (80100111, 81100002, 2, 'system', FALSE, NOW(), 'system') ON CONFLICT (study_question_set_id, question_id) DO UPDATE SET order_index = EXCLUDED.order_index, is_deleted = FALSE;
INSERT INTO study_question_set_questions (study_question_set_id, question_id, order_index, tenant_id, is_deleted, created_at, created_by) VALUES (80100111, 81100003, 3, 'system', FALSE, NOW(), 'system') ON CONFLICT (study_question_set_id, question_id) DO UPDATE SET order_index = EXCLUDED.order_index, is_deleted = FALSE;
INSERT INTO study_question_set_questions (study_question_set_id, question_id, order_index, tenant_id, is_deleted, created_at, created_by) VALUES (80100111, 81100004, 4, 'system', FALSE, NOW(), 'system') ON CONFLICT (study_question_set_id, question_id) DO UPDATE SET order_index = EXCLUDED.order_index, is_deleted = FALSE;
INSERT INTO study_question_set_questions (study_question_set_id, question_id, order_index, tenant_id, is_deleted, created_at, created_by) VALUES (80100111, 81100005, 5, 'system', FALSE, NOW(), 'system') ON CONFLICT (study_question_set_id, question_id) DO UPDATE SET order_index = EXCLUDED.order_index, is_deleted = FALSE;
INSERT INTO study_question_set_questions (study_question_set_id, question_id, order_index, tenant_id, is_deleted, created_at, created_by) VALUES (80100111, 81100006, 6, 'system', FALSE, NOW(), 'system') ON CONFLICT (study_question_set_id, question_id) DO UPDATE SET order_index = EXCLUDED.order_index, is_deleted = FALSE;
INSERT INTO study_question_set_questions (study_question_set_id, question_id, order_index, tenant_id, is_deleted, created_at, created_by) VALUES (80100111, 81100007, 7, 'system', FALSE, NOW(), 'system') ON CONFLICT (study_question_set_id, question_id) DO UPDATE SET order_index = EXCLUDED.order_index, is_deleted = FALSE;
INSERT INTO study_question_set_questions (study_question_set_id, question_id, order_index, tenant_id, is_deleted, created_at, created_by) VALUES (80100111, 81100008, 8, 'system', FALSE, NOW(), 'system') ON CONFLICT (study_question_set_id, question_id) DO UPDATE SET order_index = EXCLUDED.order_index, is_deleted = FALSE;
INSERT INTO study_question_set_questions (study_question_set_id, question_id, order_index, tenant_id, is_deleted, created_at, created_by) VALUES (80100111, 81100009, 9, 'system', FALSE, NOW(), 'system') ON CONFLICT (study_question_set_id, question_id) DO UPDATE SET order_index = EXCLUDED.order_index, is_deleted = FALSE;
INSERT INTO study_question_set_questions (study_question_set_id, question_id, order_index, tenant_id, is_deleted, created_at, created_by) VALUES (80100111, 81100010, 10, 'system', FALSE, NOW(), 'system') ON CONFLICT (study_question_set_id, question_id) DO UPDATE SET order_index = EXCLUDED.order_index, is_deleted = FALSE;
INSERT INTO study_resource_question_sets (resource_type, resource_id, study_question_set_id, position, context, tenant_id, is_active, is_deleted, created_at, created_by) VALUES ('module', 8011, 80100111, 2, '{"label": "2.1.1 Bài Tập Chuyên Sâu: 丁寧語 (Teineigo) — Cơ bản"}'::jsonb, 'system', TRUE, FALSE, NOW(), 'system') ON CONFLICT (resource_type, resource_id, study_question_set_id) DO UPDATE SET position = EXCLUDED.position, context = EXCLUDED.context, is_active = TRUE, is_deleted = FALSE;

INSERT INTO study_question_sets (id, name, description, set_type, card_count, tenant_id, is_active, is_deleted, created_at, created_by) VALUES (80100112, '2.1.1 Bài Tập Chuyên Sâu: 丁寧語 (Teineigo) — Trung bình', 'Bài tập cấp 2 (Trung bình) — 10 câu.', 'practice', 10, 'system', TRUE, FALSE, NOW(), 'system') ON CONFLICT (id) DO UPDATE SET name = EXCLUDED.name, description = EXCLUDED.description, set_type = EXCLUDED.set_type, card_count = EXCLUDED.card_count, is_active = EXCLUDED.is_active, is_deleted = EXCLUDED.is_deleted, updated_at = NOW(), updated_by = 'system';
INSERT INTO study_question_set_questions (study_question_set_id, question_id, order_index, tenant_id, is_deleted, created_at, created_by) VALUES (80100112, 81100011, 1, 'system', FALSE, NOW(), 'system') ON CONFLICT (study_question_set_id, question_id) DO UPDATE SET order_index = EXCLUDED.order_index, is_deleted = FALSE;
INSERT INTO study_question_set_questions (study_question_set_id, question_id, order_index, tenant_id, is_deleted, created_at, created_by) VALUES (80100112, 81100012, 2, 'system', FALSE, NOW(), 'system') ON CONFLICT (study_question_set_id, question_id) DO UPDATE SET order_index = EXCLUDED.order_index, is_deleted = FALSE;
INSERT INTO study_question_set_questions (study_question_set_id, question_id, order_index, tenant_id, is_deleted, created_at, created_by) VALUES (80100112, 81100013, 3, 'system', FALSE, NOW(), 'system') ON CONFLICT (study_question_set_id, question_id) DO UPDATE SET order_index = EXCLUDED.order_index, is_deleted = FALSE;
INSERT INTO study_question_set_questions (study_question_set_id, question_id, order_index, tenant_id, is_deleted, created_at, created_by) VALUES (80100112, 81100014, 4, 'system', FALSE, NOW(), 'system') ON CONFLICT (study_question_set_id, question_id) DO UPDATE SET order_index = EXCLUDED.order_index, is_deleted = FALSE;
INSERT INTO study_question_set_questions (study_question_set_id, question_id, order_index, tenant_id, is_deleted, created_at, created_by) VALUES (80100112, 81100015, 5, 'system', FALSE, NOW(), 'system') ON CONFLICT (study_question_set_id, question_id) DO UPDATE SET order_index = EXCLUDED.order_index, is_deleted = FALSE;
INSERT INTO study_question_set_questions (study_question_set_id, question_id, order_index, tenant_id, is_deleted, created_at, created_by) VALUES (80100112, 81100016, 6, 'system', FALSE, NOW(), 'system') ON CONFLICT (study_question_set_id, question_id) DO UPDATE SET order_index = EXCLUDED.order_index, is_deleted = FALSE;
INSERT INTO study_question_set_questions (study_question_set_id, question_id, order_index, tenant_id, is_deleted, created_at, created_by) VALUES (80100112, 81100017, 7, 'system', FALSE, NOW(), 'system') ON CONFLICT (study_question_set_id, question_id) DO UPDATE SET order_index = EXCLUDED.order_index, is_deleted = FALSE;
INSERT INTO study_question_set_questions (study_question_set_id, question_id, order_index, tenant_id, is_deleted, created_at, created_by) VALUES (80100112, 81100018, 8, 'system', FALSE, NOW(), 'system') ON CONFLICT (study_question_set_id, question_id) DO UPDATE SET order_index = EXCLUDED.order_index, is_deleted = FALSE;
INSERT INTO study_question_set_questions (study_question_set_id, question_id, order_index, tenant_id, is_deleted, created_at, created_by) VALUES (80100112, 81100019, 9, 'system', FALSE, NOW(), 'system') ON CONFLICT (study_question_set_id, question_id) DO UPDATE SET order_index = EXCLUDED.order_index, is_deleted = FALSE;
INSERT INTO study_question_set_questions (study_question_set_id, question_id, order_index, tenant_id, is_deleted, created_at, created_by) VALUES (80100112, 81100020, 10, 'system', FALSE, NOW(), 'system') ON CONFLICT (study_question_set_id, question_id) DO UPDATE SET order_index = EXCLUDED.order_index, is_deleted = FALSE;
INSERT INTO study_resource_question_sets (resource_type, resource_id, study_question_set_id, position, context, tenant_id, is_active, is_deleted, created_at, created_by) VALUES ('module', 8011, 80100112, 3, '{"label": "2.1.1 Bài Tập Chuyên Sâu: 丁寧語 (Teineigo) — Trung bình"}'::jsonb, 'system', TRUE, FALSE, NOW(), 'system') ON CONFLICT (resource_type, resource_id, study_question_set_id) DO UPDATE SET position = EXCLUDED.position, context = EXCLUDED.context, is_active = TRUE, is_deleted = FALSE;

INSERT INTO study_question_sets (id, name, description, set_type, card_count, tenant_id, is_active, is_deleted, created_at, created_by) VALUES (80100113, '2.1.1 Bài Tập Chuyên Sâu: 丁寧語 (Teineigo) — Khá', 'Bài tập cấp 3 (Khá) — 10 câu.', 'practice', 10, 'system', TRUE, FALSE, NOW(), 'system') ON CONFLICT (id) DO UPDATE SET name = EXCLUDED.name, description = EXCLUDED.description, set_type = EXCLUDED.set_type, card_count = EXCLUDED.card_count, is_active = EXCLUDED.is_active, is_deleted = EXCLUDED.is_deleted, updated_at = NOW(), updated_by = 'system';
INSERT INTO study_question_set_questions (study_question_set_id, question_id, order_index, tenant_id, is_deleted, created_at, created_by) VALUES (80100113, 81100021, 1, 'system', FALSE, NOW(), 'system') ON CONFLICT (study_question_set_id, question_id) DO UPDATE SET order_index = EXCLUDED.order_index, is_deleted = FALSE;
INSERT INTO study_question_set_questions (study_question_set_id, question_id, order_index, tenant_id, is_deleted, created_at, created_by) VALUES (80100113, 81100022, 2, 'system', FALSE, NOW(), 'system') ON CONFLICT (study_question_set_id, question_id) DO UPDATE SET order_index = EXCLUDED.order_index, is_deleted = FALSE;
INSERT INTO study_question_set_questions (study_question_set_id, question_id, order_index, tenant_id, is_deleted, created_at, created_by) VALUES (80100113, 81100023, 3, 'system', FALSE, NOW(), 'system') ON CONFLICT (study_question_set_id, question_id) DO UPDATE SET order_index = EXCLUDED.order_index, is_deleted = FALSE;
INSERT INTO study_question_set_questions (study_question_set_id, question_id, order_index, tenant_id, is_deleted, created_at, created_by) VALUES (80100113, 81100024, 4, 'system', FALSE, NOW(), 'system') ON CONFLICT (study_question_set_id, question_id) DO UPDATE SET order_index = EXCLUDED.order_index, is_deleted = FALSE;
INSERT INTO study_question_set_questions (study_question_set_id, question_id, order_index, tenant_id, is_deleted, created_at, created_by) VALUES (80100113, 81100025, 5, 'system', FALSE, NOW(), 'system') ON CONFLICT (study_question_set_id, question_id) DO UPDATE SET order_index = EXCLUDED.order_index, is_deleted = FALSE;
INSERT INTO study_question_set_questions (study_question_set_id, question_id, order_index, tenant_id, is_deleted, created_at, created_by) VALUES (80100113, 81100026, 6, 'system', FALSE, NOW(), 'system') ON CONFLICT (study_question_set_id, question_id) DO UPDATE SET order_index = EXCLUDED.order_index, is_deleted = FALSE;
INSERT INTO study_question_set_questions (study_question_set_id, question_id, order_index, tenant_id, is_deleted, created_at, created_by) VALUES (80100113, 81100027, 7, 'system', FALSE, NOW(), 'system') ON CONFLICT (study_question_set_id, question_id) DO UPDATE SET order_index = EXCLUDED.order_index, is_deleted = FALSE;
INSERT INTO study_question_set_questions (study_question_set_id, question_id, order_index, tenant_id, is_deleted, created_at, created_by) VALUES (80100113, 81100028, 8, 'system', FALSE, NOW(), 'system') ON CONFLICT (study_question_set_id, question_id) DO UPDATE SET order_index = EXCLUDED.order_index, is_deleted = FALSE;
INSERT INTO study_question_set_questions (study_question_set_id, question_id, order_index, tenant_id, is_deleted, created_at, created_by) VALUES (80100113, 81100029, 9, 'system', FALSE, NOW(), 'system') ON CONFLICT (study_question_set_id, question_id) DO UPDATE SET order_index = EXCLUDED.order_index, is_deleted = FALSE;
INSERT INTO study_question_set_questions (study_question_set_id, question_id, order_index, tenant_id, is_deleted, created_at, created_by) VALUES (80100113, 81100030, 10, 'system', FALSE, NOW(), 'system') ON CONFLICT (study_question_set_id, question_id) DO UPDATE SET order_index = EXCLUDED.order_index, is_deleted = FALSE;
INSERT INTO study_resource_question_sets (resource_type, resource_id, study_question_set_id, position, context, tenant_id, is_active, is_deleted, created_at, created_by) VALUES ('module', 8011, 80100113, 4, '{"label": "2.1.1 Bài Tập Chuyên Sâu: 丁寧語 (Teineigo) — Khá"}'::jsonb, 'system', TRUE, FALSE, NOW(), 'system') ON CONFLICT (resource_type, resource_id, study_question_set_id) DO UPDATE SET position = EXCLUDED.position, context = EXCLUDED.context, is_active = TRUE, is_deleted = FALSE;

INSERT INTO study_question_sets (id, name, description, set_type, card_count, tenant_id, is_active, is_deleted, created_at, created_by) VALUES (80100114, '2.1.1 Bài Tập Chuyên Sâu: 丁寧語 (Teineigo) — Khó', 'Bài tập cấp 4 (Khó) — 10 câu.', 'practice', 10, 'system', TRUE, FALSE, NOW(), 'system') ON CONFLICT (id) DO UPDATE SET name = EXCLUDED.name, description = EXCLUDED.description, set_type = EXCLUDED.set_type, card_count = EXCLUDED.card_count, is_active = EXCLUDED.is_active, is_deleted = EXCLUDED.is_deleted, updated_at = NOW(), updated_by = 'system';
INSERT INTO study_question_set_questions (study_question_set_id, question_id, order_index, tenant_id, is_deleted, created_at, created_by) VALUES (80100114, 81100031, 1, 'system', FALSE, NOW(), 'system') ON CONFLICT (study_question_set_id, question_id) DO UPDATE SET order_index = EXCLUDED.order_index, is_deleted = FALSE;
INSERT INTO study_question_set_questions (study_question_set_id, question_id, order_index, tenant_id, is_deleted, created_at, created_by) VALUES (80100114, 81100032, 2, 'system', FALSE, NOW(), 'system') ON CONFLICT (study_question_set_id, question_id) DO UPDATE SET order_index = EXCLUDED.order_index, is_deleted = FALSE;
INSERT INTO study_question_set_questions (study_question_set_id, question_id, order_index, tenant_id, is_deleted, created_at, created_by) VALUES (80100114, 81100033, 3, 'system', FALSE, NOW(), 'system') ON CONFLICT (study_question_set_id, question_id) DO UPDATE SET order_index = EXCLUDED.order_index, is_deleted = FALSE;
INSERT INTO study_question_set_questions (study_question_set_id, question_id, order_index, tenant_id, is_deleted, created_at, created_by) VALUES (80100114, 81100034, 4, 'system', FALSE, NOW(), 'system') ON CONFLICT (study_question_set_id, question_id) DO UPDATE SET order_index = EXCLUDED.order_index, is_deleted = FALSE;
INSERT INTO study_question_set_questions (study_question_set_id, question_id, order_index, tenant_id, is_deleted, created_at, created_by) VALUES (80100114, 81100035, 5, 'system', FALSE, NOW(), 'system') ON CONFLICT (study_question_set_id, question_id) DO UPDATE SET order_index = EXCLUDED.order_index, is_deleted = FALSE;
INSERT INTO study_question_set_questions (study_question_set_id, question_id, order_index, tenant_id, is_deleted, created_at, created_by) VALUES (80100114, 81100036, 6, 'system', FALSE, NOW(), 'system') ON CONFLICT (study_question_set_id, question_id) DO UPDATE SET order_index = EXCLUDED.order_index, is_deleted = FALSE;
INSERT INTO study_question_set_questions (study_question_set_id, question_id, order_index, tenant_id, is_deleted, created_at, created_by) VALUES (80100114, 81100037, 7, 'system', FALSE, NOW(), 'system') ON CONFLICT (study_question_set_id, question_id) DO UPDATE SET order_index = EXCLUDED.order_index, is_deleted = FALSE;
INSERT INTO study_question_set_questions (study_question_set_id, question_id, order_index, tenant_id, is_deleted, created_at, created_by) VALUES (80100114, 81100038, 8, 'system', FALSE, NOW(), 'system') ON CONFLICT (study_question_set_id, question_id) DO UPDATE SET order_index = EXCLUDED.order_index, is_deleted = FALSE;
INSERT INTO study_question_set_questions (study_question_set_id, question_id, order_index, tenant_id, is_deleted, created_at, created_by) VALUES (80100114, 81100039, 9, 'system', FALSE, NOW(), 'system') ON CONFLICT (study_question_set_id, question_id) DO UPDATE SET order_index = EXCLUDED.order_index, is_deleted = FALSE;
INSERT INTO study_question_set_questions (study_question_set_id, question_id, order_index, tenant_id, is_deleted, created_at, created_by) VALUES (80100114, 81100040, 10, 'system', FALSE, NOW(), 'system') ON CONFLICT (study_question_set_id, question_id) DO UPDATE SET order_index = EXCLUDED.order_index, is_deleted = FALSE;
INSERT INTO study_resource_question_sets (resource_type, resource_id, study_question_set_id, position, context, tenant_id, is_active, is_deleted, created_at, created_by) VALUES ('module', 8011, 80100114, 5, '{"label": "2.1.1 Bài Tập Chuyên Sâu: 丁寧語 (Teineigo) — Khó"}'::jsonb, 'system', TRUE, FALSE, NOW(), 'system') ON CONFLICT (resource_type, resource_id, study_question_set_id) DO UPDATE SET position = EXCLUDED.position, context = EXCLUDED.context, is_active = TRUE, is_deleted = FALSE;

-- BaiTap file: 2.1.2_Sonkeigo_BaiTap.json
INSERT INTO questions (id, user_id, is_system, is_khoa_cu, question_type, content_type, level, selection_type, question, passage, passage_translation, general_explanation, skill_category, base_difficulty, tenant_id, is_active, is_deleted, created_at, created_by) VALUES (82300001, NULL, TRUE, FALSE, 'chon_dap_an', 'keigo_baitap_keigo_phan_loai', 'BJT-1', 'single', '「いらっしゃる」はどの動詞の尊敬語ですか？（正しいものをすべて選んでください）

「いらっしゃる」là dạng Sonkeigo của những động từ nào? (Chọn tất cả đáp án đúng)', NULL, NULL, '「いらっしゃる」là Sonkeigo của cả 3 động từ: いる (ở/tồn tại), 行く (đi) và 来る (đến). Đây là điểm đặc biệt quan trọng — một từ Sonkeigo có thể thay thế cho nhiều động từ thông thường tùy ngữ cảnh. Ví dụ: 先生はどちらにいらっしゃいますか (Thầy đang ở đâu ạ?) — có thể là ''ở'', ''đến'' hoặc ''đi'' tùy tình huống.

💡 いらっしゃる = 3 in 1: ở / đi / đến — đây là từ Sonkeigo xuất hiện nhiều nhất trong BJT!', 'grammar', 1, 'system', TRUE, FALSE, NOW(), 'system') ON CONFLICT (id) DO UPDATE SET question_type = EXCLUDED.question_type, content_type = EXCLUDED.content_type, level = EXCLUDED.level, question = EXCLUDED.question, passage = EXCLUDED.passage, passage_translation = EXCLUDED.passage_translation, general_explanation = EXCLUDED.general_explanation, skill_category = EXCLUDED.skill_category, base_difficulty = EXCLUDED.base_difficulty, is_active = EXCLUDED.is_active, is_deleted = EXCLUDED.is_deleted, updated_at = NOW(), updated_by = 'system';
DELETE FROM questions_answers WHERE question_id = 82300001;
INSERT INTO questions_answers (question_id, sentence, sentence_translation, is_correct, "order") VALUES (82300001, 'いる・行く・来る', 'いる (ở) · 行く (đi) · 来る (đến)', TRUE, 1);
INSERT INTO questions_answers (question_id, sentence, sentence_translation, is_correct, "order") VALUES (82300001, 'いる・する・来る', 'いる (ở) · する (làm) · 来る (đến)', FALSE, 2);
INSERT INTO questions_answers (question_id, sentence, sentence_translation, is_correct, "order") VALUES (82300001, '行く・言う・来る', '行く (đi) · 言う (nói) · 来る (đến)', FALSE, 3);
INSERT INTO questions_answers (question_id, sentence, sentence_translation, is_correct, "order") VALUES (82300001, 'いる・食べる・来る', 'いる (ở) · 食べる (ăn) · 来る (đến)', FALSE, 4);
INSERT INTO questions (id, user_id, is_system, is_khoa_cu, question_type, content_type, level, selection_type, question, passage, passage_translation, general_explanation, skill_category, base_difficulty, tenant_id, is_active, is_deleted, created_at, created_by) VALUES (82300002, NULL, TRUE, FALSE, 'chon_dap_an', 'keigo_baitap_keigo_phan_loai', 'BJT-1', 'single', '「召し上がる（めしあがる）」はどの動詞の尊敬語ですか？

「召し上がる（めしあがる）」là Sonkeigo của động từ nào?', NULL, NULL, '「召し上がる」là Sonkeigo của cả 食べる (ăn) lẫn 飲む (uống). Dùng khi mô tả hành động ăn/uống của khách hàng, cấp trên hay đối tác. Ví dụ: 「どうぞ、召し上がってください」(Mời quý vị dùng ạ). Lưu ý: いただく là Kenjougo — chỉ dùng khi MÌNH ăn/uống, không phải đối phương.

💡 召し上がる = người KHÁC ăn/uống (Sonkeigo) ↔ いただく = MÌNH ăn/uống (Kenjougo)', 'grammar', 1, 'system', TRUE, FALSE, NOW(), 'system') ON CONFLICT (id) DO UPDATE SET question_type = EXCLUDED.question_type, content_type = EXCLUDED.content_type, level = EXCLUDED.level, question = EXCLUDED.question, passage = EXCLUDED.passage, passage_translation = EXCLUDED.passage_translation, general_explanation = EXCLUDED.general_explanation, skill_category = EXCLUDED.skill_category, base_difficulty = EXCLUDED.base_difficulty, is_active = EXCLUDED.is_active, is_deleted = EXCLUDED.is_deleted, updated_at = NOW(), updated_by = 'system';
DELETE FROM questions_answers WHERE question_id = 82300002;
INSERT INTO questions_answers (question_id, sentence, sentence_translation, is_correct, "order") VALUES (82300002, '食べる・飲む', '食べる (ăn) · 飲む (uống)', TRUE, 1);
INSERT INTO questions_answers (question_id, sentence, sentence_translation, is_correct, "order") VALUES (82300002, '食べる・見る', '食べる (ăn) · 見る (nhìn)', FALSE, 2);
INSERT INTO questions_answers (question_id, sentence, sentence_translation, is_correct, "order") VALUES (82300002, '食べる・もらう', '食べる (ăn) · もらう (nhận)', FALSE, 3);
INSERT INTO questions_answers (question_id, sentence, sentence_translation, is_correct, "order") VALUES (82300002, '飲む・いただく', '飲む (uống) · いただく (nhận/ăn khiêm nhường)', FALSE, 4);
INSERT INTO questions (id, user_id, is_system, is_khoa_cu, question_type, content_type, level, selection_type, question, passage, passage_translation, general_explanation, skill_category, base_difficulty, tenant_id, is_active, is_deleted, created_at, created_by) VALUES (82300003, NULL, TRUE, FALSE, 'chon_dap_an', 'keigo_baitap_keigo_phan_loai', 'BJT-1', 'single', '「おっしゃる」はどの動詞の尊敬語ですか？

「おっしゃる」là Sonkeigo của động từ nào?', NULL, NULL, '「おっしゃる」là Sonkeigo của 言う (nói). Dùng khi mô tả lời nói của khách hàng, cấp trên hoặc đối tác. Ví dụ: 「先ほど部長がおっしゃった件ですが…」— Nhưng chú ý! Nếu câu này nói với khách về sếp của mình, phải đổi sang 「申した（もうした）」— Kenjougo của 言う.

💡 おっしゃる (Sonkeigo) = người KHÁC nói | 申す (Kenjougo) = MÌNH nói', 'grammar', 1, 'system', TRUE, FALSE, NOW(), 'system') ON CONFLICT (id) DO UPDATE SET question_type = EXCLUDED.question_type, content_type = EXCLUDED.content_type, level = EXCLUDED.level, question = EXCLUDED.question, passage = EXCLUDED.passage, passage_translation = EXCLUDED.passage_translation, general_explanation = EXCLUDED.general_explanation, skill_category = EXCLUDED.skill_category, base_difficulty = EXCLUDED.base_difficulty, is_active = EXCLUDED.is_active, is_deleted = EXCLUDED.is_deleted, updated_at = NOW(), updated_by = 'system';
DELETE FROM questions_answers WHERE question_id = 82300003;
INSERT INTO questions_answers (question_id, sentence, sentence_translation, is_correct, "order") VALUES (82300003, '思う（おもう）', '思う (nghĩ)', FALSE, 1);
INSERT INTO questions_answers (question_id, sentence, sentence_translation, is_correct, "order") VALUES (82300003, '聞く（きく）', '聞く (nghe/hỏi)', FALSE, 2);
INSERT INTO questions_answers (question_id, sentence, sentence_translation, is_correct, "order") VALUES (82300003, '言う（いう）', '言う (nói)', TRUE, 3);
INSERT INTO questions_answers (question_id, sentence, sentence_translation, is_correct, "order") VALUES (82300003, '話す（はなす）', '話す (trò chuyện)', FALSE, 4);
INSERT INTO questions (id, user_id, is_system, is_khoa_cu, question_type, content_type, level, selection_type, question, passage, passage_translation, general_explanation, skill_category, base_difficulty, tenant_id, is_active, is_deleted, created_at, created_by) VALUES (82300004, NULL, TRUE, FALSE, 'chon_dap_an', 'keigo_baitap_keigo_phan_loai', 'BJT-1', 'single', '「なさる」はどの動詞の尊敬語ですか？

「なさる」là Sonkeigo của động từ nào?', NULL, NULL, '「なさる」là Sonkeigo của する (làm). Dùng khi đối phương thực hiện hành động nào đó. Ví dụ: 「どのようになさいますか？」(Quý vị sẽ làm như thế nào ạ?). Dạng ます là 「なさいます」— chú ý không phải 「なさります」. Kenjougo tương ứng là「いたす」.

💡 なさる (Sonkeigo) chia masu: なさいます (không phải なさります!) — lỗi chính tả phổ biến', 'grammar', 1, 'system', TRUE, FALSE, NOW(), 'system') ON CONFLICT (id) DO UPDATE SET question_type = EXCLUDED.question_type, content_type = EXCLUDED.content_type, level = EXCLUDED.level, question = EXCLUDED.question, passage = EXCLUDED.passage, passage_translation = EXCLUDED.passage_translation, general_explanation = EXCLUDED.general_explanation, skill_category = EXCLUDED.skill_category, base_difficulty = EXCLUDED.base_difficulty, is_active = EXCLUDED.is_active, is_deleted = EXCLUDED.is_deleted, updated_at = NOW(), updated_by = 'system';
DELETE FROM questions_answers WHERE question_id = 82300004;
INSERT INTO questions_answers (question_id, sentence, sentence_translation, is_correct, "order") VALUES (82300004, 'する', 'する (làm)', TRUE, 1);
INSERT INTO questions_answers (question_id, sentence, sentence_translation, is_correct, "order") VALUES (82300004, 'いる', 'いる (ở/tồn tại)', FALSE, 2);
INSERT INTO questions_answers (question_id, sentence, sentence_translation, is_correct, "order") VALUES (82300004, 'あげる', 'あげる (cho)', FALSE, 3);
INSERT INTO questions_answers (question_id, sentence, sentence_translation, is_correct, "order") VALUES (82300004, 'くれる', 'くれる (cho — phía mình nhận)', FALSE, 4);
INSERT INTO questions (id, user_id, is_system, is_khoa_cu, question_type, content_type, level, selection_type, question, passage, passage_translation, general_explanation, skill_category, base_difficulty, tenant_id, is_active, is_deleted, created_at, created_by) VALUES (82300005, NULL, TRUE, FALSE, 'chon_dap_an', 'keigo_baitap_keigo_phan_loai', 'BJT-1', 'single', '「ご覧になる（ごらんになる）」はどの動詞の尊敬語ですか？

「ご覧になる（ごらんになる）」là Sonkeigo của động từ nào?', NULL, NULL, '「ご覧になる」là Sonkeigo của 見る (xem/nhìn). Dùng khi mời hoặc mô tả hành động xem của đối phương. Ví dụ: 「こちらの資料をご覧になってください」(Mời quý vị xem tài liệu này ạ). Kenjougo tương ứng của 見る là「拝見する（はいけんする）」— dùng khi MÌNH xem.

💡 ご覧になる = người KHÁC xem (Sonkeigo) ↔ 拝見する = MÌNH xem (Kenjougo)', 'grammar', 1, 'system', TRUE, FALSE, NOW(), 'system') ON CONFLICT (id) DO UPDATE SET question_type = EXCLUDED.question_type, content_type = EXCLUDED.content_type, level = EXCLUDED.level, question = EXCLUDED.question, passage = EXCLUDED.passage, passage_translation = EXCLUDED.passage_translation, general_explanation = EXCLUDED.general_explanation, skill_category = EXCLUDED.skill_category, base_difficulty = EXCLUDED.base_difficulty, is_active = EXCLUDED.is_active, is_deleted = EXCLUDED.is_deleted, updated_at = NOW(), updated_by = 'system';
DELETE FROM questions_answers WHERE question_id = 82300005;
INSERT INTO questions_answers (question_id, sentence, sentence_translation, is_correct, "order") VALUES (82300005, '読む（よむ）', '読む (đọc)', FALSE, 1);
INSERT INTO questions_answers (question_id, sentence, sentence_translation, is_correct, "order") VALUES (82300005, '見る（みる）', '見る (xem/nhìn)', TRUE, 2);
INSERT INTO questions_answers (question_id, sentence, sentence_translation, is_correct, "order") VALUES (82300005, '聞く（きく）', '聞く (nghe)', FALSE, 3);
INSERT INTO questions_answers (question_id, sentence, sentence_translation, is_correct, "order") VALUES (82300005, '知る（しる）', '知る (biết)', FALSE, 4);
INSERT INTO questions (id, user_id, is_system, is_khoa_cu, question_type, content_type, level, selection_type, question, passage, passage_translation, general_explanation, skill_category, base_difficulty, tenant_id, is_active, is_deleted, created_at, created_by) VALUES (82300006, NULL, TRUE, FALSE, 'chon_dap_an', 'keigo_baitap_keigo_phan_loai', 'BJT-1', 'single', '「くださる」はどの動詞の尊敬語ですか？

「くださる」là Sonkeigo của động từ nào?', NULL, NULL, '「くださる」là Sonkeigo của くれる — dùng khi đối phương (khách hàng, cấp trên) cho hoặc làm ơn cho mình. Ví dụ: 「ご指導くださりありがとうございます」(Cảm ơn ngài đã chỉ bảo). Kenjougo tương ứng của もらう (nhận) là「いただく」— dùng khi mình nhận được từ đối phương.

💡 くださる = đối phương CHO mình (Sonkeigo) ↔ いただく = mình NHẬN từ đối phương (Kenjougo)', 'grammar', 1, 'system', TRUE, FALSE, NOW(), 'system') ON CONFLICT (id) DO UPDATE SET question_type = EXCLUDED.question_type, content_type = EXCLUDED.content_type, level = EXCLUDED.level, question = EXCLUDED.question, passage = EXCLUDED.passage, passage_translation = EXCLUDED.passage_translation, general_explanation = EXCLUDED.general_explanation, skill_category = EXCLUDED.skill_category, base_difficulty = EXCLUDED.base_difficulty, is_active = EXCLUDED.is_active, is_deleted = EXCLUDED.is_deleted, updated_at = NOW(), updated_by = 'system';
DELETE FROM questions_answers WHERE question_id = 82300006;
INSERT INTO questions_answers (question_id, sentence, sentence_translation, is_correct, "order") VALUES (82300006, 'あげる（ageru）', 'あげる (cho người khác)', FALSE, 1);
INSERT INTO questions_answers (question_id, sentence, sentence_translation, is_correct, "order") VALUES (82300006, 'もらう（morau）', 'もらう (nhận)', FALSE, 2);
INSERT INTO questions_answers (question_id, sentence, sentence_translation, is_correct, "order") VALUES (82300006, 'くれる（kureru）', 'くれる (cho — đối phương cho mình)', TRUE, 3);
INSERT INTO questions_answers (question_id, sentence, sentence_translation, is_correct, "order") VALUES (82300006, '受け取る（うけとる）', '受け取る (tiếp nhận)', FALSE, 4);
INSERT INTO questions (id, user_id, is_system, is_khoa_cu, question_type, content_type, level, selection_type, question, passage, passage_translation, general_explanation, skill_category, base_difficulty, tenant_id, is_active, is_deleted, created_at, created_by) VALUES (82300007, NULL, TRUE, FALSE, 'chon_dap_an', 'keigo_baitap_keigo_phan_loai', 'BJT-1', 'single', '「ご存知（ごぞんじ）」はどの動詞の尊敬語ですか？

「ご存知（ごぞんじ）」là Sonkeigo của động từ nào?', NULL, NULL, '「ご存知（ごぞんじ）」là Sonkeigo dạng DANH TỪ của 知る (biết). Dùng trong câu hỏi:「ご存知ですか？」(Ngài có biết không ạ?) hoặc phủ định:「ご存知でしょうか」. Kenjougo tương ứng là「存じる（ぞんじる）」— dùng khi MÌNH biết. Chú ý: ご存知 là danh từ, không phải động từ nên không chia ます trực tiếp.

💡 ご存知ですか = Ngài có biết không? (Sonkeigo) ↔ 存じております = Tôi có biết (Kenjougo)', 'grammar', 1, 'system', TRUE, FALSE, NOW(), 'system') ON CONFLICT (id) DO UPDATE SET question_type = EXCLUDED.question_type, content_type = EXCLUDED.content_type, level = EXCLUDED.level, question = EXCLUDED.question, passage = EXCLUDED.passage, passage_translation = EXCLUDED.passage_translation, general_explanation = EXCLUDED.general_explanation, skill_category = EXCLUDED.skill_category, base_difficulty = EXCLUDED.base_difficulty, is_active = EXCLUDED.is_active, is_deleted = EXCLUDED.is_deleted, updated_at = NOW(), updated_by = 'system';
DELETE FROM questions_answers WHERE question_id = 82300007;
INSERT INTO questions_answers (question_id, sentence, sentence_translation, is_correct, "order") VALUES (82300007, '思う（おもう）', '思う (nghĩ)', FALSE, 1);
INSERT INTO questions_answers (question_id, sentence, sentence_translation, is_correct, "order") VALUES (82300007, 'わかる', 'わかる (hiểu)', FALSE, 2);
INSERT INTO questions_answers (question_id, sentence, sentence_translation, is_correct, "order") VALUES (82300007, '知る（しる）', '知る (biết)', TRUE, 3);
INSERT INTO questions_answers (question_id, sentence, sentence_translation, is_correct, "order") VALUES (82300007, '聞く（きく）', '聞く (nghe/hỏi)', FALSE, 4);
INSERT INTO questions (id, user_id, is_system, is_khoa_cu, question_type, content_type, level, selection_type, question, passage, passage_translation, general_explanation, skill_category, base_difficulty, tenant_id, is_active, is_deleted, created_at, created_by) VALUES (82300008, NULL, TRUE, FALSE, 'chon_dap_an', 'keigo_baitap_keigo_phan_loai', 'BJT-1', 'single', '次の中で、尊敬語と普通語の組み合わせが間違っているものはどれですか？

Cặp nào ghép SAI giữa động từ thông thường và Sonkeigo tương ứng?', NULL, NULL, '「いたす」là Kenjougo (Khiêm nhường ngữ) của する — KHÔNG phải Sonkeigo. Sonkeigo của する là「なさる」. Đây là lỗi nhầm lẫn rất phổ biến! Bảng đúng: する → なさる (Sonkeigo) / いたす (Kenjougo). Câu A, B, D đều đúng.

💡 する: Sonkeigo = なさる | Kenjougo = いたす — đừng nhầm hai cái này!', 'grammar', 1, 'system', TRUE, FALSE, NOW(), 'system') ON CONFLICT (id) DO UPDATE SET question_type = EXCLUDED.question_type, content_type = EXCLUDED.content_type, level = EXCLUDED.level, question = EXCLUDED.question, passage = EXCLUDED.passage, passage_translation = EXCLUDED.passage_translation, general_explanation = EXCLUDED.general_explanation, skill_category = EXCLUDED.skill_category, base_difficulty = EXCLUDED.base_difficulty, is_active = EXCLUDED.is_active, is_deleted = EXCLUDED.is_deleted, updated_at = NOW(), updated_by = 'system';
DELETE FROM questions_answers WHERE question_id = 82300008;
INSERT INTO questions_answers (question_id, sentence, sentence_translation, is_correct, "order") VALUES (82300008, '言う → おっしゃる', '言う (nói) → おっしゃる', FALSE, 1);
INSERT INTO questions_answers (question_id, sentence, sentence_translation, is_correct, "order") VALUES (82300008, '食べる → 召し上がる', '食べる (ăn) → 召し上がる', FALSE, 2);
INSERT INTO questions_answers (question_id, sentence, sentence_translation, is_correct, "order") VALUES (82300008, 'する → いたす', 'する (làm) → いたす', TRUE, 3);
INSERT INTO questions_answers (question_id, sentence, sentence_translation, is_correct, "order") VALUES (82300008, 'いる → いらっしゃる', 'いる (ở) → いらっしゃる', FALSE, 4);
INSERT INTO questions (id, user_id, is_system, is_khoa_cu, question_type, content_type, level, selection_type, question, passage, passage_translation, general_explanation, skill_category, base_difficulty, tenant_id, is_active, is_deleted, created_at, created_by) VALUES (82300009, NULL, TRUE, FALSE, 'chon_dap_an', 'keigo_baitap_keigo_phan_loai', 'BJT-1', 'single', '相手の会社を指す言葉として正しいものはどれですか？（口語・話し言葉の場合）

Từ nào dùng để chỉ ''công ty của đối phương'' khi NÓI (khẩu ngữ)?', NULL, NULL, '「御社（おんしゃ）」dùng trong hội thoại trực tiếp hoặc qua điện thoại khi nói về công ty của đối phương. Còn「貴社（きしゃ）」dùng khi VIẾT (email, thư từ, tài liệu). Đây là điểm phân biệt quan trọng trong BJT. 弊社/当社 là để chỉ công ty của chính mình.

💡 御社 (おんしゃ) = nói | 貴社 (きしゃ) = viết — cả hai đều chỉ công ty CỦA ĐỐI PHƯƠNG', 'grammar', 1, 'system', TRUE, FALSE, NOW(), 'system') ON CONFLICT (id) DO UPDATE SET question_type = EXCLUDED.question_type, content_type = EXCLUDED.content_type, level = EXCLUDED.level, question = EXCLUDED.question, passage = EXCLUDED.passage, passage_translation = EXCLUDED.passage_translation, general_explanation = EXCLUDED.general_explanation, skill_category = EXCLUDED.skill_category, base_difficulty = EXCLUDED.base_difficulty, is_active = EXCLUDED.is_active, is_deleted = EXCLUDED.is_deleted, updated_at = NOW(), updated_by = 'system';
DELETE FROM questions_answers WHERE question_id = 82300009;
INSERT INTO questions_answers (question_id, sentence, sentence_translation, is_correct, "order") VALUES (82300009, '貴社（きしゃ）', '貴社 — công ty ngài (dùng khi viết)', FALSE, 1);
INSERT INTO questions_answers (question_id, sentence, sentence_translation, is_correct, "order") VALUES (82300009, '御社（おんしゃ）', '御社 — công ty ngài (dùng khi nói)', TRUE, 2);
INSERT INTO questions_answers (question_id, sentence, sentence_translation, is_correct, "order") VALUES (82300009, '弊社（へいしゃ）', '弊社 — công ty tôi (khiêm nhường)', FALSE, 3);
INSERT INTO questions_answers (question_id, sentence, sentence_translation, is_correct, "order") VALUES (82300009, '当社（とうしゃ）', '当社 — công ty chúng tôi (trung lập)', FALSE, 4);
INSERT INTO questions (id, user_id, is_system, is_khoa_cu, question_type, content_type, level, selection_type, question, passage, passage_translation, general_explanation, skill_category, base_difficulty, tenant_id, is_active, is_deleted, created_at, created_by) VALUES (82300010, NULL, TRUE, FALSE, 'chon_dap_an', 'keigo_baitap_keigo_phan_loai', 'BJT-1', 'single', '「あなたの家」を尊敬語で言うと何ですか？

「あなたの家（nhà của bạn）」nói theo Sonkeigo là gì?', NULL, NULL, 'Cả hai đều là Sonkeigo của 家 (nhà), nhưng mức độ trang trọng khác nhau: 「お宅（おたく）」thường dùng hơn trong hội thoại (Ngài ở đâu? → お宅はどちらですか). 「ご自宅（ごじたく）」trang trọng hơn, thường dùng trong văn viết hoặc khi hỏi địa chỉ. Trong BJT, cả hai đều xuất hiện.

💡 お宅 (nói) / ご自宅 (viết/trang trọng hơn) = nhà của NGÀI — đều là Sonkeigo hợp lệ', 'grammar', 1, 'system', TRUE, FALSE, NOW(), 'system') ON CONFLICT (id) DO UPDATE SET question_type = EXCLUDED.question_type, content_type = EXCLUDED.content_type, level = EXCLUDED.level, question = EXCLUDED.question, passage = EXCLUDED.passage, passage_translation = EXCLUDED.passage_translation, general_explanation = EXCLUDED.general_explanation, skill_category = EXCLUDED.skill_category, base_difficulty = EXCLUDED.base_difficulty, is_active = EXCLUDED.is_active, is_deleted = EXCLUDED.is_deleted, updated_at = NOW(), updated_by = 'system';
DELETE FROM questions_answers WHERE question_id = 82300010;
INSERT INTO questions_answers (question_id, sentence, sentence_translation, is_correct, "order") VALUES (82300010, 'お家（おうち）', 'お家 (nhà — thêm お, thân mật)', FALSE, 1);
INSERT INTO questions_answers (question_id, sentence, sentence_translation, is_correct, "order") VALUES (82300010, 'お宅（おたく）', 'お宅 (tư thất của ngài — Sonkeigo trang trọng)', FALSE, 2);
INSERT INTO questions_answers (question_id, sentence, sentence_translation, is_correct, "order") VALUES (82300010, 'ご自宅（ごじたく）', 'ご自宅 (tư thất của ngài — trang trọng hơn)', FALSE, 3);
INSERT INTO questions_answers (question_id, sentence, sentence_translation, is_correct, "order") VALUES (82300010, 'B và C đều đúng', 'Cả お宅 và ご自宅 đều đúng tùy mức độ', TRUE, 4);
INSERT INTO questions (id, user_id, is_system, is_khoa_cu, question_type, content_type, level, selection_type, question, passage, passage_translation, general_explanation, skill_category, base_difficulty, tenant_id, is_active, is_deleted, created_at, created_by) VALUES (82300011, NULL, TRUE, FALSE, 'chon_dap_an', 'keigo_baitap_keigo_phan_loai', 'BJT-2', 'single', '「部長はもう報告書を読みましたか？」を尊敬語に直すと？

Chuyển câu 「部長はもう報告書を読みましたか？」(Trưởng phòng đã đọc báo cáo chưa?) sang Sonkeigo:', NULL, NULL, '「お読みになる」là cấu trúc Sonkeigo chuẩn nhất: お + 読み (masu-stem) + になる. Câu D (読まれましたか) cũng là Sonkeigo nhưng dùng cấu trúc 〜れる — mức độ kính trọng thấp hơn A. Câu B sai vì 拝読 (はいどく) là Kenjougo. Câu C sai vì お〜する là Kenjougo.

💡 お〜になる > 〜れる/られる về mức độ tôn kính. Dùng お〜になる khi muốn thật trang trọng.', 'grammar', 2, 'system', TRUE, FALSE, NOW(), 'system') ON CONFLICT (id) DO UPDATE SET question_type = EXCLUDED.question_type, content_type = EXCLUDED.content_type, level = EXCLUDED.level, question = EXCLUDED.question, passage = EXCLUDED.passage, passage_translation = EXCLUDED.passage_translation, general_explanation = EXCLUDED.general_explanation, skill_category = EXCLUDED.skill_category, base_difficulty = EXCLUDED.base_difficulty, is_active = EXCLUDED.is_active, is_deleted = EXCLUDED.is_deleted, updated_at = NOW(), updated_by = 'system';
DELETE FROM questions_answers WHERE question_id = 82300011;
INSERT INTO questions_answers (question_id, sentence, sentence_translation, is_correct, "order") VALUES (82300011, '部長はもう報告書をお読みになりましたか？', 'Trưởng phòng đã đọc báo cáo chưa ạ? (お読みになる — Sonkeigo chuẩn)', TRUE, 1);
INSERT INTO questions_answers (question_id, sentence, sentence_translation, is_correct, "order") VALUES (82300011, '部長はもう報告書を拝読されましたか？', 'Trưởng phòng đã kính đọc báo cáo chưa ạ? (拝読 là Kenjougo — sai)', FALSE, 2);
INSERT INTO questions_answers (question_id, sentence, sentence_translation, is_correct, "order") VALUES (82300011, '部長はもう報告書をお読みしましたか？', 'Trưởng phòng đã đọc báo cáo chưa? (お〜する = Kenjougo — sai)', FALSE, 3);
INSERT INTO questions_answers (question_id, sentence, sentence_translation, is_correct, "order") VALUES (82300011, '部長はもう報告書を読まれましたか？', 'Trưởng phòng đã đọc báo cáo chưa ạ? (〜れる — Sonkeigo nhẹ)', FALSE, 4);
INSERT INTO questions (id, user_id, is_system, is_khoa_cu, question_type, content_type, level, selection_type, question, passage, passage_translation, general_explanation, skill_category, base_difficulty, tenant_id, is_active, is_deleted, created_at, created_by) VALUES (82300012, NULL, TRUE, FALSE, 'chon_dap_an', 'keigo_baitap_keigo_phan_loai', 'BJT-2', 'single', 'お客様への質問として最も丁寧な表現はどれですか？（「利用する」の尊敬語）

Câu nào lịch sự nhất khi hỏi khách hàng về việc sử dụng dịch vụ? (Sonkeigo của 利用する)', NULL, NULL, '「ご利用になる」là cấu trúc Sonkeigo chuẩn cho động từ gốc Hán (ご + danh từ Hán-Nhật + になる). Câu B: 「ご利用される」là lỗi phổ biến — kết hợp ご〜 với 〜れる tạo ra ''dùng kép kính ngữ'' (二重敬語) không được chấp nhận. Câu D dùng いたす = Kenjougo, áp dụng sai cho chủ ngữ khách hàng.

💡 ご〜になる ✅ | ご〜される ❌ (二重敬語) — lỗi cực phổ biến cần tránh!', 'grammar', 2, 'system', TRUE, FALSE, NOW(), 'system') ON CONFLICT (id) DO UPDATE SET question_type = EXCLUDED.question_type, content_type = EXCLUDED.content_type, level = EXCLUDED.level, question = EXCLUDED.question, passage = EXCLUDED.passage, passage_translation = EXCLUDED.passage_translation, general_explanation = EXCLUDED.general_explanation, skill_category = EXCLUDED.skill_category, base_difficulty = EXCLUDED.base_difficulty, is_active = EXCLUDED.is_active, is_deleted = EXCLUDED.is_deleted, updated_at = NOW(), updated_by = 'system';
DELETE FROM questions_answers WHERE question_id = 82300012;
INSERT INTO questions_answers (question_id, sentence, sentence_translation, is_correct, "order") VALUES (82300012, 'サービスを利用しますか？', 'Bạn có sử dụng dịch vụ không? (thông thường)', FALSE, 1);
INSERT INTO questions_answers (question_id, sentence, sentence_translation, is_correct, "order") VALUES (82300012, 'サービスをご利用されますか？', 'Ngài có sử dụng dịch vụ không? (ご〜される — dùng kép sai)', FALSE, 2);
INSERT INTO questions_answers (question_id, sentence, sentence_translation, is_correct, "order") VALUES (82300012, 'サービスをご利用になりますか？', 'Ngài có sử dụng dịch vụ không ạ? (ご〜になる — chuẩn)', TRUE, 3);
INSERT INTO questions_answers (question_id, sentence, sentence_translation, is_correct, "order") VALUES (82300012, 'サービスをご利用いたしますか？', 'Ngài có sử dụng dịch vụ không? (ご〜いたす = Kenjougo — sai)', FALSE, 4);
INSERT INTO questions (id, user_id, is_system, is_khoa_cu, question_type, content_type, level, selection_type, question, passage, passage_translation, general_explanation, skill_category, base_difficulty, tenant_id, is_active, is_deleted, created_at, created_by) VALUES (82300013, NULL, TRUE, FALSE, 'chon_dap_an', 'keigo_baitap_keigo_phan_loai', 'BJT-2', 'single', '「来る」の尊敬語として正しいものをすべて選んでください。

Chọn TẤT CẢ các dạng Sonkeigo đúng của động từ「来る」(đến):', NULL, NULL, '「来る」có 3 dạng Sonkeigo với mức độ trang trọng khác nhau: (1) いらっしゃる — cao nhất, phổ biến nhất; (2) おいでになる — tương đương いらっしゃる, hơi cổ điển hơn; (3) 来られる (こられる) — dùng cấu trúc 〜られる, mức trang trọng thấp hơn. Cả ba đều hợp lệ trong BJT nhưng いらっしゃる là an toàn nhất.

💡 いらっしゃる ≒ おいでになる > 来られる — dùng いらっしゃる khi không chắc chắn!', 'grammar', 2, 'system', TRUE, FALSE, NOW(), 'system') ON CONFLICT (id) DO UPDATE SET question_type = EXCLUDED.question_type, content_type = EXCLUDED.content_type, level = EXCLUDED.level, question = EXCLUDED.question, passage = EXCLUDED.passage, passage_translation = EXCLUDED.passage_translation, general_explanation = EXCLUDED.general_explanation, skill_category = EXCLUDED.skill_category, base_difficulty = EXCLUDED.base_difficulty, is_active = EXCLUDED.is_active, is_deleted = EXCLUDED.is_deleted, updated_at = NOW(), updated_by = 'system';
DELETE FROM questions_answers WHERE question_id = 82300013;
INSERT INTO questions_answers (question_id, sentence, sentence_translation, is_correct, "order") VALUES (82300013, 'いらっしゃる のみ', 'Chỉ いらっしゃる', FALSE, 1);
INSERT INTO questions_answers (question_id, sentence, sentence_translation, is_correct, "order") VALUES (82300013, '来られる のみ', 'Chỉ 来られる', FALSE, 2);
INSERT INTO questions_answers (question_id, sentence, sentence_translation, is_correct, "order") VALUES (82300013, 'おいでになる のみ', 'Chỉ おいでになる', FALSE, 3);
INSERT INTO questions_answers (question_id, sentence, sentence_translation, is_correct, "order") VALUES (82300013, 'いらっしゃる・来られる・おいでになる の全て', 'Cả ba: いらっしゃる・来られる・おいでになる', TRUE, 4);
INSERT INTO questions (id, user_id, is_system, is_khoa_cu, question_type, content_type, level, selection_type, question, passage, passage_translation, general_explanation, skill_category, base_difficulty, tenant_id, is_active, is_deleted, created_at, created_by) VALUES (82300014, NULL, TRUE, FALSE, 'chon_dap_an', 'keigo_baitap_keigo_phan_loai', 'BJT-2', 'single', '「どうぞ、（　）ください」— 「座る（すわる）」の尊敬語を使って文を完成させてください。

「どうぞ、______ください」— Hoàn thành câu bằng Sonkeigo của 座る (ngồi):', NULL, NULL, 'Cả hai đều là Sonkeigo hợp lệ: 「お座りになってください」và「おかけになってください」(お掛けになる). Thực tế, trong môi trường kinh doanh Nhật,「おかけください」(viết tắt) hoặc「どうぞおかけになってください」là cách mời ngồi tự nhiên và phổ biến nhất. 「お座りください」cũng dùng được nhưng「おかけ」được dùng nhiều hơn khi mời vào ghế.

💡 どうぞおかけください / おかけになってください = mời ngồi chuẩn trong tiếp khách kinh doanh', 'grammar', 2, 'system', TRUE, FALSE, NOW(), 'system') ON CONFLICT (id) DO UPDATE SET question_type = EXCLUDED.question_type, content_type = EXCLUDED.content_type, level = EXCLUDED.level, question = EXCLUDED.question, passage = EXCLUDED.passage, passage_translation = EXCLUDED.passage_translation, general_explanation = EXCLUDED.general_explanation, skill_category = EXCLUDED.skill_category, base_difficulty = EXCLUDED.base_difficulty, is_active = EXCLUDED.is_active, is_deleted = EXCLUDED.is_deleted, updated_at = NOW(), updated_by = 'system';
DELETE FROM questions_answers WHERE question_id = 82300014;
INSERT INTO questions_answers (question_id, sentence, sentence_translation, is_correct, "order") VALUES (82300014, '座って', '座って (thông thường)', FALSE, 1);
INSERT INTO questions_answers (question_id, sentence, sentence_translation, is_correct, "order") VALUES (82300014, 'お座りになって', 'お座りになって (Sonkeigo — お〜になる)', FALSE, 2);
INSERT INTO questions_answers (question_id, sentence, sentence_translation, is_correct, "order") VALUES (82300014, 'おかけになって', 'おかけになって (Sonkeigo — お掛けになる, tự nhiên hơn)', FALSE, 3);
INSERT INTO questions_answers (question_id, sentence, sentence_translation, is_correct, "order") VALUES (82300014, 'B và C đều đúng', 'Cả B và C đều là Sonkeigo hợp lệ', TRUE, 4);
INSERT INTO questions (id, user_id, is_system, is_khoa_cu, question_type, content_type, level, selection_type, question, passage, passage_translation, general_explanation, skill_category, base_difficulty, tenant_id, is_active, is_deleted, created_at, created_by) VALUES (82300015, NULL, TRUE, FALSE, 'chon_dap_an', 'keigo_baitap_keigo_phan_loai', 'BJT-2', 'single', 'お客様に「名前を知っていますか？」を丁寧に聞く場合、正しい表現は？

Khi lịch sự hỏi khách hàng ''Ngài có biết tên không?'', câu nào đúng?', NULL, NULL, '「ご存知でしょうか」là cách hỏi chuẩn nhất: ご存知 (Sonkeigo của 知る) + でしょうか (hỏi lịch sự). Câu B dùng でいらっしゃいます sau ご存知 — về nguyên tắc không sai nhưng nghe rất cứng, ít tự nhiên. Câu D sai vì 存じる là Kenjougo — chủ ngữ phải là MÌNH, không phải khách hàng.

💡 ご存知でしょうか = Ngài có biết không ạ? — chuẩn và tự nhiên nhất', 'grammar', 2, 'system', TRUE, FALSE, NOW(), 'system') ON CONFLICT (id) DO UPDATE SET question_type = EXCLUDED.question_type, content_type = EXCLUDED.content_type, level = EXCLUDED.level, question = EXCLUDED.question, passage = EXCLUDED.passage, passage_translation = EXCLUDED.passage_translation, general_explanation = EXCLUDED.general_explanation, skill_category = EXCLUDED.skill_category, base_difficulty = EXCLUDED.base_difficulty, is_active = EXCLUDED.is_active, is_deleted = EXCLUDED.is_deleted, updated_at = NOW(), updated_by = 'system';
DELETE FROM questions_answers WHERE question_id = 82300015;
INSERT INTO questions_answers (question_id, sentence, sentence_translation, is_correct, "order") VALUES (82300015, 'お名前を知っていますか？', 'Ngài có biết tên không? (thông thường)', FALSE, 1);
INSERT INTO questions_answers (question_id, sentence, sentence_translation, is_correct, "order") VALUES (82300015, 'お名前をご存知でいらっしゃいますか？', 'Ngài có biết tên không ạ? (Sonkeigo kép — quá mức)', FALSE, 2);
INSERT INTO questions_answers (question_id, sentence, sentence_translation, is_correct, "order") VALUES (82300015, 'お名前をご存知でしょうか？', 'Không biết ngài có biết tên không ạ? (Sonkeigo + lịch sự)', TRUE, 3);
INSERT INTO questions_answers (question_id, sentence, sentence_translation, is_correct, "order") VALUES (82300015, 'お名前を存じていますか？', 'Ngài có biết tên không? (存じる = Kenjougo — sai chủ ngữ)', FALSE, 4);
INSERT INTO questions (id, user_id, is_system, is_khoa_cu, question_type, content_type, level, selection_type, question, passage, passage_translation, general_explanation, skill_category, base_difficulty, tenant_id, is_active, is_deleted, created_at, created_by) VALUES (82300016, NULL, TRUE, FALSE, 'chon_dap_an', 'keigo_baitap_keigo_phan_loai', 'BJT-2', 'single', '「社長はまだ来ていません」をお客様に伝える場合、正しいのは？（社長はUchiではなくSotoの立場で考える場合）

Thông báo với khách rằng ''Giám đốc chưa đến'' — khi Giám đốc là người BÊN NGOÀI công ty mình (Soto), câu nào đúng?', NULL, NULL, 'Bài này kiểm tra nhận thức Uchi/Soto từ góc độ ngược: khi Giám đốc là người BÊN NGOÀI (ví dụ: giám đốc của công ty đối tác, hoặc giám đốc đến thăm từ bên ngoài), thì phải dùng Sonkeigo. 「いらっしゃいません」là phủ định của いらっしゃる. Câu A/D dùng Kenjougo — chỉ đúng khi nói về người Uchi (sếp của chính mình).

💡 Điểm then chốt: chủ ngữ là Uchi → Kenjougo | chủ ngữ là Soto → Sonkeigo. Không phải địa vị mà là ''trong/ngoài nhóm''!', 'grammar', 2, 'system', TRUE, FALSE, NOW(), 'system') ON CONFLICT (id) DO UPDATE SET question_type = EXCLUDED.question_type, content_type = EXCLUDED.content_type, level = EXCLUDED.level, question = EXCLUDED.question, passage = EXCLUDED.passage, passage_translation = EXCLUDED.passage_translation, general_explanation = EXCLUDED.general_explanation, skill_category = EXCLUDED.skill_category, base_difficulty = EXCLUDED.base_difficulty, is_active = EXCLUDED.is_active, is_deleted = EXCLUDED.is_deleted, updated_at = NOW(), updated_by = 'system';
DELETE FROM questions_answers WHERE question_id = 82300016;
INSERT INTO questions_answers (question_id, sentence, sentence_translation, is_correct, "order") VALUES (82300016, '社長はまだ参っておりません。', 'Giám đốc chưa đến ạ. (Kenjougo — dùng khi là Uchi)', FALSE, 1);
INSERT INTO questions_answers (question_id, sentence, sentence_translation, is_correct, "order") VALUES (82300016, '社長はまだいらっしゃいません。', 'Giám đốc chưa đến ạ. (Sonkeigo — dùng khi là Soto) ✅', TRUE, 2);
INSERT INTO questions_answers (question_id, sentence, sentence_translation, is_correct, "order") VALUES (82300016, '社長はまだ来ません。', 'Giám đốc chưa đến. (thông thường — không đủ lịch sự)', FALSE, 3);
INSERT INTO questions_answers (question_id, sentence, sentence_translation, is_correct, "order") VALUES (82300016, '社長はただいまおりません。', 'Giám đốc hiện không có mặt. (Kenjougo — không phù hợp ngữ cảnh)', FALSE, 4);
INSERT INTO questions (id, user_id, is_system, is_khoa_cu, question_type, content_type, level, selection_type, question, passage, passage_translation, general_explanation, skill_category, base_difficulty, tenant_id, is_active, is_deleted, created_at, created_by) VALUES (82300017, NULL, TRUE, FALSE, 'chon_dap_an', 'keigo_baitap_keigo_phan_loai', 'BJT-2', 'single', '「先生が書いた」を最も丁寧な尊敬語にしてください。

Chuyển 「先生が書いた」(Thầy đã viết) sang Sonkeigo trang trọng nhất:', NULL, NULL, '「お書きになった」sử dụng cấu trúc お + 書き (masu-stem của 書く) + になった — đây là Sonkeigo chuẩn và trang trọng nhất. Câu A (書かれた) cũng là Sonkeigo nhưng mức độ thấp hơn. Câu C sai vì お〜する là Kenjougo. Câu D thiếu お trước 書き nên không đúng cấu trúc.

💡 Cấu trúc: お + [masu-stem] + になる — nhớ PHẢI có お ở đầu và になる ở cuối!', 'grammar', 2, 'system', TRUE, FALSE, NOW(), 'system') ON CONFLICT (id) DO UPDATE SET question_type = EXCLUDED.question_type, content_type = EXCLUDED.content_type, level = EXCLUDED.level, question = EXCLUDED.question, passage = EXCLUDED.passage, passage_translation = EXCLUDED.passage_translation, general_explanation = EXCLUDED.general_explanation, skill_category = EXCLUDED.skill_category, base_difficulty = EXCLUDED.base_difficulty, is_active = EXCLUDED.is_active, is_deleted = EXCLUDED.is_deleted, updated_at = NOW(), updated_by = 'system';
DELETE FROM questions_answers WHERE question_id = 82300017;
INSERT INTO questions_answers (question_id, sentence, sentence_translation, is_correct, "order") VALUES (82300017, '先生が書かれた', '先生が書かれた (〜れる — Sonkeigo nhẹ)', FALSE, 1);
INSERT INTO questions_answers (question_id, sentence, sentence_translation, is_correct, "order") VALUES (82300017, '先生がお書きになった', '先生がお書きになった (お〜になる — Sonkeigo mạnh)', TRUE, 2);
INSERT INTO questions_answers (question_id, sentence, sentence_translation, is_correct, "order") VALUES (82300017, '先生がお書きした', '先生がお書きした (お〜する = Kenjougo — SAI)', FALSE, 3);
INSERT INTO questions_answers (question_id, sentence, sentence_translation, is_correct, "order") VALUES (82300017, '先生が書きになった', '先生が書きになった (thiếu お — không đúng cấu trúc)', FALSE, 4);
INSERT INTO questions (id, user_id, is_system, is_khoa_cu, question_type, content_type, level, selection_type, question, passage, passage_translation, general_explanation, skill_category, base_difficulty, tenant_id, is_active, is_deleted, created_at, created_by) VALUES (82300018, NULL, TRUE, FALSE, 'chon_dap_an', 'keigo_baitap_keigo_phan_loai', 'BJT-2', 'single', '「お客様が資料を送ってくれた」を丁寧な尊敬語に直すと？

Chuyển 「お客様が資料を送ってくれた」(Khách hàng đã gửi tài liệu cho tôi) sang Sonkeigo lịch sự:', NULL, NULL, 'Câu B: 「お送りくださった」= Sonkeigo, chủ ngữ là khách hàng (khách hàng CHO mình). Câu A: 「送っていただいた」= Kenjougo, chủ ngữ ngầm là mình (mình NHẬN từ khách hàng). Cả hai đều đúng, nghĩa gần như nhau nhưng góc nhìn khác: B nhấn mạnh hành động tốt của khách, A nhấn mạnh mình được thụ hưởng ơn đó. Câu C cũng Sonkeigo nhưng ít trang trọng hơn B.

💡 くださる (chủ ngữ = đối phương CHO mình) ↔ いただく (chủ ngữ = mình NHẬN) — cùng tình huống, khác góc nhìn', 'grammar', 2, 'system', TRUE, FALSE, NOW(), 'system') ON CONFLICT (id) DO UPDATE SET question_type = EXCLUDED.question_type, content_type = EXCLUDED.content_type, level = EXCLUDED.level, question = EXCLUDED.question, passage = EXCLUDED.passage, passage_translation = EXCLUDED.passage_translation, general_explanation = EXCLUDED.general_explanation, skill_category = EXCLUDED.skill_category, base_difficulty = EXCLUDED.base_difficulty, is_active = EXCLUDED.is_active, is_deleted = EXCLUDED.is_deleted, updated_at = NOW(), updated_by = 'system';
DELETE FROM questions_answers WHERE question_id = 82300018;
INSERT INTO questions_answers (question_id, sentence, sentence_translation, is_correct, "order") VALUES (82300018, 'お客様が資料を送っていただいた', 'Được khách hàng gửi tài liệu cho. (いただく = Kenjougo — đổi góc nhìn)', FALSE, 1);
INSERT INTO questions_answers (question_id, sentence, sentence_translation, is_correct, "order") VALUES (82300018, 'お客様が資料をお送りくださった', 'Khách hàng đã gửi tài liệu cho tôi. (お送りくださる = Sonkeigo)', FALSE, 2);
INSERT INTO questions_answers (question_id, sentence, sentence_translation, is_correct, "order") VALUES (82300018, 'お客様が資料を送られた', 'Khách hàng đã gửi tài liệu. (〜れる = Sonkeigo nhẹ)', FALSE, 3);
INSERT INTO questions_answers (question_id, sentence, sentence_translation, is_correct, "order") VALUES (82300018, 'B と A は両方正しい', 'Cả B và A đều đúng nhưng góc nhìn khác nhau', TRUE, 4);
INSERT INTO questions (id, user_id, is_system, is_khoa_cu, question_type, content_type, level, selection_type, question, passage, passage_translation, general_explanation, skill_category, base_difficulty, tenant_id, is_active, is_deleted, created_at, created_by) VALUES (82300019, NULL, TRUE, FALSE, 'chon_dap_an', 'keigo_baitap_keigo_phan_loai', 'BJT-2', 'single', 'お客様が来た時の最初の挨拶として最も自然な表現はどれですか？

Khi khách hàng đến, câu chào hỏi đầu tiên nào tự nhiên nhất?', NULL, NULL, '「いらっしゃいませ」(A) là câu chào chuẩn khi khách vừa bước vào — phổ biến nhất trong môi trường bán lẻ và văn phòng tiếp khách. 「お越しいただきありがとうございます」(C) trang trọng hơn, thường dùng trong các buổi họp kinh doanh hoặc sau khi khách đã an vị. Cả hai đều là Sonkeigo: いらっしゃいませ (いらっしゃる) và お越し (越す = đến).

💡 いらっしゃいませ = chào khách vào cửa | お越しいただきありがとうございます = cảm ơn khách đã đến (sau khi vào)', 'grammar', 2, 'system', TRUE, FALSE, NOW(), 'system') ON CONFLICT (id) DO UPDATE SET question_type = EXCLUDED.question_type, content_type = EXCLUDED.content_type, level = EXCLUDED.level, question = EXCLUDED.question, passage = EXCLUDED.passage, passage_translation = EXCLUDED.passage_translation, general_explanation = EXCLUDED.general_explanation, skill_category = EXCLUDED.skill_category, base_difficulty = EXCLUDED.base_difficulty, is_active = EXCLUDED.is_active, is_deleted = EXCLUDED.is_deleted, updated_at = NOW(), updated_by = 'system';
DELETE FROM questions_answers WHERE question_id = 82300019;
INSERT INTO questions_answers (question_id, sentence, sentence_translation, is_correct, "order") VALUES (82300019, 'いらっしゃいませ。', 'Xin kính chào quý khách. (chào đón — chuẩn)', FALSE, 1);
INSERT INTO questions_answers (question_id, sentence, sentence_translation, is_correct, "order") VALUES (82300019, 'こんにちは、来ましたね。', 'Chào buổi chiều, bạn đến rồi nhỉ. (quá thân mật)', FALSE, 2);
INSERT INTO questions_answers (question_id, sentence, sentence_translation, is_correct, "order") VALUES (82300019, 'お越しいただきありがとうございます。', 'Cảm ơn quý vị đã ghé đến. (trang trọng, lịch sự cao)', FALSE, 3);
INSERT INTO questions_answers (question_id, sentence, sentence_translation, is_correct, "order") VALUES (82300019, 'A と C の両方が適切', 'Cả A và C đều phù hợp tùy ngữ cảnh', TRUE, 4);
INSERT INTO questions (id, user_id, is_system, is_khoa_cu, question_type, content_type, level, selection_type, question, passage, passage_translation, general_explanation, skill_category, base_difficulty, tenant_id, is_active, is_deleted, created_at, created_by) VALUES (82300020, NULL, TRUE, FALSE, 'chon_dap_an', 'keigo_baitap_keigo_phan_loai', 'BJT-2', 'single', '次の3つの表現を丁寧さの低い順に並べてください。
①お読みになる ②読まれる ③読む

Sắp xếp 3 cách diễn đạt sau từ ÍT trang trọng đến NHIỀU trang trọng:
① お読みになる ② 読まれる ③ 読む', NULL, NULL, 'Thang mức độ Sonkeigo cho動詞: ③ 読む (thường, không kính ngữ) < ② 読まれる (〜れる: Sonkeigo nhẹ, mức thấp nhất) < ① お読みになる (お〜になる: Sonkeigo mạnh nhất). Trong giao tiếp kinh doanh chuẩn BJT, nên dùng お読みになる khi muốn thể hiện sự kính trọng đầy đủ. 〜れる dùng khi ngữ cảnh không quá trang trọng.

💡 お〜になる > おいでになる ≒ 〜られる — dùng お〜になる cho môi trường kinh doanh trang trọng', 'grammar', 2, 'system', TRUE, FALSE, NOW(), 'system') ON CONFLICT (id) DO UPDATE SET question_type = EXCLUDED.question_type, content_type = EXCLUDED.content_type, level = EXCLUDED.level, question = EXCLUDED.question, passage = EXCLUDED.passage, passage_translation = EXCLUDED.passage_translation, general_explanation = EXCLUDED.general_explanation, skill_category = EXCLUDED.skill_category, base_difficulty = EXCLUDED.base_difficulty, is_active = EXCLUDED.is_active, is_deleted = EXCLUDED.is_deleted, updated_at = NOW(), updated_by = 'system';
DELETE FROM questions_answers WHERE question_id = 82300020;
INSERT INTO questions_answers (question_id, sentence, sentence_translation, is_correct, "order") VALUES (82300020, '③→②→①', '③ 読む (thông thường) → ② 読まれる (Sonkeigo nhẹ) → ① お読みになる (Sonkeigo mạnh)', TRUE, 1);
INSERT INTO questions_answers (question_id, sentence, sentence_translation, is_correct, "order") VALUES (82300020, '②→③→①', '② → ③ → ①', FALSE, 2);
INSERT INTO questions_answers (question_id, sentence, sentence_translation, is_correct, "order") VALUES (82300020, '①→②→③', '① (mạnh nhất) → ② → ③ (yếu nhất)', FALSE, 3);
INSERT INTO questions_answers (question_id, sentence, sentence_translation, is_correct, "order") VALUES (82300020, '③→①→②', '③ → ① → ②', FALSE, 4);
INSERT INTO questions (id, user_id, is_system, is_khoa_cu, question_type, content_type, level, selection_type, question, passage, passage_translation, general_explanation, skill_category, base_difficulty, tenant_id, is_active, is_deleted, created_at, created_by) VALUES (82300021, NULL, TRUE, FALSE, 'chon_dap_an', 'keigo_baitap_keigo_phan_loai', 'BJT-3', 'single', '電話で「山田様はいますか？」と聞かれた。山田さんは取引先の人です。正しい応答はどれですか？

Qua điện thoại, bạn được hỏi 「山田様はいますか？」(Ông Yamada có ở đó không?). Yamada là người của công ty đối tác. Câu trả lời đúng?', NULL, NULL, 'Đây là tình huống ngược với Uchi/Soto thông thường: Yamada là người của công ty ĐỐI TÁC (Soto), không phải công ty mình. Vì vậy phải dùng Sonkeigo: 「いらっしゃいます」. Nếu Yamada là nhân viên công ty MÌNH đang được khách hỏi, thì mới dùng 「おります」(Kenjougo). Câu D sai vì 参る là Kenjougo — không dùng cho người Soto.

💡 Khi người được hỏi là nhân viên công ty ĐỐI TÁC/KHÁCH = Soto → dùng Sonkeigo (いらっしゃいます)', 'grammar', 3, 'system', TRUE, FALSE, NOW(), 'system') ON CONFLICT (id) DO UPDATE SET question_type = EXCLUDED.question_type, content_type = EXCLUDED.content_type, level = EXCLUDED.level, question = EXCLUDED.question, passage = EXCLUDED.passage, passage_translation = EXCLUDED.passage_translation, general_explanation = EXCLUDED.general_explanation, skill_category = EXCLUDED.skill_category, base_difficulty = EXCLUDED.base_difficulty, is_active = EXCLUDED.is_active, is_deleted = EXCLUDED.is_deleted, updated_at = NOW(), updated_by = 'system';
DELETE FROM questions_answers WHERE question_id = 82300021;
INSERT INTO questions_answers (question_id, sentence, sentence_translation, is_correct, "order") VALUES (82300021, 'はい、山田はおります。少々お待ちください。', 'Vâng, Yamada đang có mặt. Xin vui lòng chờ. (Kenjougo — dùng khi Yamada là Uchi)', FALSE, 1);
INSERT INTO questions_answers (question_id, sentence, sentence_translation, is_correct, "order") VALUES (82300021, 'はい、山田様はいらっしゃいます。少々お待ちください。', 'Vâng, ông Yamada đang có mặt ạ. Xin vui lòng chờ. (Sonkeigo — đúng vì Yamada là Soto)', TRUE, 2);
INSERT INTO questions_answers (question_id, sentence, sentence_translation, is_correct, "order") VALUES (82300021, 'はい、山田さんは来ています。待ってください。', 'Vâng, anh Yamada đang có mặt. Chờ nhé. (thông thường — không đủ lịch sự)', FALSE, 3);
INSERT INTO questions_answers (question_id, sentence, sentence_translation, is_correct, "order") VALUES (82300021, 'はい、山田様は参っております。少々お待ちください。', 'Vâng, ông Yamada đang có mặt ạ. (参る = Kenjougo — sai khi Yamada là Soto)', FALSE, 4);
INSERT INTO questions (id, user_id, is_system, is_khoa_cu, question_type, content_type, level, selection_type, question, passage, passage_translation, general_explanation, skill_category, base_difficulty, tenant_id, is_active, is_deleted, created_at, created_by) VALUES (82300022, NULL, TRUE, FALSE, 'chon_dap_an', 'keigo_baitap_keigo_phan_loai', 'BJT-3', 'single', 'メールで「先日送ったメールを見てもらいましたか」を最もビジネス的な表現にすると？

Chuyển câu 「先日送ったメールを見てもらいましたか」thành tiếng Nhật kinh doanh chuẩn nhất:', NULL, NULL, 'Câu A: お送りする (Kenjougo cho hành động gửi của mình) + ご覧いただく (Sonkeigo ご覧 + Kenjougo いただく kết hợp). Câu C: ご送付いたす (Kenjougo) + お読みになる (Sonkeigo). Cả hai đều chuẩn và chuyên nghiệp. Câu B cũng đúng nhưng thiếu Kenjougo cho hành động ''gửi'' của mình nên ít hoàn chỉnh hơn.

💡 Chuẩn email kinh doanh: Kenjougo cho hành động của MÌNH + Sonkeigo cho hành động của ĐỐI PHƯƠNG trong cùng câu', 'grammar', 3, 'system', TRUE, FALSE, NOW(), 'system') ON CONFLICT (id) DO UPDATE SET question_type = EXCLUDED.question_type, content_type = EXCLUDED.content_type, level = EXCLUDED.level, question = EXCLUDED.question, passage = EXCLUDED.passage, passage_translation = EXCLUDED.passage_translation, general_explanation = EXCLUDED.general_explanation, skill_category = EXCLUDED.skill_category, base_difficulty = EXCLUDED.base_difficulty, is_active = EXCLUDED.is_active, is_deleted = EXCLUDED.is_deleted, updated_at = NOW(), updated_by = 'system';
DELETE FROM questions_answers WHERE question_id = 82300022;
INSERT INTO questions_answers (question_id, sentence, sentence_translation, is_correct, "order") VALUES (82300022, '先日お送りしたメールはご覧いただけましたでしょうか。', 'Email tôi kính gửi hôm trước, không biết quý vị đã xem qua chưa ạ?', FALSE, 1);
INSERT INTO questions_answers (question_id, sentence, sentence_translation, is_correct, "order") VALUES (82300022, '先日送ったメールをご覧になりましたでしょうか。', 'Email hôm trước, quý vị đã xem chưa ạ? (Sonkeigo thuần)', FALSE, 2);
INSERT INTO questions_answers (question_id, sentence, sentence_translation, is_correct, "order") VALUES (82300022, '先日ご送付いたしましたメールはお読みになりましたでしょうか。', 'Email tôi kính gửi hôm trước, quý vị đã đọc chưa ạ? (chuẩn, trang trọng)', FALSE, 3);
INSERT INTO questions_answers (question_id, sentence, sentence_translation, is_correct, "order") VALUES (82300022, 'A と C の両方が最もビジネス的', 'Cả A và C đều là tiếng Nhật kinh doanh chuẩn nhất', TRUE, 4);
INSERT INTO questions (id, user_id, is_system, is_khoa_cu, question_type, content_type, level, selection_type, question, passage, passage_translation, general_explanation, skill_category, base_difficulty, tenant_id, is_active, is_deleted, created_at, created_by) VALUES (82300023, NULL, TRUE, FALSE, 'chon_dap_an', 'keigo_baitap_keigo_phan_loai', 'BJT-3', 'single', 'お客様を会議室へ案内する時の正しい表現の順番はどれですか？

Khi dẫn khách đến phòng họp, thứ tự các câu nào đúng nhất?', NULL, NULL, 'Câu A đúng và tự nhiên trong môi trường kinh doanh thông thường. Câu C trang trọng hơn — dùng Sonkeigo đầy đủ hơn (いらっしゃいませ, おかけになってください). Trong BJT thường xuất hiện cả hai loại. Câu B hoàn toàn không phù hợp trong tiếp khách chuyên nghiệp. Lưu ý:「でございます」là Teineigo trang trọng nhất của です.

💡 Tiếp khách tại văn phòng: こちらへどうぞ → 〜でございます → どうぞおかけください — 3 bước cơ bản', 'grammar', 3, 'system', TRUE, FALSE, NOW(), 'system') ON CONFLICT (id) DO UPDATE SET question_type = EXCLUDED.question_type, content_type = EXCLUDED.content_type, level = EXCLUDED.level, question = EXCLUDED.question, passage = EXCLUDED.passage, passage_translation = EXCLUDED.passage_translation, general_explanation = EXCLUDED.general_explanation, skill_category = EXCLUDED.skill_category, base_difficulty = EXCLUDED.base_difficulty, is_active = EXCLUDED.is_active, is_deleted = EXCLUDED.is_deleted, updated_at = NOW(), updated_by = 'system';
DELETE FROM questions_answers WHERE question_id = 82300023;
INSERT INTO questions_answers (question_id, sentence, sentence_translation, is_correct, "order") VALUES (82300023, '①「こちらへどうぞ」②「会議室でございます」③「どうぞおかけください」', '① Mời đi theo lối này ② Đây là phòng họp ③ Mời ngài ngồi', FALSE, 1);
INSERT INTO questions_answers (question_id, sentence, sentence_translation, is_correct, "order") VALUES (82300023, '①「こっちに来て」②「部屋です」③「座ってください」', '① Đây này ② Đây là phòng ③ Ngồi đi (thô — không phù hợp)', FALSE, 2);
INSERT INTO questions_answers (question_id, sentence, sentence_translation, is_correct, "order") VALUES (82300023, '①「どうぞこちらへいらっしゃいませ」②「こちらが会議室でございます」③「どうぞおかけになってください」', '① Mời quý vị đi theo lối này ② Đây là phòng họp ③ Mời quý vị ngồi', FALSE, 3);
INSERT INTO questions_answers (question_id, sentence, sentence_translation, is_correct, "order") VALUES (82300023, 'A と C の両方が適切', 'Cả A và C đều phù hợp tùy mức độ trang trọng', TRUE, 4);
INSERT INTO questions (id, user_id, is_system, is_khoa_cu, question_type, content_type, level, selection_type, question, passage, passage_translation, general_explanation, skill_category, base_difficulty, tenant_id, is_active, is_deleted, created_at, created_by) VALUES (82300024, NULL, TRUE, FALSE, 'chon_dap_an', 'keigo_baitap_keigo_phan_loai', 'BJT-3', 'single', '「この書類にサインしてください」をお客様への丁寧な依頼に変えると？

Chuyển 「この書類にサインしてください」thành câu yêu cầu lịch sự với khách hàng:', NULL, NULL, 'Câu B: 「ご署名いただけますでしょうか」— ご署名 (chữ ký — Teineigo/Sonkeigo) + いただく (Kenjougo) + でしょうか → dùng trong hội thoại trực tiếp. Câu C: 「〜くださいますようお願い申し上げます」— cực trang trọng, thường dùng trong văn bản chính thức, thư từ. Câu A (なさる) cũng đúng nhưng ít trang trọng hơn. Trong BJT thực chiến, B phổ biến hơn C trong hội thoại.

💡 ご署名いただけますでしょうか (nói) | 〜くださいますようお願い申し上げます (viết trang trọng)', 'grammar', 3, 'system', TRUE, FALSE, NOW(), 'system') ON CONFLICT (id) DO UPDATE SET question_type = EXCLUDED.question_type, content_type = EXCLUDED.content_type, level = EXCLUDED.level, question = EXCLUDED.question, passage = EXCLUDED.passage, passage_translation = EXCLUDED.passage_translation, general_explanation = EXCLUDED.general_explanation, skill_category = EXCLUDED.skill_category, base_difficulty = EXCLUDED.base_difficulty, is_active = EXCLUDED.is_active, is_deleted = EXCLUDED.is_deleted, updated_at = NOW(), updated_by = 'system';
DELETE FROM questions_answers WHERE question_id = 82300024;
INSERT INTO questions_answers (question_id, sentence, sentence_translation, is_correct, "order") VALUES (82300024, 'この書類にサインなさってください。', 'Mời ngài ký vào tài liệu này ạ. (なさる = Sonkeigo của する)', FALSE, 1);
INSERT INTO questions_answers (question_id, sentence, sentence_translation, is_correct, "order") VALUES (82300024, 'こちらの書類にご署名いただけますでしょうか。', 'Liệu quý vị có thể ký tên vào tài liệu này không ạ? (ご署名 + いただく)', FALSE, 2);
INSERT INTO questions_answers (question_id, sentence, sentence_translation, is_correct, "order") VALUES (82300024, 'こちらの書類にご署名くださいますようお願い申し上げます。', 'Kính nhờ quý vị vui lòng ký tên vào tài liệu này ạ. (rất trang trọng — văn viết)', FALSE, 3);
INSERT INTO questions_answers (question_id, sentence, sentence_translation, is_correct, "order") VALUES (82300024, 'B と C は状況によって両方使える', 'B và C đều dùng được tùy tình huống', TRUE, 4);
INSERT INTO questions (id, user_id, is_system, is_khoa_cu, question_type, content_type, level, selection_type, question, passage, passage_translation, general_explanation, skill_category, base_difficulty, tenant_id, is_active, is_deleted, created_at, created_by) VALUES (82300025, NULL, TRUE, FALSE, 'chon_dap_an', 'keigo_baitap_keigo_phan_loai', 'BJT-3', 'single', '「お客様はすでに弊社のサービスを使ったことがありますか？」の敬語として正しいものは？

Câu hỏi lịch sự về việc khách hàng đã từng sử dụng dịch vụ chưa, câu nào đúng?', NULL, NULL, 'Câu A: 「ご利用になったことがおありでしょうか」= ご利用になる (Sonkeigo) + おありでしょうか (kết hợp để hỏi rất lịch sự về ''có/không''). Câu C: 「ご使用いただきましたか」= ご使用 (lịch sự) + いただく (Kenjougo — mình được phép dùng). Câu B sai vì ご〜される là 二重敬語. Cả A và C đều được dùng trong kinh doanh Nhật, chỉ khác góc nhìn.

💡 おありでしょうか = hỏi về sự tồn tại/kinh nghiệm của đối phương rất lịch sự — dùng thay cho ありますか', 'grammar', 3, 'system', TRUE, FALSE, NOW(), 'system') ON CONFLICT (id) DO UPDATE SET question_type = EXCLUDED.question_type, content_type = EXCLUDED.content_type, level = EXCLUDED.level, question = EXCLUDED.question, passage = EXCLUDED.passage, passage_translation = EXCLUDED.passage_translation, general_explanation = EXCLUDED.general_explanation, skill_category = EXCLUDED.skill_category, base_difficulty = EXCLUDED.base_difficulty, is_active = EXCLUDED.is_active, is_deleted = EXCLUDED.is_deleted, updated_at = NOW(), updated_by = 'system';
DELETE FROM questions_answers WHERE question_id = 82300025;
INSERT INTO questions_answers (question_id, sentence, sentence_translation, is_correct, "order") VALUES (82300025, '弊社のサービスをすでにご利用になったことがおありでしょうか？', 'Không biết quý vị đã từng sử dụng dịch vụ của chúng tôi chưa ạ?', FALSE, 1);
INSERT INTO questions_answers (question_id, sentence, sentence_translation, is_correct, "order") VALUES (82300025, '弊社のサービスをすでにご利用されたことがありますか？', 'Quý vị đã từng sử dụng dịch vụ của chúng tôi chưa? (ご〜される — dùng kép sai)', FALSE, 2);
INSERT INTO questions_answers (question_id, sentence, sentence_translation, is_correct, "order") VALUES (82300025, '弊社のサービスをご使用いただきましたか？', 'Quý vị đã sử dụng dịch vụ của chúng tôi chưa? (いただく — Kenjougo góc nhìn khác)', FALSE, 3);
INSERT INTO questions_answers (question_id, sentence, sentence_translation, is_correct, "order") VALUES (82300025, 'A は正しい。C も正しいが視点が異なる', 'A đúng. C cũng đúng nhưng góc nhìn khác', TRUE, 4);
INSERT INTO questions (id, user_id, is_system, is_khoa_cu, question_type, content_type, level, selection_type, question, passage, passage_translation, general_explanation, skill_category, base_difficulty, tenant_id, is_active, is_deleted, created_at, created_by) VALUES (82300026, NULL, TRUE, FALSE, 'chon_dap_an', 'keigo_baitap_keigo_phan_loai', 'BJT-3', 'single', '取引先の田中部長から伝言を受けて、社内の上司に伝える場合。「田中部長が明日来ると言っていた」を正しい敬語にすると？

Bạn nhận được lời nhắn từ Trưởng phòng Tanaka (công ty đối tác) và truyền lại cho sếp trong công ty. Câu nào đúng?', NULL, NULL, 'Khi truyền đạt về người NGOÀI công ty (田中部長 là Soto): (1) Hành động ''đến'' của Tanaka → いらっしゃる (Sonkeigo); (2) Hành động ''nói'' của Tanaka → おっしゃる (Sonkeigo). Câu B sai vì 参る là Kenjougo — áp dụng sai cho người Soto. Câu C, D sai vì 申す là Kenjougo chỉ dùng cho hành động của MÌNH.

💡 Khi truyền lời của người Soto: cả hành động ''đến'' lẫn ''nói'' đều phải dùng Sonkeigo!', 'grammar', 3, 'system', TRUE, FALSE, NOW(), 'system') ON CONFLICT (id) DO UPDATE SET question_type = EXCLUDED.question_type, content_type = EXCLUDED.content_type, level = EXCLUDED.level, question = EXCLUDED.question, passage = EXCLUDED.passage, passage_translation = EXCLUDED.passage_translation, general_explanation = EXCLUDED.general_explanation, skill_category = EXCLUDED.skill_category, base_difficulty = EXCLUDED.base_difficulty, is_active = EXCLUDED.is_active, is_deleted = EXCLUDED.is_deleted, updated_at = NOW(), updated_by = 'system';
DELETE FROM questions_answers WHERE question_id = 82300026;
INSERT INTO questions_answers (question_id, sentence, sentence_translation, is_correct, "order") VALUES (82300026, '田中部長が明日いらっしゃるとおっしゃっていました。', 'Trưởng phòng Tanaka nói rằng ngày mai ngài ấy sẽ đến. (Sonkeigo đầy đủ — vì Tanaka là Soto)', TRUE, 1);
INSERT INTO questions_answers (question_id, sentence, sentence_translation, is_correct, "order") VALUES (82300026, '田中部長が明日参るとおっしゃっていました。', 'Trưởng phòng Tanaka nói rằng ngày mai tôi sẽ đến. (参る = Kenjougo — sai ngữ cảnh)', FALSE, 2);
INSERT INTO questions_answers (question_id, sentence, sentence_translation, is_correct, "order") VALUES (82300026, '田中部長が明日来ると申していました。', 'Trưởng phòng Tanaka đã nói rằng ngày mai đến. (申す = Kenjougo — dùng sai cho người Soto)', FALSE, 3);
INSERT INTO questions_answers (question_id, sentence, sentence_translation, is_correct, "order") VALUES (82300026, '田中部長が明日いらっしゃると申していました。', 'Trưởng phòng Tanaka đã nói rằng ngày mai ngài ấy sẽ đến. (hỗn hợp — sai)', FALSE, 4);
INSERT INTO questions (id, user_id, is_system, is_khoa_cu, question_type, content_type, level, selection_type, question, passage, passage_translation, general_explanation, skill_category, base_difficulty, tenant_id, is_active, is_deleted, created_at, created_by) VALUES (82300027, NULL, TRUE, FALSE, 'chon_dap_an', 'keigo_baitap_keigo_phan_loai', 'BJT-3', 'single', 'お客様の住所を確認する時、最も丁寧な表現はどれですか？

Khi xác nhận địa chỉ của khách hàng, câu nào lịch sự nhất?', NULL, NULL, '「ご住所をお聞かせいただけますでしょうか」là câu chuẩn nhất: ご住所 (địa chỉ của ngài — Teineigo) + お聞かせいただく (được phép nghe = được ngài cho biết — Kenjougo) + でしょうか (hỏi lịch sự). Câu D sai vì おっしゃる là Sonkeigo của 言う — không kết hợp trực tiếp với いただく kiểu đó.

💡 ご住所をお聞かせいただけますでしょうか = cách hỏi địa chỉ chuẩn nhất trong kinh doanh', 'grammar', 3, 'system', TRUE, FALSE, NOW(), 'system') ON CONFLICT (id) DO UPDATE SET question_type = EXCLUDED.question_type, content_type = EXCLUDED.content_type, level = EXCLUDED.level, question = EXCLUDED.question, passage = EXCLUDED.passage, passage_translation = EXCLUDED.passage_translation, general_explanation = EXCLUDED.general_explanation, skill_category = EXCLUDED.skill_category, base_difficulty = EXCLUDED.base_difficulty, is_active = EXCLUDED.is_active, is_deleted = EXCLUDED.is_deleted, updated_at = NOW(), updated_by = 'system';
DELETE FROM questions_answers WHERE question_id = 82300027;
INSERT INTO questions_answers (question_id, sentence, sentence_translation, is_correct, "order") VALUES (82300027, '住所はどこですか？', 'Địa chỉ ở đâu? (thô)', FALSE, 1);
INSERT INTO questions_answers (question_id, sentence, sentence_translation, is_correct, "order") VALUES (82300027, 'ご住所をお聞かせいただけますでしょうか？', 'Không biết quý vị có thể cho biết địa chỉ không ạ? (ご住所 + お聞かせいただく)', TRUE, 2);
INSERT INTO questions_answers (question_id, sentence, sentence_translation, is_correct, "order") VALUES (82300027, 'ご住所はいかがでしょうか？', 'Địa chỉ của ngài là thế nào ạ? (いかが = cách hỏi lịch sự nhưng không tự nhiên ở đây)', FALSE, 3);
INSERT INTO questions_answers (question_id, sentence, sentence_translation, is_correct, "order") VALUES (82300027, 'ご住所をおっしゃっていただけますか？', 'Quý vị có thể nói địa chỉ không ạ? (おっしゃる + いただく — kết hợp sai)', FALSE, 4);
INSERT INTO questions (id, user_id, is_system, is_khoa_cu, question_type, content_type, level, selection_type, question, passage, passage_translation, general_explanation, skill_category, base_difficulty, tenant_id, is_active, is_deleted, created_at, created_by) VALUES (82300028, NULL, TRUE, FALSE, 'chon_dap_an', 'keigo_baitap_keigo_phan_loai', 'BJT-3', 'single', 'お礼メールの一節: 「先日は（　）ありがとうございました」— 「来てくれた」の尊敬語を入れてください。

Trong email cảm ơn: 「先日は______ありがとうございました」— Điền Sonkeigo của ''đã đến'' (くれた → Sonkeigo):', NULL, NULL, '「お越しくださり、ありがとうございました」là cách viết chuẩn và trang trọng nhất trong email cảm ơn sau cuộc gặp kinh doanh. お越し (越す = đến — Sonkeigo) + くださる (Sonkeigo của くれる) = ''ngài đã đến cho/ngài đã ghé''. Câu A (来ていただき) cũng đúng nhưng ít trang trọng hơn C. Câu B không sai nhưng nghe hơi nặng nề.

💡 お越しくださりありがとうございました = cảm ơn khách đã đến — chuẩn nhất trong email sau cuộc gặp', 'grammar', 3, 'system', TRUE, FALSE, NOW(), 'system') ON CONFLICT (id) DO UPDATE SET question_type = EXCLUDED.question_type, content_type = EXCLUDED.content_type, level = EXCLUDED.level, question = EXCLUDED.question, passage = EXCLUDED.passage, passage_translation = EXCLUDED.passage_translation, general_explanation = EXCLUDED.general_explanation, skill_category = EXCLUDED.skill_category, base_difficulty = EXCLUDED.base_difficulty, is_active = EXCLUDED.is_active, is_deleted = EXCLUDED.is_deleted, updated_at = NOW(), updated_by = 'system';
DELETE FROM questions_answers WHERE question_id = 82300028;
INSERT INTO questions_answers (question_id, sentence, sentence_translation, is_correct, "order") VALUES (82300028, '来ていただき', '来ていただき (Kenjougo: được ngài đến)', FALSE, 1);
INSERT INTO questions_answers (question_id, sentence, sentence_translation, is_correct, "order") VALUES (82300028, 'いらっしゃっていただき', 'いらっしゃっていただき (Sonkeigo + いただく — kết hợp cao cấp)', FALSE, 2);
INSERT INTO questions_answers (question_id, sentence, sentence_translation, is_correct, "order") VALUES (82300028, 'お越しくださり', 'お越しくださり (お越し + くださる — Sonkeigo chuẩn cao)', FALSE, 3);
INSERT INTO questions_answers (question_id, sentence, sentence_translation, is_correct, "order") VALUES (82300028, 'C が最も自然でビジネス的', 'C tự nhiên và kinh doanh nhất', TRUE, 4);
INSERT INTO questions (id, user_id, is_system, is_khoa_cu, question_type, content_type, level, selection_type, question, passage, passage_translation, general_explanation, skill_category, base_difficulty, tenant_id, is_active, is_deleted, created_at, created_by) VALUES (82300029, NULL, TRUE, FALSE, 'chon_dap_an', 'keigo_baitap_keigo_phan_loai', 'BJT-3', 'single', '「先生のおっしゃる通りです」— この文について正しい説明はどれですか？

「先生のおっしゃる通りです」— Giải thích nào đúng về câu này?', NULL, NULL, '「おっしゃる通りです」= ''Đúng như ngài đã nói / Đúng như lời ngài'' — đây là Sonkeigo và là thành ngữ thể hiện sự đồng ý trang trọng nhất trong tiếng Nhật thương mại. Câu D sai vì「おっしゃられる」là 二重敬語 (dùng kép kính ngữ) — hoàn toàn không được chấp nhận. おっしゃる đã là Sonkeigo, không thêm 〜れる nữa.

💡 おっしゃる通りです = Đúng như ngài nói ✅ | おっしゃられる ❌ — tuyệt đối không dùng kép!', 'grammar', 3, 'system', TRUE, FALSE, NOW(), 'system') ON CONFLICT (id) DO UPDATE SET question_type = EXCLUDED.question_type, content_type = EXCLUDED.content_type, level = EXCLUDED.level, question = EXCLUDED.question, passage = EXCLUDED.passage, passage_translation = EXCLUDED.passage_translation, general_explanation = EXCLUDED.general_explanation, skill_category = EXCLUDED.skill_category, base_difficulty = EXCLUDED.base_difficulty, is_active = EXCLUDED.is_active, is_deleted = EXCLUDED.is_deleted, updated_at = NOW(), updated_by = 'system';
DELETE FROM questions_answers WHERE question_id = 82300029;
INSERT INTO questions_answers (question_id, sentence, sentence_translation, is_correct, "order") VALUES (82300029, '「おっしゃる通り」は「言った通り」の謙譲語表現', '「おっしゃる通り」là Kenjougo của 言った通り', FALSE, 1);
INSERT INTO questions_answers (question_id, sentence, sentence_translation, is_correct, "order") VALUES (82300029, '「おっしゃる通り」は「言われた通り」の尊敬語表現で、同意を示す決まり文句', '「おっしゃる通り」là Sonkeigo của 言われた通り — thành ngữ thể hiện sự đồng ý', TRUE, 2);
INSERT INTO questions_answers (question_id, sentence, sentence_translation, is_correct, "order") VALUES (82300029, '「おっしゃる通り」は丁寧語で、誰にでも使える', '「おっしゃる通り」là Teineigo, dùng được với bất kỳ ai', FALSE, 3);
INSERT INTO questions_answers (question_id, sentence, sentence_translation, is_correct, "order") VALUES (82300029, 'この文は間違っている — 「おっしゃられる通り」が正しい', 'Câu này sai — phải là「おっしゃられる通り」', FALSE, 4);
INSERT INTO questions (id, user_id, is_system, is_khoa_cu, question_type, content_type, level, selection_type, question, passage, passage_translation, general_explanation, skill_category, base_difficulty, tenant_id, is_active, is_deleted, created_at, created_by) VALUES (82300030, NULL, TRUE, FALSE, 'chon_dap_an', 'keigo_baitap_keigo_phan_loai', 'BJT-3', 'single', '次の会話で、下線部の敬語として最も適切なものはどれですか？
お客様:「いつ完成しますか？」
あなた:「来月末に＿＿予定でございます。」（''完成する''を尊敬語で）

Khách hỏi: 「いつ完成しますか？」(Khi nào hoàn thành?)
Bạn: 「来月末に___予定でございます」— Điền Sonkeigo của 完成する:', NULL, NULL, 'Câu trả lời về ''khi nào CHÚNG TÔI hoàn thành'' — chủ ngữ ngầm là công ty mình (Uchi). Vì vậy dùng Kenjougo: 「完成いたす予定でございます」. Câu B (なさる) sai vì chủ ngữ không phải khách hàng. Đây là bẫy thường gặp: câu hỏi có vẻ hỏi về Sonkeigo nhưng thực tế lại cần Kenjougo vì chủ ngữ là MÌNH.

💡 Bẫy thường gặp: nhìn vào CHỦ NGỮ thực sự trước khi chọn Sonkeigo hay Kenjougo!', 'grammar', 3, 'system', TRUE, FALSE, NOW(), 'system') ON CONFLICT (id) DO UPDATE SET question_type = EXCLUDED.question_type, content_type = EXCLUDED.content_type, level = EXCLUDED.level, question = EXCLUDED.question, passage = EXCLUDED.passage, passage_translation = EXCLUDED.passage_translation, general_explanation = EXCLUDED.general_explanation, skill_category = EXCLUDED.skill_category, base_difficulty = EXCLUDED.base_difficulty, is_active = EXCLUDED.is_active, is_deleted = EXCLUDED.is_deleted, updated_at = NOW(), updated_by = 'system';
DELETE FROM questions_answers WHERE question_id = 82300030;
INSERT INTO questions_answers (question_id, sentence, sentence_translation, is_correct, "order") VALUES (82300030, '完成いたす', '完成いたす (Kenjougo — hành động của mình)', FALSE, 1);
INSERT INTO questions_answers (question_id, sentence, sentence_translation, is_correct, "order") VALUES (82300030, '完成なさる', '完成なさる (Sonkeigo của する — nhưng chủ ngữ ở đây là gì?)', FALSE, 2);
INSERT INTO questions_answers (question_id, sentence, sentence_translation, is_correct, "order") VALUES (82300030, '完成する', '完成する (thông thường)', FALSE, 3);
INSERT INTO questions_answers (question_id, sentence, sentence_translation, is_correct, "order") VALUES (82300030, '完成いたす — chủ ngữ ngầm là ''chúng tôi'' nên Kenjougo là đúng', '完成いたす — vì chủ ngữ là ''chúng tôi'' (Uchi), Kenjougo mới đúng', TRUE, 4);
INSERT INTO questions (id, user_id, is_system, is_khoa_cu, question_type, content_type, level, selection_type, question, passage, passage_translation, general_explanation, skill_category, base_difficulty, tenant_id, is_active, is_deleted, created_at, created_by) VALUES (82300031, NULL, TRUE, FALSE, 'chon_dap_an', 'keigo_baitap_keigo_phan_loai', 'BJT-4', 'single', '次の文の中で、二重敬語（間違った敬語の重複使用）があるものはどれですか？

Câu nào có lỗi 二重敬語 (dùng kép kính ngữ — lỗi sai)?', NULL, NULL, '「いらっしゃられました」là 二重敬語 điển hình: いらっしゃる đã là Sonkeigo của いる/来る/行く, không thêm 〜られる nữa. Câu đúng phải là「いらっしゃいました」. Các câu A, C, D đều đúng — chỉ dùng một lớp kính ngữ. 二重敬語 là lỗi ngữ pháp nghiêm trọng trong tiếng Nhật thương mại, thể hiện người nói chưa nắm vững kính ngữ.

💡 いらっしゃる ✅ | いらっしゃられる ❌ — động từ Sonkeigo đặc biệt KHÔNG thêm 〜れる/〜られる!', 'grammar', 4, 'system', TRUE, FALSE, NOW(), 'system') ON CONFLICT (id) DO UPDATE SET question_type = EXCLUDED.question_type, content_type = EXCLUDED.content_type, level = EXCLUDED.level, question = EXCLUDED.question, passage = EXCLUDED.passage, passage_translation = EXCLUDED.passage_translation, general_explanation = EXCLUDED.general_explanation, skill_category = EXCLUDED.skill_category, base_difficulty = EXCLUDED.base_difficulty, is_active = EXCLUDED.is_active, is_deleted = EXCLUDED.is_deleted, updated_at = NOW(), updated_by = 'system';
DELETE FROM questions_answers WHERE question_id = 82300031;
INSERT INTO questions_answers (question_id, sentence, sentence_translation, is_correct, "order") VALUES (82300031, 'お客様がおっしゃいました。', 'Khách hàng đã nói ạ.', FALSE, 1);
INSERT INTO questions_answers (question_id, sentence, sentence_translation, is_correct, "order") VALUES (82300031, '社長がいらっしゃられました。', 'Giám đốc đã đến ạ. (いらっしゃる + られる = kép)', TRUE, 2);
INSERT INTO questions_answers (question_id, sentence, sentence_translation, is_correct, "order") VALUES (82300031, 'ご利用になりましたか？', 'Ngài đã sử dụng chưa ạ?', FALSE, 3);
INSERT INTO questions_answers (question_id, sentence, sentence_translation, is_correct, "order") VALUES (82300031, 'お読みになりましたか？', 'Ngài đã đọc chưa ạ?', FALSE, 4);
INSERT INTO questions (id, user_id, is_system, is_khoa_cu, question_type, content_type, level, selection_type, question, passage, passage_translation, general_explanation, skill_category, base_difficulty, tenant_id, is_active, is_deleted, created_at, created_by) VALUES (82300032, NULL, TRUE, FALSE, 'chon_dap_an', 'keigo_baitap_keigo_phan_loai', 'BJT-4', 'single', '次のうち、二重敬語ではなく正しい敬語表現はどれですか？

Câu nào KHÔNG phải 二重敬語 và là kính ngữ ĐÚNG?', NULL, NULL, '「ご覧になりました」đúng vì đây là cấu trúc cố định: ご覧 (danh từ Hán-Nhật) + になる (動詞) — không phải kép. Câu A, B, D đều sai: おっしゃる, なさる, 召し上がる đã là Sonkeigo hoàn chỉnh, việc thêm 〜られる tạo ra 二重敬語 không được chấp nhận. Đây là điểm BJT thường ra câu bẫy!

💡 Động từ Sonkeigo đặc biệt (おっしゃる, なさる, いらっしゃる, 召し上がる) KHÔNG thêm 〜られる!', 'grammar', 4, 'system', TRUE, FALSE, NOW(), 'system') ON CONFLICT (id) DO UPDATE SET question_type = EXCLUDED.question_type, content_type = EXCLUDED.content_type, level = EXCLUDED.level, question = EXCLUDED.question, passage = EXCLUDED.passage, passage_translation = EXCLUDED.passage_translation, general_explanation = EXCLUDED.general_explanation, skill_category = EXCLUDED.skill_category, base_difficulty = EXCLUDED.base_difficulty, is_active = EXCLUDED.is_active, is_deleted = EXCLUDED.is_deleted, updated_at = NOW(), updated_by = 'system';
DELETE FROM questions_answers WHERE question_id = 82300032;
INSERT INTO questions_answers (question_id, sentence, sentence_translation, is_correct, "order") VALUES (82300032, 'おっしゃられました', 'おっしゃられました (おっしゃる + られる = kép ❌)', FALSE, 1);
INSERT INTO questions_answers (question_id, sentence, sentence_translation, is_correct, "order") VALUES (82300032, 'なさられました', 'なさられました (なさる + られる = kép ❌)', FALSE, 2);
INSERT INTO questions_answers (question_id, sentence, sentence_translation, is_correct, "order") VALUES (82300032, 'ご覧になりました', 'ご覧になりました (ご覧 + になる = cấu trúc đúng ✅)', TRUE, 3);
INSERT INTO questions_answers (question_id, sentence, sentence_translation, is_correct, "order") VALUES (82300032, '召し上がられました', '召し上がられました (召し上がる + られる = kép ❌)', FALSE, 4);
INSERT INTO questions (id, user_id, is_system, is_khoa_cu, question_type, content_type, level, selection_type, question, passage, passage_translation, general_explanation, skill_category, base_difficulty, tenant_id, is_active, is_deleted, created_at, created_by) VALUES (82300033, NULL, TRUE, FALSE, 'chon_dap_an', 'keigo_baitap_keigo_phan_loai', 'BJT-4', 'single', 'あなたはA社員。B社のC部長（取引先）から「D社長（B社の社長）は来ますか？」と聞かれました。D社長がまだ来ていない場合、正しい答えは？

Bạn là nhân viên công ty A. Trưởng phòng C (công ty B — đối tác) hỏi:「D社長（B社）は来ますか？」(Chủ tịch D của công ty B có đến không?). Chủ tịch D chưa đến. Câu trả lời đúng?', NULL, NULL, 'Điểm mấu chốt: Chủ tịch D là người của công ty B (Soto so với bạn là nhân viên A). Dù trưởng phòng C hỏi về sếp của chính họ, từ góc nhìn của BẠN (nhân viên công ty A), Chủ tịch D vẫn là người ngoài (Soto). Do đó phải dùng Sonkeigo: 「いらっしゃいません」. Câu A, C, D đều dùng Kenjougo — không phù hợp khi nói về người Soto.

💡 Xác định Uchi/Soto từ góc nhìn của NGƯỜI NÓI, không phải từ góc nhìn của người nghe!', 'grammar', 4, 'system', TRUE, FALSE, NOW(), 'system') ON CONFLICT (id) DO UPDATE SET question_type = EXCLUDED.question_type, content_type = EXCLUDED.content_type, level = EXCLUDED.level, question = EXCLUDED.question, passage = EXCLUDED.passage, passage_translation = EXCLUDED.passage_translation, general_explanation = EXCLUDED.general_explanation, skill_category = EXCLUDED.skill_category, base_difficulty = EXCLUDED.base_difficulty, is_active = EXCLUDED.is_active, is_deleted = EXCLUDED.is_deleted, updated_at = NOW(), updated_by = 'system';
DELETE FROM questions_answers WHERE question_id = 82300033;
INSERT INTO questions_answers (question_id, sentence, sentence_translation, is_correct, "order") VALUES (82300033, 'D社長はまだおりません。', 'Chủ tịch D chưa đến. (おる = Kenjougo — SAI vì Chủ tịch D là Soto)', FALSE, 1);
INSERT INTO questions_answers (question_id, sentence, sentence_translation, is_correct, "order") VALUES (82300033, 'D社長はまだいらっしゃいません。', 'Chủ tịch D chưa đến ạ. (Sonkeigo — ĐÚNG vì D là người ngoài công ty mình)', TRUE, 2);
INSERT INTO questions_answers (question_id, sentence, sentence_translation, is_correct, "order") VALUES (82300033, 'D社長はまだ参っておりません。', 'Chủ tịch D chưa đến ạ. (参る = Kenjougo — SAI)', FALSE, 3);
INSERT INTO questions_answers (question_id, sentence, sentence_translation, is_correct, "order") VALUES (82300033, 'D社長はまだ来ておりません。', 'Chủ tịch D chưa đến ạ. (おる = Kenjougo — SAI)', FALSE, 4);
INSERT INTO questions (id, user_id, is_system, is_khoa_cu, question_type, content_type, level, selection_type, question, passage, passage_translation, general_explanation, skill_category, base_difficulty, tenant_id, is_active, is_deleted, created_at, created_by) VALUES (82300034, NULL, TRUE, FALSE, 'chon_dap_an', 'keigo_baitap_keigo_phan_loai', 'BJT-4', 'single', '次の文のうち、敬語が完全に正しいものはどれですか？（全てお客様に対する発言）

Câu nào dùng kính ngữ HOÀN TOÀN đúng? (Tất cả đều là phát biểu với khách hàng)', NULL, NULL, 'Câu A đúng hoàn toàn: お越しになる (Sonkeigo cho hành động ''đến'' của khách) + 弊社の田中 (Tanaka không thêm 部長 — đúng) + ご説明いたします (Kenjougo cho hành động của Tanaka là Uchi). Câu B sai vì giữ 「田中部長」— không được thêm chức danh kính trọng cho người Uchi trước mặt khách. Câu C sai vì なさる là Sonkeigo — áp dụng sai cho Tanaka (Uchi). Câu D cũng rất tốt và tự nhiên.

💡 Nhân viên công ty mình khi nhắc trước mặt khách: dùng tên không + Kenjougo — không thêm 部長/課長!', 'grammar', 4, 'system', TRUE, FALSE, NOW(), 'system') ON CONFLICT (id) DO UPDATE SET question_type = EXCLUDED.question_type, content_type = EXCLUDED.content_type, level = EXCLUDED.level, question = EXCLUDED.question, passage = EXCLUDED.passage, passage_translation = EXCLUDED.passage_translation, general_explanation = EXCLUDED.general_explanation, skill_category = EXCLUDED.skill_category, base_difficulty = EXCLUDED.base_difficulty, is_active = EXCLUDED.is_active, is_deleted = EXCLUDED.is_deleted, updated_at = NOW(), updated_by = 'system';
DELETE FROM questions_answers WHERE question_id = 82300034;
INSERT INTO questions_answers (question_id, sentence, sentence_translation, is_correct, "order") VALUES (82300034, 'お客様がお越しになりました際に、弊社の田中がご説明いたします。', 'Khi quý vị đến, Tanaka bên tôi sẽ giải thích. (Sonkeigo cho khách + Kenjougo cho mình)', TRUE, 1);
INSERT INTO questions_answers (question_id, sentence, sentence_translation, is_correct, "order") VALUES (82300034, 'お客様がいらっしゃいました際に、田中部長がご説明いたします。', 'Khi quý vị đến, Trưởng phòng Tanaka sẽ giải thích. (Sonkeigo cho khách ✅, nhưng 田中部長 phải bỏ 部長)', FALSE, 2);
INSERT INTO questions_answers (question_id, sentence, sentence_translation, is_correct, "order") VALUES (82300034, 'お客様がいらっしゃった際に、弊社の田中がご説明なさいます。', 'Khi quý vị đến, Tanaka bên tôi sẽ giải thích. (ご説明なさる = Sonkeigo cho Tanaka — SAI vì Tanaka là Uchi)', FALSE, 3);
INSERT INTO questions_answers (question_id, sentence, sentence_translation, is_correct, "order") VALUES (82300034, 'お越しいただいた際に、弊社の田中がご説明させていただきます。', 'Khi quý vị ghé đến, Tanaka bên tôi xin được giải thích. (tự nhiên, khiêm nhường)', FALSE, 4);
INSERT INTO questions (id, user_id, is_system, is_khoa_cu, question_type, content_type, level, selection_type, question, passage, passage_translation, general_explanation, skill_category, base_difficulty, tenant_id, is_active, is_deleted, created_at, created_by) VALUES (82300035, NULL, TRUE, FALSE, 'chon_dap_an', 'keigo_baitap_keigo_phan_loai', 'BJT-4', 'single', '「もし時間があれば、来てください」をお客様への丁寧な依頼にすると？

Chuyển 「もし時間があれば、来てください」thành lời mời khách lịch sự nhất:', NULL, NULL, 'Câu A: 「お越しくださいませ」= お越し (Sonkeigo của 来る/越す) + くださいませ (Sonkeigo của ください, thêm ませ để càng lịch sự hơn) — dùng trong hội thoại hoặc thư mời thông thường. Câu C: 「お越しいただけますと幸いでございます」— cực trang trọng, thường dùng trong thư mời chính thức, sự kiện. Câu B cũng đúng nhưng ít trang trọng hơn A.

💡 くださいませ = ください + ませ → lịch sự hơn ください. Dùng trong mời khách trang trọng.', 'grammar', 4, 'system', TRUE, FALSE, NOW(), 'system') ON CONFLICT (id) DO UPDATE SET question_type = EXCLUDED.question_type, content_type = EXCLUDED.content_type, level = EXCLUDED.level, question = EXCLUDED.question, passage = EXCLUDED.passage, passage_translation = EXCLUDED.passage_translation, general_explanation = EXCLUDED.general_explanation, skill_category = EXCLUDED.skill_category, base_difficulty = EXCLUDED.base_difficulty, is_active = EXCLUDED.is_active, is_deleted = EXCLUDED.is_deleted, updated_at = NOW(), updated_by = 'system';
DELETE FROM questions_answers WHERE question_id = 82300035;
INSERT INTO questions_answers (question_id, sentence, sentence_translation, is_correct, "order") VALUES (82300035, 'もしよろしければ、お越しくださいませ。', 'Nếu quý vị thuận tiện, mời ngài ghé đến ạ.', FALSE, 1);
INSERT INTO questions_answers (question_id, sentence, sentence_translation, is_correct, "order") VALUES (82300035, 'もしよろしければ、いらっしゃってください。', 'Nếu thuận tiện, mời ngài đến ạ. (hơi trực tiếp)', FALSE, 2);
INSERT INTO questions_answers (question_id, sentence, sentence_translation, is_correct, "order") VALUES (82300035, 'もしよろしければ、ぜひお越しいただけますと幸いでございます。', 'Nếu quý vị thuận tiện, rất hân hạnh nếu ngài có thể ghé đến ạ. (rất trang trọng)', FALSE, 3);
INSERT INTO questions_answers (question_id, sentence, sentence_translation, is_correct, "order") VALUES (82300035, 'A と C の両方が状況に応じて使える', 'Cả A và C đều dùng được tùy tình huống', TRUE, 4);
INSERT INTO questions (id, user_id, is_system, is_khoa_cu, question_type, content_type, level, selection_type, question, passage, passage_translation, general_explanation, skill_category, base_difficulty, tenant_id, is_active, is_deleted, created_at, created_by) VALUES (82300036, NULL, TRUE, FALSE, 'chon_dap_an', 'keigo_baitap_keigo_phan_loai', 'BJT-4', 'single', '上司が会議中に部下に対して使う表現として、不適切なものはどれですか？

Trong cuộc họp, câu nào cấp trên dùng với cấp dưới là KHÔNG PHÙ HỢP?', NULL, NULL, '「ご意見をいただけますか」dùng いただく (Kenjougo) ngụ ý ''tôi được phép nhận ý kiến của bạn'' — quá khiêm nhường khi nói với cấp dưới. Thông thường cấp trên có thể dùng 「意見を聞かせてください」hoặc 「どう思いますか」. Kính ngữ cần phù hợp với quan hệ: dùng quá mức với cấp dưới có thể gây ra sự khó xử hoặc hiểu nhầm.

💡 Kính ngữ có chiều: dùng với NGƯỜI TRÊN mình. Dùng Kenjougo với cấp dưới là không phù hợp văn hóa!', 'grammar', 4, 'system', TRUE, FALSE, NOW(), 'system') ON CONFLICT (id) DO UPDATE SET question_type = EXCLUDED.question_type, content_type = EXCLUDED.content_type, level = EXCLUDED.level, question = EXCLUDED.question, passage = EXCLUDED.passage, passage_translation = EXCLUDED.passage_translation, general_explanation = EXCLUDED.general_explanation, skill_category = EXCLUDED.skill_category, base_difficulty = EXCLUDED.base_difficulty, is_active = EXCLUDED.is_active, is_deleted = EXCLUDED.is_deleted, updated_at = NOW(), updated_by = 'system';
DELETE FROM questions_answers WHERE question_id = 82300036;
INSERT INTO questions_answers (question_id, sentence, sentence_translation, is_correct, "order") VALUES (82300036, 'この資料を見てください。', 'Hãy xem tài liệu này nhé. (thông thường — OK với cấp dưới)', FALSE, 1);
INSERT INTO questions_answers (question_id, sentence, sentence_translation, is_correct, "order") VALUES (82300036, 'この件についてどう思いますか？', 'Bạn nghĩ thế nào về vấn đề này? (thông thường — OK)', FALSE, 2);
INSERT INTO questions_answers (question_id, sentence, sentence_translation, is_correct, "order") VALUES (82300036, 'ご意見をいただけますか？', 'Liệu tôi có thể nhận ý kiến của bạn không? (Kenjougo — quá cung kính với cấp dưới)', TRUE, 3);
INSERT INTO questions_answers (question_id, sentence, sentence_translation, is_correct, "order") VALUES (82300036, '少し待ってください。', 'Đợi một chút nhé. (thông thường — OK)', FALSE, 4);
INSERT INTO questions (id, user_id, is_system, is_khoa_cu, question_type, content_type, level, selection_type, question, passage, passage_translation, general_explanation, skill_category, base_difficulty, tenant_id, is_active, is_deleted, created_at, created_by) VALUES (82300037, NULL, TRUE, FALSE, 'chon_dap_an', 'keigo_baitap_keigo_phan_loai', 'BJT-4', 'single', '招待状の一文:「ご多忙のところ誠に恐縮ですが、ぜひご（　）いただければ幸いでございます」— 「出席する」の尊敬語形を入れてください。

Trong thiệp mời:「ご多忙のところ誠に恐縮ですが、ぜひご______いただければ幸いでございます」— Điền Sonkeigo/dạng lịch sự của 出席する (tham dự):', NULL, NULL, '「ご出席いただければ幸いでございます」là cấu trúc chuẩn trong thiệp mời trang trọng: ご出席 (lịch sự hóa 出席) + いただく (Kenjougo — tôi được nhận sự tham dự của ngài) + ば (điều kiện lịch sự) + 幸いでございます (rất hạnh phúc). Lưu ý: ở đây không dùng Sonkeigo thuần mà kết hợp danh từ lịch sự + Kenjougo — mẫu cực phổ biến trong văn bản chính thức Nhật.

💡 ご〜いただければ幸いです = mẫu câu mời trong thiệp chính thức — phải thuộc lòng!', 'grammar', 4, 'system', TRUE, FALSE, NOW(), 'system') ON CONFLICT (id) DO UPDATE SET question_type = EXCLUDED.question_type, content_type = EXCLUDED.content_type, level = EXCLUDED.level, question = EXCLUDED.question, passage = EXCLUDED.passage, passage_translation = EXCLUDED.passage_translation, general_explanation = EXCLUDED.general_explanation, skill_category = EXCLUDED.skill_category, base_difficulty = EXCLUDED.base_difficulty, is_active = EXCLUDED.is_active, is_deleted = EXCLUDED.is_deleted, updated_at = NOW(), updated_by = 'system';
DELETE FROM questions_answers WHERE question_id = 82300037;
INSERT INTO questions_answers (question_id, sentence, sentence_translation, is_correct, "order") VALUES (82300037, '出席し', '出席し (thông thường — không đủ trang trọng)', FALSE, 1);
INSERT INTO questions_answers (question_id, sentence, sentence_translation, is_correct, "order") VALUES (82300037, '出席なさり', 'ご出席なさり (Sonkeigo của する — nhưng kết hợp với いただく là không tự nhiên)', FALSE, 2);
INSERT INTO questions_answers (question_id, sentence, sentence_translation, is_correct, "order") VALUES (82300037, '出席', 'ご出席いただければ (ご + 出席 + いただく — chuẩn nhất)', TRUE, 3);
INSERT INTO questions_answers (question_id, sentence, sentence_translation, is_correct, "order") VALUES (82300037, '参加いただき', 'ご参加いただき (cũng đúng với ý tham dự)', FALSE, 4);
INSERT INTO questions (id, user_id, is_system, is_khoa_cu, question_type, content_type, level, selection_type, question, passage, passage_translation, general_explanation, skill_category, base_difficulty, tenant_id, is_active, is_deleted, created_at, created_by) VALUES (82300038, NULL, TRUE, FALSE, 'chon_dap_an', 'keigo_baitap_keigo_phan_loai', 'BJT-4', 'single', 'BJTでよく出る問題: 「（　）はご存知ですか？」— 主語として最も不自然なものは？

Câu hỏi BJT hay gặp: 「______はご存知ですか？」— Chủ ngữ nào điền vào ĐẶT SAI nhất?', NULL, NULL, '「ご存知ですか」= hỏi đối phương có BIẾT thứ gì đó không. Nội dung cần ''biết'' phải là thông tin/sự kiện bên ngoài, không phải ''ý kiến của người hỏi''. 「わたくしの意見はご存知ですか」= ''Ngài có biết ý kiến của tôi không?'' — nghe kỳ vì ý kiến của mình mà hỏi người khác có biết không là không tự nhiên. Câu A, B, C đều tự nhiên trong ngữ cảnh phù hợp.

💡 ご存知ですか = hỏi về THÔNG TIN/SỰ THẬT, không phải ý kiến hay cảm nhận chủ quan của người hỏi', 'grammar', 4, 'system', TRUE, FALSE, NOW(), 'system') ON CONFLICT (id) DO UPDATE SET question_type = EXCLUDED.question_type, content_type = EXCLUDED.content_type, level = EXCLUDED.level, question = EXCLUDED.question, passage = EXCLUDED.passage, passage_translation = EXCLUDED.passage_translation, general_explanation = EXCLUDED.general_explanation, skill_category = EXCLUDED.skill_category, base_difficulty = EXCLUDED.base_difficulty, is_active = EXCLUDED.is_active, is_deleted = EXCLUDED.is_deleted, updated_at = NOW(), updated_by = 'system';
DELETE FROM questions_answers WHERE question_id = 82300038;
INSERT INTO questions_answers (question_id, sentence, sentence_translation, is_correct, "order") VALUES (82300038, 'この件（このけん）', 'この件 (vấn đề này) — bình thường', FALSE, 1);
INSERT INTO questions_answers (question_id, sentence, sentence_translation, is_correct, "order") VALUES (82300038, '弊社の新製品', '弊社の新製品 (sản phẩm mới của chúng tôi) — bình thường', FALSE, 2);
INSERT INTO questions_answers (question_id, sentence, sentence_translation, is_correct, "order") VALUES (82300038, '私のこと', '私のこと (về tôi) — có vẻ hơi kỳ nhưng có thể dùng', FALSE, 3);
INSERT INTO questions_answers (question_id, sentence, sentence_translation, is_correct, "order") VALUES (82300038, 'わたくしの意見', 'わたくしの意見 (ý kiến của tôi) — hỏi người khác về ý kiến của mình bằng ご存知 là không phù hợp', TRUE, 4);
INSERT INTO questions (id, user_id, is_system, is_khoa_cu, question_type, content_type, level, selection_type, question, passage, passage_translation, general_explanation, skill_category, base_difficulty, tenant_id, is_active, is_deleted, created_at, created_by) VALUES (82300039, NULL, TRUE, FALSE, 'chon_dap_an', 'keigo_baitap_keigo_phan_loai', 'BJT-4', 'single', '次の会話を完成させてください。
あなた：「部長、田中商事の鈴木様がいらっしゃいました。」
部長：「（　）、すぐ行く。」
あなた：「はい、鈴木様にそのようにお（　）いたします。」

Hoàn thành hội thoại:
Bạn: 「部長、田中商事の鈴木様がいらっしゃいました。」(Trưởng phòng, ông Suzuki của Tanaka Shoji đã đến.)
Trưởng phòng: 「______、すぐ行く。」
Bạn: 「はい、鈴木様にそのようにお______いたします。」', NULL, NULL, 'Câu C chuẩn trong môi trường văn phòng: 「承知しました」(Kenjougo — tuân theo, hiểu ý) là cách trả lời sếp phù hợp nhất trong ngữ cảnh bình thường. 「お伝えいたします」= Kenjougo của 伝える — truyền đạt cho ông Suzuki. Câu D: 「かしこまりました」trang trọng nhất nhưng thường dùng khi phục vụ khách hàng trực tiếp, không dùng với sếp trong hội thoại thường ngày. 「了解」(B) không dùng với cấp trên — thiếu trang trọng.

💡 承知しました (với sếp, đồng nghiệp cấp cao) | かしこまりました (với khách hàng — mức tối cao) | 了解 ❌ với cấp trên', 'grammar', 4, 'system', TRUE, FALSE, NOW(), 'system') ON CONFLICT (id) DO UPDATE SET question_type = EXCLUDED.question_type, content_type = EXCLUDED.content_type, level = EXCLUDED.level, question = EXCLUDED.question, passage = EXCLUDED.passage, passage_translation = EXCLUDED.passage_translation, general_explanation = EXCLUDED.general_explanation, skill_category = EXCLUDED.skill_category, base_difficulty = EXCLUDED.base_difficulty, is_active = EXCLUDED.is_active, is_deleted = EXCLUDED.is_deleted, updated_at = NOW(), updated_by = 'system';
DELETE FROM questions_answers WHERE question_id = 82300039;
INSERT INTO questions_answers (question_id, sentence, sentence_translation, is_correct, "order") VALUES (82300039, '「わかりました」/ お伝え', '「わかりました」(hiểu rồi) / お伝え (truyền đạt — Kenjougo)', FALSE, 1);
INSERT INTO questions_answers (question_id, sentence, sentence_translation, is_correct, "order") VALUES (82300039, '「了解」/ お知らせ', '「了解」(OK — không phù hợp với sếp) / お知らせ', FALSE, 2);
INSERT INTO questions_answers (question_id, sentence, sentence_translation, is_correct, "order") VALUES (82300039, '「承知しました」/ お伝え', '「承知しました」(vâng ạ — Kenjougo) / お伝え — chuẩn nhất', TRUE, 3);
INSERT INTO questions_answers (question_id, sentence, sentence_translation, is_correct, "order") VALUES (82300039, '「かしこまりました」/ 申し上げ', '「かしこまりました」(tuân lệnh — trang trọng nhất) / 申し上げ', FALSE, 4);
INSERT INTO questions (id, user_id, is_system, is_khoa_cu, question_type, content_type, level, selection_type, question, passage, passage_translation, general_explanation, skill_category, base_difficulty, tenant_id, is_active, is_deleted, created_at, created_by) VALUES (82300040, NULL, TRUE, FALSE, 'chon_dap_an', 'keigo_baitap_keigo_phan_loai', 'BJT-4', 'single', '次のメール文の下線部で、最も不自然または間違った表現はどれですか？
「①いつもお世話になっております。②先日はご来社いただきまして、③誠にありがとうございました。④ご多忙の中いらっしゃられたこと、⑤重ねて御礼申し上げます。」

Trong đoạn email sau, phần gạch chân nào KHÔNG TỰ NHIÊN hoặc SAI?
「①いつもお世話になっております。②先日はご来社いただきまして、③誠にありがとうございました。④ご多忙の中いらっしゃられたこと、⑤重ねて御礼申し上げます。」', NULL, NULL, '「いらっしゃられた」là 二重敬語 nghiêm trọng: いらっしゃる đã là Sonkeigo hoàn chỉnh, thêm 〜られた tạo ra dạng sai. Phải sửa thành「いらっしゃったこと」. Phân tích các phần đúng: ① Câu mở đầu chuẩn | ② ご来社 (Sonkeigo) + いただく (Kenjougo) — đúng | ③ Tự nhiên | ⑤ 重ねて (thêm một lần) + 御礼申し上げます (Kenjougo trang trọng) — chuẩn. Đây là dạng câu hỏi phổ biến nhất trong BJT cấp độ cao.

💡 いらっしゃった ✅ | いらっしゃられた ❌ — luôn kiểm tra 二重敬語 khi đọc email trang trọng!', 'grammar', 4, 'system', TRUE, FALSE, NOW(), 'system') ON CONFLICT (id) DO UPDATE SET question_type = EXCLUDED.question_type, content_type = EXCLUDED.content_type, level = EXCLUDED.level, question = EXCLUDED.question, passage = EXCLUDED.passage, passage_translation = EXCLUDED.passage_translation, general_explanation = EXCLUDED.general_explanation, skill_category = EXCLUDED.skill_category, base_difficulty = EXCLUDED.base_difficulty, is_active = EXCLUDED.is_active, is_deleted = EXCLUDED.is_deleted, updated_at = NOW(), updated_by = 'system';
DELETE FROM questions_answers WHERE question_id = 82300040;
INSERT INTO questions_answers (question_id, sentence, sentence_translation, is_correct, "order") VALUES (82300040, '① いつもお世話になっております', '① いつもお世話になっております', FALSE, 1);
INSERT INTO questions_answers (question_id, sentence, sentence_translation, is_correct, "order") VALUES (82300040, '② ご来社いただきまして', '② ご来社いただきまして', FALSE, 2);
INSERT INTO questions_answers (question_id, sentence, sentence_translation, is_correct, "order") VALUES (82300040, '④ いらっしゃられたこと', '④ いらっしゃられたこと — 二重敬語!', TRUE, 3);
INSERT INTO questions_answers (question_id, sentence, sentence_translation, is_correct, "order") VALUES (82300040, '⑤ 重ねて御礼申し上げます', '⑤ 重ねて御礼申し上げます', FALSE, 4);

INSERT INTO study_question_sets (id, name, description, set_type, card_count, tenant_id, is_active, is_deleted, created_at, created_by) VALUES (80100231, '2.1.2 Bài Tập Chuyên Sâu: 尊敬語 (Sonkeigo) — Cơ bản', 'Bài tập cấp 1 (Cơ bản) — 10 câu.', 'practice', 10, 'system', TRUE, FALSE, NOW(), 'system') ON CONFLICT (id) DO UPDATE SET name = EXCLUDED.name, description = EXCLUDED.description, set_type = EXCLUDED.set_type, card_count = EXCLUDED.card_count, is_active = EXCLUDED.is_active, is_deleted = EXCLUDED.is_deleted, updated_at = NOW(), updated_by = 'system';
INSERT INTO study_question_set_questions (study_question_set_id, question_id, order_index, tenant_id, is_deleted, created_at, created_by) VALUES (80100231, 82300001, 1, 'system', FALSE, NOW(), 'system') ON CONFLICT (study_question_set_id, question_id) DO UPDATE SET order_index = EXCLUDED.order_index, is_deleted = FALSE;
INSERT INTO study_question_set_questions (study_question_set_id, question_id, order_index, tenant_id, is_deleted, created_at, created_by) VALUES (80100231, 82300002, 2, 'system', FALSE, NOW(), 'system') ON CONFLICT (study_question_set_id, question_id) DO UPDATE SET order_index = EXCLUDED.order_index, is_deleted = FALSE;
INSERT INTO study_question_set_questions (study_question_set_id, question_id, order_index, tenant_id, is_deleted, created_at, created_by) VALUES (80100231, 82300003, 3, 'system', FALSE, NOW(), 'system') ON CONFLICT (study_question_set_id, question_id) DO UPDATE SET order_index = EXCLUDED.order_index, is_deleted = FALSE;
INSERT INTO study_question_set_questions (study_question_set_id, question_id, order_index, tenant_id, is_deleted, created_at, created_by) VALUES (80100231, 82300004, 4, 'system', FALSE, NOW(), 'system') ON CONFLICT (study_question_set_id, question_id) DO UPDATE SET order_index = EXCLUDED.order_index, is_deleted = FALSE;
INSERT INTO study_question_set_questions (study_question_set_id, question_id, order_index, tenant_id, is_deleted, created_at, created_by) VALUES (80100231, 82300005, 5, 'system', FALSE, NOW(), 'system') ON CONFLICT (study_question_set_id, question_id) DO UPDATE SET order_index = EXCLUDED.order_index, is_deleted = FALSE;
INSERT INTO study_question_set_questions (study_question_set_id, question_id, order_index, tenant_id, is_deleted, created_at, created_by) VALUES (80100231, 82300006, 6, 'system', FALSE, NOW(), 'system') ON CONFLICT (study_question_set_id, question_id) DO UPDATE SET order_index = EXCLUDED.order_index, is_deleted = FALSE;
INSERT INTO study_question_set_questions (study_question_set_id, question_id, order_index, tenant_id, is_deleted, created_at, created_by) VALUES (80100231, 82300007, 7, 'system', FALSE, NOW(), 'system') ON CONFLICT (study_question_set_id, question_id) DO UPDATE SET order_index = EXCLUDED.order_index, is_deleted = FALSE;
INSERT INTO study_question_set_questions (study_question_set_id, question_id, order_index, tenant_id, is_deleted, created_at, created_by) VALUES (80100231, 82300008, 8, 'system', FALSE, NOW(), 'system') ON CONFLICT (study_question_set_id, question_id) DO UPDATE SET order_index = EXCLUDED.order_index, is_deleted = FALSE;
INSERT INTO study_question_set_questions (study_question_set_id, question_id, order_index, tenant_id, is_deleted, created_at, created_by) VALUES (80100231, 82300009, 9, 'system', FALSE, NOW(), 'system') ON CONFLICT (study_question_set_id, question_id) DO UPDATE SET order_index = EXCLUDED.order_index, is_deleted = FALSE;
INSERT INTO study_question_set_questions (study_question_set_id, question_id, order_index, tenant_id, is_deleted, created_at, created_by) VALUES (80100231, 82300010, 10, 'system', FALSE, NOW(), 'system') ON CONFLICT (study_question_set_id, question_id) DO UPDATE SET order_index = EXCLUDED.order_index, is_deleted = FALSE;
INSERT INTO study_resource_question_sets (resource_type, resource_id, study_question_set_id, position, context, tenant_id, is_active, is_deleted, created_at, created_by) VALUES ('module', 8011, 80100231, 6, '{"label": "2.1.2 Bài Tập Chuyên Sâu: 尊敬語 (Sonkeigo) — Cơ bản"}'::jsonb, 'system', TRUE, FALSE, NOW(), 'system') ON CONFLICT (resource_type, resource_id, study_question_set_id) DO UPDATE SET position = EXCLUDED.position, context = EXCLUDED.context, is_active = TRUE, is_deleted = FALSE;

INSERT INTO study_question_sets (id, name, description, set_type, card_count, tenant_id, is_active, is_deleted, created_at, created_by) VALUES (80100232, '2.1.2 Bài Tập Chuyên Sâu: 尊敬語 (Sonkeigo) — Trung bình', 'Bài tập cấp 2 (Trung bình) — 10 câu.', 'practice', 10, 'system', TRUE, FALSE, NOW(), 'system') ON CONFLICT (id) DO UPDATE SET name = EXCLUDED.name, description = EXCLUDED.description, set_type = EXCLUDED.set_type, card_count = EXCLUDED.card_count, is_active = EXCLUDED.is_active, is_deleted = EXCLUDED.is_deleted, updated_at = NOW(), updated_by = 'system';
INSERT INTO study_question_set_questions (study_question_set_id, question_id, order_index, tenant_id, is_deleted, created_at, created_by) VALUES (80100232, 82300011, 1, 'system', FALSE, NOW(), 'system') ON CONFLICT (study_question_set_id, question_id) DO UPDATE SET order_index = EXCLUDED.order_index, is_deleted = FALSE;
INSERT INTO study_question_set_questions (study_question_set_id, question_id, order_index, tenant_id, is_deleted, created_at, created_by) VALUES (80100232, 82300012, 2, 'system', FALSE, NOW(), 'system') ON CONFLICT (study_question_set_id, question_id) DO UPDATE SET order_index = EXCLUDED.order_index, is_deleted = FALSE;
INSERT INTO study_question_set_questions (study_question_set_id, question_id, order_index, tenant_id, is_deleted, created_at, created_by) VALUES (80100232, 82300013, 3, 'system', FALSE, NOW(), 'system') ON CONFLICT (study_question_set_id, question_id) DO UPDATE SET order_index = EXCLUDED.order_index, is_deleted = FALSE;
INSERT INTO study_question_set_questions (study_question_set_id, question_id, order_index, tenant_id, is_deleted, created_at, created_by) VALUES (80100232, 82300014, 4, 'system', FALSE, NOW(), 'system') ON CONFLICT (study_question_set_id, question_id) DO UPDATE SET order_index = EXCLUDED.order_index, is_deleted = FALSE;
INSERT INTO study_question_set_questions (study_question_set_id, question_id, order_index, tenant_id, is_deleted, created_at, created_by) VALUES (80100232, 82300015, 5, 'system', FALSE, NOW(), 'system') ON CONFLICT (study_question_set_id, question_id) DO UPDATE SET order_index = EXCLUDED.order_index, is_deleted = FALSE;
INSERT INTO study_question_set_questions (study_question_set_id, question_id, order_index, tenant_id, is_deleted, created_at, created_by) VALUES (80100232, 82300016, 6, 'system', FALSE, NOW(), 'system') ON CONFLICT (study_question_set_id, question_id) DO UPDATE SET order_index = EXCLUDED.order_index, is_deleted = FALSE;
INSERT INTO study_question_set_questions (study_question_set_id, question_id, order_index, tenant_id, is_deleted, created_at, created_by) VALUES (80100232, 82300017, 7, 'system', FALSE, NOW(), 'system') ON CONFLICT (study_question_set_id, question_id) DO UPDATE SET order_index = EXCLUDED.order_index, is_deleted = FALSE;
INSERT INTO study_question_set_questions (study_question_set_id, question_id, order_index, tenant_id, is_deleted, created_at, created_by) VALUES (80100232, 82300018, 8, 'system', FALSE, NOW(), 'system') ON CONFLICT (study_question_set_id, question_id) DO UPDATE SET order_index = EXCLUDED.order_index, is_deleted = FALSE;
INSERT INTO study_question_set_questions (study_question_set_id, question_id, order_index, tenant_id, is_deleted, created_at, created_by) VALUES (80100232, 82300019, 9, 'system', FALSE, NOW(), 'system') ON CONFLICT (study_question_set_id, question_id) DO UPDATE SET order_index = EXCLUDED.order_index, is_deleted = FALSE;
INSERT INTO study_question_set_questions (study_question_set_id, question_id, order_index, tenant_id, is_deleted, created_at, created_by) VALUES (80100232, 82300020, 10, 'system', FALSE, NOW(), 'system') ON CONFLICT (study_question_set_id, question_id) DO UPDATE SET order_index = EXCLUDED.order_index, is_deleted = FALSE;
INSERT INTO study_resource_question_sets (resource_type, resource_id, study_question_set_id, position, context, tenant_id, is_active, is_deleted, created_at, created_by) VALUES ('module', 8011, 80100232, 7, '{"label": "2.1.2 Bài Tập Chuyên Sâu: 尊敬語 (Sonkeigo) — Trung bình"}'::jsonb, 'system', TRUE, FALSE, NOW(), 'system') ON CONFLICT (resource_type, resource_id, study_question_set_id) DO UPDATE SET position = EXCLUDED.position, context = EXCLUDED.context, is_active = TRUE, is_deleted = FALSE;

INSERT INTO study_question_sets (id, name, description, set_type, card_count, tenant_id, is_active, is_deleted, created_at, created_by) VALUES (80100233, '2.1.2 Bài Tập Chuyên Sâu: 尊敬語 (Sonkeigo) — Khá', 'Bài tập cấp 3 (Khá) — 10 câu.', 'practice', 10, 'system', TRUE, FALSE, NOW(), 'system') ON CONFLICT (id) DO UPDATE SET name = EXCLUDED.name, description = EXCLUDED.description, set_type = EXCLUDED.set_type, card_count = EXCLUDED.card_count, is_active = EXCLUDED.is_active, is_deleted = EXCLUDED.is_deleted, updated_at = NOW(), updated_by = 'system';
INSERT INTO study_question_set_questions (study_question_set_id, question_id, order_index, tenant_id, is_deleted, created_at, created_by) VALUES (80100233, 82300021, 1, 'system', FALSE, NOW(), 'system') ON CONFLICT (study_question_set_id, question_id) DO UPDATE SET order_index = EXCLUDED.order_index, is_deleted = FALSE;
INSERT INTO study_question_set_questions (study_question_set_id, question_id, order_index, tenant_id, is_deleted, created_at, created_by) VALUES (80100233, 82300022, 2, 'system', FALSE, NOW(), 'system') ON CONFLICT (study_question_set_id, question_id) DO UPDATE SET order_index = EXCLUDED.order_index, is_deleted = FALSE;
INSERT INTO study_question_set_questions (study_question_set_id, question_id, order_index, tenant_id, is_deleted, created_at, created_by) VALUES (80100233, 82300023, 3, 'system', FALSE, NOW(), 'system') ON CONFLICT (study_question_set_id, question_id) DO UPDATE SET order_index = EXCLUDED.order_index, is_deleted = FALSE;
INSERT INTO study_question_set_questions (study_question_set_id, question_id, order_index, tenant_id, is_deleted, created_at, created_by) VALUES (80100233, 82300024, 4, 'system', FALSE, NOW(), 'system') ON CONFLICT (study_question_set_id, question_id) DO UPDATE SET order_index = EXCLUDED.order_index, is_deleted = FALSE;
INSERT INTO study_question_set_questions (study_question_set_id, question_id, order_index, tenant_id, is_deleted, created_at, created_by) VALUES (80100233, 82300025, 5, 'system', FALSE, NOW(), 'system') ON CONFLICT (study_question_set_id, question_id) DO UPDATE SET order_index = EXCLUDED.order_index, is_deleted = FALSE;
INSERT INTO study_question_set_questions (study_question_set_id, question_id, order_index, tenant_id, is_deleted, created_at, created_by) VALUES (80100233, 82300026, 6, 'system', FALSE, NOW(), 'system') ON CONFLICT (study_question_set_id, question_id) DO UPDATE SET order_index = EXCLUDED.order_index, is_deleted = FALSE;
INSERT INTO study_question_set_questions (study_question_set_id, question_id, order_index, tenant_id, is_deleted, created_at, created_by) VALUES (80100233, 82300027, 7, 'system', FALSE, NOW(), 'system') ON CONFLICT (study_question_set_id, question_id) DO UPDATE SET order_index = EXCLUDED.order_index, is_deleted = FALSE;
INSERT INTO study_question_set_questions (study_question_set_id, question_id, order_index, tenant_id, is_deleted, created_at, created_by) VALUES (80100233, 82300028, 8, 'system', FALSE, NOW(), 'system') ON CONFLICT (study_question_set_id, question_id) DO UPDATE SET order_index = EXCLUDED.order_index, is_deleted = FALSE;
INSERT INTO study_question_set_questions (study_question_set_id, question_id, order_index, tenant_id, is_deleted, created_at, created_by) VALUES (80100233, 82300029, 9, 'system', FALSE, NOW(), 'system') ON CONFLICT (study_question_set_id, question_id) DO UPDATE SET order_index = EXCLUDED.order_index, is_deleted = FALSE;
INSERT INTO study_question_set_questions (study_question_set_id, question_id, order_index, tenant_id, is_deleted, created_at, created_by) VALUES (80100233, 82300030, 10, 'system', FALSE, NOW(), 'system') ON CONFLICT (study_question_set_id, question_id) DO UPDATE SET order_index = EXCLUDED.order_index, is_deleted = FALSE;
INSERT INTO study_resource_question_sets (resource_type, resource_id, study_question_set_id, position, context, tenant_id, is_active, is_deleted, created_at, created_by) VALUES ('module', 8011, 80100233, 8, '{"label": "2.1.2 Bài Tập Chuyên Sâu: 尊敬語 (Sonkeigo) — Khá"}'::jsonb, 'system', TRUE, FALSE, NOW(), 'system') ON CONFLICT (resource_type, resource_id, study_question_set_id) DO UPDATE SET position = EXCLUDED.position, context = EXCLUDED.context, is_active = TRUE, is_deleted = FALSE;

INSERT INTO study_question_sets (id, name, description, set_type, card_count, tenant_id, is_active, is_deleted, created_at, created_by) VALUES (80100234, '2.1.2 Bài Tập Chuyên Sâu: 尊敬語 (Sonkeigo) — Khó', 'Bài tập cấp 4 (Khó) — 10 câu.', 'practice', 10, 'system', TRUE, FALSE, NOW(), 'system') ON CONFLICT (id) DO UPDATE SET name = EXCLUDED.name, description = EXCLUDED.description, set_type = EXCLUDED.set_type, card_count = EXCLUDED.card_count, is_active = EXCLUDED.is_active, is_deleted = EXCLUDED.is_deleted, updated_at = NOW(), updated_by = 'system';
INSERT INTO study_question_set_questions (study_question_set_id, question_id, order_index, tenant_id, is_deleted, created_at, created_by) VALUES (80100234, 82300031, 1, 'system', FALSE, NOW(), 'system') ON CONFLICT (study_question_set_id, question_id) DO UPDATE SET order_index = EXCLUDED.order_index, is_deleted = FALSE;
INSERT INTO study_question_set_questions (study_question_set_id, question_id, order_index, tenant_id, is_deleted, created_at, created_by) VALUES (80100234, 82300032, 2, 'system', FALSE, NOW(), 'system') ON CONFLICT (study_question_set_id, question_id) DO UPDATE SET order_index = EXCLUDED.order_index, is_deleted = FALSE;
INSERT INTO study_question_set_questions (study_question_set_id, question_id, order_index, tenant_id, is_deleted, created_at, created_by) VALUES (80100234, 82300033, 3, 'system', FALSE, NOW(), 'system') ON CONFLICT (study_question_set_id, question_id) DO UPDATE SET order_index = EXCLUDED.order_index, is_deleted = FALSE;
INSERT INTO study_question_set_questions (study_question_set_id, question_id, order_index, tenant_id, is_deleted, created_at, created_by) VALUES (80100234, 82300034, 4, 'system', FALSE, NOW(), 'system') ON CONFLICT (study_question_set_id, question_id) DO UPDATE SET order_index = EXCLUDED.order_index, is_deleted = FALSE;
INSERT INTO study_question_set_questions (study_question_set_id, question_id, order_index, tenant_id, is_deleted, created_at, created_by) VALUES (80100234, 82300035, 5, 'system', FALSE, NOW(), 'system') ON CONFLICT (study_question_set_id, question_id) DO UPDATE SET order_index = EXCLUDED.order_index, is_deleted = FALSE;
INSERT INTO study_question_set_questions (study_question_set_id, question_id, order_index, tenant_id, is_deleted, created_at, created_by) VALUES (80100234, 82300036, 6, 'system', FALSE, NOW(), 'system') ON CONFLICT (study_question_set_id, question_id) DO UPDATE SET order_index = EXCLUDED.order_index, is_deleted = FALSE;
INSERT INTO study_question_set_questions (study_question_set_id, question_id, order_index, tenant_id, is_deleted, created_at, created_by) VALUES (80100234, 82300037, 7, 'system', FALSE, NOW(), 'system') ON CONFLICT (study_question_set_id, question_id) DO UPDATE SET order_index = EXCLUDED.order_index, is_deleted = FALSE;
INSERT INTO study_question_set_questions (study_question_set_id, question_id, order_index, tenant_id, is_deleted, created_at, created_by) VALUES (80100234, 82300038, 8, 'system', FALSE, NOW(), 'system') ON CONFLICT (study_question_set_id, question_id) DO UPDATE SET order_index = EXCLUDED.order_index, is_deleted = FALSE;
INSERT INTO study_question_set_questions (study_question_set_id, question_id, order_index, tenant_id, is_deleted, created_at, created_by) VALUES (80100234, 82300039, 9, 'system', FALSE, NOW(), 'system') ON CONFLICT (study_question_set_id, question_id) DO UPDATE SET order_index = EXCLUDED.order_index, is_deleted = FALSE;
INSERT INTO study_question_set_questions (study_question_set_id, question_id, order_index, tenant_id, is_deleted, created_at, created_by) VALUES (80100234, 82300040, 10, 'system', FALSE, NOW(), 'system') ON CONFLICT (study_question_set_id, question_id) DO UPDATE SET order_index = EXCLUDED.order_index, is_deleted = FALSE;
INSERT INTO study_resource_question_sets (resource_type, resource_id, study_question_set_id, position, context, tenant_id, is_active, is_deleted, created_at, created_by) VALUES ('module', 8011, 80100234, 9, '{"label": "2.1.2 Bài Tập Chuyên Sâu: 尊敬語 (Sonkeigo) — Khó"}'::jsonb, 'system', TRUE, FALSE, NOW(), 'system') ON CONFLICT (resource_type, resource_id, study_question_set_id) DO UPDATE SET position = EXCLUDED.position, context = EXCLUDED.context, is_active = TRUE, is_deleted = FALSE;

-- BaiTap file: 2.1.3_Kenjougo_BaiTap.json
INSERT INTO questions (id, user_id, is_system, is_khoa_cu, question_type, content_type, level, selection_type, question, passage, passage_translation, general_explanation, skill_category, base_difficulty, tenant_id, is_active, is_deleted, created_at, created_by) VALUES (83300001, NULL, TRUE, FALSE, 'chon_dap_an', 'keigo_baitap_keigo_phan_loai', 'BJT-1', 'single', '「参る（まいる）」はどの動詞の謙譲語ですか？

「参る（まいる）」là Kenjougo của những động từ nào?', NULL, NULL, '「参る（まいる）」là Kenjougo của cả 行く (đi) lẫn 来る (đến) — dùng khi bản thân mình đi hoặc đến đâu đó. Ví dụ: 「明日御社に参ります」(Ngày mai tôi sẽ đến công ty quý vị). Lưu ý: いる (ở) có Kenjougo riêng là「おる」— không phải 参る. Sonkeigo tương đương là「いらっしゃる」(3 in 1: ở/đi/đến).

💡 参る = MÌNH đi/đến (Kenjougo) | おる = MÌNH ở (Kenjougo) — khác nhau, đừng nhầm!', 'grammar', 1, 'system', TRUE, FALSE, NOW(), 'system') ON CONFLICT (id) DO UPDATE SET question_type = EXCLUDED.question_type, content_type = EXCLUDED.content_type, level = EXCLUDED.level, question = EXCLUDED.question, passage = EXCLUDED.passage, passage_translation = EXCLUDED.passage_translation, general_explanation = EXCLUDED.general_explanation, skill_category = EXCLUDED.skill_category, base_difficulty = EXCLUDED.base_difficulty, is_active = EXCLUDED.is_active, is_deleted = EXCLUDED.is_deleted, updated_at = NOW(), updated_by = 'system';
DELETE FROM questions_answers WHERE question_id = 83300001;
INSERT INTO questions_answers (question_id, sentence, sentence_translation, is_correct, "order") VALUES (83300001, '行く のみ', 'Chỉ 行く (đi)', FALSE, 1);
INSERT INTO questions_answers (question_id, sentence, sentence_translation, is_correct, "order") VALUES (83300001, '来る のみ', 'Chỉ 来る (đến)', FALSE, 2);
INSERT INTO questions_answers (question_id, sentence, sentence_translation, is_correct, "order") VALUES (83300001, '行く・来る の両方', 'Cả 行く (đi) và 来る (đến)', TRUE, 3);
INSERT INTO questions_answers (question_id, sentence, sentence_translation, is_correct, "order") VALUES (83300001, '行く・来る・いる の全て', 'Cả 行く, 来る và いる (ở)', FALSE, 4);
INSERT INTO questions (id, user_id, is_system, is_khoa_cu, question_type, content_type, level, selection_type, question, passage, passage_translation, general_explanation, skill_category, base_difficulty, tenant_id, is_active, is_deleted, created_at, created_by) VALUES (83300002, NULL, TRUE, FALSE, 'chon_dap_an', 'keigo_baitap_keigo_phan_loai', 'BJT-1', 'single', '「いただく」が謙譲語として使える場面をすべて選んでください。

「いただく」có thể dùng làm Kenjougo trong tình huống nào? (Chọn tất cả đáp án đúng)', NULL, NULL, '「いただく」có 3 cách dùng làm Kenjougo: (1) Thay cho 食べる/飲む: 「いただきます」khi bắt đầu ăn; (2) Thay cho もらう: 「お土産をいただきました」(tôi nhận được quà); (3) Cấu trúc 〜ていただく thay cho 〜てもらう: 「ご確認いただけますか」(xin được ngài xác nhận). Đây là từ Kenjougo xuất hiện nhiều nhất và đa dạng nhất trong BJT!

💡 いただく = 3 in 1: ăn / nhận / được ai làm cho — từ Kenjougo quan trọng nhất cần thuộc lòng!', 'grammar', 1, 'system', TRUE, FALSE, NOW(), 'system') ON CONFLICT (id) DO UPDATE SET question_type = EXCLUDED.question_type, content_type = EXCLUDED.content_type, level = EXCLUDED.level, question = EXCLUDED.question, passage = EXCLUDED.passage, passage_translation = EXCLUDED.passage_translation, general_explanation = EXCLUDED.general_explanation, skill_category = EXCLUDED.skill_category, base_difficulty = EXCLUDED.base_difficulty, is_active = EXCLUDED.is_active, is_deleted = EXCLUDED.is_deleted, updated_at = NOW(), updated_by = 'system';
DELETE FROM questions_answers WHERE question_id = 83300002;
INSERT INTO questions_answers (question_id, sentence, sentence_translation, is_correct, "order") VALUES (83300002, '食べる・飲む の謙譲語として', 'Kenjougo của 食べる (ăn) và 飲む (uống)', FALSE, 1);
INSERT INTO questions_answers (question_id, sentence, sentence_translation, is_correct, "order") VALUES (83300002, 'もらう の謙譲語として', 'Kenjougo của もらう (nhận)', FALSE, 2);
INSERT INTO questions_answers (question_id, sentence, sentence_translation, is_correct, "order") VALUES (83300002, '〜てもらう の謙譲語として（〜ていただく）', 'Kenjougo của 〜てもらう (được ai làm cho)', FALSE, 3);
INSERT INTO questions_answers (question_id, sentence, sentence_translation, is_correct, "order") VALUES (83300002, '上記の全て', 'Tất cả các trường hợp trên', TRUE, 4);
INSERT INTO questions (id, user_id, is_system, is_khoa_cu, question_type, content_type, level, selection_type, question, passage, passage_translation, general_explanation, skill_category, base_difficulty, tenant_id, is_active, is_deleted, created_at, created_by) VALUES (83300003, NULL, TRUE, FALSE, 'chon_dap_an', 'keigo_baitap_keigo_phan_loai', 'BJT-1', 'single', '「申す（もうす）」はどの動詞の謙譲語ですか？

「申す（もうす）」là Kenjougo của động từ nào?', NULL, NULL, '「申す（もうす）」là Kenjougo của 言う (nói) — dùng khi bản thân mình nói hoặc phát biểu điều gì đó. Dùng phổ biến nhất khi giới thiệu tên: 「田中と申します」(Tôi tên là Tanaka). Sonkeigo tương đương là「おっしゃる」— dùng khi người khác nói. Cũng có 「申し上げる（もうしあげる）」là dạng trang trọng hơn của 申す.

💡 申す = MÌNH nói (Kenjougo) | 「〜と申します」= cách giới thiệu tên lịch sự chuẩn mực', 'grammar', 1, 'system', TRUE, FALSE, NOW(), 'system') ON CONFLICT (id) DO UPDATE SET question_type = EXCLUDED.question_type, content_type = EXCLUDED.content_type, level = EXCLUDED.level, question = EXCLUDED.question, passage = EXCLUDED.passage, passage_translation = EXCLUDED.passage_translation, general_explanation = EXCLUDED.general_explanation, skill_category = EXCLUDED.skill_category, base_difficulty = EXCLUDED.base_difficulty, is_active = EXCLUDED.is_active, is_deleted = EXCLUDED.is_deleted, updated_at = NOW(), updated_by = 'system';
DELETE FROM questions_answers WHERE question_id = 83300003;
INSERT INTO questions_answers (question_id, sentence, sentence_translation, is_correct, "order") VALUES (83300003, '思う（おもう）', '思う (nghĩ)', FALSE, 1);
INSERT INTO questions_answers (question_id, sentence, sentence_translation, is_correct, "order") VALUES (83300003, '言う（いう）', '言う (nói)', TRUE, 2);
INSERT INTO questions_answers (question_id, sentence, sentence_translation, is_correct, "order") VALUES (83300003, '聞く（きく）', '聞く (nghe/hỏi)', FALSE, 3);
INSERT INTO questions_answers (question_id, sentence, sentence_translation, is_correct, "order") VALUES (83300003, '話す（はなす）', '話す (trò chuyện)', FALSE, 4);
INSERT INTO questions (id, user_id, is_system, is_khoa_cu, question_type, content_type, level, selection_type, question, passage, passage_translation, general_explanation, skill_category, base_difficulty, tenant_id, is_active, is_deleted, created_at, created_by) VALUES (83300004, NULL, TRUE, FALSE, 'chon_dap_an', 'keigo_baitap_keigo_phan_loai', 'BJT-1', 'single', '「いたす」はどの動詞の謙譲語ですか？

「いたす」là Kenjougo của động từ nào?', NULL, NULL, '「いたす」là Kenjougo của する (làm) — dùng khi bản thân mình thực hiện hành động nào đó. Ví dụ: 「ご連絡いたします」(Tôi sẽ liên hệ), 「確認いたします」(Tôi sẽ xác nhận). いたす thường đứng sau ご〜 hoặc お〜 tạo thành cấu trúc Kenjougo cho danh từ gốc Hán và Nhật thuần. Sonkeigo tương đương là「なさる」.

💡 いたす = MÌNH làm (Kenjougo) | ご〜いたします / お〜いたします = combo Kenjougo chuẩn nhất', 'grammar', 1, 'system', TRUE, FALSE, NOW(), 'system') ON CONFLICT (id) DO UPDATE SET question_type = EXCLUDED.question_type, content_type = EXCLUDED.content_type, level = EXCLUDED.level, question = EXCLUDED.question, passage = EXCLUDED.passage, passage_translation = EXCLUDED.passage_translation, general_explanation = EXCLUDED.general_explanation, skill_category = EXCLUDED.skill_category, base_difficulty = EXCLUDED.base_difficulty, is_active = EXCLUDED.is_active, is_deleted = EXCLUDED.is_deleted, updated_at = NOW(), updated_by = 'system';
DELETE FROM questions_answers WHERE question_id = 83300004;
INSERT INTO questions_answers (question_id, sentence, sentence_translation, is_correct, "order") VALUES (83300004, 'なる', 'なる (trở thành)', FALSE, 1);
INSERT INTO questions_answers (question_id, sentence, sentence_translation, is_correct, "order") VALUES (83300004, 'ある', 'ある (có/tồn tại)', FALSE, 2);
INSERT INTO questions_answers (question_id, sentence, sentence_translation, is_correct, "order") VALUES (83300004, 'する', 'する (làm)', TRUE, 3);
INSERT INTO questions_answers (question_id, sentence, sentence_translation, is_correct, "order") VALUES (83300004, 'くれる', 'くれる (cho)', FALSE, 4);
INSERT INTO questions (id, user_id, is_system, is_khoa_cu, question_type, content_type, level, selection_type, question, passage, passage_translation, general_explanation, skill_category, base_difficulty, tenant_id, is_active, is_deleted, created_at, created_by) VALUES (83300005, NULL, TRUE, FALSE, 'chon_dap_an', 'keigo_baitap_keigo_phan_loai', 'BJT-1', 'single', '「拝見する（はいけんする）」と「伺う（うかがう）」の意味として正しいのはどれですか？

「拝見する」và「伺う」có nghĩa gì? (Chọn đúng)', NULL, NULL, '「拝見する（はいけんする）」= Kenjougo của 見る (xem) — dùng khi mình xem tài liệu, thư từ của đối phương. Ví dụ: 「資料を拝見しました」. 「伺う（うかがう）」= Kenjougo của 訪ねる (thăm) VÀ 聞く (hỏi) — dùng khi mình đến thăm hoặc hỏi ai đó. Ví dụ: 「明日伺います」(Ngày mai tôi sẽ đến thăm) / 「一つ伺ってもよろしいですか」(Tôi có thể hỏi một điều không?).

💡 拝見する = MÌNH xem | 伺う = MÌNH thăm HOẶC MÌNH hỏi — một từ hai nghĩa!', 'grammar', 1, 'system', TRUE, FALSE, NOW(), 'system') ON CONFLICT (id) DO UPDATE SET question_type = EXCLUDED.question_type, content_type = EXCLUDED.content_type, level = EXCLUDED.level, question = EXCLUDED.question, passage = EXCLUDED.passage, passage_translation = EXCLUDED.passage_translation, general_explanation = EXCLUDED.general_explanation, skill_category = EXCLUDED.skill_category, base_difficulty = EXCLUDED.base_difficulty, is_active = EXCLUDED.is_active, is_deleted = EXCLUDED.is_deleted, updated_at = NOW(), updated_by = 'system';
DELETE FROM questions_answers WHERE question_id = 83300005;
INSERT INTO questions_answers (question_id, sentence, sentence_translation, is_correct, "order") VALUES (83300005, '拝見する＝読む の謙譲語、伺う＝訪ねる/聞く の謙譲語', '拝見する = Kenjougo của 見る/読む | 伺う = Kenjougo của 訪ねる/聞く', FALSE, 1);
INSERT INTO questions_answers (question_id, sentence, sentence_translation, is_correct, "order") VALUES (83300005, '拝見する＝見る の尊敬語、伺う＝行く の謙譲語', '拝見する = Sonkeigo của 見る | 伺う = Kenjougo của 行く', FALSE, 2);
INSERT INTO questions_answers (question_id, sentence, sentence_translation, is_correct, "order") VALUES (83300005, '拝見する＝見る の謙譲語、伺う＝訪ねる/聞く の謙譲語', '拝見する = Kenjougo của 見る | 伺う = Kenjougo của 訪ねる/聞く', TRUE, 3);
INSERT INTO questions_answers (question_id, sentence, sentence_translation, is_correct, "order") VALUES (83300005, '拝見する＝見る の謙譲語、伺う＝行く/来る の謙譲語', '拝見する = Kenjougo của 見る | 伺う = Kenjougo của 行く/来る', FALSE, 4);
INSERT INTO questions (id, user_id, is_system, is_khoa_cu, question_type, content_type, level, selection_type, question, passage, passage_translation, general_explanation, skill_category, base_difficulty, tenant_id, is_active, is_deleted, created_at, created_by) VALUES (83300006, NULL, TRUE, FALSE, 'chon_dap_an', 'keigo_baitap_keigo_phan_loai', 'BJT-1', 'single', '「存じる（ぞんじる）」はどの動詞の謙譲語ですか？

「存じる（ぞんじる）」là Kenjougo của động từ nào?', NULL, NULL, '「存じる（ぞんじる）」là Kenjougo của cả 思う (nghĩ) lẫn 知る (biết). Ví dụ dùng với nghĩa ''biết'': 「存じております」(Tôi có biết ạ) / 「存じません」(Tôi không biết ạ). Dùng với nghĩa ''nghĩ'': 「そのように存じます」(Tôi nghĩ là như vậy). Sonkeigo tương đương của 知る là「ご存知（ごぞんじ）」.

💡 存じる = MÌNH biết/nghĩ | 存じております = dạng lịch sự cao hơn 存じます — dùng trong email trang trọng', 'grammar', 1, 'system', TRUE, FALSE, NOW(), 'system') ON CONFLICT (id) DO UPDATE SET question_type = EXCLUDED.question_type, content_type = EXCLUDED.content_type, level = EXCLUDED.level, question = EXCLUDED.question, passage = EXCLUDED.passage, passage_translation = EXCLUDED.passage_translation, general_explanation = EXCLUDED.general_explanation, skill_category = EXCLUDED.skill_category, base_difficulty = EXCLUDED.base_difficulty, is_active = EXCLUDED.is_active, is_deleted = EXCLUDED.is_deleted, updated_at = NOW(), updated_by = 'system';
DELETE FROM questions_answers WHERE question_id = 83300006;
INSERT INTO questions_answers (question_id, sentence, sentence_translation, is_correct, "order") VALUES (83300006, '思う・知る の謙譲語', 'Kenjougo của 思う (nghĩ) và 知る (biết)', TRUE, 1);
INSERT INTO questions_answers (question_id, sentence, sentence_translation, is_correct, "order") VALUES (83300006, '言う・話す の謙譲語', 'Kenjougo của 言う (nói) và 話す (trò chuyện)', FALSE, 2);
INSERT INTO questions_answers (question_id, sentence, sentence_translation, is_correct, "order") VALUES (83300006, '見る・読む の謙譲語', 'Kenjougo của 見る (xem) và 読む (đọc)', FALSE, 3);
INSERT INTO questions_answers (question_id, sentence, sentence_translation, is_correct, "order") VALUES (83300006, 'する・なる の謙譲語', 'Kenjougo của する (làm) và なる (trở thành)', FALSE, 4);
INSERT INTO questions (id, user_id, is_system, is_khoa_cu, question_type, content_type, level, selection_type, question, passage, passage_translation, general_explanation, skill_category, base_difficulty, tenant_id, is_active, is_deleted, created_at, created_by) VALUES (83300007, NULL, TRUE, FALSE, 'chon_dap_an', 'keigo_baitap_keigo_phan_loai', 'BJT-1', 'single', '「差し上げる（さしあげる）」はどの動詞の謙譲語ですか？

「差し上げる（さしあげる）」là Kenjougo của động từ nào?', NULL, NULL, '「差し上げる（さしあげる）」là Kenjougo của あげる — dùng khi mình CHO hoặc TẶNG thứ gì đó cho người địa vị cao hơn. Ví dụ: 「こちらをお客様に差し上げます」(Tôi xin tặng/cho quý khách cái này). Tuy nhiên, trong thực tế hiện đại, 差し上げる đôi khi nghe hơi cứng nhắc — nhiều người dùng「お渡しする」hoặc「お持ちします」thay thế.

💡 差し上げる = MÌNH cho người cao hơn (Kenjougo) | くださる = người cao hơn cho MÌNH (Sonkeigo)', 'grammar', 1, 'system', TRUE, FALSE, NOW(), 'system') ON CONFLICT (id) DO UPDATE SET question_type = EXCLUDED.question_type, content_type = EXCLUDED.content_type, level = EXCLUDED.level, question = EXCLUDED.question, passage = EXCLUDED.passage, passage_translation = EXCLUDED.passage_translation, general_explanation = EXCLUDED.general_explanation, skill_category = EXCLUDED.skill_category, base_difficulty = EXCLUDED.base_difficulty, is_active = EXCLUDED.is_active, is_deleted = EXCLUDED.is_deleted, updated_at = NOW(), updated_by = 'system';
DELETE FROM questions_answers WHERE question_id = 83300007;
INSERT INTO questions_answers (question_id, sentence, sentence_translation, is_correct, "order") VALUES (83300007, 'もらう', 'もらう (nhận)', FALSE, 1);
INSERT INTO questions_answers (question_id, sentence, sentence_translation, is_correct, "order") VALUES (83300007, 'あげる', 'あげる (cho người khác)', TRUE, 2);
INSERT INTO questions_answers (question_id, sentence, sentence_translation, is_correct, "order") VALUES (83300007, 'くれる', 'くれる (đối phương cho mình)', FALSE, 3);
INSERT INTO questions_answers (question_id, sentence, sentence_translation, is_correct, "order") VALUES (83300007, '送る（おくる）', '送る (gửi)', FALSE, 4);
INSERT INTO questions (id, user_id, is_system, is_khoa_cu, question_type, content_type, level, selection_type, question, passage, passage_translation, general_explanation, skill_category, base_difficulty, tenant_id, is_active, is_deleted, created_at, created_by) VALUES (83300008, NULL, TRUE, FALSE, 'chon_dap_an', 'keigo_baitap_keigo_phan_loai', 'BJT-1', 'single', '次の組み合わせの中で、謙譲語と普通語の対応が正しいものはどれですか？

Cặp nào ghép ĐÚNG giữa động từ thông thường và Kenjougo?', NULL, NULL, 'Chỉ câu B đúng: 聞く → 伺う (Kenjougo). Câu A sai: ご覧になる là Sonkeigo của 見る — Kenjougo của 見る là 拝見する. Câu C sai: いらっしゃる là Sonkeigo của 来る — Kenjougo của 来る là 参る. Câu D sai: なさる là Sonkeigo của する — Kenjougo của する là いたす.

💡 Nhớ cặp đôi: 見る → ご覧になる (S) / 拝見する (K) | する → なさる (S) / いたす (K)', 'grammar', 1, 'system', TRUE, FALSE, NOW(), 'system') ON CONFLICT (id) DO UPDATE SET question_type = EXCLUDED.question_type, content_type = EXCLUDED.content_type, level = EXCLUDED.level, question = EXCLUDED.question, passage = EXCLUDED.passage, passage_translation = EXCLUDED.passage_translation, general_explanation = EXCLUDED.general_explanation, skill_category = EXCLUDED.skill_category, base_difficulty = EXCLUDED.base_difficulty, is_active = EXCLUDED.is_active, is_deleted = EXCLUDED.is_deleted, updated_at = NOW(), updated_by = 'system';
DELETE FROM questions_answers WHERE question_id = 83300008;
INSERT INTO questions_answers (question_id, sentence, sentence_translation, is_correct, "order") VALUES (83300008, '見る → ご覧になる', '見る (xem) → ご覧になる (Sonkeigo — sai!)', FALSE, 1);
INSERT INTO questions_answers (question_id, sentence, sentence_translation, is_correct, "order") VALUES (83300008, '聞く → 伺う', '聞く (hỏi/nghe) → 伺う (Kenjougo — đúng)', TRUE, 2);
INSERT INTO questions_answers (question_id, sentence, sentence_translation, is_correct, "order") VALUES (83300008, '来る → いらっしゃる', '来る (đến) → いらっしゃる (Sonkeigo — sai!)', FALSE, 3);
INSERT INTO questions_answers (question_id, sentence, sentence_translation, is_correct, "order") VALUES (83300008, 'する → なさる', 'する (làm) → なさる (Sonkeigo — sai!)', FALSE, 4);
INSERT INTO questions (id, user_id, is_system, is_khoa_cu, question_type, content_type, level, selection_type, question, passage, passage_translation, general_explanation, skill_category, base_difficulty, tenant_id, is_active, is_deleted, created_at, created_by) VALUES (83300009, NULL, TRUE, FALSE, 'chon_dap_an', 'keigo_baitap_keigo_phan_loai', 'BJT-1', 'single', '自分の会社を指す謙譲語として正しいものをすべて選んでください。

Những từ nào là Kenjougo để chỉ ''công ty của mình''? (Chọn tất cả đúng)', NULL, NULL, '「弊社（へいしゃ）」và 「当社（とうしゃ）」đều chỉ công ty của mình, nhưng khác nhau về sắc thái: 弊社 khiêm nhường hơn — dùng khi nói với đối tác/khách hàng bên ngoài (mang tính Kenjougo rõ hơn). 当社 trung tính hơn — dùng trong tài liệu nội bộ hoặc khi không cần nhấn mạnh sự khiêm nhường. 「私ども会社」không tự nhiên, không dùng trong văn phòng thực tế.

💡 弊社 (khiêm nhường — với khách) | 当社 (trung tính — tài liệu nội bộ) | cả hai đều chỉ công ty MÌNH', 'grammar', 1, 'system', TRUE, FALSE, NOW(), 'system') ON CONFLICT (id) DO UPDATE SET question_type = EXCLUDED.question_type, content_type = EXCLUDED.content_type, level = EXCLUDED.level, question = EXCLUDED.question, passage = EXCLUDED.passage, passage_translation = EXCLUDED.passage_translation, general_explanation = EXCLUDED.general_explanation, skill_category = EXCLUDED.skill_category, base_difficulty = EXCLUDED.base_difficulty, is_active = EXCLUDED.is_active, is_deleted = EXCLUDED.is_deleted, updated_at = NOW(), updated_by = 'system';
DELETE FROM questions_answers WHERE question_id = 83300009;
INSERT INTO questions_answers (question_id, sentence, sentence_translation, is_correct, "order") VALUES (83300009, '弊社（へいしゃ）のみ', 'Chỉ 弊社', FALSE, 1);
INSERT INTO questions_answers (question_id, sentence, sentence_translation, is_correct, "order") VALUES (83300009, '当社（とうしゃ）のみ', 'Chỉ 当社', FALSE, 2);
INSERT INTO questions_answers (question_id, sentence, sentence_translation, is_correct, "order") VALUES (83300009, '弊社・当社の両方', 'Cả 弊社 và 当社', TRUE, 3);
INSERT INTO questions_answers (question_id, sentence, sentence_translation, is_correct, "order") VALUES (83300009, '弊社・当社・私ども会社 の全て', 'Cả 弊社, 当社 và 私ども会社', FALSE, 4);
INSERT INTO questions (id, user_id, is_system, is_khoa_cu, question_type, content_type, level, selection_type, question, passage, passage_translation, general_explanation, skill_category, base_difficulty, tenant_id, is_active, is_deleted, created_at, created_by) VALUES (83300010, NULL, TRUE, FALSE, 'chon_dap_an', 'keigo_baitap_keigo_phan_loai', 'BJT-1', 'single', '「私（わたし）」のより謙虚な言い方として正しいものはどれですか？

Cách nói khiêm nhường hơn của 「私（わたし）」là gì?', NULL, NULL, '「わたくし」là dạng trang trọng và khiêm nhường hơn của わたし — thường dùng trong môi trường kinh doanh trang trọng, khi gặp khách hàng lần đầu, hoặc trong các sự kiện chính thức. Trong email kinh doanh và bài thi BJT, わたくし thể hiện phong cách chuyên nghiệp cao hơn. Các câu còn lại đều kém trang trọng hơn わたし.

💡 わたくし > わたし về mức trang trọng — dùng わたくし trong cuộc gặp khách hàng lần đầu hoặc bài phát biểu', 'grammar', 1, 'system', TRUE, FALSE, NOW(), 'system') ON CONFLICT (id) DO UPDATE SET question_type = EXCLUDED.question_type, content_type = EXCLUDED.content_type, level = EXCLUDED.level, question = EXCLUDED.question, passage = EXCLUDED.passage, passage_translation = EXCLUDED.passage_translation, general_explanation = EXCLUDED.general_explanation, skill_category = EXCLUDED.skill_category, base_difficulty = EXCLUDED.base_difficulty, is_active = EXCLUDED.is_active, is_deleted = EXCLUDED.is_deleted, updated_at = NOW(), updated_by = 'system';
DELETE FROM questions_answers WHERE question_id = 83300010;
INSERT INTO questions_answers (question_id, sentence, sentence_translation, is_correct, "order") VALUES (83300010, 'あたし', 'あたし (thân mật, nữ tính — không trang trọng hơn)', FALSE, 1);
INSERT INTO questions_answers (question_id, sentence, sentence_translation, is_correct, "order") VALUES (83300010, 'わたくし', 'わたくし (trang trọng và khiêm nhường hơn わたし)', TRUE, 2);
INSERT INTO questions_answers (question_id, sentence, sentence_translation, is_correct, "order") VALUES (83300010, 'ぼく', 'ぼく (nam giới, thân mật — không trang trọng)', FALSE, 3);
INSERT INTO questions_answers (question_id, sentence, sentence_translation, is_correct, "order") VALUES (83300010, 'おれ', 'おれ (thô, nam giới — hoàn toàn không phù hợp)', FALSE, 4);
INSERT INTO questions (id, user_id, is_system, is_khoa_cu, question_type, content_type, level, selection_type, question, passage, passage_translation, general_explanation, skill_category, base_difficulty, tenant_id, is_active, is_deleted, created_at, created_by) VALUES (83300011, NULL, TRUE, FALSE, 'chon_dap_an', 'keigo_baitap_keigo_phan_loai', 'BJT-2', 'single', '「荷物を持ちましょうか？」をお客様への丁寧な謙譲語に直すと？

Chuyển「荷物を持ちましょうか？」(Tôi mang hành lý giúp nhé?) sang Kenjougo lịch sự với khách hàng:', NULL, NULL, 'Câu D「お持ちいたしましょうか」trang trọng nhất: お + 持ち (masu-stem) + いたす (Kenjougo của する) + ましょうか. Câu B「お持ちしましょうか」cũng đúng nhưng ít trang trọng hơn D một bậc. Câu A sai vì お〜になる là Sonkeigo — chủ ngữ phải là đối phương. Câu C: あげる ngụ ý ''ban ơn'' từ trên xuống — không dùng với khách hàng!

💡 お〜する (lịch sự) < お〜いたす (trang trọng hơn) — cả hai đều là Kenjougo hợp lệ', 'grammar', 2, 'system', TRUE, FALSE, NOW(), 'system') ON CONFLICT (id) DO UPDATE SET question_type = EXCLUDED.question_type, content_type = EXCLUDED.content_type, level = EXCLUDED.level, question = EXCLUDED.question, passage = EXCLUDED.passage, passage_translation = EXCLUDED.passage_translation, general_explanation = EXCLUDED.general_explanation, skill_category = EXCLUDED.skill_category, base_difficulty = EXCLUDED.base_difficulty, is_active = EXCLUDED.is_active, is_deleted = EXCLUDED.is_deleted, updated_at = NOW(), updated_by = 'system';
DELETE FROM questions_answers WHERE question_id = 83300011;
INSERT INTO questions_answers (question_id, sentence, sentence_translation, is_correct, "order") VALUES (83300011, '荷物をお持ちになりましょうか？', 'Ngài có muốn mang hành lý không? (お〜になる = Sonkeigo — sai chủ ngữ)', FALSE, 1);
INSERT INTO questions_answers (question_id, sentence, sentence_translation, is_correct, "order") VALUES (83300011, '荷物をお持ちしましょうか？', 'Tôi mang hành lý giúp quý vị nhé ạ? (お〜する = Kenjougo — đúng)', FALSE, 2);
INSERT INTO questions_answers (question_id, sentence, sentence_translation, is_correct, "order") VALUES (83300011, '荷物を持ってあげましょうか？', 'Tôi mang hành lý cho ngài nhé? (あげる — nghe kiêu ngạo, không phù hợp)', FALSE, 3);
INSERT INTO questions_answers (question_id, sentence, sentence_translation, is_correct, "order") VALUES (83300011, '荷物をお持ちいたしましょうか？', 'Tôi xin mang hành lý giúp quý vị nhé ạ? (お〜いたす = Kenjougo trang trọng hơn)', TRUE, 4);
INSERT INTO questions (id, user_id, is_system, is_khoa_cu, question_type, content_type, level, selection_type, question, passage, passage_translation, general_explanation, skill_category, base_difficulty, tenant_id, is_active, is_deleted, created_at, created_by) VALUES (83300012, NULL, TRUE, FALSE, 'chon_dap_an', 'keigo_baitap_keigo_phan_loai', 'BJT-2', 'single', '「説明します」を謙譲語にすると？（gốc Hán — ご〜する を使う）

Chuyển「説明します」sang Kenjougo dùng cấu trúc ご〜する:', NULL, NULL, '「ご説明します」và「ご説明いたします」đều là Kenjougo hợp lệ cho 説明する. Sự khác biệt: ご説明します = lịch sự; ご説明いたします = trang trọng hơn vì dùng いたす (Kenjougo của する) thay vì します. Trong môi trường kinh doanh BJT, ご説明いたします được khuyến nghị hơn. Câu A sai vì ご〜になる là Sonkeigo.

💡 ご〜いたします > ご〜します về mức trang trọng — trong kinh doanh nên dùng いたします', 'grammar', 2, 'system', TRUE, FALSE, NOW(), 'system') ON CONFLICT (id) DO UPDATE SET question_type = EXCLUDED.question_type, content_type = EXCLUDED.content_type, level = EXCLUDED.level, question = EXCLUDED.question, passage = EXCLUDED.passage, passage_translation = EXCLUDED.passage_translation, general_explanation = EXCLUDED.general_explanation, skill_category = EXCLUDED.skill_category, base_difficulty = EXCLUDED.base_difficulty, is_active = EXCLUDED.is_active, is_deleted = EXCLUDED.is_deleted, updated_at = NOW(), updated_by = 'system';
DELETE FROM questions_answers WHERE question_id = 83300012;
INSERT INTO questions_answers (question_id, sentence, sentence_translation, is_correct, "order") VALUES (83300012, 'ご説明になります', 'ご説明になります (ご〜になる = Sonkeigo — sai)', FALSE, 1);
INSERT INTO questions_answers (question_id, sentence, sentence_translation, is_correct, "order") VALUES (83300012, 'ご説明します', 'ご説明します (đúng — mức cơ bản)', FALSE, 2);
INSERT INTO questions_answers (question_id, sentence, sentence_translation, is_correct, "order") VALUES (83300012, 'ご説明いたします', 'ご説明いたします (đúng — mức trang trọng hơn)', FALSE, 3);
INSERT INTO questions_answers (question_id, sentence, sentence_translation, is_correct, "order") VALUES (83300012, 'B と C の両方が正しい謙譲語', 'Cả B và C đều là Kenjougo đúng', TRUE, 4);
INSERT INTO questions (id, user_id, is_system, is_khoa_cu, question_type, content_type, level, selection_type, question, passage, passage_translation, general_explanation, skill_category, base_difficulty, tenant_id, is_active, is_deleted, created_at, created_by) VALUES (83300013, NULL, TRUE, FALSE, 'chon_dap_an', 'keigo_baitap_keigo_phan_loai', 'BJT-2', 'single', '「〜させていただく」の正しい使い方として適切なのはどれですか？

Câu nào sử dụng đúng cấu trúc「〜させていただく」?', NULL, NULL, 'Câu A đúng: 「確認させていただきます」= bản thân mình được phép xác nhận (ngụ ý nhờ sự đồng ý của đối phương). Câu B sai ngữ nghĩa: 「お客様に確認させていただく」nghe như ''để khách xác nhận'' nhưng させていただく phải là hành động của MÌNH. Câu C sai ngữ pháp. Câu D:「ご確認させていただく」thực ra là 二重敬語 — không nên dùng. Chỉ nên: 「確認させていただく」hoặc「ご確認いたします」.

💡 させていただく = MÌNH làm + có sự đồng ý của người khác. Không kết hợp ご〜させていただく — đó là 二重敬語!', 'grammar', 2, 'system', TRUE, FALSE, NOW(), 'system') ON CONFLICT (id) DO UPDATE SET question_type = EXCLUDED.question_type, content_type = EXCLUDED.content_type, level = EXCLUDED.level, question = EXCLUDED.question, passage = EXCLUDED.passage, passage_translation = EXCLUDED.passage_translation, general_explanation = EXCLUDED.general_explanation, skill_category = EXCLUDED.skill_category, base_difficulty = EXCLUDED.base_difficulty, is_active = EXCLUDED.is_active, is_deleted = EXCLUDED.is_deleted, updated_at = NOW(), updated_by = 'system';
DELETE FROM questions_answers WHERE question_id = 83300013;
INSERT INTO questions_answers (question_id, sentence, sentence_translation, is_correct, "order") VALUES (83300013, '確認させていただきます。', 'Tôi xin phép được xác nhận ạ. (mình làm — đúng)', TRUE, 1);
INSERT INTO questions_answers (question_id, sentence, sentence_translation, is_correct, "order") VALUES (83300013, 'お客様に確認させていただきます。', 'Tôi sẽ để khách hàng xác nhận. (chủ ngữ nhầm — sai ngữ nghĩa)', FALSE, 2);
INSERT INTO questions_answers (question_id, sentence, sentence_translation, is_correct, "order") VALUES (83300013, '確認させていただいてください。', 'Hãy để tôi được xác nhận. (命令形 kết hợp させていただく — sai)', FALSE, 3);
INSERT INTO questions_answers (question_id, sentence, sentence_translation, is_correct, "order") VALUES (83300013, 'ご確認させていただきます。', 'Tôi xin phép được xác nhận ạ. (ご + させていただく — 二重敬語?)', FALSE, 4);
INSERT INTO questions (id, user_id, is_system, is_khoa_cu, question_type, content_type, level, selection_type, question, passage, passage_translation, general_explanation, skill_category, base_difficulty, tenant_id, is_active, is_deleted, created_at, created_by) VALUES (83300014, NULL, TRUE, FALSE, 'chon_dap_an', 'keigo_baitap_keigo_phan_loai', 'BJT-2', 'single', '次の2つの文の違いを正しく説明しているのはどれですか？
①「ご確認いただきありがとうございます。」
②「ご確認くださりありがとうございます。」

Giải thích đúng sự khác biệt giữa 2 câu:
①「ご確認いただきありがとうございます。」
②「ご確認くださりありがとうございます。」', NULL, NULL, '① いただき: Kenjougo — chủ ngữ ngầm là MÌNH (tôi được phép nhận việc ngài xác nhận → tôi được thụ hưởng). ② くださり: Sonkeigo — chủ ngữ là NGÀI (ngài đã làm ơn xác nhận cho tôi). Cả hai đều đúng ngữ pháp và có thể dùng thay nhau trong lời cảm ơn, nhưng khác về góc nhìn. Trong email kinh doanh, cả hai đều được chấp nhận — đây là kiến thức BJT nâng cao!

💡 いただく (chủ = mình được) ↔ くださる (chủ = đối phương cho) — cùng tình huống, khác góc nhìn. Cả hai đúng!', 'grammar', 2, 'system', TRUE, FALSE, NOW(), 'system') ON CONFLICT (id) DO UPDATE SET question_type = EXCLUDED.question_type, content_type = EXCLUDED.content_type, level = EXCLUDED.level, question = EXCLUDED.question, passage = EXCLUDED.passage, passage_translation = EXCLUDED.passage_translation, general_explanation = EXCLUDED.general_explanation, skill_category = EXCLUDED.skill_category, base_difficulty = EXCLUDED.base_difficulty, is_active = EXCLUDED.is_active, is_deleted = EXCLUDED.is_deleted, updated_at = NOW(), updated_by = 'system';
DELETE FROM questions_answers WHERE question_id = 83300014;
INSERT INTO questions_answers (question_id, sentence, sentence_translation, is_correct, "order") VALUES (83300014, '①は謙譲語、②は尊敬語。意味は同じだが主語の視点が異なる', '① là Kenjougo, ② là Sonkeigo. Nghĩa gần nhau nhưng góc nhìn chủ ngữ khác nhau', TRUE, 1);
INSERT INTO questions_answers (question_id, sentence, sentence_translation, is_correct, "order") VALUES (83300014, '①は間違い、②だけが正しい', '① sai, chỉ ② đúng', FALSE, 2);
INSERT INTO questions_answers (question_id, sentence, sentence_translation, is_correct, "order") VALUES (83300014, '②は間違い、①だけが正しい', '② sai, chỉ ① đúng', FALSE, 3);
INSERT INTO questions_answers (question_id, sentence, sentence_translation, is_correct, "order") VALUES (83300014, '両方とも同じ意味で、違いはない', 'Cả hai giống nhau hoàn toàn, không có gì khác', FALSE, 4);
INSERT INTO questions (id, user_id, is_system, is_khoa_cu, question_type, content_type, level, selection_type, question, passage, passage_translation, general_explanation, skill_category, base_difficulty, tenant_id, is_active, is_deleted, created_at, created_by) VALUES (83300015, NULL, TRUE, FALSE, 'chon_dap_an', 'keigo_baitap_keigo_phan_loai', 'BJT-2', 'single', '初めて会う取引先に自己紹介する時、最も適切な表現はどれですか？

Khi gặp đối tác lần đầu, cách tự giới thiệu lịch sự nhất là câu nào?', NULL, NULL, 'Câu C chuẩn nhất cho lần gặp đầu tiên với đối tác: 「〜と申します」= 申す (Kenjougo của 言う) khi giới thiệu tên mình + 「よろしくお願いいたします」= いたす (Kenjougo) — lịch sự và chuyên nghiệp. Câu D cũng đúng nhưng 「よろしくお願い申し上げます」cực trang trọng — thường dùng trong văn viết hoặc bài phát biểu hơn là hội thoại.

💡 〜と申します + よろしくお願いいたします = combo tự giới thiệu chuẩn trong kinh doanh Nhật', 'grammar', 2, 'system', TRUE, FALSE, NOW(), 'system') ON CONFLICT (id) DO UPDATE SET question_type = EXCLUDED.question_type, content_type = EXCLUDED.content_type, level = EXCLUDED.level, question = EXCLUDED.question, passage = EXCLUDED.passage, passage_translation = EXCLUDED.passage_translation, general_explanation = EXCLUDED.general_explanation, skill_category = EXCLUDED.skill_category, base_difficulty = EXCLUDED.base_difficulty, is_active = EXCLUDED.is_active, is_deleted = EXCLUDED.is_deleted, updated_at = NOW(), updated_by = 'system';
DELETE FROM questions_answers WHERE question_id = 83300015;
INSERT INTO questions_answers (question_id, sentence, sentence_translation, is_correct, "order") VALUES (83300015, '田中です。よろしく。', 'Tôi là Tanaka. Nhờ bạn nhé.', FALSE, 1);
INSERT INTO questions_answers (question_id, sentence, sentence_translation, is_correct, "order") VALUES (83300015, '田中と言います。どうぞよろしくお願いします。', 'Tôi tên là Tanaka. Rất mong được hợp tác.', FALSE, 2);
INSERT INTO questions_answers (question_id, sentence, sentence_translation, is_correct, "order") VALUES (83300015, '田中と申します。どうぞよろしくお願いいたします。', 'Tôi tên là Tanaka. Kính mong được hợp tác ạ. (申す + いたす)', TRUE, 3);
INSERT INTO questions_answers (question_id, sentence, sentence_translation, is_correct, "order") VALUES (83300015, '私の名前は田中でございます。よろしくお願い申し上げます。', 'Tên tôi là Tanaka. Kính nhờ quý vị. (trang trọng — hơi quá mức cho lần đầu)', FALSE, 4);
INSERT INTO questions (id, user_id, is_system, is_khoa_cu, question_type, content_type, level, selection_type, question, passage, passage_translation, general_explanation, skill_category, base_difficulty, tenant_id, is_active, is_deleted, created_at, created_by) VALUES (83300016, NULL, TRUE, FALSE, 'chon_dap_an', 'keigo_baitap_keigo_phan_loai', 'BJT-2', 'single', '部下が上司に「資料を見ました」と報告する時、正しい謙譲語は？

Cấp dưới báo cáo với cấp trên ''Tôi đã xem tài liệu'', câu Kenjougo đúng là?', NULL, NULL, 'Cả B và C đều đúng: Câu B「拝見いたしました」= 拝見する (Kenjougo của 見る) + いたす (Kenjougo của する) — trang trọng, rõ ràng. Câu C「見させていただきました」= được phép xem (ngụ ý tài liệu là của sếp, mình được ơn xem). Sắc thái khác nhau: B trực tiếp hơn, C khiêm nhường hơn (hàm ý được ơn). Cả hai đều được dùng trong môi trường kinh doanh.

💡 拝見いたしました (trực tiếp) vs 見させていただきました (khiêm nhường hơn, hàm ý được phép)', 'grammar', 2, 'system', TRUE, FALSE, NOW(), 'system') ON CONFLICT (id) DO UPDATE SET question_type = EXCLUDED.question_type, content_type = EXCLUDED.content_type, level = EXCLUDED.level, question = EXCLUDED.question, passage = EXCLUDED.passage, passage_translation = EXCLUDED.passage_translation, general_explanation = EXCLUDED.general_explanation, skill_category = EXCLUDED.skill_category, base_difficulty = EXCLUDED.base_difficulty, is_active = EXCLUDED.is_active, is_deleted = EXCLUDED.is_deleted, updated_at = NOW(), updated_by = 'system';
DELETE FROM questions_answers WHERE question_id = 83300016;
INSERT INTO questions_answers (question_id, sentence, sentence_translation, is_correct, "order") VALUES (83300016, '資料をご覧になりました。', 'Ngài đã xem tài liệu. (Sonkeigo — chủ ngữ sai)', FALSE, 1);
INSERT INTO questions_answers (question_id, sentence, sentence_translation, is_correct, "order") VALUES (83300016, '資料を拝見いたしました。', 'Tôi đã kính xem tài liệu ạ. (拝見する + いたす — Kenjougo)', FALSE, 2);
INSERT INTO questions_answers (question_id, sentence, sentence_translation, is_correct, "order") VALUES (83300016, '資料を見させていただきました。', 'Tôi đã được phép xem tài liệu ạ. (させていただく — Kenjougo)', FALSE, 3);
INSERT INTO questions_answers (question_id, sentence, sentence_translation, is_correct, "order") VALUES (83300016, 'B と C の両方が正しい', 'Cả B và C đều đúng', TRUE, 4);
INSERT INTO questions (id, user_id, is_system, is_khoa_cu, question_type, content_type, level, selection_type, question, passage, passage_translation, general_explanation, skill_category, base_difficulty, tenant_id, is_active, is_deleted, created_at, created_by) VALUES (83300017, NULL, TRUE, FALSE, 'chon_dap_an', 'keigo_baitap_keigo_phan_loai', 'BJT-2', 'single', 'お客様に「後でもう一度電話します」を丁寧に伝えると？

Nói lịch sự với khách hàng ''Tôi sẽ gọi lại sau'', câu nào đúng nhất?', NULL, NULL, 'Câu B「折り返しお電話いたします」= 折り返し (gọi lại) + お電話 (điện thoại — lịch sự) + いたす (Kenjougo) — mẫu chuẩn trong điện thoại kinh doanh Nhật. Câu C「お電話させていただきます」cũng đúng — させていただく nhấn mạnh ''được phép'' gọi lại. Trong điện thoại thực tế, B phổ biến và tự nhiên hơn. Cả hai đều được chấp nhận trong BJT.

💡 折り返しお電話いたします = mẫu ''tôi sẽ gọi lại'' chuẩn nhất trong điện thoại kinh doanh Nhật', 'grammar', 2, 'system', TRUE, FALSE, NOW(), 'system') ON CONFLICT (id) DO UPDATE SET question_type = EXCLUDED.question_type, content_type = EXCLUDED.content_type, level = EXCLUDED.level, question = EXCLUDED.question, passage = EXCLUDED.passage, passage_translation = EXCLUDED.passage_translation, general_explanation = EXCLUDED.general_explanation, skill_category = EXCLUDED.skill_category, base_difficulty = EXCLUDED.base_difficulty, is_active = EXCLUDED.is_active, is_deleted = EXCLUDED.is_deleted, updated_at = NOW(), updated_by = 'system';
DELETE FROM questions_answers WHERE question_id = 83300017;
INSERT INTO questions_answers (question_id, sentence, sentence_translation, is_correct, "order") VALUES (83300017, '後でまた電話します。', 'Tôi sẽ gọi lại sau. (thông thường)', FALSE, 1);
INSERT INTO questions_answers (question_id, sentence, sentence_translation, is_correct, "order") VALUES (83300017, '後ほど折り返しお電話いたします。', 'Tôi sẽ gọi lại cho quý vị sau ạ. (Kenjougo chuẩn)', FALSE, 2);
INSERT INTO questions_answers (question_id, sentence, sentence_translation, is_correct, "order") VALUES (83300017, '後でお電話させていただきます。', 'Tôi xin phép gọi lại cho quý vị sau ạ. (させていただく)', FALSE, 3);
INSERT INTO questions_answers (question_id, sentence, sentence_translation, is_correct, "order") VALUES (83300017, 'B と C の両方が適切', 'Cả B và C đều phù hợp', TRUE, 4);
INSERT INTO questions (id, user_id, is_system, is_khoa_cu, question_type, content_type, level, selection_type, question, passage, passage_translation, general_explanation, skill_category, base_difficulty, tenant_id, is_active, is_deleted, created_at, created_by) VALUES (83300018, NULL, TRUE, FALSE, 'chon_dap_an', 'keigo_baitap_keigo_phan_loai', 'BJT-2', 'single', 'お客様から依頼を受けた時、正しい承諾表現の順（丁寧さ低→高）はどれですか？
①かしこまりました ②承知しました ③わかりました

Sắp xếp 3 câu nhận yêu cầu theo thứ tự từ ÍT lịch sự đến NHIỀU lịch sự:
①かしこまりました ②承知しました ③わかりました', NULL, NULL, 'Thang độ từ thấp đến cao: ③ わかりました (thông thường — OK với đồng nghiệp, không phù hợp với khách) → ② 承知しました (Kenjougo — phù hợp với khách hàng và cấp trên) → ① かしこまりました (Kenjougo trang trọng nhất — dùng với khách hàng quan trọng, bề trên). Trong phục vụ khách sạn, nhà hàng cao cấp: luôn dùng かしこまりました. Trong văn phòng: 承知しました là phù hợp nhất.

💡 わかりました ❌ với khách | 承知しました ✅ (văn phòng) | かしこまりました ✅✅ (dịch vụ cao cấp)', 'grammar', 2, 'system', TRUE, FALSE, NOW(), 'system') ON CONFLICT (id) DO UPDATE SET question_type = EXCLUDED.question_type, content_type = EXCLUDED.content_type, level = EXCLUDED.level, question = EXCLUDED.question, passage = EXCLUDED.passage, passage_translation = EXCLUDED.passage_translation, general_explanation = EXCLUDED.general_explanation, skill_category = EXCLUDED.skill_category, base_difficulty = EXCLUDED.base_difficulty, is_active = EXCLUDED.is_active, is_deleted = EXCLUDED.is_deleted, updated_at = NOW(), updated_by = 'system';
DELETE FROM questions_answers WHERE question_id = 83300018;
INSERT INTO questions_answers (question_id, sentence, sentence_translation, is_correct, "order") VALUES (83300018, '③→②→①', '③ わかりました (thường) → ② 承知しました (lịch sự) → ① かしこまりました (trang trọng nhất)', TRUE, 1);
INSERT INTO questions_answers (question_id, sentence, sentence_translation, is_correct, "order") VALUES (83300018, '①→②→③', '① → ② → ③', FALSE, 2);
INSERT INTO questions_answers (question_id, sentence, sentence_translation, is_correct, "order") VALUES (83300018, '②→③→①', '② → ③ → ①', FALSE, 3);
INSERT INTO questions_answers (question_id, sentence, sentence_translation, is_correct, "order") VALUES (83300018, '③→①→②', '③ → ① → ②', FALSE, 4);
INSERT INTO questions (id, user_id, is_system, is_khoa_cu, question_type, content_type, level, selection_type, question, passage, passage_translation, general_explanation, skill_category, base_difficulty, tenant_id, is_active, is_deleted, created_at, created_by) VALUES (83300019, NULL, TRUE, FALSE, 'chon_dap_an', 'keigo_baitap_keigo_phan_loai', 'BJT-2', 'single', '上司に「聞いていいですか？」と言う時、最も適切な謙譲語は？

Khi muốn hỏi cấp trên ''Tôi có thể hỏi một điều không?'', câu Kenjougo đúng nhất là?', NULL, NULL, 'Cả B và C đều là Kenjougo đúng: Câu B「お聞きしてもよろしいでしょうか」dùng cấu trúc お〜する. Câu C「伺ってもよろしいでしょうか」dùng 伺う — Kenjougo đặc biệt của 聞く. Câu C tự nhiên và phổ biến hơn trong thực tế vì 伺う là từ Kenjougo chuyên dụng. Thêm「一つ」(một điều) làm câu nghe khiêm nhường hơn.

💡 一つ伺ってもよろしいでしょうか = cách xin phép hỏi lịch sự nhất — thuộc lòng câu này!', 'grammar', 2, 'system', TRUE, FALSE, NOW(), 'system') ON CONFLICT (id) DO UPDATE SET question_type = EXCLUDED.question_type, content_type = EXCLUDED.content_type, level = EXCLUDED.level, question = EXCLUDED.question, passage = EXCLUDED.passage, passage_translation = EXCLUDED.passage_translation, general_explanation = EXCLUDED.general_explanation, skill_category = EXCLUDED.skill_category, base_difficulty = EXCLUDED.base_difficulty, is_active = EXCLUDED.is_active, is_deleted = EXCLUDED.is_deleted, updated_at = NOW(), updated_by = 'system';
DELETE FROM questions_answers WHERE question_id = 83300019;
INSERT INTO questions_answers (question_id, sentence, sentence_translation, is_correct, "order") VALUES (83300019, '聞いていいですか？', 'Tôi có thể hỏi không? (thông thường)', FALSE, 1);
INSERT INTO questions_answers (question_id, sentence, sentence_translation, is_correct, "order") VALUES (83300019, 'お聞きしてもよろしいでしょうか？', 'Tôi có thể hỏi được không ạ? (お〜する)', FALSE, 2);
INSERT INTO questions_answers (question_id, sentence, sentence_translation, is_correct, "order") VALUES (83300019, '一つ伺ってもよろしいでしょうか？', 'Tôi có thể thưa hỏi một điều không ạ? (伺う = Kenjougo)', FALSE, 3);
INSERT INTO questions_answers (question_id, sentence, sentence_translation, is_correct, "order") VALUES (83300019, 'B と C の両方が正しい', 'Cả B và C đều đúng', TRUE, 4);
INSERT INTO questions (id, user_id, is_system, is_khoa_cu, question_type, content_type, level, selection_type, question, passage, passage_translation, general_explanation, skill_category, base_difficulty, tenant_id, is_active, is_deleted, created_at, created_by) VALUES (83300020, NULL, TRUE, FALSE, 'chon_dap_an', 'keigo_baitap_keigo_phan_loai', 'BJT-2', 'single', '「知りません」を上司やお客様に対して正しい謙譲語で言うと？

Nói lịch sự ''Tôi không biết'' với cấp trên hoặc khách hàng, câu nào đúng?', NULL, NULL, '「存じません」= 存じる (Kenjougo của 知る) + ません (phủ định lịch sự) — cách nói ''tôi không biết'' trang trọng nhất. Còn có dạng「存じておりません」trang trọng hơn nữa (おる = Kenjougo của いる thêm vào). Câu D sai vì ご存知 là Sonkeigo — chủ ngữ phải là đối phương. Trong thực tế, khi không biết thông tin, nên thêm:「確認してご連絡いたします」để chuyên nghiệp hơn.

💡 存じません / 存じておりません = ''tôi không biết'' lịch sự nhất — ĐỪNG nói 知りません với khách!', 'grammar', 2, 'system', TRUE, FALSE, NOW(), 'system') ON CONFLICT (id) DO UPDATE SET question_type = EXCLUDED.question_type, content_type = EXCLUDED.content_type, level = EXCLUDED.level, question = EXCLUDED.question, passage = EXCLUDED.passage, passage_translation = EXCLUDED.passage_translation, general_explanation = EXCLUDED.general_explanation, skill_category = EXCLUDED.skill_category, base_difficulty = EXCLUDED.base_difficulty, is_active = EXCLUDED.is_active, is_deleted = EXCLUDED.is_deleted, updated_at = NOW(), updated_by = 'system';
DELETE FROM questions_answers WHERE question_id = 83300020;
INSERT INTO questions_answers (question_id, sentence, sentence_translation, is_correct, "order") VALUES (83300020, '知りません。', 'Tôi không biết. (thô, thiếu lịch sự)', FALSE, 1);
INSERT INTO questions_answers (question_id, sentence, sentence_translation, is_correct, "order") VALUES (83300020, 'わかりません。', 'Tôi không hiểu. (thông thường)', FALSE, 2);
INSERT INTO questions_answers (question_id, sentence, sentence_translation, is_correct, "order") VALUES (83300020, '存じません。', 'Tôi không biết ạ. (存じる phủ định — Kenjougo)', TRUE, 3);
INSERT INTO questions_answers (question_id, sentence, sentence_translation, is_correct, "order") VALUES (83300020, 'ご存知ではありません。', 'Ngài không biết. (Sonkeigo — sai chủ ngữ)', FALSE, 4);
INSERT INTO questions (id, user_id, is_system, is_khoa_cu, question_type, content_type, level, selection_type, question, passage, passage_translation, general_explanation, skill_category, base_difficulty, tenant_id, is_active, is_deleted, created_at, created_by) VALUES (83300021, NULL, TRUE, FALSE, 'chon_dap_an', 'keigo_baitap_keigo_phan_loai', 'BJT-3', 'single', 'お客様から「山田部長はいますか？」と聞かれた。山田部長は自分の会社の上司です。正しい答えは？

Khách hỏi:「山田部長はいますか？」(Trưởng phòng Yamada có ở đó không?). Yamada là cấp trên của bạn trong cùng công ty. Câu trả lời đúng là?', NULL, NULL, 'Quy tắc Uchi/Soto: Khi nói với khách (Soto) về cấp trên trong công ty mình (Uchi), PHẢI: (1) Dùng Kenjougo cho hành động của người Uchi; (2) BỎ chức danh kính trọng — không nói 「山田部長」mà chỉ nói 「山田」. Câu B đúng cả hai điểm. Câu C đúng Kenjougo nhưng sai ở việc giữ 「部長」— vẫn bị trừ điểm trong BJT. Câu D sai vì 参る chỉ dùng cho hành động đi/đến, không phải ''đang ở''.

💡 Với khách về người Uchi: tên thuần + Kenjougo, KHÔNG thêm 部長/課長/社長!', 'grammar', 3, 'system', TRUE, FALSE, NOW(), 'system') ON CONFLICT (id) DO UPDATE SET question_type = EXCLUDED.question_type, content_type = EXCLUDED.content_type, level = EXCLUDED.level, question = EXCLUDED.question, passage = EXCLUDED.passage, passage_translation = EXCLUDED.passage_translation, general_explanation = EXCLUDED.general_explanation, skill_category = EXCLUDED.skill_category, base_difficulty = EXCLUDED.base_difficulty, is_active = EXCLUDED.is_active, is_deleted = EXCLUDED.is_deleted, updated_at = NOW(), updated_by = 'system';
DELETE FROM questions_answers WHERE question_id = 83300021;
INSERT INTO questions_answers (question_id, sentence, sentence_translation, is_correct, "order") VALUES (83300021, 'はい、山田部長はいらっしゃいます。', 'Vâng, Trưởng phòng Yamada đang có mặt. (Sonkeigo — SAI vì Yamada là Uchi)', FALSE, 1);
INSERT INTO questions_answers (question_id, sentence, sentence_translation, is_correct, "order") VALUES (83300021, 'はい、山田はただいまおります。', 'Vâng, Yamada hiện đang có mặt ạ. (Kenjougo + bỏ 部長 — ĐÚNG)', TRUE, 2);
INSERT INTO questions_answers (question_id, sentence, sentence_translation, is_correct, "order") VALUES (83300021, 'はい、山田部長はおります。', 'Vâng, Trưởng phòng Yamada đang có mặt. (Kenjougo ✅, nhưng giữ 部長 — một phần sai)', FALSE, 3);
INSERT INTO questions_answers (question_id, sentence, sentence_translation, is_correct, "order") VALUES (83300021, 'はい、山田は参っております。', 'Vâng, Yamada đang có mặt. (参る = đi/đến, không phải ''ở'' — sai dùng từ)', FALSE, 4);
INSERT INTO questions (id, user_id, is_system, is_khoa_cu, question_type, content_type, level, selection_type, question, passage, passage_translation, general_explanation, skill_category, base_difficulty, tenant_id, is_active, is_deleted, created_at, created_by) VALUES (83300022, NULL, TRUE, FALSE, 'chon_dap_an', 'keigo_baitap_keigo_phan_loai', 'BJT-3', 'single', '担当者が不在で、お客様から伝言を受ける時、最も丁寧な表現はどれですか？

Người phụ trách vắng mặt, khi nhận lời nhắn từ khách hàng, câu nào lịch sự nhất?', NULL, NULL, '「ご伝言を承ります」là mẫu chuẩn nhất trong điện thoại kinh doanh Nhật: ご伝言 (lời nhắn của ngài — lịch sự) + 承る（うけたまわる）(Kenjougo cực trang trọng của 受ける/聞く). 承る thể hiện sự cung kính tối đa khi nhận thông tin từ đối phương. Câu D cũng đúng nhưng hơi dài dòng cho điện thoại. Cả C và D đều xuất hiện trong đề thi BJT.

💡 承る（うけたまわる）= Kenjougo trang trọng nhất của 受ける/聞く — bắt buộc biết cho điện thoại BJT!', 'grammar', 3, 'system', TRUE, FALSE, NOW(), 'system') ON CONFLICT (id) DO UPDATE SET question_type = EXCLUDED.question_type, content_type = EXCLUDED.content_type, level = EXCLUDED.level, question = EXCLUDED.question, passage = EXCLUDED.passage, passage_translation = EXCLUDED.passage_translation, general_explanation = EXCLUDED.general_explanation, skill_category = EXCLUDED.skill_category, base_difficulty = EXCLUDED.base_difficulty, is_active = EXCLUDED.is_active, is_deleted = EXCLUDED.is_deleted, updated_at = NOW(), updated_by = 'system';
DELETE FROM questions_answers WHERE question_id = 83300022;
INSERT INTO questions_answers (question_id, sentence, sentence_translation, is_correct, "order") VALUES (83300022, 'メモしておきます。', 'Tôi sẽ ghi lại. (thông thường)', FALSE, 1);
INSERT INTO questions_answers (question_id, sentence, sentence_translation, is_correct, "order") VALUES (83300022, '伝えておきます。', 'Tôi sẽ truyền đạt lại. (thông thường)', FALSE, 2);
INSERT INTO questions_answers (question_id, sentence, sentence_translation, is_correct, "order") VALUES (83300022, 'ご伝言を承ります。', 'Tôi xin nhận lời nhắn của quý vị. (ご伝言 + 承る = Kenjougo)', TRUE, 3);
INSERT INTO questions_answers (question_id, sentence, sentence_translation, is_correct, "order") VALUES (83300022, 'おっしゃったことをお伝えいたします。', 'Tôi sẽ truyền đạt điều ngài đã nói ạ. (おっしゃる + お伝えいたす)', FALSE, 4);
INSERT INTO questions (id, user_id, is_system, is_khoa_cu, question_type, content_type, level, selection_type, question, passage, passage_translation, general_explanation, skill_category, base_difficulty, tenant_id, is_active, is_deleted, created_at, created_by) VALUES (83300023, NULL, TRUE, FALSE, 'chon_dap_an', 'keigo_baitap_keigo_phan_loai', 'BJT-3', 'single', 'メールの書き出しとして「先日はありがとうございました」を最もビジネス的な謙譲語に直すと？

Chuyển「先日はありがとうございました」thành câu mở đầu email kinh doanh trang trọng nhất:', NULL, NULL, 'Cả ba đều đúng và dùng trong tình huống khác nhau: A「ご来社いただく」dùng khi khách đến văn phòng của mình (来社 = đến công ty). B「お越しいただく」dùng chung hơn cho bất kỳ việc khách ghé đến. C「ご足労いただく」(= ご足労: ''nhọc công đi lại'') rất trang trọng — dùng khi khách phải đi xa hoặc trong thư chính thức. Trong BJT, cần nhận biết cả ba mẫu.

💡 ご来社 (đến văn phòng) | お越し (ghé đến chung) | ご足労 (nhọc công đi xa) — tùy khoảng cách và mức trang trọng', 'grammar', 3, 'system', TRUE, FALSE, NOW(), 'system') ON CONFLICT (id) DO UPDATE SET question_type = EXCLUDED.question_type, content_type = EXCLUDED.content_type, level = EXCLUDED.level, question = EXCLUDED.question, passage = EXCLUDED.passage, passage_translation = EXCLUDED.passage_translation, general_explanation = EXCLUDED.general_explanation, skill_category = EXCLUDED.skill_category, base_difficulty = EXCLUDED.base_difficulty, is_active = EXCLUDED.is_active, is_deleted = EXCLUDED.is_deleted, updated_at = NOW(), updated_by = 'system';
DELETE FROM questions_answers WHERE question_id = 83300023;
INSERT INTO questions_answers (question_id, sentence, sentence_translation, is_correct, "order") VALUES (83300023, '先日はご来社いただき、誠にありがとうございました。', 'Cảm ơn quý vị đã ghé đến công ty chúng tôi hôm trước ạ. (ご来社いただく)', FALSE, 1);
INSERT INTO questions_answers (question_id, sentence, sentence_translation, is_correct, "order") VALUES (83300023, '先日はお越しいただき、ありがとうございました。', 'Cảm ơn quý vị đã ghé đến hôm trước ạ. (お越しいただく)', FALSE, 2);
INSERT INTO questions_answers (question_id, sentence, sentence_translation, is_correct, "order") VALUES (83300023, '先日はご足労いただき、誠にありがとうございました。', 'Cảm ơn quý vị đã không quản đường sá hôm trước ạ. (ご足労 = khó nhọc đi đường — rất trang trọng)', FALSE, 3);
INSERT INTO questions_answers (question_id, sentence, sentence_translation, is_correct, "order") VALUES (83300023, '状況によって全て正しい', 'Tất cả đều đúng tùy tình huống cụ thể', TRUE, 4);
INSERT INTO questions (id, user_id, is_system, is_khoa_cu, question_type, content_type, level, selection_type, question, passage, passage_translation, general_explanation, skill_category, base_difficulty, tenant_id, is_active, is_deleted, created_at, created_by) VALUES (83300024, NULL, TRUE, FALSE, 'chon_dap_an', 'keigo_baitap_keigo_phan_loai', 'BJT-3', 'single', 'お客様の依頼を断る時、最も丁寧な謙譲語の表現はどれですか？

Khi từ chối yêu cầu của khách hàng, câu Kenjougo lịch sự nhất là?', NULL, NULL, '「いたしかねます」= いたす (Kenjougo của する) + かねる (khó/không thể) = từ chối lịch sự, trang trọng nhất. 「誠に恐れ入りますが」(thực sự xin lỗi/thực sự xấu hổ) là cách rào đón khi từ chối với khách quan trọng — trang trọng hơn「申し訳ありませんが」. Câu D cũng rất tốt nhưng dài hơn, phù hợp cho văn viết. Câu B dùng できかねる (普通語 + かねる) — ít trang trọng hơn C.

💡 いたしかねます > できかねます về mức trang trọng. 恐れ入りますが > 申し訳ありませんが khi xin lỗi trang trọng.', 'grammar', 3, 'system', TRUE, FALSE, NOW(), 'system') ON CONFLICT (id) DO UPDATE SET question_type = EXCLUDED.question_type, content_type = EXCLUDED.content_type, level = EXCLUDED.level, question = EXCLUDED.question, passage = EXCLUDED.passage, passage_translation = EXCLUDED.passage_translation, general_explanation = EXCLUDED.general_explanation, skill_category = EXCLUDED.skill_category, base_difficulty = EXCLUDED.base_difficulty, is_active = EXCLUDED.is_active, is_deleted = EXCLUDED.is_deleted, updated_at = NOW(), updated_by = 'system';
DELETE FROM questions_answers WHERE question_id = 83300024;
INSERT INTO questions_answers (question_id, sentence, sentence_translation, is_correct, "order") VALUES (83300024, 'できません。', 'Tôi không thể làm được. (thô)', FALSE, 1);
INSERT INTO questions_answers (question_id, sentence, sentence_translation, is_correct, "order") VALUES (83300024, '申し訳ありませんが、できかねます。', 'Xin lỗi, tôi e rằng khó có thể làm được. (できかねる)', FALSE, 2);
INSERT INTO questions_answers (question_id, sentence, sentence_translation, is_correct, "order") VALUES (83300024, '誠に恐れ入りますが、いたしかねます。', 'Thực sự xin lỗi ạ, tôi e rằng khó có thể thực hiện được. (いたしかねる — Kenjougo)', TRUE, 3);
INSERT INTO questions_answers (question_id, sentence, sentence_translation, is_correct, "order") VALUES (83300024, 'あいにくですが、対応いたしかねる状況でございます。', 'Thật tiếc, hiện tại chúng tôi ở tình trạng khó có thể đáp ứng được ạ. (rất trang trọng)', FALSE, 4);
INSERT INTO questions (id, user_id, is_system, is_khoa_cu, question_type, content_type, level, selection_type, question, passage, passage_translation, general_explanation, skill_category, base_difficulty, tenant_id, is_active, is_deleted, created_at, created_by) VALUES (83300025, NULL, TRUE, FALSE, 'chon_dap_an', 'keigo_baitap_keigo_phan_loai', 'BJT-3', 'single', '会議の前に、上司に資料を確認してもらいたい時、最も適切な謙譲語は？

Trước cuộc họp, muốn nhờ cấp trên kiểm tra tài liệu giúp, câu nào phù hợp nhất?', NULL, NULL, 'Câu B「ご確認いただけますでしょうか」là mẫu chuẩn, phổ biến. Câu C「お目通しいただけますか」dùng「お目通し（おめどおし）」= đọc lướt qua — cách nói khiêm nhường hơn B vì ngụ ý ''chỉ cần cấp trên lướt qua thôi, không cần đọc kỹ''. Trong thực tế, C nghe khiêm nhường và chu đáo hơn. Cả hai đều xuất hiện trong đề BJT. お目通し là từ vựng nâng cao cần ghi nhớ!

💡 お目通しいただく = nhờ xem lướt qua (khiêm nhường hơn ご確認いただく) — từ vựng BJT nâng cao!', 'grammar', 3, 'system', TRUE, FALSE, NOW(), 'system') ON CONFLICT (id) DO UPDATE SET question_type = EXCLUDED.question_type, content_type = EXCLUDED.content_type, level = EXCLUDED.level, question = EXCLUDED.question, passage = EXCLUDED.passage, passage_translation = EXCLUDED.passage_translation, general_explanation = EXCLUDED.general_explanation, skill_category = EXCLUDED.skill_category, base_difficulty = EXCLUDED.base_difficulty, is_active = EXCLUDED.is_active, is_deleted = EXCLUDED.is_deleted, updated_at = NOW(), updated_by = 'system';
DELETE FROM questions_answers WHERE question_id = 83300025;
INSERT INTO questions_answers (question_id, sentence, sentence_translation, is_correct, "order") VALUES (83300025, '資料を確認してください。', 'Hãy kiểm tra tài liệu giùm tôi. (mệnh lệnh — không phù hợp với cấp trên)', FALSE, 1);
INSERT INTO questions_answers (question_id, sentence, sentence_translation, is_correct, "order") VALUES (83300025, '資料をご確認いただけますでしょうか。', 'Không biết cấp trên có thể xem qua tài liệu không ạ? (Kenjougo + lịch sự)', FALSE, 2);
INSERT INTO questions_answers (question_id, sentence, sentence_translation, is_correct, "order") VALUES (83300025, 'よろしければ、資料にお目通しいただけますか。', 'Nếu tiện, sếp có thể lướt qua tài liệu không ạ? (お目通し = xem lướt qua)', FALSE, 3);
INSERT INTO questions_answers (question_id, sentence, sentence_translation, is_correct, "order") VALUES (83300025, 'B と C の両方が状況に応じて使える', 'Cả B và C đều dùng được tùy tình huống', TRUE, 4);
INSERT INTO questions (id, user_id, is_system, is_khoa_cu, question_type, content_type, level, selection_type, question, passage, passage_translation, general_explanation, skill_category, base_difficulty, tenant_id, is_active, is_deleted, created_at, created_by) VALUES (83300026, NULL, TRUE, FALSE, 'chon_dap_an', 'keigo_baitap_keigo_phan_loai', 'BJT-3', 'single', 'お客様に「部長の田中から伝言があります」を伝える正しい敬語表現は？

Truyền đạt với khách hàng ''Trưởng phòng Tanaka có lời nhắn'', câu nào đúng?', NULL, NULL, 'Cả B và C đều đúng vì dùng Kenjougo cho người Uchi (Tanaka): Câu B dùng「申し伝える（もうしつたえる）」= Kenjougo chuyên dụng cho việc ''truyền đạt lại lời của người trong nhóm''. Câu C dùng 申す (Kenjougo của 言う) + お伝えいたす (Kenjougo của 伝える). Câu A sai vì dùng ご伝言 + ございます ngầm ''nâng cao'' lời nhắn của Tanaka lên mức tôn kính — sai với Uchi!

💡 申し伝えます = ''tôi xin chuyển lời'' — Kenjougo chuẩn khi truyền lời của người Uchi đến khách', 'grammar', 3, 'system', TRUE, FALSE, NOW(), 'system') ON CONFLICT (id) DO UPDATE SET question_type = EXCLUDED.question_type, content_type = EXCLUDED.content_type, level = EXCLUDED.level, question = EXCLUDED.question, passage = EXCLUDED.passage, passage_translation = EXCLUDED.passage_translation, general_explanation = EXCLUDED.general_explanation, skill_category = EXCLUDED.skill_category, base_difficulty = EXCLUDED.base_difficulty, is_active = EXCLUDED.is_active, is_deleted = EXCLUDED.is_deleted, updated_at = NOW(), updated_by = 'system';
DELETE FROM questions_answers WHERE question_id = 83300026;
INSERT INTO questions_answers (question_id, sentence, sentence_translation, is_correct, "order") VALUES (83300026, '田中部長からご伝言がございます。', 'Trưởng phòng Tanaka có lời nhắn ạ. (ご伝言 + ございます — sai vì dùng kính ngữ cho Uchi)', FALSE, 1);
INSERT INTO questions_answers (question_id, sentence, sentence_translation, is_correct, "order") VALUES (83300026, '田中よりお言付けを申し伝えます。', 'Tanaka nhờ tôi chuyển lời ạ. (Kenjougo — đúng)', FALSE, 2);
INSERT INTO questions_answers (question_id, sentence, sentence_translation, is_correct, "order") VALUES (83300026, '田中が申しておりましたことをお伝えいたします。', 'Tôi xin chuyển điều mà Tanaka đã nói ạ. (申す + お伝えいたす — Kenjougo chuẩn)', FALSE, 3);
INSERT INTO questions_answers (question_id, sentence, sentence_translation, is_correct, "order") VALUES (83300026, 'B と C の両方が正しい', 'Cả B và C đều đúng', TRUE, 4);
INSERT INTO questions (id, user_id, is_system, is_khoa_cu, question_type, content_type, level, selection_type, question, passage, passage_translation, general_explanation, skill_category, base_difficulty, tenant_id, is_active, is_deleted, created_at, created_by) VALUES (83300027, NULL, TRUE, FALSE, 'chon_dap_an', 'keigo_baitap_keigo_phan_loai', 'BJT-3', 'single', '取引先へのメールで「日程を教えてほしい」を丁寧に書くと？

Trong email gửi đối tác, viết lịch sự ''muốn biết lịch trình'', câu nào đúng nhất?', NULL, NULL, 'Câu B「お知らせいただけますと幸いです」= kết thúc bằng「〜と幸いです」nhẹ nhàng hơn, ít áp lực hơn「〜ていただけますか」. Câu C「ご教示いただく」dùng từ 教示（きょうじ）= chỉ dạy, rất trang trọng, thường thấy trong thư từ kinh doanh chính thức. Cả hai đều chuẩn trong BJT. 「〜と幸いです」và「〜ていただけますでしょうか」là hai cách kết thúc câu đề nghị quan trọng cần ghi nhớ.

💡 〜いただけますと幸いです (nhẹ nhàng) | 〜ていただけますでしょうか (trực tiếp hơn) — cả hai chuẩn mực', 'grammar', 3, 'system', TRUE, FALSE, NOW(), 'system') ON CONFLICT (id) DO UPDATE SET question_type = EXCLUDED.question_type, content_type = EXCLUDED.content_type, level = EXCLUDED.level, question = EXCLUDED.question, passage = EXCLUDED.passage, passage_translation = EXCLUDED.passage_translation, general_explanation = EXCLUDED.general_explanation, skill_category = EXCLUDED.skill_category, base_difficulty = EXCLUDED.base_difficulty, is_active = EXCLUDED.is_active, is_deleted = EXCLUDED.is_deleted, updated_at = NOW(), updated_by = 'system';
DELETE FROM questions_answers WHERE question_id = 83300027;
INSERT INTO questions_answers (question_id, sentence, sentence_translation, is_correct, "order") VALUES (83300027, '日程を教えてください。', 'Hãy cho tôi biết lịch trình. (mệnh lệnh — thô)', FALSE, 1);
INSERT INTO questions_answers (question_id, sentence, sentence_translation, is_correct, "order") VALUES (83300027, 'ご都合のよい日程をお知らせいただけますと幸いです。', 'Rất vui nếu quý vị có thể cho biết lịch trình thuận tiện ạ. (お知らせいただく + 幸い)', FALSE, 2);
INSERT INTO questions_answers (question_id, sentence, sentence_translation, is_correct, "order") VALUES (83300027, 'ご日程をご教示いただけますでしょうか。', 'Không biết quý vị có thể chỉ dạy về lịch trình không ạ? (ご教示いただく)', FALSE, 3);
INSERT INTO questions_answers (question_id, sentence, sentence_translation, is_correct, "order") VALUES (83300027, 'B と C の両方が正しい', 'Cả B và C đều đúng', TRUE, 4);
INSERT INTO questions (id, user_id, is_system, is_khoa_cu, question_type, content_type, level, selection_type, question, passage, passage_translation, general_explanation, skill_category, base_difficulty, tenant_id, is_active, is_deleted, created_at, created_by) VALUES (83300028, NULL, TRUE, FALSE, 'chon_dap_an', 'keigo_baitap_keigo_phan_loai', 'BJT-3', 'single', 'お客様に「調べた結果を報告します」を謙譲語で伝えると？

Báo cáo kết quả tìm hiểu cho khách hàng theo Kenjougo, câu nào đúng?', NULL, NULL, 'Cả ba đều đúng với mức trang trọng tăng dần: A (ご報告します) < B (ご報告いたします) < C (お調べいたしました + ご報告申し上げます). 「申し上げる（もうしあげる）」là Kenjougo trang trọng nhất của 言う/する — dùng trong thư chính thức hoặc trước khách hàng rất quan trọng. Trong email thông thường, câu B là phổ biến và cân bằng nhất.

💡 申し上げる = Kenjougo trang trọng nhất của 言う — dùng cho báo cáo/xin lỗi với VIP hoặc văn bản chính thức', 'grammar', 3, 'system', TRUE, FALSE, NOW(), 'system') ON CONFLICT (id) DO UPDATE SET question_type = EXCLUDED.question_type, content_type = EXCLUDED.content_type, level = EXCLUDED.level, question = EXCLUDED.question, passage = EXCLUDED.passage, passage_translation = EXCLUDED.passage_translation, general_explanation = EXCLUDED.general_explanation, skill_category = EXCLUDED.skill_category, base_difficulty = EXCLUDED.base_difficulty, is_active = EXCLUDED.is_active, is_deleted = EXCLUDED.is_deleted, updated_at = NOW(), updated_by = 'system';
DELETE FROM questions_answers WHERE question_id = 83300028;
INSERT INTO questions_answers (question_id, sentence, sentence_translation, is_correct, "order") VALUES (83300028, '調べた結果をご報告します。', 'Tôi sẽ báo cáo kết quả tìm hiểu ạ. (ご報告します — OK)', FALSE, 1);
INSERT INTO questions_answers (question_id, sentence, sentence_translation, is_correct, "order") VALUES (83300028, '調べました結果をご報告いたします。', 'Tôi xin báo cáo kết quả tìm hiểu ạ. (ご報告いたす — trang trọng hơn)', FALSE, 2);
INSERT INTO questions_answers (question_id, sentence, sentence_translation, is_correct, "order") VALUES (83300028, 'お調べいたしました結果をご報告申し上げます。', 'Tôi xin kính báo kết quả đã tìm hiểu ạ. (お調べいたす + ご報告申し上げる — rất trang trọng)', FALSE, 3);
INSERT INTO questions_answers (question_id, sentence, sentence_translation, is_correct, "order") VALUES (83300028, '状況に応じて A・B・C 全て使える', 'Tùy tình huống, cả A, B, C đều dùng được', TRUE, 4);
INSERT INTO questions (id, user_id, is_system, is_khoa_cu, question_type, content_type, level, selection_type, question, passage, passage_translation, general_explanation, skill_category, base_difficulty, tenant_id, is_active, is_deleted, created_at, created_by) VALUES (83300029, NULL, TRUE, FALSE, 'chon_dap_an', 'keigo_baitap_keigo_phan_loai', 'BJT-3', 'single', '「ご迷惑をおかけしました」より丁寧な謝罪表現はどれですか？

Câu xin lỗi nào trang trọng HƠN「ご迷惑をおかけしました」?', NULL, NULL, 'Thang xin lỗi từ thấp đến cao: すみません < ご迷惑をおかけしました < ご迷惑をおかけいたしました < 深くお詫び申し上げます. Câu C dùng「お詫び申し上げる（おわびもうしあげる）」= Kenjougo tối cao khi xin lỗi — thường thấy trong thư xin lỗi chính thức. 「多大なる」(to lớn) nhấn mạnh mức độ nghiêm trọng. Đây là mẫu câu cần thuộc trong BJT.

💡 深くお詫び申し上げます = xin lỗi trang trọng nhất — dùng trong thư xin lỗi chính thức với đối tác/khách VIP', 'grammar', 3, 'system', TRUE, FALSE, NOW(), 'system') ON CONFLICT (id) DO UPDATE SET question_type = EXCLUDED.question_type, content_type = EXCLUDED.content_type, level = EXCLUDED.level, question = EXCLUDED.question, passage = EXCLUDED.passage, passage_translation = EXCLUDED.passage_translation, general_explanation = EXCLUDED.general_explanation, skill_category = EXCLUDED.skill_category, base_difficulty = EXCLUDED.base_difficulty, is_active = EXCLUDED.is_active, is_deleted = EXCLUDED.is_deleted, updated_at = NOW(), updated_by = 'system';
DELETE FROM questions_answers WHERE question_id = 83300029;
INSERT INTO questions_answers (question_id, sentence, sentence_translation, is_correct, "order") VALUES (83300029, 'すみませんでした。', 'Xin lỗi ạ. (thông thường — kém trang trọng hơn)', FALSE, 1);
INSERT INTO questions_answers (question_id, sentence, sentence_translation, is_correct, "order") VALUES (83300029, 'ご迷惑をおかけいたしました。', 'Tôi đã gây phiền phức cho quý vị. (おかけいたす — trang trọng hơn)', FALSE, 2);
INSERT INTO questions_answers (question_id, sentence, sentence_translation, is_correct, "order") VALUES (83300029, '多大なるご迷惑をおかけいたしましたことを、深くお詫び申し上げます。', 'Tôi xin thành thật xin lỗi vì đã gây ra sự phiền phức lớn cho quý vị. (最高敬語)', FALSE, 3);
INSERT INTO questions_answers (question_id, sentence, sentence_translation, is_correct, "order") VALUES (83300029, 'B と C の両方が「ご迷惑をおかけしました」より丁寧', 'Cả B và C đều trang trọng hơn câu gốc', TRUE, 4);
INSERT INTO questions (id, user_id, is_system, is_khoa_cu, question_type, content_type, level, selection_type, question, passage, passage_translation, general_explanation, skill_category, base_difficulty, tenant_id, is_active, is_deleted, created_at, created_by) VALUES (83300030, NULL, TRUE, FALSE, 'chon_dap_an', 'keigo_baitap_keigo_phan_loai', 'BJT-3', 'single', '電話での会話を完成させてください。
お客様:「明日の10時に伺ってもよろしいでしょうか。」
あなた:「はい、（　）おります。どうぞ（　）ください。」

Hoàn thành hội thoại điện thoại:
Khách:「明日の10時に伺ってもよろしいでしょうか。」(Ngày mai tôi có thể đến lúc 10 giờ không?)
Bạn:「はい、______おります。どうぞ______ください。」', NULL, NULL, 'Câu hoàn chỉnh: 「はい、お待ちしております。どうぞいらっしゃってください」. 「お待ちしております」= Kenjougo (mình đang chờ ngài) — お + 待ち + する + おる. 「いらっしゃってください」= Sonkeigo (mời ngài đến). Câu D cũng đúng: 「お越しになってください」= Sonkeigo của 来る dùng お越しになる. Cả A và D đều được, nhưng A phổ biến hơn.

💡 お待ちしております + どうぞいらっしゃってください = combo chuẩn khi xác nhận khách hàng sẽ đến', 'grammar', 3, 'system', TRUE, FALSE, NOW(), 'system') ON CONFLICT (id) DO UPDATE SET question_type = EXCLUDED.question_type, content_type = EXCLUDED.content_type, level = EXCLUDED.level, question = EXCLUDED.question, passage = EXCLUDED.passage, passage_translation = EXCLUDED.passage_translation, general_explanation = EXCLUDED.general_explanation, skill_category = EXCLUDED.skill_category, base_difficulty = EXCLUDED.base_difficulty, is_active = EXCLUDED.is_active, is_deleted = EXCLUDED.is_deleted, updated_at = NOW(), updated_by = 'system';
DELETE FROM questions_answers WHERE question_id = 83300030;
INSERT INTO questions_answers (question_id, sentence, sentence_translation, is_correct, "order") VALUES (83300030, '「お待ちして」/「いらっしゃって」', '「お待ちして」(Kenjougo: tôi đang chờ) / 「いらっしゃって」(Sonkeigo: mời ngài đến)', TRUE, 1);
INSERT INTO questions_answers (question_id, sentence, sentence_translation, is_correct, "order") VALUES (83300030, '「待って」/「来て」', '「待って」/ 「来て」(thông thường — không phù hợp)', FALSE, 2);
INSERT INTO questions_answers (question_id, sentence, sentence_translation, is_correct, "order") VALUES (83300030, '「待っておりまして」/「いらっしゃいまして」', '「待っておりまして」/ 「いらっしゃいまして」(sai ngữ pháp — ます形ではない)', FALSE, 3);
INSERT INTO questions_answers (question_id, sentence, sentence_translation, is_correct, "order") VALUES (83300030, '「お待ちして」/「お越しになって」', '「お待ちして」(Kenjougo) / 「お越しになって」(Sonkeigo — tự nhiên hơn)', FALSE, 4);
INSERT INTO questions (id, user_id, is_system, is_khoa_cu, question_type, content_type, level, selection_type, question, passage, passage_translation, general_explanation, skill_category, base_difficulty, tenant_id, is_active, is_deleted, created_at, created_by) VALUES (83300031, NULL, TRUE, FALSE, 'chon_dap_an', 'keigo_baitap_keigo_phan_loai', 'BJT-4', 'single', '次の文の中で、謙譲語の使い方が正しいものはどれですか？（全てお客様との会話）

Câu nào dùng Kenjougo ĐÚNG? (Tất cả đều là hội thoại với khách hàng)', NULL, NULL, 'Câu B đúng: 「弊社の田中が参ります」— Tanaka là người Uchi, đang nói với khách (Soto), dùng Kenjougo là đúng. Câu A, C, D đều mắc lỗi áp dụng Kenjougo cho chủ ngữ là khách hàng (Soto): いただく/伺う/申す chỉ dùng cho hành động của BẢN THÂN hoặc người Uchi. Đây là lỗi cực phổ biến và là ''bẫy'' hay gặp nhất trong BJT!

💡 Kenjougo CHỈ dùng cho hành động của MÌNH hoặc người UCHI. Tuyệt đối không dùng cho khách hàng/đối tác!', 'grammar', 4, 'system', TRUE, FALSE, NOW(), 'system') ON CONFLICT (id) DO UPDATE SET question_type = EXCLUDED.question_type, content_type = EXCLUDED.content_type, level = EXCLUDED.level, question = EXCLUDED.question, passage = EXCLUDED.passage, passage_translation = EXCLUDED.passage_translation, general_explanation = EXCLUDED.general_explanation, skill_category = EXCLUDED.skill_category, base_difficulty = EXCLUDED.base_difficulty, is_active = EXCLUDED.is_active, is_deleted = EXCLUDED.is_deleted, updated_at = NOW(), updated_by = 'system';
DELETE FROM questions_answers WHERE question_id = 83300031;
INSERT INTO questions_answers (question_id, sentence, sentence_translation, is_correct, "order") VALUES (83300031, 'お客様がいただきました。', 'Khách hàng đã nhận ạ. (いただく = Kenjougo — sai chủ ngữ, phải dùng くださる)', FALSE, 1);
INSERT INTO questions_answers (question_id, sentence, sentence_translation, is_correct, "order") VALUES (83300031, '弊社の田中が参ります。', 'Tanaka bên chúng tôi sẽ đến ạ. (参る = Kenjougo — đúng)', TRUE, 2);
INSERT INTO questions_answers (question_id, sentence, sentence_translation, is_correct, "order") VALUES (83300031, 'お客様が伺いました。', 'Khách hàng đã đến thăm ạ. (伺う = Kenjougo — sai chủ ngữ, phải dùng いらっしゃる)', FALSE, 3);
INSERT INTO questions_answers (question_id, sentence, sentence_translation, is_correct, "order") VALUES (83300031, 'お客様が申しました。', 'Khách hàng đã nói ạ. (申す = Kenjougo — sai chủ ngữ, phải dùng おっしゃる)', FALSE, 4);
INSERT INTO questions (id, user_id, is_system, is_khoa_cu, question_type, content_type, level, selection_type, question, passage, passage_translation, general_explanation, skill_category, base_difficulty, tenant_id, is_active, is_deleted, created_at, created_by) VALUES (83300032, NULL, TRUE, FALSE, 'chon_dap_an', 'keigo_baitap_keigo_phan_loai', 'BJT-4', 'single', '「させていただく」の使い方について、正しい説明はどれですか？

Giải thích nào đúng về cách dùng「させていただく」?', NULL, NULL, '「させていただく」về nguyên tắc chỉ dùng khi: (1) Có sự cho phép của đối phương; (2) Người nói được hưởng lợi từ hành động đó. Ví dụ đúng: 「休ませていただきます」(Tôi xin phép nghỉ — cần sự chấp thuận của sếp). Sai: 「電車が遅延させていただきました」(Tàu đã bị chậm — câu này vô lý vì tàu không ''xin phép'' ai). Hiện tượng lạm dụng させていただく đang phổ biến ở Nhật nhưng bị coi là không tự nhiên.

💡 させていただく chỉ đúng khi CÓ SỰ ĐỒNG Ý của người khác và MÌNH được lợi — không dùng bừa bãi!', 'grammar', 4, 'system', TRUE, FALSE, NOW(), 'system') ON CONFLICT (id) DO UPDATE SET question_type = EXCLUDED.question_type, content_type = EXCLUDED.content_type, level = EXCLUDED.level, question = EXCLUDED.question, passage = EXCLUDED.passage, passage_translation = EXCLUDED.passage_translation, general_explanation = EXCLUDED.general_explanation, skill_category = EXCLUDED.skill_category, base_difficulty = EXCLUDED.base_difficulty, is_active = EXCLUDED.is_active, is_deleted = EXCLUDED.is_deleted, updated_at = NOW(), updated_by = 'system';
DELETE FROM questions_answers WHERE question_id = 83300032;
INSERT INTO questions_answers (question_id, sentence, sentence_translation, is_correct, "order") VALUES (83300032, 'どんな動詞にも自由につけてよい', 'Có thể gắn tự do vào bất kỳ động từ nào', FALSE, 1);
INSERT INTO questions_answers (question_id, sentence, sentence_translation, is_correct, "order") VALUES (83300032, '相手の許可や恩恵を受けた上で自分が行動する時に使う。使い過ぎは不自然', 'Dùng khi bản thân hành động nhờ sự cho phép/ơn của đối phương. Dùng quá nhiều sẽ không tự nhiên', TRUE, 2);
INSERT INTO questions_answers (question_id, sentence, sentence_translation, is_correct, "order") VALUES (83300032, '尊敬語なので、相手の行動を説明する時に使う', 'Là Sonkeigo nên dùng khi mô tả hành động của đối phương', FALSE, 3);
INSERT INTO questions_answers (question_id, sentence, sentence_translation, is_correct, "order") VALUES (83300032, '「ご〜させていただく」の形は常に正しい', 'Dạng「ご〜させていただく」luôn luôn đúng', FALSE, 4);
INSERT INTO questions (id, user_id, is_system, is_khoa_cu, question_type, content_type, level, selection_type, question, passage, passage_translation, general_explanation, skill_category, base_difficulty, tenant_id, is_active, is_deleted, created_at, created_by) VALUES (83300033, NULL, TRUE, FALSE, 'chon_dap_an', 'keigo_baitap_keigo_phan_loai', 'BJT-4', 'single', 'あなたはA社員。B社のお客様（田中様）に、C社（第三者）の担当者について話す場面。「C社の鈴木さんが来ると言っていた」を正しい敬語にすると？

Bạn là nhân viên công ty A. Nói với khách công ty B về nhân viên C (bên thứ ba): ''Anh Suzuki công ty C nói sẽ đến''. Câu đúng?', NULL, NULL, 'Câu B chuẩn nhất: Suzuki là người ngoài (Soto với cả bạn lẫn khách B) → dùng いらっしゃる (Sonkeigo) cho hành động ''đến'' của Suzuki. Còn ''mình được nghe/biết'' thông tin đó → dùng 伺う (Kenjougo của 聞く). Câu A sai: 参る là Kenjougo chỉ dùng cho MÌNH, không phải Suzuki. Câu C gần đúng nhưng ''と言っておりました'' không rõ chủ ngữ và ít trang trọng hơn B.

💡 3 chiều quan hệ: Sonkeigo cho người ngoài (Soto) + Kenjougo cho bản thân mình — không nhầm lẫn!', 'grammar', 4, 'system', TRUE, FALSE, NOW(), 'system') ON CONFLICT (id) DO UPDATE SET question_type = EXCLUDED.question_type, content_type = EXCLUDED.content_type, level = EXCLUDED.level, question = EXCLUDED.question, passage = EXCLUDED.passage, passage_translation = EXCLUDED.passage_translation, general_explanation = EXCLUDED.general_explanation, skill_category = EXCLUDED.skill_category, base_difficulty = EXCLUDED.base_difficulty, is_active = EXCLUDED.is_active, is_deleted = EXCLUDED.is_deleted, updated_at = NOW(), updated_by = 'system';
DELETE FROM questions_answers WHERE question_id = 83300033;
INSERT INTO questions_answers (question_id, sentence, sentence_translation, is_correct, "order") VALUES (83300033, 'C社の鈴木さんが参ると申しておりました。', 'Anh Suzuki C nói rằng tôi sẽ đến. (参る + 申す = Kenjougo — SAI vì Suzuki không phải Uchi)', FALSE, 1);
INSERT INTO questions_answers (question_id, sentence, sentence_translation, is_correct, "order") VALUES (83300033, 'C社の鈴木様がいらっしゃると伺っております。', 'Tôi được biết ông Suzuki C sẽ đến ạ. (いらっしゃる = Sonkeigo cho Suzuki + 伺う = Kenjougo cho MÌNH biết)', FALSE, 2);
INSERT INTO questions_answers (question_id, sentence, sentence_translation, is_correct, "order") VALUES (83300033, 'C社の鈴木さんがいらっしゃると言っておりました。', 'Anh Suzuki C nói rằng ngài ấy sẽ đến. (いらっしゃる = Sonkeigo ✅, 言っておりました — tương đối)', FALSE, 3);
INSERT INTO questions_answers (question_id, sentence, sentence_translation, is_correct, "order") VALUES (83300033, 'B が最も正確で丁寧', 'B chính xác và lịch sự nhất', TRUE, 4);
INSERT INTO questions (id, user_id, is_system, is_khoa_cu, question_type, content_type, level, selection_type, question, passage, passage_translation, general_explanation, skill_category, base_difficulty, tenant_id, is_active, is_deleted, created_at, created_by) VALUES (83300034, NULL, TRUE, FALSE, 'chon_dap_an', 'keigo_baitap_keigo_phan_loai', 'BJT-4', 'single', '次のメール文で、下線部に誤りがあるものはどれですか？
「①いつもお世話になっております。②先日ご送付いたしました資料について、③ご不明な点がございましたら、④遠慮なく拝察ください。⑤何卒よろしくお願い申し上げます。」

Trong đoạn email sau, phần nào có lỗi?
「①いつもお世話になっております。②先日ご送付いたしました資料について、③ご不明な点がございましたら、④遠慮なく拝察ください。⑤何卒よろしくお願い申し上げます。」', NULL, NULL, '「拝察（はいさつ）する」= Kenjougo của 察する (suy đoán/hiểu ngầm) — là hành động của MÌNH, không thể dùng để yêu cầu đối phương. 「遠慮なく拝察ください」= ''Xin đừng ngại suy đoán'' — vô nghĩa và sai về dùng Kenjougo. Câu đúng phải là「遠慮なくお問い合わせください」hoặc「お気軽にご連絡ください」. Các phần ①②③⑤ đều đúng và chuẩn mực.

💡 拝察する = MÌNH suy đoán/hiểu (Kenjougo) — không dùng để yêu cầu đối phương làm gì!', 'grammar', 4, 'system', TRUE, FALSE, NOW(), 'system') ON CONFLICT (id) DO UPDATE SET question_type = EXCLUDED.question_type, content_type = EXCLUDED.content_type, level = EXCLUDED.level, question = EXCLUDED.question, passage = EXCLUDED.passage, passage_translation = EXCLUDED.passage_translation, general_explanation = EXCLUDED.general_explanation, skill_category = EXCLUDED.skill_category, base_difficulty = EXCLUDED.base_difficulty, is_active = EXCLUDED.is_active, is_deleted = EXCLUDED.is_deleted, updated_at = NOW(), updated_by = 'system';
DELETE FROM questions_answers WHERE question_id = 83300034;
INSERT INTO questions_answers (question_id, sentence, sentence_translation, is_correct, "order") VALUES (83300034, '② ご送付いたしました', '② ご送付いたしました — Kenjougo của gửi', FALSE, 1);
INSERT INTO questions_answers (question_id, sentence, sentence_translation, is_correct, "order") VALUES (83300034, '③ ご不明な点がございましたら', '③ ご不明な点がございましたら', FALSE, 2);
INSERT INTO questions_answers (question_id, sentence, sentence_translation, is_correct, "order") VALUES (83300034, '④ 遠慮なく拝察ください', '④ 遠慮なく拝察ください — 拝察 là Kenjougo, không dùng để yêu cầu khách!', TRUE, 3);
INSERT INTO questions_answers (question_id, sentence, sentence_translation, is_correct, "order") VALUES (83300034, '⑤ 何卒よろしくお願い申し上げます', '⑤ 何卒よろしくお願い申し上げます', FALSE, 4);
INSERT INTO questions (id, user_id, is_system, is_khoa_cu, question_type, content_type, level, selection_type, question, passage, passage_translation, general_explanation, skill_category, base_difficulty, tenant_id, is_active, is_deleted, created_at, created_by) VALUES (83300035, NULL, TRUE, FALSE, 'chon_dap_an', 'keigo_baitap_keigo_phan_loai', 'BJT-4', 'single', '「申す」と「申し上げる」の違いについて正しい説明はどれですか？

Giải thích nào đúng về sự khác biệt giữa「申す」và「申し上げる」?', NULL, NULL, '「申す」và「申し上げる」đều là Kenjougo của 言う, nhưng mức trang trọng khác nhau: 申す = lịch sự, dùng trong hội thoại thông thường. 申し上げる = trang trọng hơn — 申し上げる cấu thành từ 申す + 上げる (nâng lên), thể hiện sự kính trọng tối đa. Dùng trong: thư xin lỗi, bài phát biểu, email trang trọng, kết thúc email (よろしくお願い申し上げます). Câu D sai: đây không phải 二重敬語.

💡 申す (hội thoại thông thường) < 申し上げる (văn bản/bài phát biểu trang trọng) — cả hai đều Kenjougo hợp lệ', 'grammar', 4, 'system', TRUE, FALSE, NOW(), 'system') ON CONFLICT (id) DO UPDATE SET question_type = EXCLUDED.question_type, content_type = EXCLUDED.content_type, level = EXCLUDED.level, question = EXCLUDED.question, passage = EXCLUDED.passage, passage_translation = EXCLUDED.passage_translation, general_explanation = EXCLUDED.general_explanation, skill_category = EXCLUDED.skill_category, base_difficulty = EXCLUDED.base_difficulty, is_active = EXCLUDED.is_active, is_deleted = EXCLUDED.is_deleted, updated_at = NOW(), updated_by = 'system';
DELETE FROM questions_answers WHERE question_id = 83300035;
INSERT INTO questions_answers (question_id, sentence, sentence_translation, is_correct, "order") VALUES (83300035, '全く同じ意味で、使い分けは不要', 'Hoàn toàn giống nhau, không cần phân biệt', FALSE, 1);
INSERT INTO questions_answers (question_id, sentence, sentence_translation, is_correct, "order") VALUES (83300035, '「申し上げる」は「申す」より丁寧で、重要な場面や文書で使う', '「申し上げる」trang trọng hơn 申す — dùng trong các tình huống quan trọng hoặc văn bản chính thức', TRUE, 2);
INSERT INTO questions_answers (question_id, sentence, sentence_translation, is_correct, "order") VALUES (83300035, '「申す」は尊敬語、「申し上げる」は謙譲語', '「申す」là Sonkeigo, 「申し上げる」là Kenjougo', FALSE, 3);
INSERT INTO questions_answers (question_id, sentence, sentence_translation, is_correct, "order") VALUES (83300035, '「申し上げる」は二重敬語なので使ってはいけない', '「申し上げる」là 二重敬語 nên không được dùng', FALSE, 4);
INSERT INTO questions (id, user_id, is_system, is_khoa_cu, question_type, content_type, level, selection_type, question, passage, passage_translation, general_explanation, skill_category, base_difficulty, tenant_id, is_active, is_deleted, created_at, created_by) VALUES (83300036, NULL, TRUE, FALSE, 'chon_dap_an', 'keigo_baitap_keigo_phan_loai', 'BJT-4', 'single', '「ご多忙中にもかかわらず、ご参加いただきまして、誠にありがとうございました」の分析として正しいのはどれですか？

Phân tích câu:「ご多忙中にもかかわらず、ご参加いただきまして、誠にありがとうございました」— Giải thích nào đúng?', NULL, NULL, 'Phân tích chi tiết: 「ご参加」= ご + 参加 → tiền tố ご thêm vào danh từ gốc Hán → ở đây là Sonkeigo (nâng cao hành động ''tham gia'' của đối phương lên). 「いただきまして」= Kenjougo của もらう → mình được nhận sự tham gia của ngài. Kết hợp ご〜いただく là cấu trúc phổ biến nhất trong kinh doanh Nhật — không phải 二重敬語. 「ご多忙中」= danh từ lịch sự, không phải Kenjougo.

💡 ご〜いただく = cấu trúc kết hợp Sonkeigo danh từ + Kenjougo いただく — cực phổ biến và ĐÚNG, không phải 二重敬語!', 'grammar', 4, 'system', TRUE, FALSE, NOW(), 'system') ON CONFLICT (id) DO UPDATE SET question_type = EXCLUDED.question_type, content_type = EXCLUDED.content_type, level = EXCLUDED.level, question = EXCLUDED.question, passage = EXCLUDED.passage, passage_translation = EXCLUDED.passage_translation, general_explanation = EXCLUDED.general_explanation, skill_category = EXCLUDED.skill_category, base_difficulty = EXCLUDED.base_difficulty, is_active = EXCLUDED.is_active, is_deleted = EXCLUDED.is_deleted, updated_at = NOW(), updated_by = 'system';
DELETE FROM questions_answers WHERE question_id = 83300036;
INSERT INTO questions_answers (question_id, sentence, sentence_translation, is_correct, "order") VALUES (83300036, '「ご参加」は尊敬語、「いただきまして」は謙譲語で、組み合わせて使うのは正しい', '「ご参加」là Sonkeigo, 「いただきまして」là Kenjougo — kết hợp như vậy là đúng', TRUE, 1);
INSERT INTO questions_answers (question_id, sentence, sentence_translation, is_correct, "order") VALUES (83300036, '「ご参加いただく」全体が謙譲語', '「ご参加いただく」toàn bộ là Kenjougo', FALSE, 2);
INSERT INTO questions_answers (question_id, sentence, sentence_translation, is_correct, "order") VALUES (83300036, '「ご多忙中」は謙譲語なので、この文は間違い', '「ご多忙中」là Kenjougo nên câu này sai', FALSE, 3);
INSERT INTO questions_answers (question_id, sentence, sentence_translation, is_correct, "order") VALUES (83300036, '「ご参加」は謙譲語で、「いただきまして」は尊敬語', '「ご参加」là Kenjougo, 「いただきまして」là Sonkeigo', FALSE, 4);
INSERT INTO questions (id, user_id, is_system, is_khoa_cu, question_type, content_type, level, selection_type, question, passage, passage_translation, general_explanation, skill_category, base_difficulty, tenant_id, is_active, is_deleted, created_at, created_by) VALUES (83300037, NULL, TRUE, FALSE, 'chon_dap_an', 'keigo_baitap_keigo_phan_loai', 'BJT-4', 'single', 'クレーム対応で「担当者が調べて連絡します」を最も丁寧な謙譲語に直すと？

Khi xử lý khiếu nại, câu ''Nhân viên phụ trách sẽ tìm hiểu và liên hệ lại'' chuyển thành Kenjougo trang trọng nhất là?', NULL, NULL, 'Câu B là chuẩn nhất trong xử lý khiếu nại thực tế: 「担当の者」(nhân viên phụ trách — không dùng 担当者 một mình vì nghe thiếu lịch sự) + 「確認の上」(sau khi xác nhận) + 「改めてご連絡いたします」(sẽ liên hệ lại — ご連絡 + いたす = Kenjougo). Câu C cũng đúng nhưng thiếu thông tin về ''xác nhận trước''. Khi xử lý khiếu nại, cần thể hiện rõ quy trình — B làm điều này tốt hơn.

💡 担当の者 (có の) > 担当者 (không có の) về tính lịch sự trong văn bản kinh doanh', 'grammar', 4, 'system', TRUE, FALSE, NOW(), 'system') ON CONFLICT (id) DO UPDATE SET question_type = EXCLUDED.question_type, content_type = EXCLUDED.content_type, level = EXCLUDED.level, question = EXCLUDED.question, passage = EXCLUDED.passage, passage_translation = EXCLUDED.passage_translation, general_explanation = EXCLUDED.general_explanation, skill_category = EXCLUDED.skill_category, base_difficulty = EXCLUDED.base_difficulty, is_active = EXCLUDED.is_active, is_deleted = EXCLUDED.is_deleted, updated_at = NOW(), updated_by = 'system';
DELETE FROM questions_answers WHERE question_id = 83300037;
INSERT INTO questions_answers (question_id, sentence, sentence_translation, is_correct, "order") VALUES (83300037, '担当者が調べて連絡します。', 'Nhân viên phụ trách sẽ tìm hiểu và liên hệ. (thông thường)', FALSE, 1);
INSERT INTO questions_answers (question_id, sentence, sentence_translation, is_correct, "order") VALUES (83300037, '担当の者が確認の上、改めてご連絡いたします。', 'Nhân viên phụ trách sẽ xác nhận rồi liên hệ lại ạ. (Kenjougo — chuẩn)', FALSE, 2);
INSERT INTO questions_answers (question_id, sentence, sentence_translation, is_correct, "order") VALUES (83300037, '担当の者よりご連絡申し上げます。', 'Nhân viên phụ trách sẽ liên hệ ạ. (申し上げる — trang trọng)', FALSE, 3);
INSERT INTO questions_answers (question_id, sentence, sentence_translation, is_correct, "order") VALUES (83300037, 'B が最も実用的でビジネス的', 'B thực dụng và kinh doanh nhất', TRUE, 4);
INSERT INTO questions (id, user_id, is_system, is_khoa_cu, question_type, content_type, level, selection_type, question, passage, passage_translation, general_explanation, skill_category, base_difficulty, tenant_id, is_active, is_deleted, created_at, created_by) VALUES (83300038, NULL, TRUE, FALSE, 'chon_dap_an', 'keigo_baitap_keigo_phan_loai', 'BJT-4', 'single', '次の会話で、下線部の敬語が不適切なものを選んでください。
（お客様に対して）
「①本日はご来社いただき、ありがとうございます。②弊社の概要についてご説明いたします。③ご不明な点はいつでも伺ってください。④後ほど資料をお持ちいたします。」

Câu nào dùng kính ngữ KHÔNG PHÙ HỢP?
「①本日はご来社いただき、ありがとうございます。②弊社の概要についてご説明いたします。③ご不明な点はいつでも伺ってください。④後ほど資料をお持ちいたします。」', NULL, NULL, '「伺ってください」sai: 伺う là Kenjougo — hành động của MÌNH (hỏi/thăm), không thể yêu cầu khách dùng Kenjougo. Câu đúng phải là「お気軽にお申し付けください」hoặc「遠慮なくお聞きください」hoặc「何でもおっしゃってください」. Đây là lỗi áp dụng Kenjougo cho đối phương — một trong những lỗi tinh tế nhất và hay xuất hiện trong đề BJT cấp cao.

💡 Không bao giờ yêu cầu khách hàng ''dùng Kenjougo'' — 伺ってください, 存じてください đều SAI!', 'grammar', 4, 'system', TRUE, FALSE, NOW(), 'system') ON CONFLICT (id) DO UPDATE SET question_type = EXCLUDED.question_type, content_type = EXCLUDED.content_type, level = EXCLUDED.level, question = EXCLUDED.question, passage = EXCLUDED.passage, passage_translation = EXCLUDED.passage_translation, general_explanation = EXCLUDED.general_explanation, skill_category = EXCLUDED.skill_category, base_difficulty = EXCLUDED.base_difficulty, is_active = EXCLUDED.is_active, is_deleted = EXCLUDED.is_deleted, updated_at = NOW(), updated_by = 'system';
DELETE FROM questions_answers WHERE question_id = 83300038;
INSERT INTO questions_answers (question_id, sentence, sentence_translation, is_correct, "order") VALUES (83300038, '① ご来社いただき', '① ご来社いただき', FALSE, 1);
INSERT INTO questions_answers (question_id, sentence, sentence_translation, is_correct, "order") VALUES (83300038, '② ご説明いたします', '② ご説明いたします', FALSE, 2);
INSERT INTO questions_answers (question_id, sentence, sentence_translation, is_correct, "order") VALUES (83300038, '③ 伺ってください', '③ 伺ってください — 伺う là Kenjougo của MÌNH, yêu cầu khách ''伺う'' là sai!', TRUE, 3);
INSERT INTO questions_answers (question_id, sentence, sentence_translation, is_correct, "order") VALUES (83300038, '④ お持ちいたします', '④ お持ちいたします', FALSE, 4);
INSERT INTO questions (id, user_id, is_system, is_khoa_cu, question_type, content_type, level, selection_type, question, passage, passage_translation, general_explanation, skill_category, base_difficulty, tenant_id, is_active, is_deleted, created_at, created_by) VALUES (83300039, NULL, TRUE, FALSE, 'chon_dap_an', 'keigo_baitap_keigo_phan_loai', 'BJT-4', 'single', '取引先への正式なお礼状の書き方として、最も適切な文はどれですか？

Câu nào phù hợp nhất cho thư cảm ơn chính thức gửi đến đối tác?', NULL, NULL, 'Câu B sử dụng hai từ Kenjougo/trang trọng bậc cao: 「賜る（たまわる）」= Kenjougo siêu trang trọng của もらう (nhận được ân huệ/ân tình từ bề trên) + 「御礼申し上げます（おれいもうしあげます）」= Kenjougo trang trọng nhất khi cảm ơn. 賜る (たまわる) là từ rất trang trọng, thường dùng trong thư từ kinh doanh chính thức, không dùng trong hội thoại thường ngày.

💡 賜る（たまわる）= Kenjougo siêu trang trọng của もらう — chỉ dùng trong văn bản chính thức, thư gửi VIP', 'grammar', 4, 'system', TRUE, FALSE, NOW(), 'system') ON CONFLICT (id) DO UPDATE SET question_type = EXCLUDED.question_type, content_type = EXCLUDED.content_type, level = EXCLUDED.level, question = EXCLUDED.question, passage = EXCLUDED.passage, passage_translation = EXCLUDED.passage_translation, general_explanation = EXCLUDED.general_explanation, skill_category = EXCLUDED.skill_category, base_difficulty = EXCLUDED.base_difficulty, is_active = EXCLUDED.is_active, is_deleted = EXCLUDED.is_deleted, updated_at = NOW(), updated_by = 'system';
DELETE FROM questions_answers WHERE question_id = 83300039;
INSERT INTO questions_answers (question_id, sentence, sentence_translation, is_correct, "order") VALUES (83300039, '先日はいろいろとお世話になりました。ありがとうございました。', 'Hôm trước được quý vị giúp đỡ nhiều. Cảm ơn. (thông thường, không đủ trang trọng)', FALSE, 1);
INSERT INTO questions_answers (question_id, sentence, sentence_translation, is_correct, "order") VALUES (83300039, '先日は格別のご厚情を賜り、厚く御礼申し上げます。', 'Hôm trước được nhận ân tình đặc biệt, xin kính bày tỏ lòng biết ơn sâu sắc. (賜る + 御礼申し上げる)', TRUE, 2);
INSERT INTO questions_answers (question_id, sentence, sentence_translation, is_correct, "order") VALUES (83300039, '先日はお世話になり、お礼を言いたいと思います。', 'Hôm trước được giúp đỡ, tôi muốn nói lời cảm ơn. (quá thẳng thắn, thiếu trang trọng)', FALSE, 3);
INSERT INTO questions_answers (question_id, sentence, sentence_translation, is_correct, "order") VALUES (83300039, '先日のご支援に感謝いたします。今後ともよろしくお願いいたします。', 'Cảm ơn sự hỗ trợ hôm trước. Kính mong tiếp tục hợp tác. (Kenjougo đúng, đơn giản hơn B)', FALSE, 4);
INSERT INTO questions (id, user_id, is_system, is_khoa_cu, question_type, content_type, level, selection_type, question, passage, passage_translation, general_explanation, skill_category, base_difficulty, tenant_id, is_active, is_deleted, created_at, created_by) VALUES (83300040, NULL, TRUE, FALSE, 'chon_dap_an', 'keigo_baitap_keigo_phan_loai', 'BJT-4', 'single', '次のうち、ビジネス敬語として最も完成度が高い文はどれですか？

Câu nào là tiếng Nhật kinh doanh hoàn chỉnh và chuẩn mực nhất?', NULL, NULL, 'Câu B là chuẩn nhất: 「おかけいたしまして」= Kenjougo (お〜いたす) cho ''gây ra''; 「誠に申し訳ございませんでした」= 誠に (thực sự) + 申し訳ございません (xin lỗi trang trọng nhất — ございません thay vì ありません); 「再発防止に努めてまいります」= cam kết ngăn tái diễn + 参る (Kenjougo của 行く/来る, ở đây là ''chúng tôi sẽ nỗ lực''). Câu B thể hiện đầy đủ: xin lỗi + cam kết hành động — chuẩn mực xử lý khiếu nại BJT.

💡 申し訳ございません > 申し訳ありません về mức trang trọng. Luôn kèm cam kết hành động sau xin lỗi trong kinh doanh!', 'grammar', 4, 'system', TRUE, FALSE, NOW(), 'system') ON CONFLICT (id) DO UPDATE SET question_type = EXCLUDED.question_type, content_type = EXCLUDED.content_type, level = EXCLUDED.level, question = EXCLUDED.question, passage = EXCLUDED.passage, passage_translation = EXCLUDED.passage_translation, general_explanation = EXCLUDED.general_explanation, skill_category = EXCLUDED.skill_category, base_difficulty = EXCLUDED.base_difficulty, is_active = EXCLUDED.is_active, is_deleted = EXCLUDED.is_deleted, updated_at = NOW(), updated_by = 'system';
DELETE FROM questions_answers WHERE question_id = 83300040;
INSERT INTO questions_answers (question_id, sentence, sentence_translation, is_correct, "order") VALUES (83300040, 'ご不便をおかけして申し訳なかったです。次は気をつけます。', 'Xin lỗi vì đã gây bất tiện. Lần sau tôi sẽ cẩn thận hơn. (thiếu trang trọng, nghe thô)', FALSE, 1);
INSERT INTO questions_answers (question_id, sentence, sentence_translation, is_correct, "order") VALUES (83300040, 'この度はご不便をおかけいたしまして、誠に申し訳ございませんでした。再発防止に努めてまいります。', 'Lần này thực sự xin lỗi vì đã gây bất tiện ạ. Chúng tôi sẽ cố gắng ngăn tái diễn. (Kenjougo đầy đủ)', TRUE, 2);
INSERT INTO questions_answers (question_id, sentence, sentence_translation, is_correct, "order") VALUES (83300040, '不便をかけてすみませんでした。気をつけます。', 'Xin lỗi đã gây bất tiện. Tôi sẽ cẩn thận. (thông thường — không phù hợp)', FALSE, 3);
INSERT INTO questions_answers (question_id, sentence, sentence_translation, is_correct, "order") VALUES (83300040, 'ご不便をおかけしてしまい、本当に申し訳ありません。', 'Thực sự xin lỗi vì đã gây bất tiện. (đủ lịch sự nhưng ít trang trọng hơn B)', FALSE, 4);

INSERT INTO study_question_sets (id, name, description, set_type, card_count, tenant_id, is_active, is_deleted, created_at, created_by) VALUES (80100331, '2.1.3 Bài Tập Chuyên Sâu: 謙譲語 (Kenjougo) — Cơ bản', 'Bài tập cấp 1 (Cơ bản) — 10 câu.', 'practice', 10, 'system', TRUE, FALSE, NOW(), 'system') ON CONFLICT (id) DO UPDATE SET name = EXCLUDED.name, description = EXCLUDED.description, set_type = EXCLUDED.set_type, card_count = EXCLUDED.card_count, is_active = EXCLUDED.is_active, is_deleted = EXCLUDED.is_deleted, updated_at = NOW(), updated_by = 'system';
INSERT INTO study_question_set_questions (study_question_set_id, question_id, order_index, tenant_id, is_deleted, created_at, created_by) VALUES (80100331, 83300001, 1, 'system', FALSE, NOW(), 'system') ON CONFLICT (study_question_set_id, question_id) DO UPDATE SET order_index = EXCLUDED.order_index, is_deleted = FALSE;
INSERT INTO study_question_set_questions (study_question_set_id, question_id, order_index, tenant_id, is_deleted, created_at, created_by) VALUES (80100331, 83300002, 2, 'system', FALSE, NOW(), 'system') ON CONFLICT (study_question_set_id, question_id) DO UPDATE SET order_index = EXCLUDED.order_index, is_deleted = FALSE;
INSERT INTO study_question_set_questions (study_question_set_id, question_id, order_index, tenant_id, is_deleted, created_at, created_by) VALUES (80100331, 83300003, 3, 'system', FALSE, NOW(), 'system') ON CONFLICT (study_question_set_id, question_id) DO UPDATE SET order_index = EXCLUDED.order_index, is_deleted = FALSE;
INSERT INTO study_question_set_questions (study_question_set_id, question_id, order_index, tenant_id, is_deleted, created_at, created_by) VALUES (80100331, 83300004, 4, 'system', FALSE, NOW(), 'system') ON CONFLICT (study_question_set_id, question_id) DO UPDATE SET order_index = EXCLUDED.order_index, is_deleted = FALSE;
INSERT INTO study_question_set_questions (study_question_set_id, question_id, order_index, tenant_id, is_deleted, created_at, created_by) VALUES (80100331, 83300005, 5, 'system', FALSE, NOW(), 'system') ON CONFLICT (study_question_set_id, question_id) DO UPDATE SET order_index = EXCLUDED.order_index, is_deleted = FALSE;
INSERT INTO study_question_set_questions (study_question_set_id, question_id, order_index, tenant_id, is_deleted, created_at, created_by) VALUES (80100331, 83300006, 6, 'system', FALSE, NOW(), 'system') ON CONFLICT (study_question_set_id, question_id) DO UPDATE SET order_index = EXCLUDED.order_index, is_deleted = FALSE;
INSERT INTO study_question_set_questions (study_question_set_id, question_id, order_index, tenant_id, is_deleted, created_at, created_by) VALUES (80100331, 83300007, 7, 'system', FALSE, NOW(), 'system') ON CONFLICT (study_question_set_id, question_id) DO UPDATE SET order_index = EXCLUDED.order_index, is_deleted = FALSE;
INSERT INTO study_question_set_questions (study_question_set_id, question_id, order_index, tenant_id, is_deleted, created_at, created_by) VALUES (80100331, 83300008, 8, 'system', FALSE, NOW(), 'system') ON CONFLICT (study_question_set_id, question_id) DO UPDATE SET order_index = EXCLUDED.order_index, is_deleted = FALSE;
INSERT INTO study_question_set_questions (study_question_set_id, question_id, order_index, tenant_id, is_deleted, created_at, created_by) VALUES (80100331, 83300009, 9, 'system', FALSE, NOW(), 'system') ON CONFLICT (study_question_set_id, question_id) DO UPDATE SET order_index = EXCLUDED.order_index, is_deleted = FALSE;
INSERT INTO study_question_set_questions (study_question_set_id, question_id, order_index, tenant_id, is_deleted, created_at, created_by) VALUES (80100331, 83300010, 10, 'system', FALSE, NOW(), 'system') ON CONFLICT (study_question_set_id, question_id) DO UPDATE SET order_index = EXCLUDED.order_index, is_deleted = FALSE;
INSERT INTO study_resource_question_sets (resource_type, resource_id, study_question_set_id, position, context, tenant_id, is_active, is_deleted, created_at, created_by) VALUES ('module', 8011, 80100331, 10, '{"label": "2.1.3 Bài Tập Chuyên Sâu: 謙譲語 (Kenjougo) — Cơ bản"}'::jsonb, 'system', TRUE, FALSE, NOW(), 'system') ON CONFLICT (resource_type, resource_id, study_question_set_id) DO UPDATE SET position = EXCLUDED.position, context = EXCLUDED.context, is_active = TRUE, is_deleted = FALSE;

INSERT INTO study_question_sets (id, name, description, set_type, card_count, tenant_id, is_active, is_deleted, created_at, created_by) VALUES (80100332, '2.1.3 Bài Tập Chuyên Sâu: 謙譲語 (Kenjougo) — Trung bình', 'Bài tập cấp 2 (Trung bình) — 10 câu.', 'practice', 10, 'system', TRUE, FALSE, NOW(), 'system') ON CONFLICT (id) DO UPDATE SET name = EXCLUDED.name, description = EXCLUDED.description, set_type = EXCLUDED.set_type, card_count = EXCLUDED.card_count, is_active = EXCLUDED.is_active, is_deleted = EXCLUDED.is_deleted, updated_at = NOW(), updated_by = 'system';
INSERT INTO study_question_set_questions (study_question_set_id, question_id, order_index, tenant_id, is_deleted, created_at, created_by) VALUES (80100332, 83300011, 1, 'system', FALSE, NOW(), 'system') ON CONFLICT (study_question_set_id, question_id) DO UPDATE SET order_index = EXCLUDED.order_index, is_deleted = FALSE;
INSERT INTO study_question_set_questions (study_question_set_id, question_id, order_index, tenant_id, is_deleted, created_at, created_by) VALUES (80100332, 83300012, 2, 'system', FALSE, NOW(), 'system') ON CONFLICT (study_question_set_id, question_id) DO UPDATE SET order_index = EXCLUDED.order_index, is_deleted = FALSE;
INSERT INTO study_question_set_questions (study_question_set_id, question_id, order_index, tenant_id, is_deleted, created_at, created_by) VALUES (80100332, 83300013, 3, 'system', FALSE, NOW(), 'system') ON CONFLICT (study_question_set_id, question_id) DO UPDATE SET order_index = EXCLUDED.order_index, is_deleted = FALSE;
INSERT INTO study_question_set_questions (study_question_set_id, question_id, order_index, tenant_id, is_deleted, created_at, created_by) VALUES (80100332, 83300014, 4, 'system', FALSE, NOW(), 'system') ON CONFLICT (study_question_set_id, question_id) DO UPDATE SET order_index = EXCLUDED.order_index, is_deleted = FALSE;
INSERT INTO study_question_set_questions (study_question_set_id, question_id, order_index, tenant_id, is_deleted, created_at, created_by) VALUES (80100332, 83300015, 5, 'system', FALSE, NOW(), 'system') ON CONFLICT (study_question_set_id, question_id) DO UPDATE SET order_index = EXCLUDED.order_index, is_deleted = FALSE;
INSERT INTO study_question_set_questions (study_question_set_id, question_id, order_index, tenant_id, is_deleted, created_at, created_by) VALUES (80100332, 83300016, 6, 'system', FALSE, NOW(), 'system') ON CONFLICT (study_question_set_id, question_id) DO UPDATE SET order_index = EXCLUDED.order_index, is_deleted = FALSE;
INSERT INTO study_question_set_questions (study_question_set_id, question_id, order_index, tenant_id, is_deleted, created_at, created_by) VALUES (80100332, 83300017, 7, 'system', FALSE, NOW(), 'system') ON CONFLICT (study_question_set_id, question_id) DO UPDATE SET order_index = EXCLUDED.order_index, is_deleted = FALSE;
INSERT INTO study_question_set_questions (study_question_set_id, question_id, order_index, tenant_id, is_deleted, created_at, created_by) VALUES (80100332, 83300018, 8, 'system', FALSE, NOW(), 'system') ON CONFLICT (study_question_set_id, question_id) DO UPDATE SET order_index = EXCLUDED.order_index, is_deleted = FALSE;
INSERT INTO study_question_set_questions (study_question_set_id, question_id, order_index, tenant_id, is_deleted, created_at, created_by) VALUES (80100332, 83300019, 9, 'system', FALSE, NOW(), 'system') ON CONFLICT (study_question_set_id, question_id) DO UPDATE SET order_index = EXCLUDED.order_index, is_deleted = FALSE;
INSERT INTO study_question_set_questions (study_question_set_id, question_id, order_index, tenant_id, is_deleted, created_at, created_by) VALUES (80100332, 83300020, 10, 'system', FALSE, NOW(), 'system') ON CONFLICT (study_question_set_id, question_id) DO UPDATE SET order_index = EXCLUDED.order_index, is_deleted = FALSE;
INSERT INTO study_resource_question_sets (resource_type, resource_id, study_question_set_id, position, context, tenant_id, is_active, is_deleted, created_at, created_by) VALUES ('module', 8011, 80100332, 11, '{"label": "2.1.3 Bài Tập Chuyên Sâu: 謙譲語 (Kenjougo) — Trung bình"}'::jsonb, 'system', TRUE, FALSE, NOW(), 'system') ON CONFLICT (resource_type, resource_id, study_question_set_id) DO UPDATE SET position = EXCLUDED.position, context = EXCLUDED.context, is_active = TRUE, is_deleted = FALSE;

INSERT INTO study_question_sets (id, name, description, set_type, card_count, tenant_id, is_active, is_deleted, created_at, created_by) VALUES (80100333, '2.1.3 Bài Tập Chuyên Sâu: 謙譲語 (Kenjougo) — Khá', 'Bài tập cấp 3 (Khá) — 10 câu.', 'practice', 10, 'system', TRUE, FALSE, NOW(), 'system') ON CONFLICT (id) DO UPDATE SET name = EXCLUDED.name, description = EXCLUDED.description, set_type = EXCLUDED.set_type, card_count = EXCLUDED.card_count, is_active = EXCLUDED.is_active, is_deleted = EXCLUDED.is_deleted, updated_at = NOW(), updated_by = 'system';
INSERT INTO study_question_set_questions (study_question_set_id, question_id, order_index, tenant_id, is_deleted, created_at, created_by) VALUES (80100333, 83300021, 1, 'system', FALSE, NOW(), 'system') ON CONFLICT (study_question_set_id, question_id) DO UPDATE SET order_index = EXCLUDED.order_index, is_deleted = FALSE;
INSERT INTO study_question_set_questions (study_question_set_id, question_id, order_index, tenant_id, is_deleted, created_at, created_by) VALUES (80100333, 83300022, 2, 'system', FALSE, NOW(), 'system') ON CONFLICT (study_question_set_id, question_id) DO UPDATE SET order_index = EXCLUDED.order_index, is_deleted = FALSE;
INSERT INTO study_question_set_questions (study_question_set_id, question_id, order_index, tenant_id, is_deleted, created_at, created_by) VALUES (80100333, 83300023, 3, 'system', FALSE, NOW(), 'system') ON CONFLICT (study_question_set_id, question_id) DO UPDATE SET order_index = EXCLUDED.order_index, is_deleted = FALSE;
INSERT INTO study_question_set_questions (study_question_set_id, question_id, order_index, tenant_id, is_deleted, created_at, created_by) VALUES (80100333, 83300024, 4, 'system', FALSE, NOW(), 'system') ON CONFLICT (study_question_set_id, question_id) DO UPDATE SET order_index = EXCLUDED.order_index, is_deleted = FALSE;
INSERT INTO study_question_set_questions (study_question_set_id, question_id, order_index, tenant_id, is_deleted, created_at, created_by) VALUES (80100333, 83300025, 5, 'system', FALSE, NOW(), 'system') ON CONFLICT (study_question_set_id, question_id) DO UPDATE SET order_index = EXCLUDED.order_index, is_deleted = FALSE;
INSERT INTO study_question_set_questions (study_question_set_id, question_id, order_index, tenant_id, is_deleted, created_at, created_by) VALUES (80100333, 83300026, 6, 'system', FALSE, NOW(), 'system') ON CONFLICT (study_question_set_id, question_id) DO UPDATE SET order_index = EXCLUDED.order_index, is_deleted = FALSE;
INSERT INTO study_question_set_questions (study_question_set_id, question_id, order_index, tenant_id, is_deleted, created_at, created_by) VALUES (80100333, 83300027, 7, 'system', FALSE, NOW(), 'system') ON CONFLICT (study_question_set_id, question_id) DO UPDATE SET order_index = EXCLUDED.order_index, is_deleted = FALSE;
INSERT INTO study_question_set_questions (study_question_set_id, question_id, order_index, tenant_id, is_deleted, created_at, created_by) VALUES (80100333, 83300028, 8, 'system', FALSE, NOW(), 'system') ON CONFLICT (study_question_set_id, question_id) DO UPDATE SET order_index = EXCLUDED.order_index, is_deleted = FALSE;
INSERT INTO study_question_set_questions (study_question_set_id, question_id, order_index, tenant_id, is_deleted, created_at, created_by) VALUES (80100333, 83300029, 9, 'system', FALSE, NOW(), 'system') ON CONFLICT (study_question_set_id, question_id) DO UPDATE SET order_index = EXCLUDED.order_index, is_deleted = FALSE;
INSERT INTO study_question_set_questions (study_question_set_id, question_id, order_index, tenant_id, is_deleted, created_at, created_by) VALUES (80100333, 83300030, 10, 'system', FALSE, NOW(), 'system') ON CONFLICT (study_question_set_id, question_id) DO UPDATE SET order_index = EXCLUDED.order_index, is_deleted = FALSE;
INSERT INTO study_resource_question_sets (resource_type, resource_id, study_question_set_id, position, context, tenant_id, is_active, is_deleted, created_at, created_by) VALUES ('module', 8011, 80100333, 12, '{"label": "2.1.3 Bài Tập Chuyên Sâu: 謙譲語 (Kenjougo) — Khá"}'::jsonb, 'system', TRUE, FALSE, NOW(), 'system') ON CONFLICT (resource_type, resource_id, study_question_set_id) DO UPDATE SET position = EXCLUDED.position, context = EXCLUDED.context, is_active = TRUE, is_deleted = FALSE;

INSERT INTO study_question_sets (id, name, description, set_type, card_count, tenant_id, is_active, is_deleted, created_at, created_by) VALUES (80100334, '2.1.3 Bài Tập Chuyên Sâu: 謙譲語 (Kenjougo) — Khó', 'Bài tập cấp 4 (Khó) — 10 câu.', 'practice', 10, 'system', TRUE, FALSE, NOW(), 'system') ON CONFLICT (id) DO UPDATE SET name = EXCLUDED.name, description = EXCLUDED.description, set_type = EXCLUDED.set_type, card_count = EXCLUDED.card_count, is_active = EXCLUDED.is_active, is_deleted = EXCLUDED.is_deleted, updated_at = NOW(), updated_by = 'system';
INSERT INTO study_question_set_questions (study_question_set_id, question_id, order_index, tenant_id, is_deleted, created_at, created_by) VALUES (80100334, 83300031, 1, 'system', FALSE, NOW(), 'system') ON CONFLICT (study_question_set_id, question_id) DO UPDATE SET order_index = EXCLUDED.order_index, is_deleted = FALSE;
INSERT INTO study_question_set_questions (study_question_set_id, question_id, order_index, tenant_id, is_deleted, created_at, created_by) VALUES (80100334, 83300032, 2, 'system', FALSE, NOW(), 'system') ON CONFLICT (study_question_set_id, question_id) DO UPDATE SET order_index = EXCLUDED.order_index, is_deleted = FALSE;
INSERT INTO study_question_set_questions (study_question_set_id, question_id, order_index, tenant_id, is_deleted, created_at, created_by) VALUES (80100334, 83300033, 3, 'system', FALSE, NOW(), 'system') ON CONFLICT (study_question_set_id, question_id) DO UPDATE SET order_index = EXCLUDED.order_index, is_deleted = FALSE;
INSERT INTO study_question_set_questions (study_question_set_id, question_id, order_index, tenant_id, is_deleted, created_at, created_by) VALUES (80100334, 83300034, 4, 'system', FALSE, NOW(), 'system') ON CONFLICT (study_question_set_id, question_id) DO UPDATE SET order_index = EXCLUDED.order_index, is_deleted = FALSE;
INSERT INTO study_question_set_questions (study_question_set_id, question_id, order_index, tenant_id, is_deleted, created_at, created_by) VALUES (80100334, 83300035, 5, 'system', FALSE, NOW(), 'system') ON CONFLICT (study_question_set_id, question_id) DO UPDATE SET order_index = EXCLUDED.order_index, is_deleted = FALSE;
INSERT INTO study_question_set_questions (study_question_set_id, question_id, order_index, tenant_id, is_deleted, created_at, created_by) VALUES (80100334, 83300036, 6, 'system', FALSE, NOW(), 'system') ON CONFLICT (study_question_set_id, question_id) DO UPDATE SET order_index = EXCLUDED.order_index, is_deleted = FALSE;
INSERT INTO study_question_set_questions (study_question_set_id, question_id, order_index, tenant_id, is_deleted, created_at, created_by) VALUES (80100334, 83300037, 7, 'system', FALSE, NOW(), 'system') ON CONFLICT (study_question_set_id, question_id) DO UPDATE SET order_index = EXCLUDED.order_index, is_deleted = FALSE;
INSERT INTO study_question_set_questions (study_question_set_id, question_id, order_index, tenant_id, is_deleted, created_at, created_by) VALUES (80100334, 83300038, 8, 'system', FALSE, NOW(), 'system') ON CONFLICT (study_question_set_id, question_id) DO UPDATE SET order_index = EXCLUDED.order_index, is_deleted = FALSE;
INSERT INTO study_question_set_questions (study_question_set_id, question_id, order_index, tenant_id, is_deleted, created_at, created_by) VALUES (80100334, 83300039, 9, 'system', FALSE, NOW(), 'system') ON CONFLICT (study_question_set_id, question_id) DO UPDATE SET order_index = EXCLUDED.order_index, is_deleted = FALSE;
INSERT INTO study_question_set_questions (study_question_set_id, question_id, order_index, tenant_id, is_deleted, created_at, created_by) VALUES (80100334, 83300040, 10, 'system', FALSE, NOW(), 'system') ON CONFLICT (study_question_set_id, question_id) DO UPDATE SET order_index = EXCLUDED.order_index, is_deleted = FALSE;
INSERT INTO study_resource_question_sets (resource_type, resource_id, study_question_set_id, position, context, tenant_id, is_active, is_deleted, created_at, created_by) VALUES ('module', 8011, 80100334, 13, '{"label": "2.1.3 Bài Tập Chuyên Sâu: 謙譲語 (Kenjougo) — Khó"}'::jsonb, 'system', TRUE, FALSE, NOW(), 'system') ON CONFLICT (resource_type, resource_id, study_question_set_id) DO UPDATE SET position = EXCLUDED.position, context = EXCLUDED.context, is_active = TRUE, is_deleted = FALSE;

-- BaiTap file: 2.1.4_JuzuDoushi_BaiTap.json
INSERT INTO questions (id, user_id, is_system, is_khoa_cu, question_type, content_type, level, selection_type, question, passage, passage_translation, general_explanation, skill_category, base_difficulty, tenant_id, is_active, is_deleted, created_at, created_by) VALUES (84100001, NULL, TRUE, FALSE, 'chon_dap_an', 'keigo_baitap_juzu_doushi', 'BJT-1', 'single', '「私は田中さんに花を（　）ました。」— 話し手が田中さんに花を渡した場面。空欄に入る最も適切な動詞はどれですか？

"Tôi đã tặng hoa cho anh Tanaka." — Người nói trao hoa cho Tanaka. Chọn động từ phù hợp nhất.', NULL, NULL, '【あげる】= người nói (hoặc in-group) CHO người khác (out-group, ngang/thấp hơn). Chiều: Tôi → Tanaka. くれる (A) là chiều ngược lại (ai đó cho TÔI). もらう (B) = tôi nhận. いただく (D) = tôi nhận (lịch sự cao).

💡 Nhớ chiều mũi tên: あげる (→ ra ngoài), くれる (→ vào trong/tôi), もらう (tôi nhận ←)', 'grammar', 1, 'system', TRUE, FALSE, NOW(), 'system') ON CONFLICT (id) DO UPDATE SET question_type = EXCLUDED.question_type, content_type = EXCLUDED.content_type, level = EXCLUDED.level, question = EXCLUDED.question, passage = EXCLUDED.passage, passage_translation = EXCLUDED.passage_translation, general_explanation = EXCLUDED.general_explanation, skill_category = EXCLUDED.skill_category, base_difficulty = EXCLUDED.base_difficulty, is_active = EXCLUDED.is_active, is_deleted = EXCLUDED.is_deleted, updated_at = NOW(), updated_by = 'system';
DELETE FROM questions_answers WHERE question_id = 84100001;
INSERT INTO questions_answers (question_id, sentence, sentence_translation, is_correct, "order") VALUES (84100001, 'くれ', NULL, FALSE, 1);
INSERT INTO questions_answers (question_id, sentence, sentence_translation, is_correct, "order") VALUES (84100001, 'もらい', NULL, FALSE, 2);
INSERT INTO questions_answers (question_id, sentence, sentence_translation, is_correct, "order") VALUES (84100001, 'あげ', NULL, TRUE, 3);
INSERT INTO questions_answers (question_id, sentence, sentence_translation, is_correct, "order") VALUES (84100001, 'いただき', NULL, FALSE, 4);
INSERT INTO questions (id, user_id, is_system, is_khoa_cu, question_type, content_type, level, selection_type, question, passage, passage_translation, general_explanation, skill_category, base_difficulty, tenant_id, is_active, is_deleted, created_at, created_by) VALUES (84100002, NULL, TRUE, FALSE, 'chon_dap_an', 'keigo_baitap_juzu_doushi', 'BJT-1', 'single', '「鈴木さんが私にプレゼントを（　）ました。」— 鈴木さん（同僚）が話し手にプレゼントをくれた場面。

"Anh Suzuki (đồng nghiệp ngang hàng) đã tặng quà cho tôi." Chọn động từ đúng.', NULL, NULL, '【くれる】= người khác CHO tôi (hoặc in-group của tôi). Chiều: Suzuki → Tôi. あげる (A) là tôi cho người khác. さしあげる (C) là tôi cho người bề trên (khiêm). くださる (D) dùng khi người cho là bề trên (kính ngữ của くれる).

💡 くれる = ai đó cho TÔI (ơn huệ về phía tôi). Cảm giác biết ơn, vui mừng.', 'grammar', 1, 'system', TRUE, FALSE, NOW(), 'system') ON CONFLICT (id) DO UPDATE SET question_type = EXCLUDED.question_type, content_type = EXCLUDED.content_type, level = EXCLUDED.level, question = EXCLUDED.question, passage = EXCLUDED.passage, passage_translation = EXCLUDED.passage_translation, general_explanation = EXCLUDED.general_explanation, skill_category = EXCLUDED.skill_category, base_difficulty = EXCLUDED.base_difficulty, is_active = EXCLUDED.is_active, is_deleted = EXCLUDED.is_deleted, updated_at = NOW(), updated_by = 'system';
DELETE FROM questions_answers WHERE question_id = 84100002;
INSERT INTO questions_answers (question_id, sentence, sentence_translation, is_correct, "order") VALUES (84100002, 'あげ', NULL, FALSE, 1);
INSERT INTO questions_answers (question_id, sentence, sentence_translation, is_correct, "order") VALUES (84100002, 'くれ', NULL, TRUE, 2);
INSERT INTO questions_answers (question_id, sentence, sentence_translation, is_correct, "order") VALUES (84100002, 'さしあげ', NULL, FALSE, 3);
INSERT INTO questions_answers (question_id, sentence, sentence_translation, is_correct, "order") VALUES (84100002, 'くださり', NULL, FALSE, 4);
INSERT INTO questions (id, user_id, is_system, is_khoa_cu, question_type, content_type, level, selection_type, question, passage, passage_translation, general_explanation, skill_category, base_difficulty, tenant_id, is_active, is_deleted, created_at, created_by) VALUES (84100003, NULL, TRUE, FALSE, 'chon_dap_an', 'keigo_baitap_juzu_doushi', 'BJT-1', 'single', '「私は先生からお菓子を（　）ました。」— 話し手が先生からお菓子を受け取った（先生＝目上）。

"Tôi đã nhận bánh kẹo từ thầy giáo." (Thầy = bề trên). Chọn động từ phù hợp nhất.', NULL, NULL, '【いただく】= tôi nhận từ người BỀ TRÊN (kính ngữ của もらう). Vì thầy giáo là bề trên → dùng いただく để thể hiện sự kính trọng. もらう (A) đúng về chiều nhưng không lịch sự khi nói về thầy. くれる (B) sai chiều. あげる (D) sai hoàn toàn (nghĩa: tôi cho).

💡 もらう → いただく (khi người cho là bề trên). Cặp: もらう/いただく đều là TÔI NHẬN.', 'grammar', 1, 'system', TRUE, FALSE, NOW(), 'system') ON CONFLICT (id) DO UPDATE SET question_type = EXCLUDED.question_type, content_type = EXCLUDED.content_type, level = EXCLUDED.level, question = EXCLUDED.question, passage = EXCLUDED.passage, passage_translation = EXCLUDED.passage_translation, general_explanation = EXCLUDED.general_explanation, skill_category = EXCLUDED.skill_category, base_difficulty = EXCLUDED.base_difficulty, is_active = EXCLUDED.is_active, is_deleted = EXCLUDED.is_deleted, updated_at = NOW(), updated_by = 'system';
DELETE FROM questions_answers WHERE question_id = 84100003;
INSERT INTO questions_answers (question_id, sentence, sentence_translation, is_correct, "order") VALUES (84100003, 'もらい', NULL, FALSE, 1);
INSERT INTO questions_answers (question_id, sentence, sentence_translation, is_correct, "order") VALUES (84100003, 'くれ', NULL, FALSE, 2);
INSERT INTO questions_answers (question_id, sentence, sentence_translation, is_correct, "order") VALUES (84100003, 'いただき', NULL, TRUE, 3);
INSERT INTO questions_answers (question_id, sentence, sentence_translation, is_correct, "order") VALUES (84100003, 'あげ', NULL, FALSE, 4);
INSERT INTO questions (id, user_id, is_system, is_khoa_cu, question_type, content_type, level, selection_type, question, passage, passage_translation, general_explanation, skill_category, base_difficulty, tenant_id, is_active, is_deleted, created_at, created_by) VALUES (84100004, NULL, TRUE, FALSE, 'chon_dap_an', 'keigo_baitap_juzu_doushi', 'BJT-1', 'single', '次の文のうち、自然な日本語はどれですか？

Câu nào là tiếng Nhật tự nhiên?', NULL, NULL, '【やる】= cho động vật, cây cối, hoặc người bề dưới rất nhiều (thân mật/thô). ''Chó'' là động vật → やる tự nhiên nhất trong văn nói. Gần đây あげる (A) cũng được chấp nhận và lịch sự hơn, nhưng やる là truyền thống. いただく (B) sai chiều. くれる (C) sai (chó cho tôi?).

💡 やる: cho động vật/cây = truyền thống. あげる cho thú cưng = hiện đại/lịch sự hơn. Cả 2 đều dùng được nhưng やる tự nhiên hơn trong văn nói thông thường.', 'grammar', 1, 'system', TRUE, FALSE, NOW(), 'system') ON CONFLICT (id) DO UPDATE SET question_type = EXCLUDED.question_type, content_type = EXCLUDED.content_type, level = EXCLUDED.level, question = EXCLUDED.question, passage = EXCLUDED.passage, passage_translation = EXCLUDED.passage_translation, general_explanation = EXCLUDED.general_explanation, skill_category = EXCLUDED.skill_category, base_difficulty = EXCLUDED.base_difficulty, is_active = EXCLUDED.is_active, is_deleted = EXCLUDED.is_deleted, updated_at = NOW(), updated_by = 'system';
DELETE FROM questions_answers WHERE question_id = 84100004;
INSERT INTO questions_answers (question_id, sentence, sentence_translation, is_correct, "order") VALUES (84100004, '私は犬にエサをあげました。', NULL, FALSE, 1);
INSERT INTO questions_answers (question_id, sentence, sentence_translation, is_correct, "order") VALUES (84100004, '私は犬にエサをいただきました。', NULL, FALSE, 2);
INSERT INTO questions_answers (question_id, sentence, sentence_translation, is_correct, "order") VALUES (84100004, '私は犬にエサをくれました。', NULL, FALSE, 3);
INSERT INTO questions_answers (question_id, sentence, sentence_translation, is_correct, "order") VALUES (84100004, '私は犬にエサをやりました。', NULL, TRUE, 4);
INSERT INTO questions (id, user_id, is_system, is_khoa_cu, question_type, content_type, level, selection_type, question, passage, passage_translation, general_explanation, skill_category, base_difficulty, tenant_id, is_active, is_deleted, created_at, created_by) VALUES (84100005, NULL, TRUE, FALSE, 'chon_dap_an', 'keigo_baitap_juzu_doushi', 'BJT-1', 'single', '「私は部長に資料を（　）ました。」— 部長（上司）に資料を渡した場面。

"Tôi đã trao tài liệu cho trưởng phòng (cấp trên)." Chọn động từ phù hợp.', NULL, NULL, '【さしあげる】= tôi cho người BỀ TRÊN (khiêm nhường ngữ của あげる). Chiều: Tôi → Trưởng phòng (bề trên) → dùng さしあげる để thể hiện sự khiêm tốn. あげる (A) dùng cho người ngang/thấp hơn → không phù hợp với cấp trên trong văn cảnh trang trọng.

💡 あげる → さしあげる (khi người nhận là bề trên). Cặp nâng cấp: あげる↑さしあげる, くれる↑くださる, もらう↑いただく', 'grammar', 1, 'system', TRUE, FALSE, NOW(), 'system') ON CONFLICT (id) DO UPDATE SET question_type = EXCLUDED.question_type, content_type = EXCLUDED.content_type, level = EXCLUDED.level, question = EXCLUDED.question, passage = EXCLUDED.passage, passage_translation = EXCLUDED.passage_translation, general_explanation = EXCLUDED.general_explanation, skill_category = EXCLUDED.skill_category, base_difficulty = EXCLUDED.base_difficulty, is_active = EXCLUDED.is_active, is_deleted = EXCLUDED.is_deleted, updated_at = NOW(), updated_by = 'system';
DELETE FROM questions_answers WHERE question_id = 84100005;
INSERT INTO questions_answers (question_id, sentence, sentence_translation, is_correct, "order") VALUES (84100005, 'あげ', NULL, FALSE, 1);
INSERT INTO questions_answers (question_id, sentence, sentence_translation, is_correct, "order") VALUES (84100005, 'くれ', NULL, FALSE, 2);
INSERT INTO questions_answers (question_id, sentence, sentence_translation, is_correct, "order") VALUES (84100005, 'さしあげ', NULL, TRUE, 3);
INSERT INTO questions_answers (question_id, sentence, sentence_translation, is_correct, "order") VALUES (84100005, 'くださり', NULL, FALSE, 4);
INSERT INTO questions (id, user_id, is_system, is_khoa_cu, question_type, content_type, level, selection_type, question, passage, passage_translation, general_explanation, skill_category, base_difficulty, tenant_id, is_active, is_deleted, created_at, created_by) VALUES (84100006, NULL, TRUE, FALSE, 'chon_dap_an', 'keigo_baitap_juzu_doushi', 'BJT-1', 'single', '「社長が私に賞状を（　）ました。」— 社長（目上）が話し手に賞状を渡した場面。

"Giám đốc đã trao giấy khen cho tôi." Chọn động từ phù hợp nhất.', NULL, NULL, '【くださる】= người BỀ TRÊN cho tôi (tôn kính ngữ của くれる). Giám đốc = bề trên → dùng くださる. くれる (A) đúng chiều nhưng không đủ kính trọng khi nói về giám đốc. あげる (B) sai chiều hoàn toàn. さしあげる (D) là tôi cho bề trên.

💡 くれる ↑ くださる. Khi người cho là bề trên → dùng くださる. Khi kể lại với người khác: 「社長がくださいました」', 'grammar', 1, 'system', TRUE, FALSE, NOW(), 'system') ON CONFLICT (id) DO UPDATE SET question_type = EXCLUDED.question_type, content_type = EXCLUDED.content_type, level = EXCLUDED.level, question = EXCLUDED.question, passage = EXCLUDED.passage, passage_translation = EXCLUDED.passage_translation, general_explanation = EXCLUDED.general_explanation, skill_category = EXCLUDED.skill_category, base_difficulty = EXCLUDED.base_difficulty, is_active = EXCLUDED.is_active, is_deleted = EXCLUDED.is_deleted, updated_at = NOW(), updated_by = 'system';
DELETE FROM questions_answers WHERE question_id = 84100006;
INSERT INTO questions_answers (question_id, sentence, sentence_translation, is_correct, "order") VALUES (84100006, 'くれ', NULL, FALSE, 1);
INSERT INTO questions_answers (question_id, sentence, sentence_translation, is_correct, "order") VALUES (84100006, 'あげ', NULL, FALSE, 2);
INSERT INTO questions_answers (question_id, sentence, sentence_translation, is_correct, "order") VALUES (84100006, 'くださり', NULL, TRUE, 3);
INSERT INTO questions_answers (question_id, sentence, sentence_translation, is_correct, "order") VALUES (84100006, 'さしあげ', NULL, FALSE, 4);
INSERT INTO questions (id, user_id, is_system, is_khoa_cu, question_type, content_type, level, selection_type, question, passage, passage_translation, general_explanation, skill_category, base_difficulty, tenant_id, is_active, is_deleted, created_at, created_by) VALUES (84100007, NULL, TRUE, FALSE, 'chon_dap_an', 'keigo_baitap_juzu_doushi', 'BJT-1', 'single', '「山田さんが私の荷物を持って（　）ました。」— 山田さん（同僚）が話し手のために荷物を持ってくれた。

"Anh Yamada (đồng nghiệp) đã xách đồ giúp tôi." Chọn dạng đúng.', NULL, NULL, '【〜てくれる】= ai đó LÀM gì đó cho TÔI (ân huệ về phía tôi). Yamada xách đồ cho tôi → てくれる. 〜てあげる (A) = tôi làm cho người khác (chiều ngược). 〜てもらう (C) = tôi nhờ/được ai làm cho mình (nhấn mạnh việc tôi nhận). 〜ていただく (D) = tôi được bề trên làm cho.

💡 〜てくれる vs 〜てもらう: cùng chiều ÂN HUỆ VỀ PHÍA TÔI nhưng chủ thể câu khác. くれる: [người khác] làm cho tôi. もらう: tôi nhận được [từ người khác].', 'grammar', 1, 'system', TRUE, FALSE, NOW(), 'system') ON CONFLICT (id) DO UPDATE SET question_type = EXCLUDED.question_type, content_type = EXCLUDED.content_type, level = EXCLUDED.level, question = EXCLUDED.question, passage = EXCLUDED.passage, passage_translation = EXCLUDED.passage_translation, general_explanation = EXCLUDED.general_explanation, skill_category = EXCLUDED.skill_category, base_difficulty = EXCLUDED.base_difficulty, is_active = EXCLUDED.is_active, is_deleted = EXCLUDED.is_deleted, updated_at = NOW(), updated_by = 'system';
DELETE FROM questions_answers WHERE question_id = 84100007;
INSERT INTO questions_answers (question_id, sentence, sentence_translation, is_correct, "order") VALUES (84100007, 'あげ', NULL, FALSE, 1);
INSERT INTO questions_answers (question_id, sentence, sentence_translation, is_correct, "order") VALUES (84100007, 'くれ', NULL, TRUE, 2);
INSERT INTO questions_answers (question_id, sentence, sentence_translation, is_correct, "order") VALUES (84100007, 'もらい', NULL, FALSE, 3);
INSERT INTO questions_answers (question_id, sentence, sentence_translation, is_correct, "order") VALUES (84100007, 'いただき', NULL, FALSE, 4);
INSERT INTO questions (id, user_id, is_system, is_khoa_cu, question_type, content_type, level, selection_type, question, passage, passage_translation, general_explanation, skill_category, base_difficulty, tenant_id, is_active, is_deleted, created_at, created_by) VALUES (84100008, NULL, TRUE, FALSE, 'chon_dap_an', 'keigo_baitap_juzu_doushi', 'BJT-1', 'single', '「田中さんに書類を確認して（　）ました。」— 話し手が田中さん（同僚）に頼んで書類を確認してもらった。

"Tôi đã nhờ anh Tanaka kiểm tra tài liệu." Chọn dạng đúng.', NULL, NULL, '【〜てもらう】= tôi nhờ/được ai đó làm cho mình. Nhấn mạnh tôi là người hưởng lợi. 「田中さんに〜してもらった」= Tôi nhờ Tanaka làm và đã được làm. 〜てくれる (A) sai vị trí — chủ thể câu phải là Tanaka: 「田中さんが〜してくれた」. あげる (B) sai chiều. くださる (D) dùng khi Tanaka là bề trên.

💡 〜てもらう: CHỦ THỂ = tôi (người hưởng lợi). 〜てくれる: CHỦ THỂ = người làm.', 'grammar', 1, 'system', TRUE, FALSE, NOW(), 'system') ON CONFLICT (id) DO UPDATE SET question_type = EXCLUDED.question_type, content_type = EXCLUDED.content_type, level = EXCLUDED.level, question = EXCLUDED.question, passage = EXCLUDED.passage, passage_translation = EXCLUDED.passage_translation, general_explanation = EXCLUDED.general_explanation, skill_category = EXCLUDED.skill_category, base_difficulty = EXCLUDED.base_difficulty, is_active = EXCLUDED.is_active, is_deleted = EXCLUDED.is_deleted, updated_at = NOW(), updated_by = 'system';
DELETE FROM questions_answers WHERE question_id = 84100008;
INSERT INTO questions_answers (question_id, sentence, sentence_translation, is_correct, "order") VALUES (84100008, 'くれ', NULL, FALSE, 1);
INSERT INTO questions_answers (question_id, sentence, sentence_translation, is_correct, "order") VALUES (84100008, 'あげ', NULL, FALSE, 2);
INSERT INTO questions_answers (question_id, sentence, sentence_translation, is_correct, "order") VALUES (84100008, 'もらい', NULL, TRUE, 3);
INSERT INTO questions_answers (question_id, sentence, sentence_translation, is_correct, "order") VALUES (84100008, 'くださり', NULL, FALSE, 4);
INSERT INTO questions (id, user_id, is_system, is_khoa_cu, question_type, content_type, level, selection_type, question, passage, passage_translation, general_explanation, skill_category, base_difficulty, tenant_id, is_active, is_deleted, created_at, created_by) VALUES (84100009, NULL, TRUE, FALSE, 'chon_dap_an', 'keigo_baitap_juzu_doushi', 'BJT-1', 'single', '次の授受動詞について、「話し手→相手」の方向を表すものをすべて選んでください。

Trong các động từ sau, những động từ nào thể hiện chiều "người nói → người khác" (tôi cho)?', NULL, NULL, 'Chiều TÔI → NGƯỜI KHÁC (tôi cho): あげる (cho ngang/thấp), さしあげる (cho bề trên, khiêm), やる (cho động vật/thứ thấp). Chiều NGƯỜI KHÁC → TÔI (tôi nhận): くれる/くださる (ai đó cho tôi). Chiều TÔI NHẬN: もらう/いただく (tôi nhận từ ai đó). Đây là hệ thống 3 chiều cơ bản nhất.

💡 Sơ đồ: あげる/さしあげる/やる (→), くれる/くださる (←), もらう/いただく (←, nhìn từ góc tôi nhận)', 'grammar', 1, 'system', TRUE, FALSE, NOW(), 'system') ON CONFLICT (id) DO UPDATE SET question_type = EXCLUDED.question_type, content_type = EXCLUDED.content_type, level = EXCLUDED.level, question = EXCLUDED.question, passage = EXCLUDED.passage, passage_translation = EXCLUDED.passage_translation, general_explanation = EXCLUDED.general_explanation, skill_category = EXCLUDED.skill_category, base_difficulty = EXCLUDED.base_difficulty, is_active = EXCLUDED.is_active, is_deleted = EXCLUDED.is_deleted, updated_at = NOW(), updated_by = 'system';
DELETE FROM questions_answers WHERE question_id = 84100009;
INSERT INTO questions_answers (question_id, sentence, sentence_translation, is_correct, "order") VALUES (84100009, 'あげる・さしあげる・やる', NULL, TRUE, 1);
INSERT INTO questions_answers (question_id, sentence, sentence_translation, is_correct, "order") VALUES (84100009, 'くれる・くださる', NULL, FALSE, 2);
INSERT INTO questions_answers (question_id, sentence, sentence_translation, is_correct, "order") VALUES (84100009, 'もらう・いただく', NULL, FALSE, 3);
INSERT INTO questions_answers (question_id, sentence, sentence_translation, is_correct, "order") VALUES (84100009, 'くれる・あげる・もらう', NULL, FALSE, 4);
INSERT INTO questions (id, user_id, is_system, is_khoa_cu, question_type, content_type, level, selection_type, question, passage, passage_translation, general_explanation, skill_category, base_difficulty, tenant_id, is_active, is_deleted, created_at, created_by) VALUES (84100010, NULL, TRUE, FALSE, 'chon_dap_an', 'keigo_baitap_juzu_doushi', 'BJT-1', 'single', '「くれる」の尊敬語（目上の人が話し手にくれる時）と、「あげる」の謙譲語（話し手が目上の人にあげる時）の正しい組み合わせはどれですか？

Tôn kính ngữ của くれる (bề trên cho tôi) và khiêm nhường ngữ của あげる (tôi cho bề trên) là gì?', NULL, NULL, 'Hệ thống cặp kính ngữ của 授受動詞: ①くれる → くださる (tôn kính, bề trên cho tôi), ②あげる → さしあげる (khiêm nhường, tôi cho bề trên), ③もらう → いただく (khiêm nhường, tôi nhận từ bề trên). Đây là 3 cặp cơ bản nhất cần thuộc lòng.

💡 Bảng 3 cặp: くれる↔くださる / あげる↔さしあげる / もらう↔いただく. Hướng đều giữ nguyên, chỉ thay đổi mức độ lịch sự.', 'grammar', 1, 'system', TRUE, FALSE, NOW(), 'system') ON CONFLICT (id) DO UPDATE SET question_type = EXCLUDED.question_type, content_type = EXCLUDED.content_type, level = EXCLUDED.level, question = EXCLUDED.question, passage = EXCLUDED.passage, passage_translation = EXCLUDED.passage_translation, general_explanation = EXCLUDED.general_explanation, skill_category = EXCLUDED.skill_category, base_difficulty = EXCLUDED.base_difficulty, is_active = EXCLUDED.is_active, is_deleted = EXCLUDED.is_deleted, updated_at = NOW(), updated_by = 'system';
DELETE FROM questions_answers WHERE question_id = 84100010;
INSERT INTO questions_answers (question_id, sentence, sentence_translation, is_correct, "order") VALUES (84100010, 'くださる／さしあげる', NULL, TRUE, 1);
INSERT INTO questions_answers (question_id, sentence, sentence_translation, is_correct, "order") VALUES (84100010, 'くれる／あげる', NULL, FALSE, 2);
INSERT INTO questions_answers (question_id, sentence, sentence_translation, is_correct, "order") VALUES (84100010, 'いただく／もらう', NULL, FALSE, 3);
INSERT INTO questions_answers (question_id, sentence, sentence_translation, is_correct, "order") VALUES (84100010, 'くださる／いただく', NULL, FALSE, 4);
INSERT INTO questions (id, user_id, is_system, is_khoa_cu, question_type, content_type, level, selection_type, question, passage, passage_translation, general_explanation, skill_category, base_difficulty, tenant_id, is_active, is_deleted, created_at, created_by) VALUES (84100011, NULL, TRUE, FALSE, 'chon_dap_an', 'keigo_baitap_juzu_doushi', 'BJT-2', 'single', '上司（部長）が話し手に資料を渡してくれた場面。正しい表現はどれですか？

Trưởng phòng trao tài liệu cho bạn. Cách nói ĐÚNG là gì?', NULL, NULL, 'Trưởng phòng là bề trên → khi họ CHO tôi phải dùng 【くださる】(tôn kính ngữ của くれる). くれる (A) đúng chiều nhưng thiếu kính trọng với cấp trên. もらう (C) sai cấu trúc (chủ thể phải là tôi). さしあげる (D) sai chiều hoàn toàn (= tôi cho).

💡 Quy tắc: Khi CẤP TRÊN cho bạn → くださる. Khi ĐỒNG NGHIỆP NGANG cho bạn → くれる.', 'grammar', 2, 'system', TRUE, FALSE, NOW(), 'system') ON CONFLICT (id) DO UPDATE SET question_type = EXCLUDED.question_type, content_type = EXCLUDED.content_type, level = EXCLUDED.level, question = EXCLUDED.question, passage = EXCLUDED.passage, passage_translation = EXCLUDED.passage_translation, general_explanation = EXCLUDED.general_explanation, skill_category = EXCLUDED.skill_category, base_difficulty = EXCLUDED.base_difficulty, is_active = EXCLUDED.is_active, is_deleted = EXCLUDED.is_deleted, updated_at = NOW(), updated_by = 'system';
DELETE FROM questions_answers WHERE question_id = 84100011;
INSERT INTO questions_answers (question_id, sentence, sentence_translation, is_correct, "order") VALUES (84100011, '部長が資料をくれました。', NULL, FALSE, 1);
INSERT INTO questions_answers (question_id, sentence, sentence_translation, is_correct, "order") VALUES (84100011, '部長が資料をくださいました。', NULL, TRUE, 2);
INSERT INTO questions_answers (question_id, sentence, sentence_translation, is_correct, "order") VALUES (84100011, '部長が資料をもらいました。', NULL, FALSE, 3);
INSERT INTO questions_answers (question_id, sentence, sentence_translation, is_correct, "order") VALUES (84100011, '部長が資料をさしあげました。', NULL, FALSE, 4);
INSERT INTO questions (id, user_id, is_system, is_khoa_cu, question_type, content_type, level, selection_type, question, passage, passage_translation, general_explanation, skill_category, base_difficulty, tenant_id, is_active, is_deleted, created_at, created_by) VALUES (84100012, NULL, TRUE, FALSE, 'chon_dap_an', 'keigo_baitap_juzu_doushi', 'BJT-2', 'single', '取引先のお客様にお土産を渡す場面。適切な言い方はどれですか？

Bạn trao quà lưu niệm cho khách hàng (bề trên). Cách nói phù hợp nhất là gì?', NULL, NULL, '【さしあげる】= tôi cho người BỀ TRÊN (khiêm nhường ngữ của あげる). Khách hàng = bề trên trong kinh doanh → さしあげる. あげる (A) dùng cho ngang/thấp hơn → không phù hợp với khách. やる (B) dùng cho động vật/thứ thấp → hoàn toàn sai với người. くれる (D) sai chiều.

💡 Với KHÁCH HÀNG và CẤP TRÊN: あげる → さしあげる. Dù khách hàng không hẳn ''bề trên'' nhưng trong kinh doanh Nhật, khách là thượng đế.', 'grammar', 2, 'system', TRUE, FALSE, NOW(), 'system') ON CONFLICT (id) DO UPDATE SET question_type = EXCLUDED.question_type, content_type = EXCLUDED.content_type, level = EXCLUDED.level, question = EXCLUDED.question, passage = EXCLUDED.passage, passage_translation = EXCLUDED.passage_translation, general_explanation = EXCLUDED.general_explanation, skill_category = EXCLUDED.skill_category, base_difficulty = EXCLUDED.base_difficulty, is_active = EXCLUDED.is_active, is_deleted = EXCLUDED.is_deleted, updated_at = NOW(), updated_by = 'system';
DELETE FROM questions_answers WHERE question_id = 84100012;
INSERT INTO questions_answers (question_id, sentence, sentence_translation, is_correct, "order") VALUES (84100012, 'お土産をあげます。', NULL, FALSE, 1);
INSERT INTO questions_answers (question_id, sentence, sentence_translation, is_correct, "order") VALUES (84100012, 'お土産をやります。', NULL, FALSE, 2);
INSERT INTO questions_answers (question_id, sentence, sentence_translation, is_correct, "order") VALUES (84100012, 'お土産をさしあげます。', NULL, TRUE, 3);
INSERT INTO questions_answers (question_id, sentence, sentence_translation, is_correct, "order") VALUES (84100012, 'お土産をくれます。', NULL, FALSE, 4);
INSERT INTO questions (id, user_id, is_system, is_khoa_cu, question_type, content_type, level, selection_type, question, passage, passage_translation, general_explanation, skill_category, base_difficulty, tenant_id, is_active, is_deleted, created_at, created_by) VALUES (84100013, NULL, TRUE, FALSE, 'chon_dap_an', 'keigo_baitap_juzu_doushi', 'BJT-2', 'single', '「社長に直接ご指導を（　）、大変勉強になりました。」— 話し手が社長から指導を受けた。

"Được giám đốc trực tiếp chỉ dạy, tôi học được rất nhiều." Chọn động từ đúng.', NULL, NULL, '【いただく】= tôi nhận từ người bề trên (khiêm nhường ngữ của もらう). Giám đốc = bề trên → ご指導をいただく. もらう (A) đúng chiều nhưng thiếu kính trọng với giám đốc. くれる (B) sai cấu trúc (chủ thể câu phải là giám đốc). くださる (D) đúng nếu chủ thể là giám đốc: 「社長がご指導をくださって」.

💡 いただく: CHỦ THỂ = tôi (tôi nhận). くださる: CHỦ THỂ = cấp trên (họ cho). Cùng tình huống nhưng góc nhìn khác nhau.', 'grammar', 2, 'system', TRUE, FALSE, NOW(), 'system') ON CONFLICT (id) DO UPDATE SET question_type = EXCLUDED.question_type, content_type = EXCLUDED.content_type, level = EXCLUDED.level, question = EXCLUDED.question, passage = EXCLUDED.passage, passage_translation = EXCLUDED.passage_translation, general_explanation = EXCLUDED.general_explanation, skill_category = EXCLUDED.skill_category, base_difficulty = EXCLUDED.base_difficulty, is_active = EXCLUDED.is_active, is_deleted = EXCLUDED.is_deleted, updated_at = NOW(), updated_by = 'system';
DELETE FROM questions_answers WHERE question_id = 84100013;
INSERT INTO questions_answers (question_id, sentence, sentence_translation, is_correct, "order") VALUES (84100013, 'もらって', NULL, FALSE, 1);
INSERT INTO questions_answers (question_id, sentence, sentence_translation, is_correct, "order") VALUES (84100013, 'くれて', NULL, FALSE, 2);
INSERT INTO questions_answers (question_id, sentence, sentence_translation, is_correct, "order") VALUES (84100013, 'いただいて', NULL, TRUE, 3);
INSERT INTO questions_answers (question_id, sentence, sentence_translation, is_correct, "order") VALUES (84100013, 'くださって', NULL, FALSE, 4);
INSERT INTO questions (id, user_id, is_system, is_khoa_cu, question_type, content_type, level, selection_type, question, passage, passage_translation, general_explanation, skill_category, base_difficulty, tenant_id, is_active, is_deleted, created_at, created_by) VALUES (84100014, NULL, TRUE, FALSE, 'chon_dap_an', 'keigo_baitap_juzu_doushi', 'BJT-2', 'single', '先輩が仕事を手伝ってくれた場面。どちらが適切ですか？

Đàn anh/chị (senpai) đã giúp đỡ công việc cho bạn. Cái nào phù hợp hơn?', NULL, NULL, 'Senpai = bề trên → dùng 【〜てくださる】(tôn kính ngữ của 〜てくれる). (A) 〜てくれる cũng đúng nhưng trong văn cảnh kinh doanh/lịch sự với senpai, くださる được ưa dùng hơn. (C) sai chiều hoàn toàn. (D) 「先輩から」không tự nhiên — thường dùng 「先輩に〜してもらう」. Cả A và B đều dùng được, nhưng B lịch sự hơn với senpai.

💡 Mức độ kính trọng: 〜てくれる (bình thường) < 〜てくださる (lịch sự, với bề trên). Trong môi trường công ty Nhật, dùng くださる với senpai là an toàn nhất.', 'grammar', 2, 'system', TRUE, FALSE, NOW(), 'system') ON CONFLICT (id) DO UPDATE SET question_type = EXCLUDED.question_type, content_type = EXCLUDED.content_type, level = EXCLUDED.level, question = EXCLUDED.question, passage = EXCLUDED.passage, passage_translation = EXCLUDED.passage_translation, general_explanation = EXCLUDED.general_explanation, skill_category = EXCLUDED.skill_category, base_difficulty = EXCLUDED.base_difficulty, is_active = EXCLUDED.is_active, is_deleted = EXCLUDED.is_deleted, updated_at = NOW(), updated_by = 'system';
DELETE FROM questions_answers WHERE question_id = 84100014;
INSERT INTO questions_answers (question_id, sentence, sentence_translation, is_correct, "order") VALUES (84100014, '先輩が手伝ってくれました。', NULL, FALSE, 1);
INSERT INTO questions_answers (question_id, sentence, sentence_translation, is_correct, "order") VALUES (84100014, '先輩が手伝ってくださいました。', NULL, TRUE, 2);
INSERT INTO questions_answers (question_id, sentence, sentence_translation, is_correct, "order") VALUES (84100014, '先輩に手伝ってあげました。', NULL, FALSE, 3);
INSERT INTO questions_answers (question_id, sentence, sentence_translation, is_correct, "order") VALUES (84100014, '先輩から手伝ってもらいました。', NULL, FALSE, 4);
INSERT INTO questions (id, user_id, is_system, is_khoa_cu, question_type, content_type, level, selection_type, question, passage, passage_translation, general_explanation, skill_category, base_difficulty, tenant_id, is_active, is_deleted, created_at, created_by) VALUES (84100015, NULL, TRUE, FALSE, 'chon_dap_an', 'keigo_baitap_juzu_doushi', 'BJT-2', 'single', '上司に書類を確認してもらう場面。より丁寧な表現はどれですか？

Nhờ cấp trên kiểm tra tài liệu giúp. Cách nói lịch sự hơn là gì?', NULL, NULL, '【〜ていただく】= tôi được/nhờ người bề trên làm gì (khiêm nhường ngữ của 〜てもらう). Khi đối tượng là cấp trên → dùng いただく thay vì もらう. (A) もらう đúng về ý nhưng thiếu kính trọng với cấp trên. (C) sai chiều. (D) đúng nhưng chủ thể là cấp trên, không phải tôi — đây là cách nói くれる, khác góc nhìn.

💡 てもらう → ていただく (khi nhờ bề trên). Đây là một trong những cấu trúc quan trọng nhất trong kinh doanh Nhật.', 'grammar', 2, 'system', TRUE, FALSE, NOW(), 'system') ON CONFLICT (id) DO UPDATE SET question_type = EXCLUDED.question_type, content_type = EXCLUDED.content_type, level = EXCLUDED.level, question = EXCLUDED.question, passage = EXCLUDED.passage, passage_translation = EXCLUDED.passage_translation, general_explanation = EXCLUDED.general_explanation, skill_category = EXCLUDED.skill_category, base_difficulty = EXCLUDED.base_difficulty, is_active = EXCLUDED.is_active, is_deleted = EXCLUDED.is_deleted, updated_at = NOW(), updated_by = 'system';
DELETE FROM questions_answers WHERE question_id = 84100015;
INSERT INTO questions_answers (question_id, sentence, sentence_translation, is_correct, "order") VALUES (84100015, '上司に書類を確認してもらいました。', NULL, FALSE, 1);
INSERT INTO questions_answers (question_id, sentence, sentence_translation, is_correct, "order") VALUES (84100015, '上司に書類を確認していただきました。', NULL, TRUE, 2);
INSERT INTO questions_answers (question_id, sentence, sentence_translation, is_correct, "order") VALUES (84100015, '上司に書類を確認してあげました。', NULL, FALSE, 3);
INSERT INTO questions_answers (question_id, sentence, sentence_translation, is_correct, "order") VALUES (84100015, '上司が書類を確認してくれました。', NULL, FALSE, 4);
INSERT INTO questions (id, user_id, is_system, is_khoa_cu, question_type, content_type, level, selection_type, question, passage, passage_translation, general_explanation, skill_category, base_difficulty, tenant_id, is_active, is_deleted, created_at, created_by) VALUES (84100016, NULL, TRUE, FALSE, 'chon_dap_an', 'keigo_baitap_juzu_doushi', 'BJT-2', 'single', '取引先の担当者に「資料を送ってほしい」とお願いする時、最も丁寧な表現はどれですか？

Muốn yêu cầu đối tác gửi tài liệu, cách nói lịch sự nhất là gì?', NULL, NULL, '【お〜いただけますでしょうか】= cấu trúc lịch sự cao nhất để xin phép/yêu cầu bề trên. Kết hợp: お〜 (tiếp đầu ngữ lịch sự) + いただく (khiêm) + ますでしょうか (không chắc chắn, nhã nhặn). (A) 〜てください = lịch sự cơ bản. (B) 〜てもらえますか = bình thường. (D) 〜てくれますか = không đủ lịch sự với đối tác.

💡 Bậc thang lịch sự khi XIN: 送ってくれる？ < 送ってもらえますか < 送っていただけますか < お送りいただけますでしょうか', 'grammar', 2, 'system', TRUE, FALSE, NOW(), 'system') ON CONFLICT (id) DO UPDATE SET question_type = EXCLUDED.question_type, content_type = EXCLUDED.content_type, level = EXCLUDED.level, question = EXCLUDED.question, passage = EXCLUDED.passage, passage_translation = EXCLUDED.passage_translation, general_explanation = EXCLUDED.general_explanation, skill_category = EXCLUDED.skill_category, base_difficulty = EXCLUDED.base_difficulty, is_active = EXCLUDED.is_active, is_deleted = EXCLUDED.is_deleted, updated_at = NOW(), updated_by = 'system';
DELETE FROM questions_answers WHERE question_id = 84100016;
INSERT INTO questions_answers (question_id, sentence, sentence_translation, is_correct, "order") VALUES (84100016, '資料を送ってください。', NULL, FALSE, 1);
INSERT INTO questions_answers (question_id, sentence, sentence_translation, is_correct, "order") VALUES (84100016, '資料を送ってもらえますか。', NULL, FALSE, 2);
INSERT INTO questions_answers (question_id, sentence, sentence_translation, is_correct, "order") VALUES (84100016, '資料をお送りいただけますでしょうか。', NULL, TRUE, 3);
INSERT INTO questions_answers (question_id, sentence, sentence_translation, is_correct, "order") VALUES (84100016, '資料を送ってくれますか。', NULL, FALSE, 4);
INSERT INTO questions (id, user_id, is_system, is_khoa_cu, question_type, content_type, level, selection_type, question, passage, passage_translation, general_explanation, skill_category, base_difficulty, tenant_id, is_active, is_deleted, created_at, created_by) VALUES (84100017, NULL, TRUE, FALSE, 'chon_dap_an', 'keigo_baitap_juzu_doushi', 'BJT-2', 'single', '電話で「田中部長はいらっしゃいますか」と聞かれ、田中部長が不在の場面。折り返し電話をお願いするとき。

Khách hỏi trưởng phòng Tanaka nhưng ngài đi vắng. Bạn nhờ khách gọi lại. Cách nói đúng là gì?', NULL, NULL, '【ご連絡させていただく】= cấu trúc kính ngữ hoàn chỉnh cho lời hứa liên lạc với khách. させていただく = khiêm nhường khi xin phép làm gì. 後ほど = sau một lúc (lịch sự hơn 後で). 田中より = từ Tanaka (uchi member, bỏ kính ngữ). (A) してあげる với khách = cực kỳ thô lỗ. (C) cấu trúc sai hoàn toàn. (D) sai chiều và dùng kính ngữ cho nội bộ.

💡 Khi HỨA liên lạc với khách: 「後ほど〇〇よりご連絡させていただきます」là công thức chuẩn.', 'grammar', 2, 'system', TRUE, FALSE, NOW(), 'system') ON CONFLICT (id) DO UPDATE SET question_type = EXCLUDED.question_type, content_type = EXCLUDED.content_type, level = EXCLUDED.level, question = EXCLUDED.question, passage = EXCLUDED.passage, passage_translation = EXCLUDED.passage_translation, general_explanation = EXCLUDED.general_explanation, skill_category = EXCLUDED.skill_category, base_difficulty = EXCLUDED.base_difficulty, is_active = EXCLUDED.is_active, is_deleted = EXCLUDED.is_deleted, updated_at = NOW(), updated_by = 'system';
DELETE FROM questions_answers WHERE question_id = 84100017;
INSERT INTO questions_answers (question_id, sentence, sentence_translation, is_correct, "order") VALUES (84100017, '後で田中から電話してあげます。', NULL, FALSE, 1);
INSERT INTO questions_answers (question_id, sentence, sentence_translation, is_correct, "order") VALUES (84100017, '後ほど田中よりご連絡させていただきます。', NULL, TRUE, 2);
INSERT INTO questions_answers (question_id, sentence, sentence_translation, is_correct, "order") VALUES (84100017, '田中に電話してもらえますか。', NULL, FALSE, 3);
INSERT INTO questions_answers (question_id, sentence, sentence_translation, is_correct, "order") VALUES (84100017, '田中部長が電話をくださいます。', NULL, FALSE, 4);
INSERT INTO questions (id, user_id, is_system, is_khoa_cu, question_type, content_type, level, selection_type, question, passage, passage_translation, general_explanation, skill_category, base_difficulty, tenant_id, is_active, is_deleted, created_at, created_by) VALUES (84100018, NULL, TRUE, FALSE, 'chon_dap_an', 'keigo_baitap_juzu_doushi', 'BJT-2', 'single', 'メールで「先日ご連絡いただきありがとうございました」の「いただき」の意味として正しいものはどれですか？

Trong câu email "Cảm ơn đã liên lạc cho chúng tôi hôm trước", 「いただき」có nghĩa gì?', NULL, NULL, '「ご連絡いただく」= tôi nhận được sự liên lạc từ bạn (khiêm nhường ngữ của もらう). Chiều: Đối tác → Tôi. Tôi = người nhận ân huệ. いただく ở đây là khiêm nhường, thể hiện sự biết ơn. (B) Đúng về ý nhưng くれる không phải cách phân tích chính xác của いただく. いただく là khiêm ngữ nhìn từ góc tôi nhận, không phải tôn kính ngữ.

💡 「〜していただく」= Tôi nhận được hành động từ người khác (khiêm ngữ). Đây là cấu trúc RẤT phổ biến trong email kinh doanh Nhật.', 'grammar', 2, 'system', TRUE, FALSE, NOW(), 'system') ON CONFLICT (id) DO UPDATE SET question_type = EXCLUDED.question_type, content_type = EXCLUDED.content_type, level = EXCLUDED.level, question = EXCLUDED.question, passage = EXCLUDED.passage, passage_translation = EXCLUDED.passage_translation, general_explanation = EXCLUDED.general_explanation, skill_category = EXCLUDED.skill_category, base_difficulty = EXCLUDED.base_difficulty, is_active = EXCLUDED.is_active, is_deleted = EXCLUDED.is_deleted, updated_at = NOW(), updated_by = 'system';
DELETE FROM questions_answers WHERE question_id = 84100018;
INSERT INTO questions_answers (question_id, sentence, sentence_translation, is_correct, "order") VALUES (84100018, '私がご連絡をあげた', NULL, FALSE, 1);
INSERT INTO questions_answers (question_id, sentence, sentence_translation, is_correct, "order") VALUES (84100018, '相手がご連絡をくれた（尊敬語）', NULL, FALSE, 2);
INSERT INTO questions_answers (question_id, sentence, sentence_translation, is_correct, "order") VALUES (84100018, '私が相手からご連絡をもらった（謙譲語）', NULL, TRUE, 3);
INSERT INTO questions_answers (question_id, sentence, sentence_translation, is_correct, "order") VALUES (84100018, '相手が私にご連絡をさしあげた', NULL, FALSE, 4);
INSERT INTO questions (id, user_id, is_system, is_khoa_cu, question_type, content_type, level, selection_type, question, passage, passage_translation, general_explanation, skill_category, base_difficulty, tenant_id, is_active, is_deleted, created_at, created_by) VALUES (84100019, NULL, TRUE, FALSE, 'chon_dap_an', 'keigo_baitap_juzu_doushi', 'BJT-2', 'single', 'お客様への対応で、次の表現のうち失礼なものはどれですか？

Trong các cách nói với khách hàng, câu nào là THẤT LỄ?', NULL, NULL, '「〜してさしあげます」với khách hàng nghe có vẻ BỀ TRÊN hơn khách, mang ý ''tôi ban ơn cho anh'' — rất thô lỗ trong kinh doanh Nhật. さしあげる dùng khi TÔI cho/làm cho bề trên, nhưng khi nói ra như vậy lại mang hàm ý tự cao. Thay vào đó: ご案内いたします (A), ご案内申し上げます (C), ご案内させていただく (D) đều tự nhiên và lịch sự.

💡 ⚠️ TRÁNH「〜てさしあげます」với khách hàng! Dù đúng về ngữ pháp nhưng nghe kỳ cục vì hàm ý ''tôi đang ban ơn''. Thay bằng 〜いたします hoặc 〜させていただきます.', 'grammar', 2, 'system', TRUE, FALSE, NOW(), 'system') ON CONFLICT (id) DO UPDATE SET question_type = EXCLUDED.question_type, content_type = EXCLUDED.content_type, level = EXCLUDED.level, question = EXCLUDED.question, passage = EXCLUDED.passage, passage_translation = EXCLUDED.passage_translation, general_explanation = EXCLUDED.general_explanation, skill_category = EXCLUDED.skill_category, base_difficulty = EXCLUDED.base_difficulty, is_active = EXCLUDED.is_active, is_deleted = EXCLUDED.is_deleted, updated_at = NOW(), updated_by = 'system';
DELETE FROM questions_answers WHERE question_id = 84100019;
INSERT INTO questions_answers (question_id, sentence, sentence_translation, is_correct, "order") VALUES (84100019, 'ご案内いたします。', NULL, FALSE, 1);
INSERT INTO questions_answers (question_id, sentence, sentence_translation, is_correct, "order") VALUES (84100019, 'こちらにご案内してさしあげます。', NULL, TRUE, 2);
INSERT INTO questions_answers (question_id, sentence, sentence_translation, is_correct, "order") VALUES (84100019, 'こちらへどうぞ、ご案内申し上げます。', NULL, FALSE, 3);
INSERT INTO questions_answers (question_id, sentence, sentence_translation, is_correct, "order") VALUES (84100019, 'ご案内させていただきます。', NULL, FALSE, 4);
INSERT INTO questions (id, user_id, is_system, is_khoa_cu, question_type, content_type, level, selection_type, question, passage, passage_translation, general_explanation, skill_category, base_difficulty, tenant_id, is_active, is_deleted, created_at, created_by) VALUES (84100020, NULL, TRUE, FALSE, 'chon_dap_an', 'keigo_baitap_juzu_doushi', 'BJT-2', 'single', '社外の取引先との電話で「弊社の鈴木が先ほどお電話（　）と伺っております。」空欄に入る正しい表現はどれですか？

"Tôi nghe nói nhân viên Suzuki của chúng tôi đã gọi điện cho quý vị lúc nãy." Điền vào chỗ trống.', NULL, NULL, 'Suzuki là thành viên TRONG CÔNG TY (uchi) → khi nói với bên ngoài, KHÔNG dùng kính ngữ cho Suzuki. お電話をいたす = khiêm nhường ngữ của する, hạ thấp hành động của Suzuki (uchi). (B) くださる = bề trên cho tôi — sai chiều. (C) さしあげる = tôi cho bề trên — ngữ cảnh này Suzuki gọi cho đối tác, nhưng さしあげる nghe không tự nhiên ở đây. (D) sai chiều (= nhận).

💡 Quy tắc Uchi/Soto với 授受動詞: Khi NGƯỜI TRONG CÔNG TY làm gì với BÊN NGOÀI → dùng khiêm ngữ (〜いたす, 申す…) cho người trong công ty.', 'grammar', 2, 'system', TRUE, FALSE, NOW(), 'system') ON CONFLICT (id) DO UPDATE SET question_type = EXCLUDED.question_type, content_type = EXCLUDED.content_type, level = EXCLUDED.level, question = EXCLUDED.question, passage = EXCLUDED.passage, passage_translation = EXCLUDED.passage_translation, general_explanation = EXCLUDED.general_explanation, skill_category = EXCLUDED.skill_category, base_difficulty = EXCLUDED.base_difficulty, is_active = EXCLUDED.is_active, is_deleted = EXCLUDED.is_deleted, updated_at = NOW(), updated_by = 'system';
DELETE FROM questions_answers WHERE question_id = 84100020;
INSERT INTO questions_answers (question_id, sentence, sentence_translation, is_correct, "order") VALUES (84100020, 'をいたした', NULL, TRUE, 1);
INSERT INTO questions_answers (question_id, sentence, sentence_translation, is_correct, "order") VALUES (84100020, 'をくださった', NULL, FALSE, 2);
INSERT INTO questions_answers (question_id, sentence, sentence_translation, is_correct, "order") VALUES (84100020, 'をさしあげた', NULL, FALSE, 3);
INSERT INTO questions_answers (question_id, sentence, sentence_translation, is_correct, "order") VALUES (84100020, 'をいただいた', NULL, FALSE, 4);
INSERT INTO questions (id, user_id, is_system, is_khoa_cu, question_type, content_type, level, selection_type, question, passage, passage_translation, general_explanation, skill_category, base_difficulty, tenant_id, is_active, is_deleted, created_at, created_by) VALUES (84100021, NULL, TRUE, FALSE, 'chon_dap_an', 'keigo_baitap_juzu_doushi', 'BJT-3', 'single', '来客（取引先）が会社にお土産を持ってきてくれた場面。正しい対応はどれですか？

Khách hàng mang quà đến công ty tặng cho bạn. Cách nói ĐÚNG nhất là gì?', NULL, NULL, 'Khách hàng = bề trên → khi HỌ cho mình, phải dùng 【くださる】. 「くださいまして、誠にありがとうございます」= cấu trúc cảm ơn trang trọng nhất. (B) いただく cũng đúng: 「お土産をいただき、ありがとうございます」— nhưng nhìn từ góc ''tôi nhận''. Cả B và D đều có thể dùng, D trang trọng hơn một chút vì nhấn mạnh hành động của khách.

💡 Cả「〜をいただきまして」và「〜をくださいまして」đều đúng khi cảm ơn quà từ khách. くださる nhấn mạnh ân huệ của đối phương; いただく nhấn mạnh việc tôi được nhận.', 'grammar', 3, 'system', TRUE, FALSE, NOW(), 'system') ON CONFLICT (id) DO UPDATE SET question_type = EXCLUDED.question_type, content_type = EXCLUDED.content_type, level = EXCLUDED.level, question = EXCLUDED.question, passage = EXCLUDED.passage, passage_translation = EXCLUDED.passage_translation, general_explanation = EXCLUDED.general_explanation, skill_category = EXCLUDED.skill_category, base_difficulty = EXCLUDED.base_difficulty, is_active = EXCLUDED.is_active, is_deleted = EXCLUDED.is_deleted, updated_at = NOW(), updated_by = 'system';
DELETE FROM questions_answers WHERE question_id = 84100021;
INSERT INTO questions_answers (question_id, sentence, sentence_translation, is_correct, "order") VALUES (84100021, 'お土産をくれてありがとうございます。', NULL, FALSE, 1);
INSERT INTO questions_answers (question_id, sentence, sentence_translation, is_correct, "order") VALUES (84100021, 'お土産をいただきまして、ありがとうございます。', NULL, FALSE, 2);
INSERT INTO questions_answers (question_id, sentence, sentence_translation, is_correct, "order") VALUES (84100021, 'お土産をもらってうれしいです。', NULL, FALSE, 3);
INSERT INTO questions_answers (question_id, sentence, sentence_translation, is_correct, "order") VALUES (84100021, 'お土産をくださいまして、誠にありがとうございます。', NULL, TRUE, 4);
INSERT INTO questions (id, user_id, is_system, is_khoa_cu, question_type, content_type, level, selection_type, question, passage, passage_translation, general_explanation, skill_category, base_difficulty, tenant_id, is_active, is_deleted, created_at, created_by) VALUES (84100022, NULL, TRUE, FALSE, 'chon_dap_an', 'keigo_baitap_juzu_doushi', 'BJT-3', 'single', '会議で発表する場面で、「では、私が発表を（　）。」最も適切な表現はどれですか？

Trong buổi họp, bạn chuẩn bị thuyết trình. Cách nói phù hợp nhất là gì?', NULL, NULL, '【させていただく】= tôi xin phép được làm điều gì đó (謙譲語 nâng cao). Kết hợp: させる (sai khiến/cho phép) + いただく (nhận ân huệ) → ''Tôi được phép làm''. Trong họp, xin phép thuyết trình trước các bậc bề trên → させていただく phù hợp nhất. いたします (B) cũng tốt nhưng ít hàm ý ''xin phép''. してあげます (D) cực kỳ thô lỗ — hàm ý ''tôi ban ơn''.

💡 させていただく = ''Tôi xin phép được làm'' — phổ biến nhất trong họp, thuyết trình, email. Lạm dụng sẽ nghe rườm rà nhưng dùng đúng chỗ rất hay.', 'grammar', 3, 'system', TRUE, FALSE, NOW(), 'system') ON CONFLICT (id) DO UPDATE SET question_type = EXCLUDED.question_type, content_type = EXCLUDED.content_type, level = EXCLUDED.level, question = EXCLUDED.question, passage = EXCLUDED.passage, passage_translation = EXCLUDED.passage_translation, general_explanation = EXCLUDED.general_explanation, skill_category = EXCLUDED.skill_category, base_difficulty = EXCLUDED.base_difficulty, is_active = EXCLUDED.is_active, is_deleted = EXCLUDED.is_deleted, updated_at = NOW(), updated_by = 'system';
DELETE FROM questions_answers WHERE question_id = 84100022;
INSERT INTO questions_answers (question_id, sentence, sentence_translation, is_correct, "order") VALUES (84100022, 'します。', NULL, FALSE, 1);
INSERT INTO questions_answers (question_id, sentence, sentence_translation, is_correct, "order") VALUES (84100022, 'いたします。', NULL, FALSE, 2);
INSERT INTO questions_answers (question_id, sentence, sentence_translation, is_correct, "order") VALUES (84100022, 'させていただきます。', NULL, TRUE, 3);
INSERT INTO questions_answers (question_id, sentence, sentence_translation, is_correct, "order") VALUES (84100022, 'してあげます。', NULL, FALSE, 4);
INSERT INTO questions (id, user_id, is_system, is_khoa_cu, question_type, content_type, level, selection_type, question, passage, passage_translation, general_explanation, skill_category, base_difficulty, tenant_id, is_active, is_deleted, created_at, created_by) VALUES (84100023, NULL, TRUE, FALSE, 'chon_dap_an', 'keigo_baitap_juzu_doushi', 'BJT-3', 'single', 'メールで「ご確認をお願いしたい」という意味で最も丁寧な表現はどれですか？

Muốn nói trong email ''Kính nhờ quý vị xem xét'', cách nói trang trọng nhất là gì?', NULL, NULL, '【ご確認いただけますと幸いです】= cấu trúc email lịch sự nhất khi nhờ ai đó. Phân tích: ご確認 (danh từ kính) + いただく (khiêm, tôi nhận) + ますと幸いです (nếu… thì tôi rất vui). Không áp đặt, rất nhã nhặn. (D) 〜していただけますか cũng rất lịch sự nhưng hơi trực tiếp hơn. (C) mềm mại hơn vì có 幸いです.

💡 Bậc thang lịch sự trong email nhờ: ください < もらえますか < いただけますか < いただけますと幸いです < いただければ幸いに存じます', 'grammar', 3, 'system', TRUE, FALSE, NOW(), 'system') ON CONFLICT (id) DO UPDATE SET question_type = EXCLUDED.question_type, content_type = EXCLUDED.content_type, level = EXCLUDED.level, question = EXCLUDED.question, passage = EXCLUDED.passage, passage_translation = EXCLUDED.passage_translation, general_explanation = EXCLUDED.general_explanation, skill_category = EXCLUDED.skill_category, base_difficulty = EXCLUDED.base_difficulty, is_active = EXCLUDED.is_active, is_deleted = EXCLUDED.is_deleted, updated_at = NOW(), updated_by = 'system';
DELETE FROM questions_answers WHERE question_id = 84100023;
INSERT INTO questions_answers (question_id, sentence, sentence_translation, is_correct, "order") VALUES (84100023, '確認してください。', NULL, FALSE, 1);
INSERT INTO questions_answers (question_id, sentence, sentence_translation, is_correct, "order") VALUES (84100023, '確認してもらえますか。', NULL, FALSE, 2);
INSERT INTO questions_answers (question_id, sentence, sentence_translation, is_correct, "order") VALUES (84100023, 'ご確認いただけますと幸いです。', NULL, TRUE, 3);
INSERT INTO questions_answers (question_id, sentence, sentence_translation, is_correct, "order") VALUES (84100023, '確認していただけますか。', NULL, FALSE, 4);
INSERT INTO questions (id, user_id, is_system, is_khoa_cu, question_type, content_type, level, selection_type, question, passage, passage_translation, general_explanation, skill_category, base_difficulty, tenant_id, is_active, is_deleted, created_at, created_by) VALUES (84100024, NULL, TRUE, FALSE, 'chon_dap_an', 'keigo_baitap_juzu_doushi', 'BJT-3', 'single', '社内で「取引先のA社の山田様から、弊社の鈴木部長にプレゼントが届いた」という状況を報告する。正しい文はどれですか？

A công ty (đối tác) gửi quà cho trưởng phòng Suzuki công ty bạn. Cách báo cáo nội bộ đúng là gì?', NULL, NULL, 'Khi báo cáo nội bộ về tình huống 3 bên: A社山田様 (ngoài) → Suzuki (trong). (B) và (C) đều đúng về chiều, nhưng: (B) くださいました = nhấn mạnh ân huệ của Yamada-san — hơi kỳ khi báo cáo nội bộ về quà cho sếp. (C) 「〜をいただきました」nhìn từ góc trong công ty, tự nhiên hơn khi báo cáo. (A) あげる với khách = thô lỗ. (D) sai chiều.

💡 Khi báo cáo nội bộ: 「〜様からいただきました」(chiều: ngoài→trong, nhìn từ trong) là tự nhiên nhất.', 'grammar', 3, 'system', TRUE, FALSE, NOW(), 'system') ON CONFLICT (id) DO UPDATE SET question_type = EXCLUDED.question_type, content_type = EXCLUDED.content_type, level = EXCLUDED.level, question = EXCLUDED.question, passage = EXCLUDED.passage, passage_translation = EXCLUDED.passage_translation, general_explanation = EXCLUDED.general_explanation, skill_category = EXCLUDED.skill_category, base_difficulty = EXCLUDED.base_difficulty, is_active = EXCLUDED.is_active, is_deleted = EXCLUDED.is_deleted, updated_at = NOW(), updated_by = 'system';
DELETE FROM questions_answers WHERE question_id = 84100024;
INSERT INTO questions_answers (question_id, sentence, sentence_translation, is_correct, "order") VALUES (84100024, 'A社の山田様が鈴木部長にプレゼントをあげました。', NULL, FALSE, 1);
INSERT INTO questions_answers (question_id, sentence, sentence_translation, is_correct, "order") VALUES (84100024, 'A社の山田様が鈴木部長にプレゼントをくださいました。', NULL, FALSE, 2);
INSERT INTO questions_answers (question_id, sentence, sentence_translation, is_correct, "order") VALUES (84100024, '鈴木部長がA社の山田様からプレゼントをいただきました。', NULL, TRUE, 3);
INSERT INTO questions_answers (question_id, sentence, sentence_translation, is_correct, "order") VALUES (84100024, '鈴木部長がA社の山田様にプレゼントをさしあげました。', NULL, FALSE, 4);
INSERT INTO questions (id, user_id, is_system, is_khoa_cu, question_type, content_type, level, selection_type, question, passage, passage_translation, general_explanation, skill_category, base_difficulty, tenant_id, is_active, is_deleted, created_at, created_by) VALUES (84100025, NULL, TRUE, FALSE, 'chon_dap_an', 'keigo_baitap_juzu_doushi', 'BJT-3', 'single', '「部長が書類を確認してくださいました」と「部長に書類を確認していただきました」の違いとして正しいものはどれですか？

Sự khác nhau giữa hai câu: ①"Trưởng phòng đã kiểm tra tài liệu cho tôi" và ②"Tôi được trưởng phòng kiểm tra tài liệu" là gì?', NULL, NULL, 'Cả 2 câu đều ĐÚNG và nghĩa gần như giống nhau, nhưng: ①「〜てくださいました」= Trưởng phòng là CHỦ THỂ, nhấn mạnh hành động của họ. ②「〜ていただきました」= Tôi là CHỦ THỂ, nhấn mạnh tôi được nhận ân huệ. Trong thực tế, ② phổ biến hơn trong văn viết/email vì thể hiện sự biết ơn từ góc người nhận.

💡 〜てくださる (chủ thể: người làm) vs 〜ていただく (chủ thể: tôi). Nghĩa gần giống nhau, nhưng ていただく phổ biến hơn trong email kinh doanh.', 'grammar', 3, 'system', TRUE, FALSE, NOW(), 'system') ON CONFLICT (id) DO UPDATE SET question_type = EXCLUDED.question_type, content_type = EXCLUDED.content_type, level = EXCLUDED.level, question = EXCLUDED.question, passage = EXCLUDED.passage, passage_translation = EXCLUDED.passage_translation, general_explanation = EXCLUDED.general_explanation, skill_category = EXCLUDED.skill_category, base_difficulty = EXCLUDED.base_difficulty, is_active = EXCLUDED.is_active, is_deleted = EXCLUDED.is_deleted, updated_at = NOW(), updated_by = 'system';
DELETE FROM questions_answers WHERE question_id = 84100025;
INSERT INTO questions_answers (question_id, sentence, sentence_translation, is_correct, "order") VALUES (84100025, '①は正しくて、②は間違い', NULL, FALSE, 1);
INSERT INTO questions_answers (question_id, sentence, sentence_translation, is_correct, "order") VALUES (84100025, '②は正しくて、①は間違い', NULL, FALSE, 2);
INSERT INTO questions_answers (question_id, sentence, sentence_translation, is_correct, "order") VALUES (84100025, '①は部長の行動を主体に、②は話し手（私）が恩恵を受けたことを主体に表す', NULL, TRUE, 3);
INSERT INTO questions_answers (question_id, sentence, sentence_translation, is_correct, "order") VALUES (84100025, '意味は完全に同じで、違いはない', NULL, FALSE, 4);
INSERT INTO questions (id, user_id, is_system, is_khoa_cu, question_type, content_type, level, selection_type, question, passage, passage_translation, general_explanation, skill_category, base_difficulty, tenant_id, is_active, is_deleted, created_at, created_by) VALUES (84100026, NULL, TRUE, FALSE, 'chon_dap_an', 'keigo_baitap_juzu_doushi', 'BJT-3', 'single', 'ビジネスメールの書き出しとして最も自然な表現はどれですか？

Câu mở đầu email kinh doanh nào là tự nhiên và chuẩn nhất?', NULL, NULL, '「お電話くださいまして、誠にありがとうございました」= chuẩn vàng cho câu mở email. Phân tích: お電話 (danh từ lịch sự) + くださる (đối tác gọi CHO tôi, tôn kính) + 誠に (thực sự, tăng mức độ). (A) してあげて = nghe như tôi ban ơn. (C) もらって = thiếu lịch sự. (D) させていただき = tôi gọi điện, sai chiều (ở đây đối tác đã gọi).

💡 Mẫu email cảm ơn vì đã liên lạc: 「先日は〇〇をいただき/くださいまして、誠にありがとうございました。」', 'grammar', 3, 'system', TRUE, FALSE, NOW(), 'system') ON CONFLICT (id) DO UPDATE SET question_type = EXCLUDED.question_type, content_type = EXCLUDED.content_type, level = EXCLUDED.level, question = EXCLUDED.question, passage = EXCLUDED.passage, passage_translation = EXCLUDED.passage_translation, general_explanation = EXCLUDED.general_explanation, skill_category = EXCLUDED.skill_category, base_difficulty = EXCLUDED.base_difficulty, is_active = EXCLUDED.is_active, is_deleted = EXCLUDED.is_deleted, updated_at = NOW(), updated_by = 'system';
DELETE FROM questions_answers WHERE question_id = 84100026;
INSERT INTO questions_answers (question_id, sentence, sentence_translation, is_correct, "order") VALUES (84100026, '先日はお電話してあげてありがとうございました。', NULL, FALSE, 1);
INSERT INTO questions_answers (question_id, sentence, sentence_translation, is_correct, "order") VALUES (84100026, '先日はお電話くださいまして、誠にありがとうございました。', NULL, TRUE, 2);
INSERT INTO questions_answers (question_id, sentence, sentence_translation, is_correct, "order") VALUES (84100026, '先日はお電話もらってありがとうございました。', NULL, FALSE, 3);
INSERT INTO questions_answers (question_id, sentence, sentence_translation, is_correct, "order") VALUES (84100026, '先日はお電話させていただきありがとうございました。', NULL, FALSE, 4);
INSERT INTO questions (id, user_id, is_system, is_khoa_cu, question_type, content_type, level, selection_type, question, passage, passage_translation, general_explanation, skill_category, base_difficulty, tenant_id, is_active, is_deleted, created_at, created_by) VALUES (84100027, NULL, TRUE, FALSE, 'chon_dap_an', 'keigo_baitap_juzu_doushi', 'BJT-3', 'single', '受付で来客に「こちらへどうぞ」と案内するとき、最も適切な言い方はどれですか？

Ở quầy tiếp tân, hướng dẫn khách đến chỗ ngồi. Cách nói phù hợp nhất là gì?', NULL, NULL, '「ご案内いたします」= khiêm nhường ngữ chuẩn khi hướng dẫn khách. いたす = する (khiêm). (B) ご案内してさしあげます = sai! さしあげる với khách nghe như ''tôi đang ban ơn cho ngài'' — rất thô lỗ. (A) 来てあげて = sai hoàn toàn. (D) 来てもらいます = sai chiều.

💡 Với khách: dùng 〜いたします cho hành động của mình. TRÁNH 〜てさしあげます — nghe như bề trên đang chiếu cố.', 'grammar', 3, 'system', TRUE, FALSE, NOW(), 'system') ON CONFLICT (id) DO UPDATE SET question_type = EXCLUDED.question_type, content_type = EXCLUDED.content_type, level = EXCLUDED.level, question = EXCLUDED.question, passage = EXCLUDED.passage, passage_translation = EXCLUDED.passage_translation, general_explanation = EXCLUDED.general_explanation, skill_category = EXCLUDED.skill_category, base_difficulty = EXCLUDED.base_difficulty, is_active = EXCLUDED.is_active, is_deleted = EXCLUDED.is_deleted, updated_at = NOW(), updated_by = 'system';
DELETE FROM questions_answers WHERE question_id = 84100027;
INSERT INTO questions_answers (question_id, sentence, sentence_translation, is_correct, "order") VALUES (84100027, 'こちらへ来てあげてください。', NULL, FALSE, 1);
INSERT INTO questions_answers (question_id, sentence, sentence_translation, is_correct, "order") VALUES (84100027, 'こちらへご案内してさしあげます。', NULL, FALSE, 2);
INSERT INTO questions_answers (question_id, sentence, sentence_translation, is_correct, "order") VALUES (84100027, 'こちらへご案内いたします。どうぞこちらへ。', NULL, TRUE, 3);
INSERT INTO questions_answers (question_id, sentence, sentence_translation, is_correct, "order") VALUES (84100027, 'こちらへ来てもらいます。', NULL, FALSE, 4);
INSERT INTO questions (id, user_id, is_system, is_khoa_cu, question_type, content_type, level, selection_type, question, passage, passage_translation, general_explanation, skill_category, base_difficulty, tenant_id, is_active, is_deleted, created_at, created_by) VALUES (84100028, NULL, TRUE, FALSE, 'chon_dap_an', 'keigo_baitap_juzu_doushi', 'BJT-3', 'single', '取引先から大きなプロジェクトを任された場面でのお礼メール。空欄に入る適切な表現は？「この度は、重要なプロジェクトをご用命（　）、誠にありがとうございます。」

Email cảm ơn vì được giao dự án lớn từ đối tác. Điền vào chỗ trống phù hợp.', NULL, NULL, '「ご用命していただき、誠にありがとうございます」= Cảm ơn vì quý vị đã giao việc cho chúng tôi. いただく = tôi nhận (khiêm), chiều: đối tác → tôi. Đây là cách diễn đạt chuẩn trong email kinh doanh khi nhận được đơn hàng/dự án. (D) させていただく sẽ là ''tôi làm'' không phải ''tôi nhận được''.

💡 「〜をご用命いただきありがとうございます」= mẫu cảm ơn khi nhận đơn hàng từ khách. ご用命 = đặt hàng/giao việc (từ trang trọng).', 'grammar', 3, 'system', TRUE, FALSE, NOW(), 'system') ON CONFLICT (id) DO UPDATE SET question_type = EXCLUDED.question_type, content_type = EXCLUDED.content_type, level = EXCLUDED.level, question = EXCLUDED.question, passage = EXCLUDED.passage, passage_translation = EXCLUDED.passage_translation, general_explanation = EXCLUDED.general_explanation, skill_category = EXCLUDED.skill_category, base_difficulty = EXCLUDED.base_difficulty, is_active = EXCLUDED.is_active, is_deleted = EXCLUDED.is_deleted, updated_at = NOW(), updated_by = 'system';
DELETE FROM questions_answers WHERE question_id = 84100028;
INSERT INTO questions_answers (question_id, sentence, sentence_translation, is_correct, "order") VALUES (84100028, 'してあげて', NULL, FALSE, 1);
INSERT INTO questions_answers (question_id, sentence, sentence_translation, is_correct, "order") VALUES (84100028, 'していただき', NULL, TRUE, 2);
INSERT INTO questions_answers (question_id, sentence, sentence_translation, is_correct, "order") VALUES (84100028, 'してくれて', NULL, FALSE, 3);
INSERT INTO questions_answers (question_id, sentence, sentence_translation, is_correct, "order") VALUES (84100028, 'させていただき', NULL, FALSE, 4);
INSERT INTO questions (id, user_id, is_system, is_khoa_cu, question_type, content_type, level, selection_type, question, passage, passage_translation, general_explanation, skill_category, base_difficulty, tenant_id, is_active, is_deleted, created_at, created_by) VALUES (84100029, NULL, TRUE, FALSE, 'chon_dap_an', 'keigo_baitap_juzu_doushi', 'BJT-3', 'single', 'A社の田中様が、B社（自社）の山田部長を通じて、C社の鈴木様に情報を伝えてもらう場面。「田中様がB社を（　）して、鈴木様にご連絡（　）ます。」

Ông Tanaka (A công ty) muốn công ty bạn (B) chuyển thông tin đến ông Suzuki (C công ty). Điền vào chỗ trống.', NULL, NULL, '「〜を介して（かいして）」= thông qua. Khi CÔNG TY BẠN là trung gian thực hiện hành động cho/đến người khác → dùng 「ご連絡させていただきます」(khiêm nhường, chúng tôi xin phép liên lạc). させていただく = công ty B xin phép được liên lạc (hành động của uchi). (B) いたし cũng đúng về khiêm ngữ nhưng を介して thay 通じて tự nhiên hơn trong văn trang trọng.

💡 〜を介して (qua trung gian) + させていただく (chúng tôi xin phép làm) = công thức cho tình huống 3 bên.', 'grammar', 3, 'system', TRUE, FALSE, NOW(), 'system') ON CONFLICT (id) DO UPDATE SET question_type = EXCLUDED.question_type, content_type = EXCLUDED.content_type, level = EXCLUDED.level, question = EXCLUDED.question, passage = EXCLUDED.passage, passage_translation = EXCLUDED.passage_translation, general_explanation = EXCLUDED.general_explanation, skill_category = EXCLUDED.skill_category, base_difficulty = EXCLUDED.base_difficulty, is_active = EXCLUDED.is_active, is_deleted = EXCLUDED.is_deleted, updated_at = NOW(), updated_by = 'system';
DELETE FROM questions_answers WHERE question_id = 84100029;
INSERT INTO questions_answers (question_id, sentence, sentence_translation, is_correct, "order") VALUES (84100029, '通じて／くれ', NULL, FALSE, 1);
INSERT INTO questions_answers (question_id, sentence, sentence_translation, is_correct, "order") VALUES (84100029, '通じて／いたし', NULL, FALSE, 2);
INSERT INTO questions_answers (question_id, sentence, sentence_translation, is_correct, "order") VALUES (84100029, '介して／させていただき', NULL, TRUE, 3);
INSERT INTO questions_answers (question_id, sentence, sentence_translation, is_correct, "order") VALUES (84100029, '介して／くださり', NULL, FALSE, 4);
INSERT INTO questions (id, user_id, is_system, is_khoa_cu, question_type, content_type, level, selection_type, question, passage, passage_translation, general_explanation, skill_category, base_difficulty, tenant_id, is_active, is_deleted, created_at, created_by) VALUES (84100030, NULL, TRUE, FALSE, 'chon_dap_an', 'keigo_baitap_juzu_doushi', 'BJT-3', 'single', '次の文で授受動詞の使い方が正しいものはどれですか？

Câu nào dùng 授受動詞 ĐÚNG?', NULL, NULL, '「ご説明いたしました」(khiêm, tôi giải thích) + 「ご理解いただけませんでした」(tiếc là không nhận được sự hiểu từ khách). (A) してさしあげました = nghe như ban ơn cho khách — thô lỗ. (C) してくれました = sai chủ thể (khách là người giải thích?). (D) 「お客様から〜ご説明くださいました」= khách giải thích cho tôi — sai hoàn toàn.

💡 Câu hoàn chỉnh chuẩn: 「ご〜いたしました」(tôi làm) + 「ご〜いただけました/いただけませんでした」(khách làm/không làm).', 'grammar', 3, 'system', TRUE, FALSE, NOW(), 'system') ON CONFLICT (id) DO UPDATE SET question_type = EXCLUDED.question_type, content_type = EXCLUDED.content_type, level = EXCLUDED.level, question = EXCLUDED.question, passage = EXCLUDED.passage, passage_translation = EXCLUDED.passage_translation, general_explanation = EXCLUDED.general_explanation, skill_category = EXCLUDED.skill_category, base_difficulty = EXCLUDED.base_difficulty, is_active = EXCLUDED.is_active, is_deleted = EXCLUDED.is_deleted, updated_at = NOW(), updated_by = 'system';
DELETE FROM questions_answers WHERE question_id = 84100030;
INSERT INTO questions_answers (question_id, sentence, sentence_translation, is_correct, "order") VALUES (84100030, 'お客様に商品を説明してさしあげましたが、ご理解いただけませんでした。', NULL, FALSE, 1);
INSERT INTO questions_answers (question_id, sentence, sentence_translation, is_correct, "order") VALUES (84100030, 'お客様に商品をご説明いたしましたが、ご理解いただけませんでした。', NULL, TRUE, 2);
INSERT INTO questions_answers (question_id, sentence, sentence_translation, is_correct, "order") VALUES (84100030, 'お客様に商品を説明してくれましたが、ご理解いただけませんでした。', NULL, FALSE, 3);
INSERT INTO questions_answers (question_id, sentence, sentence_translation, is_correct, "order") VALUES (84100030, 'お客様から商品をご説明くださいましたが、ご理解いただけませんでした。', NULL, FALSE, 4);
INSERT INTO questions (id, user_id, is_system, is_khoa_cu, question_type, content_type, level, selection_type, question, passage, passage_translation, general_explanation, skill_category, base_difficulty, tenant_id, is_active, is_deleted, created_at, created_by) VALUES (84100031, NULL, TRUE, FALSE, 'chon_dap_an', 'keigo_baitap_juzu_doushi', 'BJT-4', 'single', '次の文の誤りを指摘してください。「お客様、こちらの資料をあげますので、お持ちください。」

Tìm lỗi trong câu: "Thưa quý khách, tôi tặng tài liệu này cho quý vị, xin hãy mang về."', NULL, NULL, '「あげます」với khách hàng là LỖI THƯỜNG GẶP. あげる dùng cho người ngang/thấp hơn, trong khi khách hàng là bề trên. Đúng: 「こちらの資料をお持ちいただけますでしょうか」hoặc 「こちらの資料をどうぞ」. Nếu muốn dùng 授受動詞: 「さしあげます」— nhưng cũng nên hạn chế vì nghe lộ vẻ ''ban ơn''. Tốt nhất: 「こちらの資料をお持ちください」hoặc 「ご自由にお取りください」.

💡 ⚠️ LỖI THƯỜNG GẶP: あげます với お客様 = không phù hợp. Thay bằng さしあげます (đúng ngữ pháp) hoặc tốt hơn là tránh 授受動詞 và dùng 〜ください, どうぞ.', 'grammar', 4, 'system', TRUE, FALSE, NOW(), 'system') ON CONFLICT (id) DO UPDATE SET question_type = EXCLUDED.question_type, content_type = EXCLUDED.content_type, level = EXCLUDED.level, question = EXCLUDED.question, passage = EXCLUDED.passage, passage_translation = EXCLUDED.passage_translation, general_explanation = EXCLUDED.general_explanation, skill_category = EXCLUDED.skill_category, base_difficulty = EXCLUDED.base_difficulty, is_active = EXCLUDED.is_active, is_deleted = EXCLUDED.is_deleted, updated_at = NOW(), updated_by = 'system';
DELETE FROM questions_answers WHERE question_id = 84100031;
INSERT INTO questions_answers (question_id, sentence, sentence_translation, is_correct, "order") VALUES (84100031, '「お持ちください」が間違い', NULL, FALSE, 1);
INSERT INTO questions_answers (question_id, sentence, sentence_translation, is_correct, "order") VALUES (84100031, '「あげます」が間違い、「さしあげます」にすべき', NULL, TRUE, 2);
INSERT INTO questions_answers (question_id, sentence, sentence_translation, is_correct, "order") VALUES (84100031, '「こちらの資料」が間違い', NULL, FALSE, 3);
INSERT INTO questions_answers (question_id, sentence, sentence_translation, is_correct, "order") VALUES (84100031, '「お客様」の呼びかけが間違い', NULL, FALSE, 4);
INSERT INTO questions (id, user_id, is_system, is_khoa_cu, question_type, content_type, level, selection_type, question, passage, passage_translation, general_explanation, skill_category, base_difficulty, tenant_id, is_active, is_deleted, created_at, created_by) VALUES (84100032, NULL, TRUE, FALSE, 'chon_dap_an', 'keigo_baitap_juzu_doushi', 'BJT-4', 'single', '次の文の誤りを指摘してください。「昨日、社長が私に賞状をくれました。とてもうれしかったです。」

Câu sau có lỗi không? "Hôm qua giám đốc đã tặng cho tôi giấy khen. Tôi rất vui."', NULL, NULL, '「社長がくれました」= LỖI đăng ký. Giám đốc = bề trên tuyệt đối → khi nói về hành động của giám đốc (cho mình), phải dùng 【くださる】. Đúng: 「社長がくださいました」. くれる chỉ dùng với người ngang hàng hoặc thân thiết. Nói 社長がくれた nghe như không tôn trọng.

💡 Nhớ: CẤP TRÊN cho tôi → くださる (không bao giờ くれる trong văn trang trọng). Đây là lỗi đăng ký rất phổ biến của người học.', 'grammar', 4, 'system', TRUE, FALSE, NOW(), 'system') ON CONFLICT (id) DO UPDATE SET question_type = EXCLUDED.question_type, content_type = EXCLUDED.content_type, level = EXCLUDED.level, question = EXCLUDED.question, passage = EXCLUDED.passage, passage_translation = EXCLUDED.passage_translation, general_explanation = EXCLUDED.general_explanation, skill_category = EXCLUDED.skill_category, base_difficulty = EXCLUDED.base_difficulty, is_active = EXCLUDED.is_active, is_deleted = EXCLUDED.is_deleted, updated_at = NOW(), updated_by = 'system';
DELETE FROM questions_answers WHERE question_id = 84100032;
INSERT INTO questions_answers (question_id, sentence, sentence_translation, is_correct, "order") VALUES (84100032, '「とてもうれしかったです」が間違い', NULL, FALSE, 1);
INSERT INTO questions_answers (question_id, sentence, sentence_translation, is_correct, "order") VALUES (84100032, '「くれました」が間違い、「くださいました」にすべき', NULL, TRUE, 2);
INSERT INTO questions_answers (question_id, sentence, sentence_translation, is_correct, "order") VALUES (84100032, '「賞状を」が間違い', NULL, FALSE, 3);
INSERT INTO questions_answers (question_id, sentence, sentence_translation, is_correct, "order") VALUES (84100032, '「昨日」が間違い、「先日」にすべき', NULL, FALSE, 4);
INSERT INTO questions (id, user_id, is_system, is_khoa_cu, question_type, content_type, level, selection_type, question, passage, passage_translation, general_explanation, skill_category, base_difficulty, tenant_id, is_active, is_deleted, created_at, created_by) VALUES (84100033, NULL, TRUE, FALSE, 'chon_dap_an', 'keigo_baitap_juzu_doushi', 'BJT-4', 'single', '「ご支援を賜り、厚く御礼申し上げます」の「賜り（たまわり）」の意味と使用場面として正しいものはどれですか？

Trong câu văn chính thức ''Trân trọng cảm ơn sự hỗ trợ mà quý vị đã ban cho chúng tôi'', 「賜り」có nghĩa và được dùng trong hoàn cảnh nào?', NULL, NULL, '【賜る（たまわる）】= hình thức trang trọng nhất của いただく/もらう, dùng trong: văn bản chính thức, thiệp mời, phát biểu khai mạc, báo cáo thường niên. Bậc thang: もらう < いただく < 賜る. 賜る KHÔNG dùng trong hội thoại thông thường — chỉ dành cho văn viết trang trọng và lời phát biểu chính thức.

💡 賜る = cấp độ cao nhất của いただく. Chỉ gặp trong: 「ご支援を賜り」「ご来臨を賜り」「ご愛顧を賜り」— văn chính thức, thiệp, phát biểu.', 'grammar', 4, 'system', TRUE, FALSE, NOW(), 'system') ON CONFLICT (id) DO UPDATE SET question_type = EXCLUDED.question_type, content_type = EXCLUDED.content_type, level = EXCLUDED.level, question = EXCLUDED.question, passage = EXCLUDED.passage, passage_translation = EXCLUDED.passage_translation, general_explanation = EXCLUDED.general_explanation, skill_category = EXCLUDED.skill_category, base_difficulty = EXCLUDED.base_difficulty, is_active = EXCLUDED.is_active, is_deleted = EXCLUDED.is_deleted, updated_at = NOW(), updated_by = 'system';
DELETE FROM questions_answers WHERE question_id = 84100033;
INSERT INTO questions_answers (question_id, sentence, sentence_translation, is_correct, "order") VALUES (84100033, '「あげる」の謙譲語で、日常会話でよく使われる', NULL, FALSE, 1);
INSERT INTO questions_answers (question_id, sentence, sentence_translation, is_correct, "order") VALUES (84100033, '「もらう・いただく」のさらに上の謙譲語で、公式文書・挨拶状で使われる', NULL, TRUE, 2);
INSERT INTO questions_answers (question_id, sentence, sentence_translation, is_correct, "order") VALUES (84100033, '「くれる・くださる」と同じ意味で、話し言葉でも使える', NULL, FALSE, 3);
INSERT INTO questions_answers (question_id, sentence, sentence_translation, is_correct, "order") VALUES (84100033, '「やる」の丁寧語で、目下の人に使う', NULL, FALSE, 4);
INSERT INTO questions (id, user_id, is_system, is_khoa_cu, question_type, content_type, level, selection_type, question, passage, passage_translation, general_explanation, skill_category, base_difficulty, tenant_id, is_active, is_deleted, created_at, created_by) VALUES (84100034, NULL, TRUE, FALSE, 'chon_dap_an', 'keigo_baitap_juzu_doushi', 'BJT-4', 'single', '「させていただく」の使い方として最も不自然なものはどれですか？

Cách dùng させていただく nào là KHÔNG TỰ NHIÊN nhất?', NULL, NULL, '「田中と申させていただきます」= LỖI. 申す (もうす) đã là khiêm nhường ngữ của 言う. Thêm させていただく vào sau = chồng khiêm ngữ không cần thiết. Đúng: 「田中と申します」. (A) ご説明させていただく = OK, xin phép giải thích. (B) 育児休暇を取得させていただく = OK, xin phép nghỉ phép. (D) không liên quan đến させていただく.

💡 ⚠️ KHÔNG nói: 「申させていただきます」「いただかせていただく」— chồng khiêm ngữ (二重謙譲) là lỗi. 申します là đủ và chuẩn.', 'grammar', 4, 'system', TRUE, FALSE, NOW(), 'system') ON CONFLICT (id) DO UPDATE SET question_type = EXCLUDED.question_type, content_type = EXCLUDED.content_type, level = EXCLUDED.level, question = EXCLUDED.question, passage = EXCLUDED.passage, passage_translation = EXCLUDED.passage_translation, general_explanation = EXCLUDED.general_explanation, skill_category = EXCLUDED.skill_category, base_difficulty = EXCLUDED.base_difficulty, is_active = EXCLUDED.is_active, is_deleted = EXCLUDED.is_deleted, updated_at = NOW(), updated_by = 'system';
DELETE FROM questions_answers WHERE question_id = 84100034;
INSERT INTO questions_answers (question_id, sentence, sentence_translation, is_correct, "order") VALUES (84100034, 'では、資料をご説明させていただきます。', NULL, FALSE, 1);
INSERT INTO questions_answers (question_id, sentence, sentence_translation, is_correct, "order") VALUES (84100034, '明日から育児休暇を取得させていただきます。', NULL, FALSE, 2);
INSERT INTO questions_answers (question_id, sentence, sentence_translation, is_correct, "order") VALUES (84100034, '田中と申させていただきます。', NULL, TRUE, 3);
INSERT INTO questions_answers (question_id, sentence, sentence_translation, is_correct, "order") VALUES (84100034, '本日はよいお天気でございますね。', NULL, FALSE, 4);
INSERT INTO questions (id, user_id, is_system, is_khoa_cu, question_type, content_type, level, selection_type, question, passage, passage_translation, general_explanation, skill_category, base_difficulty, tenant_id, is_active, is_deleted, created_at, created_by) VALUES (84100035, NULL, TRUE, FALSE, 'chon_dap_an', 'keigo_baitap_juzu_doushi', 'BJT-4', 'single', '「私は弟に英語を教えてあげた。／弟は私に英語を教えてもらった。／弟が私に英語を教えてくれた。」3つの文の中で意味が【異なる】ものはどれですか？

Trong 3 câu: ①Tôi dạy tiếng Anh cho em. ②Em được tôi dạy tiếng Anh. ③Em dạy tiếng Anh cho tôi. — Câu nào KHÁC nghĩa?', NULL, NULL, '①「私が弟に英語を教えてあげた」= TÔI dạy em. ②「弟は私に英語を教えてもらった」= Em được TÔI dạy → cùng sự kiện, chỉ khác chủ thể câu. ③「弟が私に英語を教えてくれた」= EM dạy TÔI → nghĩa hoàn toàn khác (em là người dạy). Câu ③ là câu duy nhất khác nghĩa.

💡 ①てあげる (tôi làm) = ②てもらう (tôi được nhận, cùng sự kiện nhìn từ góc khác) ≠ ③てくれる (người khác làm cho tôi).', 'grammar', 4, 'system', TRUE, FALSE, NOW(), 'system') ON CONFLICT (id) DO UPDATE SET question_type = EXCLUDED.question_type, content_type = EXCLUDED.content_type, level = EXCLUDED.level, question = EXCLUDED.question, passage = EXCLUDED.passage, passage_translation = EXCLUDED.passage_translation, general_explanation = EXCLUDED.general_explanation, skill_category = EXCLUDED.skill_category, base_difficulty = EXCLUDED.base_difficulty, is_active = EXCLUDED.is_active, is_deleted = EXCLUDED.is_deleted, updated_at = NOW(), updated_by = 'system';
DELETE FROM questions_answers WHERE question_id = 84100035;
INSERT INTO questions_answers (question_id, sentence, sentence_translation, is_correct, "order") VALUES (84100035, '①だけが異なる', NULL, FALSE, 1);
INSERT INTO questions_answers (question_id, sentence, sentence_translation, is_correct, "order") VALUES (84100035, '③だけが異なる', NULL, TRUE, 2);
INSERT INTO questions_answers (question_id, sentence, sentence_translation, is_correct, "order") VALUES (84100035, '①と②は同じ意味、③だけが異なる', NULL, FALSE, 3);
INSERT INTO questions_answers (question_id, sentence, sentence_translation, is_correct, "order") VALUES (84100035, '3つとも異なる意味', NULL, FALSE, 4);
INSERT INTO questions (id, user_id, is_system, is_khoa_cu, question_type, content_type, level, selection_type, question, passage, passage_translation, general_explanation, skill_category, base_difficulty, tenant_id, is_active, is_deleted, created_at, created_by) VALUES (84100036, NULL, TRUE, FALSE, 'chon_dap_an', 'keigo_baitap_juzu_doushi', 'BJT-4', 'single', '取引先から不当な要求をされ、断る場面。最も適切な断り方はどれですか？

Đối tác yêu cầu điều không hợp lý, cần từ chối. Cách từ chối phù hợp nhất là gì?', NULL, NULL, '【いたしかねます】= ''Chúng tôi e rằng không thể thực hiện được'' — cách từ chối lịch sự chuẩn mực trong kinh doanh Nhật. Cấu trúc: いたす (khiêm = する) + かねます (khó/không thể). Không trực tiếp nói không, tránh xúc phạm. (A) できません = quá trực tiếp, cứng. (C)(D) sai ngữ pháp và nghĩa.

💡 Từ chối lịch sự trong kinh doanh: 「〜いたしかねます」「〜いたしかねる状況でございます」「〜は難しい状況でございます」.', 'grammar', 4, 'system', TRUE, FALSE, NOW(), 'system') ON CONFLICT (id) DO UPDATE SET question_type = EXCLUDED.question_type, content_type = EXCLUDED.content_type, level = EXCLUDED.level, question = EXCLUDED.question, passage = EXCLUDED.passage, passage_translation = EXCLUDED.passage_translation, general_explanation = EXCLUDED.general_explanation, skill_category = EXCLUDED.skill_category, base_difficulty = EXCLUDED.base_difficulty, is_active = EXCLUDED.is_active, is_deleted = EXCLUDED.is_deleted, updated_at = NOW(), updated_by = 'system';
DELETE FROM questions_answers WHERE question_id = 84100036;
INSERT INTO questions_answers (question_id, sentence, sentence_translation, is_correct, "order") VALUES (84100036, 'それはできません。', NULL, FALSE, 1);
INSERT INTO questions_answers (question_id, sentence, sentence_translation, is_correct, "order") VALUES (84100036, 'それはいたしかねます。', NULL, TRUE, 2);
INSERT INTO questions_answers (question_id, sentence, sentence_translation, is_correct, "order") VALUES (84100036, 'それはしてあげられません。', NULL, FALSE, 3);
INSERT INTO questions_answers (question_id, sentence, sentence_translation, is_correct, "order") VALUES (84100036, 'それはさしあげられません。', NULL, FALSE, 4);
INSERT INTO questions (id, user_id, is_system, is_khoa_cu, question_type, content_type, level, selection_type, question, passage, passage_translation, general_explanation, skill_category, base_difficulty, tenant_id, is_active, is_deleted, created_at, created_by) VALUES (84100037, NULL, TRUE, FALSE, 'chon_dap_an', 'keigo_baitap_juzu_doushi', 'BJT-4', 'single', '次の電話での会話で、誤りを含む発言はどれですか？
[A社の田中様から電話]
受付：「いつもお世話になっております。」
田中：「山田部長はいらっしゃいますか。」
受付：「（ア）山田はただいま外出しております。（イ）よろしければ、ご伝言をいただけますでしょうか。（ウ）田中様からお電話くださったとお伝えいたします。」

Trong cuộc điện thoại từ ông Tanaka (A công ty), phần nào của câu trả lời của lễ tân có LỖI?', NULL, NULL, '（ア）「山田はただいま外出しております」= ĐÚNG — bỏ kính ngữ với 山田 (uchi), dùng おります (khiêm). （イ）「ご伝言をいただけますでしょうか」= ĐÚNG — nhờ khách để lại tin nhắn (tôi nhận = いただく). （ウ）「田中様からお電話くださったとお伝えいたします」= LỖI. くださった = bề trên đã cho tôi (đúng chiều), nhưng ở đây cần nói: 「田中様よりお電話があったことをお伝えいたします」hoặc 「お電話をいただいたことをお伝えします」— tránh dùng くださる khi báo lại với người trong công ty về cuộc gọi của khách.

💡 Khi báo lại nội bộ về cuộc gọi của khách: 「〜様よりお電話がございました」hoặc 「〜様からお電話をいただきました」.', 'grammar', 4, 'system', TRUE, FALSE, NOW(), 'system') ON CONFLICT (id) DO UPDATE SET question_type = EXCLUDED.question_type, content_type = EXCLUDED.content_type, level = EXCLUDED.level, question = EXCLUDED.question, passage = EXCLUDED.passage, passage_translation = EXCLUDED.passage_translation, general_explanation = EXCLUDED.general_explanation, skill_category = EXCLUDED.skill_category, base_difficulty = EXCLUDED.base_difficulty, is_active = EXCLUDED.is_active, is_deleted = EXCLUDED.is_deleted, updated_at = NOW(), updated_by = 'system';
DELETE FROM questions_answers WHERE question_id = 84100037;
INSERT INTO questions_answers (question_id, sentence, sentence_translation, is_correct, "order") VALUES (84100037, '（ア）のみ', NULL, FALSE, 1);
INSERT INTO questions_answers (question_id, sentence, sentence_translation, is_correct, "order") VALUES (84100037, '（イ）のみ', NULL, FALSE, 2);
INSERT INTO questions_answers (question_id, sentence, sentence_translation, is_correct, "order") VALUES (84100037, '（ウ）のみ', NULL, TRUE, 3);
INSERT INTO questions_answers (question_id, sentence, sentence_translation, is_correct, "order") VALUES (84100037, '（ア）（イ）（ウ）すべて正しい', NULL, FALSE, 4);
INSERT INTO questions (id, user_id, is_system, is_khoa_cu, question_type, content_type, level, selection_type, question, passage, passage_translation, general_explanation, skill_category, base_difficulty, tenant_id, is_active, is_deleted, created_at, created_by) VALUES (84100038, NULL, TRUE, FALSE, 'chon_dap_an', 'keigo_baitap_juzu_doushi', 'BJT-4', 'single', '以下の場面に最も適した全体的な表現の流れはどれですか？
場面：A社のお客様（山田様）が弊社を訪問。弊社社員（私）がお客様に製品を説明し、お客様はカタログをお持ち帰りになった。

Chọn trình tự diễn đạt phù hợp nhất cho tình huống: Khách hàng (ông Yamada, A công ty) đến thăm, bạn giải thích sản phẩm, khách mang catalog về.', NULL, NULL, '（C）「ご説明させていただき」= tôi xin phép giải thích (khiêm, phù hợp khi làm cho khách). 「カタログをお持ちくださった」= khách mang đi (ân huệ từ khách — họ quan tâm đến sản phẩm). (A) してあげた + あげた = thô lỗ với khách. (B) お持ちいただいた = tôi nhờ khách mang — kỳ lạ. (D) してさしあげ = nghe ban ơn; いただいた với catalog = sai (không phải tôi nhận).

💡 TÔI làm gì cho khách: ご〜させていただく. KHÁCH làm gì (ân huệ về phía công ty): 〜てくださる / お〜くださる.', 'grammar', 4, 'system', TRUE, FALSE, NOW(), 'system') ON CONFLICT (id) DO UPDATE SET question_type = EXCLUDED.question_type, content_type = EXCLUDED.content_type, level = EXCLUDED.level, question = EXCLUDED.question, passage = EXCLUDED.passage, passage_translation = EXCLUDED.passage_translation, general_explanation = EXCLUDED.general_explanation, skill_category = EXCLUDED.skill_category, base_difficulty = EXCLUDED.base_difficulty, is_active = EXCLUDED.is_active, is_deleted = EXCLUDED.is_deleted, updated_at = NOW(), updated_by = 'system';
DELETE FROM questions_answers WHERE question_id = 84100038;
INSERT INTO questions_answers (question_id, sentence, sentence_translation, is_correct, "order") VALUES (84100038, '製品を説明してあげて、カタログをあげた。', NULL, FALSE, 1);
INSERT INTO questions_answers (question_id, sentence, sentence_translation, is_correct, "order") VALUES (84100038, '製品をご説明いたし、カタログをお持ちいただいた。', NULL, FALSE, 2);
INSERT INTO questions_answers (question_id, sentence, sentence_translation, is_correct, "order") VALUES (84100038, '製品をご説明させていただき、カタログをお持ちくださった。', NULL, TRUE, 3);
INSERT INTO questions_answers (question_id, sentence, sentence_translation, is_correct, "order") VALUES (84100038, '製品を説明してさしあげ、カタログをいただいた。', NULL, FALSE, 4);
INSERT INTO questions (id, user_id, is_system, is_khoa_cu, question_type, content_type, level, selection_type, question, passage, passage_translation, general_explanation, skill_category, base_difficulty, tenant_id, is_active, is_deleted, created_at, created_by) VALUES (84100039, NULL, TRUE, FALSE, 'chon_dap_an', 'keigo_baitap_juzu_doushi', 'BJT-4', 'single', '社外向けの正式な挨拶文として最も格調の高い表現はどれですか？

Văn bản chào hỏi chính thức gửi ra ngoài công ty, câu nào có phong cách trang trọng nhất?', NULL, NULL, '「ご支援を賜り、厚く御礼申し上げます」= đỉnh cao của văn chính thức. Cấu trúc: 賜る (たまわる — hình thức trang trọng nhất của いただく) + 厚く (sâu sắc) + 御礼申し上げます (khiêm ngữ tổng hợp của ありがとう). Bậc thang: もらう < いただく < 賜る. (B) いただく cũng tốt, phổ biến trong email thông thường. (C) dành cho văn phòng chính thức, thư niên báo, phát biểu khai mạc.

💡 Bậc thang trang trọng: ありがとう < ありがとうございます < 御礼申し上げます < 厚く御礼申し上げます. Kết hợp 賜る = trang trọng tuyệt đối.', 'grammar', 4, 'system', TRUE, FALSE, NOW(), 'system') ON CONFLICT (id) DO UPDATE SET question_type = EXCLUDED.question_type, content_type = EXCLUDED.content_type, level = EXCLUDED.level, question = EXCLUDED.question, passage = EXCLUDED.passage, passage_translation = EXCLUDED.passage_translation, general_explanation = EXCLUDED.general_explanation, skill_category = EXCLUDED.skill_category, base_difficulty = EXCLUDED.base_difficulty, is_active = EXCLUDED.is_active, is_deleted = EXCLUDED.is_deleted, updated_at = NOW(), updated_by = 'system';
DELETE FROM questions_answers WHERE question_id = 84100039;
INSERT INTO questions_answers (question_id, sentence, sentence_translation, is_correct, "order") VALUES (84100039, '皆様のご支援をもらい、ありがとうございます。', NULL, FALSE, 1);
INSERT INTO questions_answers (question_id, sentence, sentence_translation, is_correct, "order") VALUES (84100039, '皆様のご支援をいただき、ありがとうございます。', NULL, FALSE, 2);
INSERT INTO questions_answers (question_id, sentence, sentence_translation, is_correct, "order") VALUES (84100039, '皆様のご支援を賜り、厚く御礼申し上げます。', NULL, TRUE, 3);
INSERT INTO questions_answers (question_id, sentence, sentence_translation, is_correct, "order") VALUES (84100039, '皆様のご支援をくれて、誠にありがとうございます。', NULL, FALSE, 4);
INSERT INTO questions (id, user_id, is_system, is_khoa_cu, question_type, content_type, level, selection_type, question, passage, passage_translation, general_explanation, skill_category, base_difficulty, tenant_id, is_active, is_deleted, created_at, created_by) VALUES (84100040, NULL, TRUE, FALSE, 'chon_dap_an', 'keigo_baitap_juzu_doushi', 'BJT-4', 'single', '次のビジネスシーンで、授受動詞・敬語を含む全体的に最も適切な表現はどれですか？
場面：上司（田中部長）に頼まれて、取引先（B社の鈴木様）に電話し、会議の日程を変更するようお願いする。

Tình huống: Được trưởng phòng Tanaka nhờ, bạn gọi điện cho đối tác (ông Suzuki, B công ty) để yêu cầu dời lịch họp. Cách diễn đạt phù hợp nhất là gì?', NULL, NULL, '（B）phân tích đầy đủ: ①「田中部長からご依頼いただきまして」= được trưởng phòng (uchi, bề trên) nhờ → いただく ✓ (nhưng lưu ý: với người ngoài, có thể nói 「田中の指示で」để không dùng kính ngữ cho nội bộ). ②「誠に勝手ながら」= xin lỗi vì tự tiện. ③「ご変更いただけますでしょうか」= nhờ bạn thay đổi (lịch sự cao nhất). (A) quá thân mật. (C) てください với đối tác = thiếu lịch sự. (D) してあげる = thô lỗ nghiêm trọng.

💡 Công thức gọi điện nhờ đối tác thay đổi: 「誠に勝手ながら、〜をご〜いただけますでしょうか」= xin lỗi vì phiền + nhờ lịch sự nhất.', 'grammar', 4, 'system', TRUE, FALSE, NOW(), 'system') ON CONFLICT (id) DO UPDATE SET question_type = EXCLUDED.question_type, content_type = EXCLUDED.content_type, level = EXCLUDED.level, question = EXCLUDED.question, passage = EXCLUDED.passage, passage_translation = EXCLUDED.passage_translation, general_explanation = EXCLUDED.general_explanation, skill_category = EXCLUDED.skill_category, base_difficulty = EXCLUDED.base_difficulty, is_active = EXCLUDED.is_active, is_deleted = EXCLUDED.is_deleted, updated_at = NOW(), updated_by = 'system';
DELETE FROM questions_answers WHERE question_id = 84100040;
INSERT INTO questions_answers (question_id, sentence, sentence_translation, is_correct, "order") VALUES (84100040, '田中から頼まれたんですが、会議の日程を変えてもらえますか。', NULL, FALSE, 1);
INSERT INTO questions_answers (question_id, sentence, sentence_translation, is_correct, "order") VALUES (84100040, '田中部長からご依頼いただきまして、誠に勝手ながら、ご都合のよろしいようでしたら会議の日程をご変更いただけますでしょうか。', NULL, TRUE, 2);
INSERT INTO questions_answers (question_id, sentence, sentence_translation, is_correct, "order") VALUES (84100040, '田中部長に頼まれましたので、会議の日程を変えてください。', NULL, FALSE, 3);
INSERT INTO questions_answers (question_id, sentence, sentence_translation, is_correct, "order") VALUES (84100040, '田中部長が変更してあげると言っています。ご都合はいかがですか。', NULL, FALSE, 4);

INSERT INTO study_question_sets (id, name, description, set_type, card_count, tenant_id, is_active, is_deleted, created_at, created_by) VALUES (80100411, '2.1.4 Bài Tập Chuyên Sâu: 授受動詞 (Động từ Cho–Nhận) — Cơ bản', 'Bài tập cấp 1 (Cơ bản) — 10 câu.', 'practice', 10, 'system', TRUE, FALSE, NOW(), 'system') ON CONFLICT (id) DO UPDATE SET name = EXCLUDED.name, description = EXCLUDED.description, set_type = EXCLUDED.set_type, card_count = EXCLUDED.card_count, is_active = EXCLUDED.is_active, is_deleted = EXCLUDED.is_deleted, updated_at = NOW(), updated_by = 'system';
INSERT INTO study_question_set_questions (study_question_set_id, question_id, order_index, tenant_id, is_deleted, created_at, created_by) VALUES (80100411, 84100001, 1, 'system', FALSE, NOW(), 'system') ON CONFLICT (study_question_set_id, question_id) DO UPDATE SET order_index = EXCLUDED.order_index, is_deleted = FALSE;
INSERT INTO study_question_set_questions (study_question_set_id, question_id, order_index, tenant_id, is_deleted, created_at, created_by) VALUES (80100411, 84100002, 2, 'system', FALSE, NOW(), 'system') ON CONFLICT (study_question_set_id, question_id) DO UPDATE SET order_index = EXCLUDED.order_index, is_deleted = FALSE;
INSERT INTO study_question_set_questions (study_question_set_id, question_id, order_index, tenant_id, is_deleted, created_at, created_by) VALUES (80100411, 84100003, 3, 'system', FALSE, NOW(), 'system') ON CONFLICT (study_question_set_id, question_id) DO UPDATE SET order_index = EXCLUDED.order_index, is_deleted = FALSE;
INSERT INTO study_question_set_questions (study_question_set_id, question_id, order_index, tenant_id, is_deleted, created_at, created_by) VALUES (80100411, 84100004, 4, 'system', FALSE, NOW(), 'system') ON CONFLICT (study_question_set_id, question_id) DO UPDATE SET order_index = EXCLUDED.order_index, is_deleted = FALSE;
INSERT INTO study_question_set_questions (study_question_set_id, question_id, order_index, tenant_id, is_deleted, created_at, created_by) VALUES (80100411, 84100005, 5, 'system', FALSE, NOW(), 'system') ON CONFLICT (study_question_set_id, question_id) DO UPDATE SET order_index = EXCLUDED.order_index, is_deleted = FALSE;
INSERT INTO study_question_set_questions (study_question_set_id, question_id, order_index, tenant_id, is_deleted, created_at, created_by) VALUES (80100411, 84100006, 6, 'system', FALSE, NOW(), 'system') ON CONFLICT (study_question_set_id, question_id) DO UPDATE SET order_index = EXCLUDED.order_index, is_deleted = FALSE;
INSERT INTO study_question_set_questions (study_question_set_id, question_id, order_index, tenant_id, is_deleted, created_at, created_by) VALUES (80100411, 84100007, 7, 'system', FALSE, NOW(), 'system') ON CONFLICT (study_question_set_id, question_id) DO UPDATE SET order_index = EXCLUDED.order_index, is_deleted = FALSE;
INSERT INTO study_question_set_questions (study_question_set_id, question_id, order_index, tenant_id, is_deleted, created_at, created_by) VALUES (80100411, 84100008, 8, 'system', FALSE, NOW(), 'system') ON CONFLICT (study_question_set_id, question_id) DO UPDATE SET order_index = EXCLUDED.order_index, is_deleted = FALSE;
INSERT INTO study_question_set_questions (study_question_set_id, question_id, order_index, tenant_id, is_deleted, created_at, created_by) VALUES (80100411, 84100009, 9, 'system', FALSE, NOW(), 'system') ON CONFLICT (study_question_set_id, question_id) DO UPDATE SET order_index = EXCLUDED.order_index, is_deleted = FALSE;
INSERT INTO study_question_set_questions (study_question_set_id, question_id, order_index, tenant_id, is_deleted, created_at, created_by) VALUES (80100411, 84100010, 10, 'system', FALSE, NOW(), 'system') ON CONFLICT (study_question_set_id, question_id) DO UPDATE SET order_index = EXCLUDED.order_index, is_deleted = FALSE;
INSERT INTO study_resource_question_sets (resource_type, resource_id, study_question_set_id, position, context, tenant_id, is_active, is_deleted, created_at, created_by) VALUES ('module', 8012, 80100411, 1, '{"label": "2.1.4 Bài Tập Chuyên Sâu: 授受動詞 (Động từ Cho–Nhận) — Cơ bản"}'::jsonb, 'system', TRUE, FALSE, NOW(), 'system') ON CONFLICT (resource_type, resource_id, study_question_set_id) DO UPDATE SET position = EXCLUDED.position, context = EXCLUDED.context, is_active = TRUE, is_deleted = FALSE;

INSERT INTO study_question_sets (id, name, description, set_type, card_count, tenant_id, is_active, is_deleted, created_at, created_by) VALUES (80100412, '2.1.4 Bài Tập Chuyên Sâu: 授受動詞 (Động từ Cho–Nhận) — Trung cấp', 'Bài tập cấp 2 (Trung cấp) — 10 câu.', 'practice', 10, 'system', TRUE, FALSE, NOW(), 'system') ON CONFLICT (id) DO UPDATE SET name = EXCLUDED.name, description = EXCLUDED.description, set_type = EXCLUDED.set_type, card_count = EXCLUDED.card_count, is_active = EXCLUDED.is_active, is_deleted = EXCLUDED.is_deleted, updated_at = NOW(), updated_by = 'system';
INSERT INTO study_question_set_questions (study_question_set_id, question_id, order_index, tenant_id, is_deleted, created_at, created_by) VALUES (80100412, 84100011, 1, 'system', FALSE, NOW(), 'system') ON CONFLICT (study_question_set_id, question_id) DO UPDATE SET order_index = EXCLUDED.order_index, is_deleted = FALSE;
INSERT INTO study_question_set_questions (study_question_set_id, question_id, order_index, tenant_id, is_deleted, created_at, created_by) VALUES (80100412, 84100012, 2, 'system', FALSE, NOW(), 'system') ON CONFLICT (study_question_set_id, question_id) DO UPDATE SET order_index = EXCLUDED.order_index, is_deleted = FALSE;
INSERT INTO study_question_set_questions (study_question_set_id, question_id, order_index, tenant_id, is_deleted, created_at, created_by) VALUES (80100412, 84100013, 3, 'system', FALSE, NOW(), 'system') ON CONFLICT (study_question_set_id, question_id) DO UPDATE SET order_index = EXCLUDED.order_index, is_deleted = FALSE;
INSERT INTO study_question_set_questions (study_question_set_id, question_id, order_index, tenant_id, is_deleted, created_at, created_by) VALUES (80100412, 84100014, 4, 'system', FALSE, NOW(), 'system') ON CONFLICT (study_question_set_id, question_id) DO UPDATE SET order_index = EXCLUDED.order_index, is_deleted = FALSE;
INSERT INTO study_question_set_questions (study_question_set_id, question_id, order_index, tenant_id, is_deleted, created_at, created_by) VALUES (80100412, 84100015, 5, 'system', FALSE, NOW(), 'system') ON CONFLICT (study_question_set_id, question_id) DO UPDATE SET order_index = EXCLUDED.order_index, is_deleted = FALSE;
INSERT INTO study_question_set_questions (study_question_set_id, question_id, order_index, tenant_id, is_deleted, created_at, created_by) VALUES (80100412, 84100016, 6, 'system', FALSE, NOW(), 'system') ON CONFLICT (study_question_set_id, question_id) DO UPDATE SET order_index = EXCLUDED.order_index, is_deleted = FALSE;
INSERT INTO study_question_set_questions (study_question_set_id, question_id, order_index, tenant_id, is_deleted, created_at, created_by) VALUES (80100412, 84100017, 7, 'system', FALSE, NOW(), 'system') ON CONFLICT (study_question_set_id, question_id) DO UPDATE SET order_index = EXCLUDED.order_index, is_deleted = FALSE;
INSERT INTO study_question_set_questions (study_question_set_id, question_id, order_index, tenant_id, is_deleted, created_at, created_by) VALUES (80100412, 84100018, 8, 'system', FALSE, NOW(), 'system') ON CONFLICT (study_question_set_id, question_id) DO UPDATE SET order_index = EXCLUDED.order_index, is_deleted = FALSE;
INSERT INTO study_question_set_questions (study_question_set_id, question_id, order_index, tenant_id, is_deleted, created_at, created_by) VALUES (80100412, 84100019, 9, 'system', FALSE, NOW(), 'system') ON CONFLICT (study_question_set_id, question_id) DO UPDATE SET order_index = EXCLUDED.order_index, is_deleted = FALSE;
INSERT INTO study_question_set_questions (study_question_set_id, question_id, order_index, tenant_id, is_deleted, created_at, created_by) VALUES (80100412, 84100020, 10, 'system', FALSE, NOW(), 'system') ON CONFLICT (study_question_set_id, question_id) DO UPDATE SET order_index = EXCLUDED.order_index, is_deleted = FALSE;
INSERT INTO study_resource_question_sets (resource_type, resource_id, study_question_set_id, position, context, tenant_id, is_active, is_deleted, created_at, created_by) VALUES ('module', 8012, 80100412, 2, '{"label": "2.1.4 Bài Tập Chuyên Sâu: 授受動詞 (Động từ Cho–Nhận) — Trung cấp"}'::jsonb, 'system', TRUE, FALSE, NOW(), 'system') ON CONFLICT (resource_type, resource_id, study_question_set_id) DO UPDATE SET position = EXCLUDED.position, context = EXCLUDED.context, is_active = TRUE, is_deleted = FALSE;

INSERT INTO study_question_sets (id, name, description, set_type, card_count, tenant_id, is_active, is_deleted, created_at, created_by) VALUES (80100413, '2.1.4 Bài Tập Chuyên Sâu: 授受動詞 (Động từ Cho–Nhận) — Nâng cao', 'Bài tập cấp 3 (Nâng cao) — 10 câu.', 'practice', 10, 'system', TRUE, FALSE, NOW(), 'system') ON CONFLICT (id) DO UPDATE SET name = EXCLUDED.name, description = EXCLUDED.description, set_type = EXCLUDED.set_type, card_count = EXCLUDED.card_count, is_active = EXCLUDED.is_active, is_deleted = EXCLUDED.is_deleted, updated_at = NOW(), updated_by = 'system';
INSERT INTO study_question_set_questions (study_question_set_id, question_id, order_index, tenant_id, is_deleted, created_at, created_by) VALUES (80100413, 84100021, 1, 'system', FALSE, NOW(), 'system') ON CONFLICT (study_question_set_id, question_id) DO UPDATE SET order_index = EXCLUDED.order_index, is_deleted = FALSE;
INSERT INTO study_question_set_questions (study_question_set_id, question_id, order_index, tenant_id, is_deleted, created_at, created_by) VALUES (80100413, 84100022, 2, 'system', FALSE, NOW(), 'system') ON CONFLICT (study_question_set_id, question_id) DO UPDATE SET order_index = EXCLUDED.order_index, is_deleted = FALSE;
INSERT INTO study_question_set_questions (study_question_set_id, question_id, order_index, tenant_id, is_deleted, created_at, created_by) VALUES (80100413, 84100023, 3, 'system', FALSE, NOW(), 'system') ON CONFLICT (study_question_set_id, question_id) DO UPDATE SET order_index = EXCLUDED.order_index, is_deleted = FALSE;
INSERT INTO study_question_set_questions (study_question_set_id, question_id, order_index, tenant_id, is_deleted, created_at, created_by) VALUES (80100413, 84100024, 4, 'system', FALSE, NOW(), 'system') ON CONFLICT (study_question_set_id, question_id) DO UPDATE SET order_index = EXCLUDED.order_index, is_deleted = FALSE;
INSERT INTO study_question_set_questions (study_question_set_id, question_id, order_index, tenant_id, is_deleted, created_at, created_by) VALUES (80100413, 84100025, 5, 'system', FALSE, NOW(), 'system') ON CONFLICT (study_question_set_id, question_id) DO UPDATE SET order_index = EXCLUDED.order_index, is_deleted = FALSE;
INSERT INTO study_question_set_questions (study_question_set_id, question_id, order_index, tenant_id, is_deleted, created_at, created_by) VALUES (80100413, 84100026, 6, 'system', FALSE, NOW(), 'system') ON CONFLICT (study_question_set_id, question_id) DO UPDATE SET order_index = EXCLUDED.order_index, is_deleted = FALSE;
INSERT INTO study_question_set_questions (study_question_set_id, question_id, order_index, tenant_id, is_deleted, created_at, created_by) VALUES (80100413, 84100027, 7, 'system', FALSE, NOW(), 'system') ON CONFLICT (study_question_set_id, question_id) DO UPDATE SET order_index = EXCLUDED.order_index, is_deleted = FALSE;
INSERT INTO study_question_set_questions (study_question_set_id, question_id, order_index, tenant_id, is_deleted, created_at, created_by) VALUES (80100413, 84100028, 8, 'system', FALSE, NOW(), 'system') ON CONFLICT (study_question_set_id, question_id) DO UPDATE SET order_index = EXCLUDED.order_index, is_deleted = FALSE;
INSERT INTO study_question_set_questions (study_question_set_id, question_id, order_index, tenant_id, is_deleted, created_at, created_by) VALUES (80100413, 84100029, 9, 'system', FALSE, NOW(), 'system') ON CONFLICT (study_question_set_id, question_id) DO UPDATE SET order_index = EXCLUDED.order_index, is_deleted = FALSE;
INSERT INTO study_question_set_questions (study_question_set_id, question_id, order_index, tenant_id, is_deleted, created_at, created_by) VALUES (80100413, 84100030, 10, 'system', FALSE, NOW(), 'system') ON CONFLICT (study_question_set_id, question_id) DO UPDATE SET order_index = EXCLUDED.order_index, is_deleted = FALSE;
INSERT INTO study_resource_question_sets (resource_type, resource_id, study_question_set_id, position, context, tenant_id, is_active, is_deleted, created_at, created_by) VALUES ('module', 8012, 80100413, 3, '{"label": "2.1.4 Bài Tập Chuyên Sâu: 授受動詞 (Động từ Cho–Nhận) — Nâng cao"}'::jsonb, 'system', TRUE, FALSE, NOW(), 'system') ON CONFLICT (resource_type, resource_id, study_question_set_id) DO UPDATE SET position = EXCLUDED.position, context = EXCLUDED.context, is_active = TRUE, is_deleted = FALSE;

INSERT INTO study_question_sets (id, name, description, set_type, card_count, tenant_id, is_active, is_deleted, created_at, created_by) VALUES (80100414, '2.1.4 Bài Tập Chuyên Sâu: 授受動詞 (Động từ Cho–Nhận) — Tổng hợp', 'Bài tập cấp 4 (Tổng hợp) — 10 câu.', 'practice', 10, 'system', TRUE, FALSE, NOW(), 'system') ON CONFLICT (id) DO UPDATE SET name = EXCLUDED.name, description = EXCLUDED.description, set_type = EXCLUDED.set_type, card_count = EXCLUDED.card_count, is_active = EXCLUDED.is_active, is_deleted = EXCLUDED.is_deleted, updated_at = NOW(), updated_by = 'system';
INSERT INTO study_question_set_questions (study_question_set_id, question_id, order_index, tenant_id, is_deleted, created_at, created_by) VALUES (80100414, 84100031, 1, 'system', FALSE, NOW(), 'system') ON CONFLICT (study_question_set_id, question_id) DO UPDATE SET order_index = EXCLUDED.order_index, is_deleted = FALSE;
INSERT INTO study_question_set_questions (study_question_set_id, question_id, order_index, tenant_id, is_deleted, created_at, created_by) VALUES (80100414, 84100032, 2, 'system', FALSE, NOW(), 'system') ON CONFLICT (study_question_set_id, question_id) DO UPDATE SET order_index = EXCLUDED.order_index, is_deleted = FALSE;
INSERT INTO study_question_set_questions (study_question_set_id, question_id, order_index, tenant_id, is_deleted, created_at, created_by) VALUES (80100414, 84100033, 3, 'system', FALSE, NOW(), 'system') ON CONFLICT (study_question_set_id, question_id) DO UPDATE SET order_index = EXCLUDED.order_index, is_deleted = FALSE;
INSERT INTO study_question_set_questions (study_question_set_id, question_id, order_index, tenant_id, is_deleted, created_at, created_by) VALUES (80100414, 84100034, 4, 'system', FALSE, NOW(), 'system') ON CONFLICT (study_question_set_id, question_id) DO UPDATE SET order_index = EXCLUDED.order_index, is_deleted = FALSE;
INSERT INTO study_question_set_questions (study_question_set_id, question_id, order_index, tenant_id, is_deleted, created_at, created_by) VALUES (80100414, 84100035, 5, 'system', FALSE, NOW(), 'system') ON CONFLICT (study_question_set_id, question_id) DO UPDATE SET order_index = EXCLUDED.order_index, is_deleted = FALSE;
INSERT INTO study_question_set_questions (study_question_set_id, question_id, order_index, tenant_id, is_deleted, created_at, created_by) VALUES (80100414, 84100036, 6, 'system', FALSE, NOW(), 'system') ON CONFLICT (study_question_set_id, question_id) DO UPDATE SET order_index = EXCLUDED.order_index, is_deleted = FALSE;
INSERT INTO study_question_set_questions (study_question_set_id, question_id, order_index, tenant_id, is_deleted, created_at, created_by) VALUES (80100414, 84100037, 7, 'system', FALSE, NOW(), 'system') ON CONFLICT (study_question_set_id, question_id) DO UPDATE SET order_index = EXCLUDED.order_index, is_deleted = FALSE;
INSERT INTO study_question_set_questions (study_question_set_id, question_id, order_index, tenant_id, is_deleted, created_at, created_by) VALUES (80100414, 84100038, 8, 'system', FALSE, NOW(), 'system') ON CONFLICT (study_question_set_id, question_id) DO UPDATE SET order_index = EXCLUDED.order_index, is_deleted = FALSE;
INSERT INTO study_question_set_questions (study_question_set_id, question_id, order_index, tenant_id, is_deleted, created_at, created_by) VALUES (80100414, 84100039, 9, 'system', FALSE, NOW(), 'system') ON CONFLICT (study_question_set_id, question_id) DO UPDATE SET order_index = EXCLUDED.order_index, is_deleted = FALSE;
INSERT INTO study_question_set_questions (study_question_set_id, question_id, order_index, tenant_id, is_deleted, created_at, created_by) VALUES (80100414, 84100040, 10, 'system', FALSE, NOW(), 'system') ON CONFLICT (study_question_set_id, question_id) DO UPDATE SET order_index = EXCLUDED.order_index, is_deleted = FALSE;
INSERT INTO study_resource_question_sets (resource_type, resource_id, study_question_set_id, position, context, tenant_id, is_active, is_deleted, created_at, created_by) VALUES ('module', 8012, 80100414, 4, '{"label": "2.1.4 Bài Tập Chuyên Sâu: 授受動詞 (Động từ Cho–Nhận) — Tổng hợp"}'::jsonb, 'system', TRUE, FALSE, NOW(), 'system') ON CONFLICT (resource_type, resource_id, study_question_set_id) DO UPDATE SET position = EXCLUDED.position, context = EXCLUDED.context, is_active = TRUE, is_deleted = FALSE;

-- Mogishiken file: 2.1.4_JuzuDoushi_Mogishiken.json
INSERT INTO reading_passages (id, user_id, is_system, is_public, title, content, translation, jlpt_level, category, difficulty, word_count, tenant_id, is_active, is_deleted, created_at, created_by) VALUES (8010401, NULL, TRUE, TRUE, 'ビジネスメール', '件名: 先日はありがとうございました

山田課長へ

いつもお世話になっております。先日の営業事例の説明をしていただき、大変ありがとうございます。課長がわかりやすく教えてくださったおかげで、今週の顧客との会議でしっかり説明することができました。今後も頑張ります。

よろしくお願いいたします。

佐藤', 'Nhân viên mới gửi email cảm ơn sếp vì sếp đã hỗ trợ cô ấy trong lần đầu tiên làm việc.', 'BJT', 'business_keigo', 1, 0, 'system', TRUE, FALSE, NOW(), 'system') ON CONFLICT (id) DO UPDATE SET title = EXCLUDED.title, content = EXCLUDED.content, translation = EXCLUDED.translation, category = EXCLUDED.category, difficulty = EXCLUDED.difficulty, word_count = EXCLUDED.word_count, is_active = EXCLUDED.is_active, is_deleted = EXCLUDED.is_deleted, updated_at = NOW(), updated_by = 'system';
INSERT INTO reading_passages (id, user_id, is_system, is_public, title, content, translation, jlpt_level, category, difficulty, word_count, tenant_id, is_active, is_deleted, created_at, created_by) VALUES (8010402, NULL, TRUE, TRUE, '電話応対メモ', '【電話応対メモ】
日時：2026年4月13日 午後3時15分
発信者：テック・ソリューション営業部 山本さん
受信者：本社営業課 鈴木課長
内容記録者：田中

「いつもお世話になっております。今回は新しいシステム導入プロジェクトについてご相談させていただきたく、ご連絡しました。弊社のIT部門が貴社のシステムを検討いたしましたところ、非常に高い評価をいただきました。つきましては、導入前に技術サポートを十分にいただきたいと考えておりますが、可能でしょうか。また、導入後のトレーニングを実施していただける時間をお作りいただけますでしょうか。」', 'Nhân viên lễ tân ghi lại cuộc gọi từ công ty khách hàng muốn hợp tác với công ty.', 'BJT', 'business_keigo', 2, 0, 'system', TRUE, FALSE, NOW(), 'system') ON CONFLICT (id) DO UPDATE SET title = EXCLUDED.title, content = EXCLUDED.content, translation = EXCLUDED.translation, category = EXCLUDED.category, difficulty = EXCLUDED.difficulty, word_count = EXCLUDED.word_count, is_active = EXCLUDED.is_active, is_deleted = EXCLUDED.is_deleted, updated_at = NOW(), updated_by = 'system';
INSERT INTO reading_passages (id, user_id, is_system, is_public, title, content, translation, jlpt_level, category, difficulty, word_count, tenant_id, is_active, is_deleted, created_at, created_by) VALUES (8010403, NULL, TRUE, TRUE, '業務報告書', '【プロジェクト進捗報告書】
日付：2026年4月13日
報告者：青山太郎
報告対象：営業部長 鈴木一郎様

いつもお忙しいなか、プロジェクト運営にあたってご指導をいただき、感謝申し上げます。

【現状】
先月末の顧客説明会では、A社様からの提案に対して貴重なご意見をいただきました。その意見を踏まえ、弊社の企画部門がプロジェクト案を修正させていただきました。修正内容について、A社様より「よろしければ、この修正案で進めていただきたい」とのご指示をいただき、修正案での実行を決定いたしました。

【今後の展開】
来月より本格的な工事に入る予定でありますが、施工業者に対して当初の契約内容変更手続きをさせていただきたく、お力添えをいただければ幸いです。また、安全管理について、貴部門からアドバイスをいただけますでしょうか。

当プロジェクトを成功させるために、引き続きご指導ご協力をいただきたく、お願い申し上げます。', 'Nhân viên báo cáo tiến độ dự án và nhờ sếp phê duyệt các bước tiếp theo.', 'BJT', 'business_keigo', 3, 0, 'system', TRUE, FALSE, NOW(), 'system') ON CONFLICT (id) DO UPDATE SET title = EXCLUDED.title, content = EXCLUDED.content, translation = EXCLUDED.translation, category = EXCLUDED.category, difficulty = EXCLUDED.difficulty, word_count = EXCLUDED.word_count, is_active = EXCLUDED.is_active, is_deleted = EXCLUDED.is_deleted, updated_at = NOW(), updated_by = 'system';
INSERT INTO reading_passages (id, user_id, is_system, is_public, title, content, translation, jlpt_level, category, difficulty, word_count, tenant_id, is_active, is_deleted, created_at, created_by) VALUES (8010404, NULL, TRUE, TRUE, '会議議事録', '【定例会議議事録】
日時：2026年4月10日 14:00～15:30
出席者：A社営業部長 山田太郎、B社プロジェクトマネージャー 田中花子、C社営業責任者 佐藤次郎

【議題1：納期調整について】
A社山田部長から、「現在のスケジュールでは4月末までの納品が困難とのご報告をB社よりいただきました。C社佐藤さんが部品の最終納期を5月10日とおっしゃっておられるため、B社ではそれに基づいて工事日程を立てておられます。しかし、A社の顧客からは4月末納品をどうしても守っていただきたいとのご要望をいただいております。」との状況説明がございました。

この問題の解決について、B社田中さんから「C社にこちらからご連絡させていただき、部品納期の前倒しについてお願いさせていただきたいのですが、いかがでしょうか」とのご提案がございました。

A社山田部長より「了解しました。B社からC社に対し、部品納期の早期納品についてお願いさせていただきたく、当方からもC社にご連絡させていただきます」とのご指示をいただきました。

【決議】
B社とA社が協力して、C社に対し、部品納期の前倒しについて正式にお願いすることを決定いたしました。', 'Biên bản họp ghi lại thảo luận về hợp tác giữa 3 công ty: Công ty A (chủ), Công ty B (nhà thầu), và Công ty C (nhà cung cấp).', 'BJT', 'business_keigo', 4, 0, 'system', TRUE, FALSE, NOW(), 'system') ON CONFLICT (id) DO UPDATE SET title = EXCLUDED.title, content = EXCLUDED.content, translation = EXCLUDED.translation, category = EXCLUDED.category, difficulty = EXCLUDED.difficulty, word_count = EXCLUDED.word_count, is_active = EXCLUDED.is_active, is_deleted = EXCLUDED.is_deleted, updated_at = NOW(), updated_by = 'system';
INSERT INTO reading_passages (id, user_id, is_system, is_public, title, content, translation, jlpt_level, category, difficulty, word_count, tenant_id, is_active, is_deleted, created_at, created_by) VALUES (8010405, NULL, TRUE, TRUE, 'FAX・公式依頼文書', '平成38年4月13日

【案件名：次世代スマートシティ開発プロジェクト — 技術協力依頼】

Global Tech Partners Inc. 
CEO James Wilson 様

平素より格別のお引き立てをいただき、誠にありがとうございます。

弊社は、次世代スマートシティ開発プロジェクトを推進する過程において、貴社の高度な電子通信技術および人工知能システムを導入させていただきたく、本状を認めた次第でございます。

つきましては、下記の事項についてご協力いただきたく、お願い申し上げます。

1. 貴社が保有する基盤技術に関する技術仕様書、設計図面等の資料の提供を賜りたく存じます。弊社の技術部門が、これらの資料に基づいて、当地の気候風土及び社会基盤に適合するシステム設計をさせていただきたいと考えております。

2. 貴社の技術チームによる現地での技術指導及び保守管理サービスを賜りたく、お願い申し上げます。弊社が実装作業を進める際に、随時ご指導をいただき、品質を確保したいと存じます。

3. プロジェクト完了後、技術移転に関する正式契約をご締結いただきたく、お願い申し上げます。

本プロジェクトが両国の技術交流と経済発展に貢献することを心待ちにしており、貴社のご理解とご協力を心よりお待ち申し上げております。何らかのご不明の点やご質問がございましたら、いつでもお気軽にお問い合わせください。

敬具

弊社代表取締役会長
日本スマートシティ開発公社
代表取締役会長 高橋一郎
電話：03-xxxx-xxxx
メール：info@jcscd.jp', 'Công ty Nhật Bản (chủ dự án) gửi công văn chính thức cho công ty nước ngoài (đối tác) để yêu cầu hợp tác và cấp dữ liệu kỹ thuật.', 'BJT', 'business_keigo', 5, 0, 'system', TRUE, FALSE, NOW(), 'system') ON CONFLICT (id) DO UPDATE SET title = EXCLUDED.title, content = EXCLUDED.content, translation = EXCLUDED.translation, category = EXCLUDED.category, difficulty = EXCLUDED.difficulty, word_count = EXCLUDED.word_count, is_active = EXCLUDED.is_active, is_deleted = EXCLUDED.is_deleted, updated_at = NOW(), updated_by = 'system';
INSERT INTO questions (id, user_id, is_system, is_khoa_cu, question_type, content_type, level, selection_type, question, passage, passage_translation, general_explanation, skill_category, base_difficulty, tenant_id, is_active, is_deleted, created_at, created_by) VALUES (84200001, NULL, TRUE, FALSE, 'reading', 'keigo_dokkai_juzu_doushi', NULL, 'single', '「先日の営業事例の説明をしていただき」で使われている「いただく」は、誰が誰に何をしたことを表していますか。

Trong ''Cảm ơn vì đã giải thích (いただき) về sự cố kinh doanh'', ai đã làm gì cho ai?', '8010401', 'Nhân viên mới gửi email cảm ơn sếp vì sếp đã hỗ trợ cô ấy trong lần đầu tiên làm việc.', 'いただく ở đây là dạng khiêm tốn của ''nhận được'' từ người trên. Câu này có nghĩa: ''Sếp đã giải thích cho tôi (và tôi nhận được sự giải thích đó)'' — chiều từ sếp xuống nhân viên.', 'dokkai', 1, 'system', TRUE, FALSE, NOW(), 'system') ON CONFLICT (id) DO UPDATE SET question_type = EXCLUDED.question_type, content_type = EXCLUDED.content_type, level = EXCLUDED.level, question = EXCLUDED.question, passage = EXCLUDED.passage, passage_translation = EXCLUDED.passage_translation, general_explanation = EXCLUDED.general_explanation, skill_category = EXCLUDED.skill_category, base_difficulty = EXCLUDED.base_difficulty, is_active = EXCLUDED.is_active, is_deleted = EXCLUDED.is_deleted, updated_at = NOW(), updated_by = 'system';
DELETE FROM questions_answers WHERE question_id = 84200001;
INSERT INTO questions_answers (question_id, sentence, sentence_translation, is_correct, "order") VALUES (84200001, '佐藤さんが山田課長に説明をした', NULL, FALSE, 1);
INSERT INTO questions_answers (question_id, sentence, sentence_translation, is_correct, "order") VALUES (84200001, '山田課長が佐藤さんに説明をした', NULL, TRUE, 2);
INSERT INTO questions_answers (question_id, sentence, sentence_translation, is_correct, "order") VALUES (84200001, '顧客が佐藤さんに説明をした', NULL, FALSE, 3);
INSERT INTO questions_answers (question_id, sentence, sentence_translation, is_correct, "order") VALUES (84200001, '佐藤さんが顧客に説明をした', NULL, FALSE, 4);
INSERT INTO questions (id, user_id, is_system, is_khoa_cu, question_type, content_type, level, selection_type, question, passage, passage_translation, general_explanation, skill_category, base_difficulty, tenant_id, is_active, is_deleted, created_at, created_by) VALUES (84200002, NULL, TRUE, FALSE, 'reading', 'keigo_dokkai_juzu_doushi', NULL, 'single', '「課長がわかりやすく教えてくださった」と「説明をしていただき」の二つの表現の違いは何ですか。

Sự khác biệt giữa ''dạy (くださった)'' và ''giải thích (いただき)'' là gì?', '8010401', 'Nhân viên mới gửi email cảm ơn sếp vì sếp đã hỗ trợ cô ấy trong lần đầu tiên làm việc.', 'Cả hai đều cho thấy người sếp giúp đỡ, nhưng: くださる nhấn mạnh hành động của sếp (người cho), còn いただく nhấn mạnh hành động nhận của người dưới (người nhận). Cả hai cách nói đều lịch sự.', 'dokkai', 1, 'system', TRUE, FALSE, NOW(), 'system') ON CONFLICT (id) DO UPDATE SET question_type = EXCLUDED.question_type, content_type = EXCLUDED.content_type, level = EXCLUDED.level, question = EXCLUDED.question, passage = EXCLUDED.passage, passage_translation = EXCLUDED.passage_translation, general_explanation = EXCLUDED.general_explanation, skill_category = EXCLUDED.skill_category, base_difficulty = EXCLUDED.base_difficulty, is_active = EXCLUDED.is_active, is_deleted = EXCLUDED.is_deleted, updated_at = NOW(), updated_by = 'system';
DELETE FROM questions_answers WHERE question_id = 84200002;
INSERT INTO questions_answers (question_id, sentence, sentence_translation, is_correct, "order") VALUES (84200002, 'くださるは下の人が上の人を敬う表現で、いただくは上の人が下の人を敬う表現', NULL, FALSE, 1);
INSERT INTO questions_answers (question_id, sentence, sentence_translation, is_correct, "order") VALUES (84200002, 'どちらも同じ意味で、文体の違いだけ', NULL, FALSE, 2);
INSERT INTO questions_answers (question_id, sentence, sentence_translation, is_correct, "order") VALUES (84200002, 'くださるは「上の人が下の人にしてくれる」を表し、いただくは「下の人が上の人からの行為を受ける」を表す', NULL, TRUE, 3);
INSERT INTO questions_answers (question_id, sentence, sentence_translation, is_correct, "order") VALUES (84200002, 'いただくは「もらう」という意味で、くださるは「与える」という意味', NULL, FALSE, 4);
INSERT INTO questions (id, user_id, is_system, is_khoa_cu, question_type, content_type, level, selection_type, question, passage, passage_translation, general_explanation, skill_category, base_difficulty, tenant_id, is_active, is_deleted, created_at, created_by) VALUES (84200003, NULL, TRUE, FALSE, 'reading', 'keigo_dokkai_juzu_doushi', NULL, 'single', 'この文書から、佐藤さんと山田課長の関係について、最も正確に言えることは何ですか。

Từ đoạn văn này, mối quan hệ giữa Sato và sếp Yamada được thể hiện chính xác nhất là gì?', '8010401', 'Nhân viên mới gửi email cảm ơn sếp vì sếp đã hỗ trợ cô ấy trong lần đầu tiên làm việc.', 'Dùng いただく, くださる, Sato gọi sếp là ''課長'', đều cho thấy Yamada ở vị trí cao hơn. Email cảm ơn này thể hiện quan hệ lãnh đạo-nhân viên.', 'dokkai', 1, 'system', TRUE, FALSE, NOW(), 'system') ON CONFLICT (id) DO UPDATE SET question_type = EXCLUDED.question_type, content_type = EXCLUDED.content_type, level = EXCLUDED.level, question = EXCLUDED.question, passage = EXCLUDED.passage, passage_translation = EXCLUDED.passage_translation, general_explanation = EXCLUDED.general_explanation, skill_category = EXCLUDED.skill_category, base_difficulty = EXCLUDED.base_difficulty, is_active = EXCLUDED.is_active, is_deleted = EXCLUDED.is_deleted, updated_at = NOW(), updated_by = 'system';
DELETE FROM questions_answers WHERE question_id = 84200003;
INSERT INTO questions_answers (question_id, sentence, sentence_translation, is_correct, "order") VALUES (84200003, '佐藤さんが山田課長より上の立場にある', NULL, FALSE, 1);
INSERT INTO questions_answers (question_id, sentence, sentence_translation, is_correct, "order") VALUES (84200003, '山田課長が佐藤さんより高い立場にあり、親切に助けている', NULL, TRUE, 2);
INSERT INTO questions_answers (question_id, sentence, sentence_translation, is_correct, "order") VALUES (84200003, '二人は同じ立場で、相互に協力している', NULL, FALSE, 3);
INSERT INTO questions_answers (question_id, sentence, sentence_translation, is_correct, "order") VALUES (84200003, '山田課長と佐藤さんは初めて会った', NULL, FALSE, 4);
INSERT INTO questions (id, user_id, is_system, is_khoa_cu, question_type, content_type, level, selection_type, question, passage, passage_translation, general_explanation, skill_category, base_difficulty, tenant_id, is_active, is_deleted, created_at, created_by) VALUES (84200004, NULL, TRUE, FALSE, 'reading', 'keigo_dokkai_juzu_doushi', NULL, 'single', 'もし文中の「教えてくださった」を「教えてあげた」に変えたら、この文はどのような印象になりますか。

Nếu thay ''くださった'' bằng ''あげた'', văn bản sẽ tạo ấn tượng nào?', '8010401', 'Nhân viên mới gửi email cảm ơn sếp vì sếp đã hỗ trợ cô ấy trong lần đầu tiên làm việc.', 'Thay くださる bằng あげる sẽ ngược lại — ''tôi cho sếp'' thay vì ''sếp cho tôi'' — tạo ấn tượng tôi mạnh hơn sếp, rất mất lễ phép.', 'dokkai', 1, 'system', TRUE, FALSE, NOW(), 'system') ON CONFLICT (id) DO UPDATE SET question_type = EXCLUDED.question_type, content_type = EXCLUDED.content_type, level = EXCLUDED.level, question = EXCLUDED.question, passage = EXCLUDED.passage, passage_translation = EXCLUDED.passage_translation, general_explanation = EXCLUDED.general_explanation, skill_category = EXCLUDED.skill_category, base_difficulty = EXCLUDED.base_difficulty, is_active = EXCLUDED.is_active, is_deleted = EXCLUDED.is_deleted, updated_at = NOW(), updated_by = 'system';
DELETE FROM questions_answers WHERE question_id = 84200004;
INSERT INTO questions_answers (question_id, sentence, sentence_translation, is_correct, "order") VALUES (84200004, 'より丁寧で敬意深い表現になる', NULL, FALSE, 1);
INSERT INTO questions_answers (question_id, sentence, sentence_translation, is_correct, "order") VALUES (84200004, '同じ意味で特に変わらない', NULL, FALSE, 2);
INSERT INTO questions_answers (question_id, sentence, sentence_translation, is_correct, "order") VALUES (84200004, '無礼で失礼な表現になり、上司の教えを見下した印象', NULL, TRUE, 3);
INSERT INTO questions_answers (question_id, sentence, sentence_translation, is_correct, "order") VALUES (84200004, 'より友達同士のような親密な関係を表す', NULL, FALSE, 4);
INSERT INTO questions (id, user_id, is_system, is_khoa_cu, question_type, content_type, level, selection_type, question, passage, passage_translation, general_explanation, skill_category, base_difficulty, tenant_id, is_active, is_deleted, created_at, created_by) VALUES (84200005, NULL, TRUE, FALSE, 'reading', 'keigo_dokkai_juzu_doushi', NULL, 'single', '山本さんがこの電話で最も求めていることは何ですか。

Điều mà Yamamoto tìm kiếm nhiều nhất trong cuộc gọi này là gì?', '8010402', 'Nhân viên lễ tân ghi lại cuộc gọi từ công ty khách hàng muốn hợp tác với công ty.', 'Yamamoto nói ''いただきたい'' (muốn nhận) về technical support trước, rồi ''いただけますでしょうか'' (có thể cung cấp được không) về training. Đây là hai yêu cầu chính.', 'dokkai', 1, 'system', TRUE, FALSE, NOW(), 'system') ON CONFLICT (id) DO UPDATE SET question_type = EXCLUDED.question_type, content_type = EXCLUDED.content_type, level = EXCLUDED.level, question = EXCLUDED.question, passage = EXCLUDED.passage, passage_translation = EXCLUDED.passage_translation, general_explanation = EXCLUDED.general_explanation, skill_category = EXCLUDED.skill_category, base_difficulty = EXCLUDED.base_difficulty, is_active = EXCLUDED.is_active, is_deleted = EXCLUDED.is_deleted, updated_at = NOW(), updated_by = 'system';
DELETE FROM questions_answers WHERE question_id = 84200005;
INSERT INTO questions_answers (question_id, sentence, sentence_translation, is_correct, "order") VALUES (84200005, 'システムの価格交渉', NULL, FALSE, 1);
INSERT INTO questions_answers (question_id, sentence, sentence_translation, is_correct, "order") VALUES (84200005, '技術サポートと導入後のトレーニング時間', NULL, TRUE, 2);
INSERT INTO questions_answers (question_id, sentence, sentence_translation, is_correct, "order") VALUES (84200005, 'システムの販売権', NULL, FALSE, 3);
INSERT INTO questions_answers (question_id, sentence, sentence_translation, is_correct, "order") VALUES (84200005, '競合企業の紹介', NULL, FALSE, 4);
INSERT INTO questions (id, user_id, is_system, is_khoa_cu, question_type, content_type, level, selection_type, question, passage, passage_translation, general_explanation, skill_category, base_difficulty, tenant_id, is_active, is_deleted, created_at, created_by) VALUES (84200006, NULL, TRUE, FALSE, 'reading', 'keigo_dokkai_juzu_doushi', NULL, 'single', '「非常に高い評価をいただきました」という表現について、どのようなニュアンスが隠れていますか。

Trong ''Nhận được đánh giá rất cao (いただきました)'', có ý nghĩa tiềm ẩn nào?', '8010402', 'Nhân viên lễ tân ghi lại cuộc gọi từ công ty khách hàng muốn hợp tác với công ty.', 'いただく (nhận từ người cao) ở đây là cách lịch sự để nói ''chúng tôi nhận được đánh giá từ bạn'', thể hiện sự cảm ơn và tôn trọng.', 'dokkai', 1, 'system', TRUE, FALSE, NOW(), 'system') ON CONFLICT (id) DO UPDATE SET question_type = EXCLUDED.question_type, content_type = EXCLUDED.content_type, level = EXCLUDED.level, question = EXCLUDED.question, passage = EXCLUDED.passage, passage_translation = EXCLUDED.passage_translation, general_explanation = EXCLUDED.general_explanation, skill_category = EXCLUDED.skill_category, base_difficulty = EXCLUDED.base_difficulty, is_active = EXCLUDED.is_active, is_deleted = EXCLUDED.is_deleted, updated_at = NOW(), updated_by = 'system';
DELETE FROM questions_answers WHERE question_id = 84200006;
INSERT INTO questions_answers (question_id, sentence, sentence_translation, is_correct, "order") VALUES (84200006, '貴社が高い評価を与えているのは、弊社が優れているから', NULL, FALSE, 1);
INSERT INTO questions_answers (question_id, sentence, sentence_translation, is_correct, "order") VALUES (84200006, '弊社のIT部門が貴社のシステムを高く評価した、という事実', NULL, FALSE, 2);
INSERT INTO questions_answers (question_id, sentence, sentence_translation, is_correct, "order") VALUES (84200006, '山本さんが貴社から受け取った高い評価に感謝し、恭順な姿勢を示している', NULL, TRUE, 3);
INSERT INTO questions_answers (question_id, sentence, sentence_translation, is_correct, "order") VALUES (84200006, 'システムはあまり良くなかったが、社交辞令として褒めている', NULL, FALSE, 4);
INSERT INTO questions (id, user_id, is_system, is_khoa_cu, question_type, content_type, level, selection_type, question, passage, passage_translation, general_explanation, skill_category, base_difficulty, tenant_id, is_active, is_deleted, created_at, created_by) VALUES (84200007, NULL, TRUE, FALSE, 'reading', 'keigo_dokkai_juzu_doushi', NULL, 'single', '「ご相談させていただきたく」と「サポートをいただきたい」という二つの授受動詞の使い方で、誰が誰に何をしているか、最も正確な説明はどれですか。

Trong hai cách nói ''させていただきたく'' (xin được) và ''いただきたい'' (muốn nhận), ai làm gì cho ai?', '8010402', 'Nhân viên lễ tân ghi lại cuộc gọi từ công ty khách hàng muốn hợp tác với công ty.', 'させていただきたく (xin được tham ý kiến) — Yamamoto xin phép thảo luận. いただきたい (muốn nhận) — muốn nhận support. Cả hai đều là yêu cầu lịch sự từ người dưới.', 'dokkai', 1, 'system', TRUE, FALSE, NOW(), 'system') ON CONFLICT (id) DO UPDATE SET question_type = EXCLUDED.question_type, content_type = EXCLUDED.content_type, level = EXCLUDED.level, question = EXCLUDED.question, passage = EXCLUDED.passage, passage_translation = EXCLUDED.passage_translation, general_explanation = EXCLUDED.general_explanation, skill_category = EXCLUDED.skill_category, base_difficulty = EXCLUDED.base_difficulty, is_active = EXCLUDED.is_active, is_deleted = EXCLUDED.is_deleted, updated_at = NOW(), updated_by = 'system';
DELETE FROM questions_answers WHERE question_id = 84200007;
INSERT INTO questions_answers (question_id, sentence, sentence_translation, is_correct, "order") VALUES (84200007, '弊社が貴社に相談することについて許可を求め、技術サポートを受けたいと言っている', NULL, TRUE, 1);
INSERT INTO questions_answers (question_id, sentence, sentence_translation, is_correct, "order") VALUES (84200007, '貴社が弊社に相談を強要して、技術サポートを命じている', NULL, FALSE, 2);
INSERT INTO questions_answers (question_id, sentence, sentence_translation, is_correct, "order") VALUES (84200007, '弊社が貴社のシステムについて判断を与え、貴社がそれに従っている', NULL, FALSE, 3);
INSERT INTO questions_answers (question_id, sentence, sentence_translation, is_correct, "order") VALUES (84200007, '貴社が弊社に相談内容を提供し、弊社がそれを評価している', NULL, FALSE, 4);
INSERT INTO questions (id, user_id, is_system, is_khoa_cu, question_type, content_type, level, selection_type, question, passage, passage_translation, general_explanation, skill_category, base_difficulty, tenant_id, is_active, is_deleted, created_at, created_by) VALUES (84200008, NULL, TRUE, FALSE, 'reading', 'keigo_dokkai_juzu_doushi', NULL, 'single', '「トレーニングを実施していただける時間をお作りいただけますでしょうか」という長い表現は、実質的にはどのような依頼を表していますか。

Câu dài ''Bạn có thể (いただけます) tạo ra thời gian để (いただける) thực hiện training'' là yêu cầu gì?', '8010402', 'Nhân viên lễ tân ghi lại cuộc gọi từ công ty khách hàng muốn hợp tác với công ty.', 'この複雑な表現は本質的には: ''Vui lòng tạo ra thời gian để thực hiện training cho chúng tôi'' — xin phép/xin vui lòng sắp xếp thời gian training.', 'dokkai', 1, 'system', TRUE, FALSE, NOW(), 'system') ON CONFLICT (id) DO UPDATE SET question_type = EXCLUDED.question_type, content_type = EXCLUDED.content_type, level = EXCLUDED.level, question = EXCLUDED.question, passage = EXCLUDED.passage, passage_translation = EXCLUDED.passage_translation, general_explanation = EXCLUDED.general_explanation, skill_category = EXCLUDED.skill_category, base_difficulty = EXCLUDED.base_difficulty, is_active = EXCLUDED.is_active, is_deleted = EXCLUDED.is_deleted, updated_at = NOW(), updated_by = 'system';
DELETE FROM questions_answers WHERE question_id = 84200008;
INSERT INTO questions_answers (question_id, sentence, sentence_translation, is_correct, "order") VALUES (84200008, 'トレーニングの日程を決めてほしいという依頼', NULL, TRUE, 1);
INSERT INTO questions_answers (question_id, sentence, sentence_translation, is_correct, "order") VALUES (84200008, '貴社の時間が足りないので、弊社が時間をあげるという申し出', NULL, FALSE, 2);
INSERT INTO questions_answers (question_id, sentence, sentence_translation, is_correct, "order") VALUES (84200008, '弊社が貴社に時間を与える提案', NULL, FALSE, 3);
INSERT INTO questions_answers (question_id, sentence, sentence_translation, is_correct, "order") VALUES (84200008, 'トレーニングは必要ないという拒絶', NULL, FALSE, 4);
INSERT INTO questions (id, user_id, is_system, is_khoa_cu, question_type, content_type, level, selection_type, question, passage, passage_translation, general_explanation, skill_category, base_difficulty, tenant_id, is_active, is_deleted, created_at, created_by) VALUES (84200009, NULL, TRUE, FALSE, 'reading', 'keigo_dokkai_juzu_doushi', NULL, 'single', 'A社様が「この修正案で進めていただきたい」と言った時、誰が誰に何をするということを求めていますか。

Khi A社 nói ''xin hãy (いただきたい) tiến hành theo đề án sửa đổi'', ai yêu cầu ai làm gì?', '8010403', 'Nhân viên báo cáo tiến độ dự án và nhờ sếp phê duyệt các bước tiếp theo.', 'いただきたい ở đây: người khách hàng (A社) là người yêu cầu, người được yêu cầu là công ty của Aoyama. Chiều: từ khách (cao hơn) → nhà thầu (thấp hơn).', 'dokkai', 1, 'system', TRUE, FALSE, NOW(), 'system') ON CONFLICT (id) DO UPDATE SET question_type = EXCLUDED.question_type, content_type = EXCLUDED.content_type, level = EXCLUDED.level, question = EXCLUDED.question, passage = EXCLUDED.passage, passage_translation = EXCLUDED.passage_translation, general_explanation = EXCLUDED.general_explanation, skill_category = EXCLUDED.skill_category, base_difficulty = EXCLUDED.base_difficulty, is_active = EXCLUDED.is_active, is_deleted = EXCLUDED.is_deleted, updated_at = NOW(), updated_by = 'system';
DELETE FROM questions_answers WHERE question_id = 84200009;
INSERT INTO questions_answers (question_id, sentence, sentence_translation, is_correct, "order") VALUES (84200009, 'A社が青山さんの会社に、修正案で進めることを許可している', NULL, FALSE, 1);
INSERT INTO questions_answers (question_id, sentence, sentence_translation, is_correct, "order") VALUES (84200009, 'A社が青山さんの会社に対して、修正案で進めることを依頼・許可している', NULL, TRUE, 2);
INSERT INTO questions_answers (question_id, sentence, sentence_translation, is_correct, "order") VALUES (84200009, '青山さんの会社がA社に修正案の実行を強要している', NULL, FALSE, 3);
INSERT INTO questions_answers (question_id, sentence, sentence_translation, is_correct, "order") VALUES (84200009, 'A社がA社自身で修正案を進めることを宣言している', NULL, FALSE, 4);
INSERT INTO questions (id, user_id, is_system, is_khoa_cu, question_type, content_type, level, selection_type, question, passage, passage_translation, general_explanation, skill_category, base_difficulty, tenant_id, is_active, is_deleted, created_at, created_by) VALUES (84200010, NULL, TRUE, FALSE, 'reading', 'keigo_dokkai_juzu_doushi', NULL, 'single', '「弊社の企画部門がプロジェクト案を修正させていただきました」という表現で、「させていただく」が使われている理由として、最も適切なのはどれですか。

Trong ''Bộ phận lập kế hoạch của chúng tôi đã (させていただき) sửa đổi đề án'', tại sao dùng ''させていただく''?', '8010403', 'Nhân viên báo cáo tiến độ dự án và nhờ sếp phê duyệt các bước tiếp theo.', 'させていただく ở đây: ''Chúng tôi xin được sửa đổi (nhờ được phép/sự hỗ trợ từ bạn)''. Thể hiện sự tôn trọng hành động được thực hiện dưới sự chỉ dẫn/cho phép.', 'dokkai', 1, 'system', TRUE, FALSE, NOW(), 'system') ON CONFLICT (id) DO UPDATE SET question_type = EXCLUDED.question_type, content_type = EXCLUDED.content_type, level = EXCLUDED.level, question = EXCLUDED.question, passage = EXCLUDED.passage, passage_translation = EXCLUDED.passage_translation, general_explanation = EXCLUDED.general_explanation, skill_category = EXCLUDED.skill_category, base_difficulty = EXCLUDED.base_difficulty, is_active = EXCLUDED.is_active, is_deleted = EXCLUDED.is_deleted, updated_at = NOW(), updated_by = 'system';
DELETE FROM questions_answers WHERE question_id = 84200010;
INSERT INTO questions_answers (question_id, sentence, sentence_translation, is_correct, "order") VALUES (84200010, '修正権が自社にあるので、自分たちが修正したことを主張するため', NULL, FALSE, 1);
INSERT INTO questions_answers (question_id, sentence, sentence_translation, is_correct, "order") VALUES (84200010, '顧客や上司の許可・指示のもとで修正行為を行ったことへの感謝と敬意を示すため', NULL, TRUE, 2);
INSERT INTO questions_answers (question_id, sentence, sentence_translation, is_correct, "order") VALUES (84200010, '修正案は失敗する可能性が高いので、事前に言い訳するため', NULL, FALSE, 3);
INSERT INTO questions_answers (question_id, sentence, sentence_translation, is_correct, "order") VALUES (84200010, '修正は簡単な作業なので、丁寧に言う必要がない', NULL, FALSE, 4);
INSERT INTO questions (id, user_id, is_system, is_khoa_cu, question_type, content_type, level, selection_type, question, passage, passage_translation, general_explanation, skill_category, base_difficulty, tenant_id, is_active, is_deleted, created_at, created_by) VALUES (84200011, NULL, TRUE, FALSE, 'reading', 'keigo_dokkai_juzu_doushi', NULL, 'single', '「施工業者に対して当初の契約内容変更手続きをさせていただきたく、お力添えをいただければ幸いです」という文から、青山さんの意図として最も正確なのはどれですか。

Từ ''Xin được (させていただきたく) thực hiện thủ tục thay đổi hợp đồng với nhà thầu施工, xin vui lòng (いただければ) hỗ trợ'', ý định nào chính xác?', '8010403', 'Nhân viên báo cáo tiến độ dự án và nhờ sếp phê duyệt các bước tiếp theo.', 'させていただきたく (xin được làm) + いただければ (nếu bạn cho phép/hỗ trợ) = Aoyama xin phép từ sếp để thực hiện và xin sự hỗ trợ.', 'dokkai', 1, 'system', TRUE, FALSE, NOW(), 'system') ON CONFLICT (id) DO UPDATE SET question_type = EXCLUDED.question_type, content_type = EXCLUDED.content_type, level = EXCLUDED.level, question = EXCLUDED.question, passage = EXCLUDED.passage, passage_translation = EXCLUDED.passage_translation, general_explanation = EXCLUDED.general_explanation, skill_category = EXCLUDED.skill_category, base_difficulty = EXCLUDED.base_difficulty, is_active = EXCLUDED.is_active, is_deleted = EXCLUDED.is_deleted, updated_at = NOW(), updated_by = 'system';
DELETE FROM questions_answers WHERE question_id = 84200011;
INSERT INTO questions_answers (question_id, sentence, sentence_translation, is_correct, "order") VALUES (84200011, '青山さんが施工業者を支配下に置こうとしている', NULL, FALSE, 1);
INSERT INTO questions_answers (question_id, sentence, sentence_translation, is_correct, "order") VALUES (84200011, '青山さんが上司に依頼し、契約変更を実行する許可と支援を求めている', NULL, TRUE, 2);
INSERT INTO questions_answers (question_id, sentence, sentence_translation, is_correct, "order") VALUES (84200011, '施工業者に対して上司から権力を借りて、命令を下したいと言っている', NULL, FALSE, 3);
INSERT INTO questions_answers (question_id, sentence, sentence_translation, is_correct, "order") VALUES (84200011, '青山さんが契約変更について全責任を取る申し出', NULL, FALSE, 4);
INSERT INTO questions (id, user_id, is_system, is_khoa_cu, question_type, content_type, level, selection_type, question, passage, passage_translation, general_explanation, skill_category, base_difficulty, tenant_id, is_active, is_deleted, created_at, created_by) VALUES (84200012, NULL, TRUE, FALSE, 'reading', 'keigo_dokkai_juzu_doushi', NULL, 'single', '報告書全体を通じて、「いただく」や「させていただく」を繰り返し使うことで、青山さんはどのような態度を表現していますか。

Dùng liên tục ''いただく'' và ''させていただく'' trong báo cáo, Aoyama thể hiện thái độ nào?', '8010403', 'Nhân viên báo cáo tiến độ dự án và nhờ sếp phê duyệt các bước tiếp theo.', 'Sử dụng 敬語 như này một cách thích hợp (không quá) thể hiện: sự tôn trọng sếp, thừa nhận sự hỗ trợ của họ, và sự chuyên nghiệp.', 'dokkai', 1, 'system', TRUE, FALSE, NOW(), 'system') ON CONFLICT (id) DO UPDATE SET question_type = EXCLUDED.question_type, content_type = EXCLUDED.content_type, level = EXCLUDED.level, question = EXCLUDED.question, passage = EXCLUDED.passage, passage_translation = EXCLUDED.passage_translation, general_explanation = EXCLUDED.general_explanation, skill_category = EXCLUDED.skill_category, base_difficulty = EXCLUDED.base_difficulty, is_active = EXCLUDED.is_active, is_deleted = EXCLUDED.is_deleted, updated_at = NOW(), updated_by = 'system';
DELETE FROM questions_answers WHERE question_id = 84200012;
INSERT INTO questions_answers (question_id, sentence, sentence_translation, is_correct, "order") VALUES (84200012, 'すべての問題を上司のせいにして、責任を逃げようとしている', NULL, FALSE, 1);
INSERT INTO questions_answers (question_id, sentence, sentence_translation, is_correct, "order") VALUES (84200012, '自分たちの仕事の成功は、上司の指導と支援があってこそだと認識し、謙虚な姿勢で報告している', NULL, TRUE, 2);
INSERT INTO questions_answers (question_id, sentence, sentence_translation, is_correct, "order") VALUES (84200012, '上司を褒めるために、過度にへりくだって表現している', NULL, FALSE, 3);
INSERT INTO questions_answers (question_id, sentence, sentence_translation, is_correct, "order") VALUES (84200012, '仕事の内容よりも敬語の使い方を重視している', NULL, FALSE, 4);
INSERT INTO questions (id, user_id, is_system, is_khoa_cu, question_type, content_type, level, selection_type, question, passage, passage_translation, general_explanation, skill_category, base_difficulty, tenant_id, is_active, is_deleted, created_at, created_by) VALUES (84200013, NULL, TRUE, FALSE, 'reading', 'keigo_dokkai_juzu_doushi', NULL, 'single', 'この議事録に登場する3つの立場（A社顧客の要望、B社の工事日程、C社の部品納期）の関係として、誰が誰に何をお願いする必要があるかを説明しているのはどれですか。

Trong 3 bên (khách của A, lịch của B, bộ phận của C), ai cần xin ai làm gì?', '8010404', 'Biên bản họp ghi lại thảo luận về hợp tác giữa 3 công ty: Công ty A (chủ), Công ty B (nhà thầu), và Công ty C (nhà cung cấp).', 'Quyết định cuối cùng: ''B社とA社が協力して、C社に対し...お願いすることを決定''. Đây là hợp tác B + A → C để giải quyết vấn đề chung.', 'dokkai', 1, 'system', TRUE, FALSE, NOW(), 'system') ON CONFLICT (id) DO UPDATE SET question_type = EXCLUDED.question_type, content_type = EXCLUDED.content_type, level = EXCLUDED.level, question = EXCLUDED.question, passage = EXCLUDED.passage, passage_translation = EXCLUDED.passage_translation, general_explanation = EXCLUDED.general_explanation, skill_category = EXCLUDED.skill_category, base_difficulty = EXCLUDED.base_difficulty, is_active = EXCLUDED.is_active, is_deleted = EXCLUDED.is_deleted, updated_at = NOW(), updated_by = 'system';
DELETE FROM questions_answers WHERE question_id = 84200013;
INSERT INTO questions_answers (question_id, sentence, sentence_translation, is_correct, "order") VALUES (84200013, 'A社がB社にお願いし、B社がC社にお願いする一方向の関係', NULL, FALSE, 1);
INSERT INTO questions_answers (question_id, sentence, sentence_translation, is_correct, "order") VALUES (84200013, 'B社がA社にお願いし、A社がC社にお願いする別の一方向の関係', NULL, FALSE, 2);
INSERT INTO questions_answers (question_id, sentence, sentence_translation, is_correct, "order") VALUES (84200013, 'A社とB社が協力してC社に対してお願いする関係で、最終的には顧客の要望を満たすための協力構造', NULL, TRUE, 3);
INSERT INTO questions_answers (question_id, sentence, sentence_translation, is_correct, "order") VALUES (84200013, 'C社が全て決定権を持っていて、他の二社はそれに従うだけ', NULL, FALSE, 4);
INSERT INTO questions (id, user_id, is_system, is_khoa_cu, question_type, content_type, level, selection_type, question, passage, passage_translation, general_explanation, skill_category, base_difficulty, tenant_id, is_active, is_deleted, created_at, created_by) VALUES (84200014, NULL, TRUE, FALSE, 'reading', 'keigo_dokkai_juzu_doushi', NULL, 'single', '山田部長の発言で、「B社ではそれに基づいて工事日程を立てておられます」と「C社佐藤さんが部品の最終納期を5月10日とおっしゃっておられるため」という二つの表現について、授受動詞の関連性として、最も正確な説明はどれですか。

Hai cách nói về B社 ''đang lập lịch (おられます)'' và C社 ''đang nói (おっしゃっておられる)'' — điểm chung nào?', '8010404', 'Biên bản họp ghi lại thảo luận về hợp tác giữa 3 công ty: Công ty A (chủ), Công ty B (nhà thầu), và Công ty C (nhà cung cấp).', 'おられます / おっしゃっておられるため: cả hai đều dùng 敬語 để nói về hành động chủ động của B và C. Nhưng chiều nhân quả: C→B (C quyết định → B làm theo).', 'dokkai', 1, 'system', TRUE, FALSE, NOW(), 'system') ON CONFLICT (id) DO UPDATE SET question_type = EXCLUDED.question_type, content_type = EXCLUDED.content_type, level = EXCLUDED.level, question = EXCLUDED.question, passage = EXCLUDED.passage, passage_translation = EXCLUDED.passage_translation, general_explanation = EXCLUDED.general_explanation, skill_category = EXCLUDED.skill_category, base_difficulty = EXCLUDED.base_difficulty, is_active = EXCLUDED.is_active, is_deleted = EXCLUDED.is_deleted, updated_at = NOW(), updated_by = 'system';
DELETE FROM questions_answers WHERE question_id = 84200014;
INSERT INTO questions_answers (question_id, sentence, sentence_translation, is_correct, "order") VALUES (84200014, 'どちらも敬意を持って相手の行動を説明しており、B社とC社の双方が主体的に行動していることを示している', NULL, TRUE, 1);
INSERT INTO questions_answers (question_id, sentence, sentence_translation, is_correct, "order") VALUES (84200014, 'どちらも同じ授受動詞を使っているため、意味が全く同じ', NULL, FALSE, 2);
INSERT INTO questions_answers (question_id, sentence, sentence_translation, is_correct, "order") VALUES (84200014, 'B社の行動はC社の決定によって制約されている従属関係を表している', NULL, FALSE, 3);
INSERT INTO questions_answers (question_id, sentence, sentence_translation, is_correct, "order") VALUES (84200014, 'B社とC社は対等な立場で、どちらが決定権を持つか不明確', NULL, FALSE, 4);
INSERT INTO questions (id, user_id, is_system, is_khoa_cu, question_type, content_type, level, selection_type, question, passage, passage_translation, general_explanation, skill_category, base_difficulty, tenant_id, is_active, is_deleted, created_at, created_by) VALUES (84200015, NULL, TRUE, FALSE, 'reading', 'keigo_dokkai_juzu_doushi', NULL, 'single', 'B社田中さんの「C社にこちらからご連絡させていただき、部品納期の前倒しについてお願いさせていただきたいのですが」という提案における、「させていただきたい」の意図として、最も適切な説明はどれですか。

Trong đề xuất của Tanaka ''Xin được (させていただき) liên lạc...và xin được (させていただきたい) yêu cầu'', ý định là gì?', '8010404', 'Biên bản họp ghi lại thảo luận về hợp tác giữa 3 công ty: Công ty A (chủ), Công ty B (nhà thầu), và Công ty C (nhà cung cấp).', 'させていただきたい (xin được) là cách B社 xin phép từ A社 trước khi tự mình liên lạc C社. Thể hiện sự tôn trọng thứ bậc: B lấy ý kiến A trước, rồi mới hành động.', 'dokkai', 1, 'system', TRUE, FALSE, NOW(), 'system') ON CONFLICT (id) DO UPDATE SET question_type = EXCLUDED.question_type, content_type = EXCLUDED.content_type, level = EXCLUDED.level, question = EXCLUDED.question, passage = EXCLUDED.passage, passage_translation = EXCLUDED.passage_translation, general_explanation = EXCLUDED.general_explanation, skill_category = EXCLUDED.skill_category, base_difficulty = EXCLUDED.base_difficulty, is_active = EXCLUDED.is_active, is_deleted = EXCLUDED.is_deleted, updated_at = NOW(), updated_by = 'system';
DELETE FROM questions_answers WHERE question_id = 84200015;
INSERT INTO questions_answers (question_id, sentence, sentence_translation, is_correct, "order") VALUES (84200015, 'B社が独断的にC社に直接連絡して、要求を押し付ける意図', NULL, FALSE, 1);
INSERT INTO questions_answers (question_id, sentence, sentence_translation, is_correct, "order") VALUES (84200015, 'B社がA社の許可を得たうえで、C社と連絡を取りたいという提案', NULL, TRUE, 2);
INSERT INTO questions_answers (question_id, sentence, sentence_translation, is_correct, "order") VALUES (84200015, 'C社に対して命令的に指示する意図', NULL, FALSE, 3);
INSERT INTO questions_answers (question_id, sentence, sentence_translation, is_correct, "order") VALUES (84200015, 'A社とB社の間に競争関係があり、B社が優位に立ちたい意図', NULL, FALSE, 4);
INSERT INTO questions (id, user_id, is_system, is_khoa_cu, question_type, content_type, level, selection_type, question, passage, passage_translation, general_explanation, skill_category, base_difficulty, tenant_id, is_active, is_deleted, created_at, created_by) VALUES (84200016, NULL, TRUE, FALSE, 'reading', 'keigo_dokkai_juzu_doushi', NULL, 'single', '最終的な決議「B社とA社が協力して、C社に対し、部品納期の前倒しについて正式にお願いすることを決定いたしました」で、3つの会社の立場関係として、最も正確に言えることは何ですか。

Quyết định ''B và A hợp tác yêu cầu C'' thể hiện mối quan hệ ba bên như thế nào?', '8010404', 'Biên bản họp ghi lại thảo luận về hợp tác giữa 3 công ty: Công ty A (chủ), Công ty B (nhà thầu), và Công ty C (nhà cung cấp).', '協力 (kyōryoku) = cùng làm việc. ''B社とA社が'' = cộng với. ''C社に対し'' = hướng đến C. ''お願いする'' = yêu cầu lịch sự. Quan hệ: B+A → C (liên minh để yêu cầu).', 'dokkai', 1, 'system', TRUE, FALSE, NOW(), 'system') ON CONFLICT (id) DO UPDATE SET question_type = EXCLUDED.question_type, content_type = EXCLUDED.content_type, level = EXCLUDED.level, question = EXCLUDED.question, passage = EXCLUDED.passage, passage_translation = EXCLUDED.passage_translation, general_explanation = EXCLUDED.general_explanation, skill_category = EXCLUDED.skill_category, base_difficulty = EXCLUDED.base_difficulty, is_active = EXCLUDED.is_active, is_deleted = EXCLUDED.is_deleted, updated_at = NOW(), updated_by = 'system';
DELETE FROM questions_answers WHERE question_id = 84200016;
INSERT INTO questions_answers (question_id, sentence, sentence_translation, is_correct, "order") VALUES (84200016, 'A社が上位で、B社とC社を支配している', NULL, FALSE, 1);
INSERT INTO questions_answers (question_id, sentence, sentence_translation, is_correct, "order") VALUES (84200016, 'B社とA社が同等の立場で、C社に対して共同で依頼する関係', NULL, TRUE, 2);
INSERT INTO questions_answers (question_id, sentence, sentence_translation, is_correct, "order") VALUES (84200016, 'C社が最も重要な立場で、他の二社はそれに従う', NULL, FALSE, 3);
INSERT INTO questions_answers (question_id, sentence, sentence_translation, is_correct, "order") VALUES (84200016, '三社が競合する関係で、C社に圧力をかけている', NULL, FALSE, 4);
INSERT INTO questions (id, user_id, is_system, is_khoa_cu, question_type, content_type, level, selection_type, question, passage, passage_translation, general_explanation, skill_category, base_difficulty, tenant_id, is_active, is_deleted, created_at, created_by) VALUES (84200017, NULL, TRUE, FALSE, 'reading', 'keigo_dokkai_juzu_doushi', NULL, 'single', 'この文書で使用されている「賜る」という授受動詞の機能として、最も正確な説明はどれですか。

Từ ''để được trao tặng/cấp (賜る)'' được sử dụng ở đây nhằm mục đích gì?', '8010405', 'Công ty Nhật Bản (chủ dự án) gửi công văn chính thức cho công ty nước ngoài (đối tác) để yêu cầu hợp tác và cấp dữ liệu kỹ thuật.', '賜る (tamawarū) là dạng tôn kính của いただく, dùng trong các tình huống rất chính thức (công văn, tờ rơi chính phủ). Ở đây là cách yêu cầu cao nhất từ công ty Nhật đến đối tác quốc tế.', 'dokkai', 1, 'system', TRUE, FALSE, NOW(), 'system') ON CONFLICT (id) DO UPDATE SET question_type = EXCLUDED.question_type, content_type = EXCLUDED.content_type, level = EXCLUDED.level, question = EXCLUDED.question, passage = EXCLUDED.passage, passage_translation = EXCLUDED.passage_translation, general_explanation = EXCLUDED.general_explanation, skill_category = EXCLUDED.skill_category, base_difficulty = EXCLUDED.base_difficulty, is_active = EXCLUDED.is_active, is_deleted = EXCLUDED.is_deleted, updated_at = NOW(), updated_by = 'system';
DELETE FROM questions_answers WHERE question_id = 84200017;
INSERT INTO questions_answers (question_id, sentence, sentence_translation, is_correct, "order") VALUES (84200017, '相手に強く命令し、絶対に従うよう要求する表現', NULL, FALSE, 1);
INSERT INTO questions_answers (question_id, sentence, sentence_translation, is_correct, "order") VALUES (84200017, '相手からの支援や提供を受けることを、最も正式かつ敬意をもって表現する方法', NULL, TRUE, 2);
INSERT INTO questions_answers (question_id, sentence, sentence_translation, is_correct, "order") VALUES (84200017, '弊社が相手に何かを与える申し出として使用される表現', NULL, FALSE, 3);
INSERT INTO questions_answers (question_id, sentence, sentence_translation, is_correct, "order") VALUES (84200017, '相手の行動が失敗する可能性を事前に示唆する表現', NULL, FALSE, 4);
INSERT INTO questions (id, user_id, is_system, is_khoa_cu, question_type, content_type, level, selection_type, question, passage, passage_translation, general_explanation, skill_category, base_difficulty, tenant_id, is_active, is_deleted, created_at, created_by) VALUES (84200018, NULL, TRUE, FALSE, 'reading', 'keigo_dokkai_juzu_doushi', NULL, 'single', '「導入させていただきたく」「設計をさせていただきたい」「指導をいただき」という三つの表現における授受動詞の使い方の違いとして、誰が誰に何をしているかを最も正確に説明しているのはどれですか。

Ba cách ''xin được (させていただきたく)'', ''xin được (させていただきたい)'', ''xin nhận (いただき)'' thể hiện chiều nào?', '8010405', 'Công ty Nhật Bản (chủ dự án) gửi công văn chính thức cho công ty nước ngoài (đối tác) để yêu cầu hợp tác và cấp dữ liệu kỹ thuật.', 'させていただく: ''Chúng tôi xin được...'' (chủ động nhưng xin phép). いただく: ''Chúng tôi xin nhận từ bạn...'' (nhận từ bên kia). Cộng lại = hợp tác 2 bên, mỗi bên có vai trò.', 'dokkai', 1, 'system', TRUE, FALSE, NOW(), 'system') ON CONFLICT (id) DO UPDATE SET question_type = EXCLUDED.question_type, content_type = EXCLUDED.content_type, level = EXCLUDED.level, question = EXCLUDED.question, passage = EXCLUDED.passage, passage_translation = EXCLUDED.passage_translation, general_explanation = EXCLUDED.general_explanation, skill_category = EXCLUDED.skill_category, base_difficulty = EXCLUDED.base_difficulty, is_active = EXCLUDED.is_active, is_deleted = EXCLUDED.is_deleted, updated_at = NOW(), updated_by = 'system';
DELETE FROM questions_answers WHERE question_id = 84200018;
INSERT INTO questions_answers (question_id, sentence, sentence_translation, is_correct, "order") VALUES (84200018, 'すべてが弊社が相手にお願いする一方向の関係', NULL, FALSE, 1);
INSERT INTO questions_answers (question_id, sentence, sentence_translation, is_correct, "order") VALUES (84200018, '弊社が相手の技術を導入・設計する（させていただく）ことと、相手から指導を受ける（いただく）という双方向の関係構造', NULL, TRUE, 2);
INSERT INTO questions_answers (question_id, sentence, sentence_translation, is_correct, "order") VALUES (84200018, '弊社が独断的に決めており、相手の意見は関係ない', NULL, FALSE, 3);
INSERT INTO questions_answers (question_id, sentence, sentence_translation, is_correct, "order") VALUES (84200018, '相手が主体的に全てを決めており、弊社は従うだけ', NULL, FALSE, 4);
INSERT INTO questions (id, user_id, is_system, is_khoa_cu, question_type, content_type, level, selection_type, question, passage, passage_translation, general_explanation, skill_category, base_difficulty, tenant_id, is_active, is_deleted, created_at, created_by) VALUES (84200019, NULL, TRUE, FALSE, 'reading', 'keigo_dokkai_juzu_doushi', NULL, 'single', '「弊社の技術部門が、これらの資料に基づいて、当地の気候風土及び社会基盤に適合するシステム設計をさせていただきたいと考えております」という文から、弊社の立場として最も正確に言えることは何ですか。

Từ câu ''Bộ phận kỹ thuật của chúng tôi muốn được (させていただきたい) thiết kế hệ thống phù hợp...'', vị trí của công ty Nhật là gì?', '8010405', 'Công ty Nhật Bản (chủ dự án) gửi công văn chính thức cho công ty nước ngoài (đối tác) để yêu cầu hợp tác và cấp dữ liệu kỹ thuật.', 'Cấu trúc: 資料を受け取って (いただき) → 設計をする (させていただく) = nhận từ bên kia, rồi tự chủ động thiết kế. Thể hiện: chúng tôi có năng lực nhưng cần sự hỗ trợ.', 'dokkai', 1, 'system', TRUE, FALSE, NOW(), 'system') ON CONFLICT (id) DO UPDATE SET question_type = EXCLUDED.question_type, content_type = EXCLUDED.content_type, level = EXCLUDED.level, question = EXCLUDED.question, passage = EXCLUDED.passage, passage_translation = EXCLUDED.passage_translation, general_explanation = EXCLUDED.general_explanation, skill_category = EXCLUDED.skill_category, base_difficulty = EXCLUDED.base_difficulty, is_active = EXCLUDED.is_active, is_deleted = EXCLUDED.is_deleted, updated_at = NOW(), updated_by = 'system';
DELETE FROM questions_answers WHERE question_id = 84200019;
INSERT INTO questions_answers (question_id, sentence, sentence_translation, is_correct, "order") VALUES (84200019, '貴社の資料を受け取るだけで、独立して設計を進める', NULL, FALSE, 1);
INSERT INTO questions_answers (question_id, sentence, sentence_translation, is_correct, "order") VALUES (84200019, '貴社の技術に完全に依存しており、設計能力がない', NULL, FALSE, 2);
INSERT INTO questions_answers (question_id, sentence, sentence_translation, is_correct, "order") VALUES (84200019, '貴社の資料をベースに、弊社の技術で現地適応設計を行う能力があることを示しながら、協力を求めている', NULL, TRUE, 3);
INSERT INTO questions_answers (question_id, sentence, sentence_translation, is_correct, "order") VALUES (84200019, '設計は貴社に全面委譲し、弊社は監督するだけ', NULL, FALSE, 4);
INSERT INTO questions (id, user_id, is_system, is_khoa_cu, question_type, content_type, level, selection_type, question, passage, passage_translation, general_explanation, skill_category, base_difficulty, tenant_id, is_active, is_deleted, created_at, created_by) VALUES (84200020, NULL, TRUE, FALSE, 'reading', 'keigo_dokkai_juzu_doushi', NULL, 'single', 'この公式文書全体の構造と授受動詞の使い方から見て、弊社と貴社（Global Tech Partners Inc.）の関係として、最も適切な説明はどれですか。

Từ toàn bộ cấu trúc và cách dùng 授受動詞, mối quan hệ giữa hai công ty là gì?', '8010405', 'Công ty Nhật Bản (chủ dự án) gửi công văn chính thức cho công ty nước ngoài (đối tác) để yêu cầu hợp tác và cấp dữ liệu kỹ thuật.', '敬語cấu trúc tinh tế: 賜る (tối cao), させていただく (xin được), いただく (xin nhận). Không phải áp đặt, không phải thuộc hạ, mà là: tôn trọng lẫn nhau, nhu cầu rõ ràng, mong đợi hợp tác dài hạn.', 'dokkai', 1, 'system', TRUE, FALSE, NOW(), 'system') ON CONFLICT (id) DO UPDATE SET question_type = EXCLUDED.question_type, content_type = EXCLUDED.content_type, level = EXCLUDED.level, question = EXCLUDED.question, passage = EXCLUDED.passage, passage_translation = EXCLUDED.passage_translation, general_explanation = EXCLUDED.general_explanation, skill_category = EXCLUDED.skill_category, base_difficulty = EXCLUDED.base_difficulty, is_active = EXCLUDED.is_active, is_deleted = EXCLUDED.is_deleted, updated_at = NOW(), updated_by = 'system';
DELETE FROM questions_answers WHERE question_id = 84200020;
INSERT INTO questions_answers (question_id, sentence, sentence_translation, is_correct, "order") VALUES (84200020, '弊社が上位で、貴社に命令する関係', NULL, FALSE, 1);
INSERT INTO questions_answers (question_id, sentence, sentence_translation, is_correct, "order") VALUES (84200020, '貴社が絶対的に優位で、弊社は完全に従属する関係', NULL, FALSE, 2);
INSERT INTO questions_answers (question_id, sentence, sentence_translation, is_correct, "order") VALUES (84200020, '大規模な技術移転と経済協力を目指し、賜る・させていただく・いただくを使い分けながら、相互尊重と対等なパートナーシップを構築しようとする関係', NULL, TRUE, 3);
INSERT INTO questions_answers (question_id, sentence, sentence_translation, is_correct, "order") VALUES (84200020, '単なる商業取引で、金銭で全てが決まる関係', NULL, FALSE, 4);

INSERT INTO study_question_sets (id, name, description, set_type, card_count, tenant_id, is_active, is_deleted, created_at, created_by) VALUES (80100420, '2.1.4 Mô Phỏng Đề Thi BJT Đọc Hiểu: 授受動詞 (Động từ Cho-Nhận) — Mô phỏng đề thi', 'Mô phỏng đề thi BJT đọc hiểu — 20 câu, 5 bài đọc.', 'reading', 20, 'system', TRUE, FALSE, NOW(), 'system') ON CONFLICT (id) DO UPDATE SET name = EXCLUDED.name, description = EXCLUDED.description, set_type = EXCLUDED.set_type, card_count = EXCLUDED.card_count, is_active = EXCLUDED.is_active, is_deleted = EXCLUDED.is_deleted, updated_at = NOW(), updated_by = 'system';
INSERT INTO study_question_set_questions (study_question_set_id, question_id, order_index, tenant_id, is_deleted, created_at, created_by) VALUES (80100420, 84200001, 1, 'system', FALSE, NOW(), 'system') ON CONFLICT (study_question_set_id, question_id) DO UPDATE SET order_index = EXCLUDED.order_index, is_deleted = FALSE;
INSERT INTO study_question_set_questions (study_question_set_id, question_id, order_index, tenant_id, is_deleted, created_at, created_by) VALUES (80100420, 84200002, 2, 'system', FALSE, NOW(), 'system') ON CONFLICT (study_question_set_id, question_id) DO UPDATE SET order_index = EXCLUDED.order_index, is_deleted = FALSE;
INSERT INTO study_question_set_questions (study_question_set_id, question_id, order_index, tenant_id, is_deleted, created_at, created_by) VALUES (80100420, 84200003, 3, 'system', FALSE, NOW(), 'system') ON CONFLICT (study_question_set_id, question_id) DO UPDATE SET order_index = EXCLUDED.order_index, is_deleted = FALSE;
INSERT INTO study_question_set_questions (study_question_set_id, question_id, order_index, tenant_id, is_deleted, created_at, created_by) VALUES (80100420, 84200004, 4, 'system', FALSE, NOW(), 'system') ON CONFLICT (study_question_set_id, question_id) DO UPDATE SET order_index = EXCLUDED.order_index, is_deleted = FALSE;
INSERT INTO study_question_set_questions (study_question_set_id, question_id, order_index, tenant_id, is_deleted, created_at, created_by) VALUES (80100420, 84200005, 5, 'system', FALSE, NOW(), 'system') ON CONFLICT (study_question_set_id, question_id) DO UPDATE SET order_index = EXCLUDED.order_index, is_deleted = FALSE;
INSERT INTO study_question_set_questions (study_question_set_id, question_id, order_index, tenant_id, is_deleted, created_at, created_by) VALUES (80100420, 84200006, 6, 'system', FALSE, NOW(), 'system') ON CONFLICT (study_question_set_id, question_id) DO UPDATE SET order_index = EXCLUDED.order_index, is_deleted = FALSE;
INSERT INTO study_question_set_questions (study_question_set_id, question_id, order_index, tenant_id, is_deleted, created_at, created_by) VALUES (80100420, 84200007, 7, 'system', FALSE, NOW(), 'system') ON CONFLICT (study_question_set_id, question_id) DO UPDATE SET order_index = EXCLUDED.order_index, is_deleted = FALSE;
INSERT INTO study_question_set_questions (study_question_set_id, question_id, order_index, tenant_id, is_deleted, created_at, created_by) VALUES (80100420, 84200008, 8, 'system', FALSE, NOW(), 'system') ON CONFLICT (study_question_set_id, question_id) DO UPDATE SET order_index = EXCLUDED.order_index, is_deleted = FALSE;
INSERT INTO study_question_set_questions (study_question_set_id, question_id, order_index, tenant_id, is_deleted, created_at, created_by) VALUES (80100420, 84200009, 9, 'system', FALSE, NOW(), 'system') ON CONFLICT (study_question_set_id, question_id) DO UPDATE SET order_index = EXCLUDED.order_index, is_deleted = FALSE;
INSERT INTO study_question_set_questions (study_question_set_id, question_id, order_index, tenant_id, is_deleted, created_at, created_by) VALUES (80100420, 84200010, 10, 'system', FALSE, NOW(), 'system') ON CONFLICT (study_question_set_id, question_id) DO UPDATE SET order_index = EXCLUDED.order_index, is_deleted = FALSE;
INSERT INTO study_question_set_questions (study_question_set_id, question_id, order_index, tenant_id, is_deleted, created_at, created_by) VALUES (80100420, 84200011, 11, 'system', FALSE, NOW(), 'system') ON CONFLICT (study_question_set_id, question_id) DO UPDATE SET order_index = EXCLUDED.order_index, is_deleted = FALSE;
INSERT INTO study_question_set_questions (study_question_set_id, question_id, order_index, tenant_id, is_deleted, created_at, created_by) VALUES (80100420, 84200012, 12, 'system', FALSE, NOW(), 'system') ON CONFLICT (study_question_set_id, question_id) DO UPDATE SET order_index = EXCLUDED.order_index, is_deleted = FALSE;
INSERT INTO study_question_set_questions (study_question_set_id, question_id, order_index, tenant_id, is_deleted, created_at, created_by) VALUES (80100420, 84200013, 13, 'system', FALSE, NOW(), 'system') ON CONFLICT (study_question_set_id, question_id) DO UPDATE SET order_index = EXCLUDED.order_index, is_deleted = FALSE;
INSERT INTO study_question_set_questions (study_question_set_id, question_id, order_index, tenant_id, is_deleted, created_at, created_by) VALUES (80100420, 84200014, 14, 'system', FALSE, NOW(), 'system') ON CONFLICT (study_question_set_id, question_id) DO UPDATE SET order_index = EXCLUDED.order_index, is_deleted = FALSE;
INSERT INTO study_question_set_questions (study_question_set_id, question_id, order_index, tenant_id, is_deleted, created_at, created_by) VALUES (80100420, 84200015, 15, 'system', FALSE, NOW(), 'system') ON CONFLICT (study_question_set_id, question_id) DO UPDATE SET order_index = EXCLUDED.order_index, is_deleted = FALSE;
INSERT INTO study_question_set_questions (study_question_set_id, question_id, order_index, tenant_id, is_deleted, created_at, created_by) VALUES (80100420, 84200016, 16, 'system', FALSE, NOW(), 'system') ON CONFLICT (study_question_set_id, question_id) DO UPDATE SET order_index = EXCLUDED.order_index, is_deleted = FALSE;
INSERT INTO study_question_set_questions (study_question_set_id, question_id, order_index, tenant_id, is_deleted, created_at, created_by) VALUES (80100420, 84200017, 17, 'system', FALSE, NOW(), 'system') ON CONFLICT (study_question_set_id, question_id) DO UPDATE SET order_index = EXCLUDED.order_index, is_deleted = FALSE;
INSERT INTO study_question_set_questions (study_question_set_id, question_id, order_index, tenant_id, is_deleted, created_at, created_by) VALUES (80100420, 84200018, 18, 'system', FALSE, NOW(), 'system') ON CONFLICT (study_question_set_id, question_id) DO UPDATE SET order_index = EXCLUDED.order_index, is_deleted = FALSE;
INSERT INTO study_question_set_questions (study_question_set_id, question_id, order_index, tenant_id, is_deleted, created_at, created_by) VALUES (80100420, 84200019, 19, 'system', FALSE, NOW(), 'system') ON CONFLICT (study_question_set_id, question_id) DO UPDATE SET order_index = EXCLUDED.order_index, is_deleted = FALSE;
INSERT INTO study_question_set_questions (study_question_set_id, question_id, order_index, tenant_id, is_deleted, created_at, created_by) VALUES (80100420, 84200020, 20, 'system', FALSE, NOW(), 'system') ON CONFLICT (study_question_set_id, question_id) DO UPDATE SET order_index = EXCLUDED.order_index, is_deleted = FALSE;
INSERT INTO study_resource_question_sets (resource_type, resource_id, study_question_set_id, position, context, tenant_id, is_active, is_deleted, created_at, created_by) VALUES ('module', 8012, 80100420, 5, '{"label": "2.1.4 Mô Phỏng Đề Thi BJT Đọc Hiểu: 授受動詞 (Động từ Cho-Nhận) — Mô phỏng đề thi"}'::jsonb, 'system', TRUE, FALSE, NOW(), 'system') ON CONFLICT (resource_type, resource_id, study_question_set_id) DO UPDATE SET position = EXCLUDED.position, context = EXCLUDED.context, is_active = TRUE, is_deleted = FALSE;

-- BaiTap file: 2.1.5_UchiSoto_BaiTap.json
INSERT INTO questions (id, user_id, is_system, is_khoa_cu, question_type, content_type, level, selection_type, question, passage, passage_translation, general_explanation, skill_category, base_difficulty, tenant_id, is_active, is_deleted, created_at, created_by) VALUES (85100001, NULL, TRUE, FALSE, 'chon_dap_an', 'keigo_baitap_uchi_soto', 'BJT-1', 'single', '日本語の敬語における「内（うち）」と「外（そと）」の説明として正しいものはどれですか？

Giải thích đúng nhất về khái niệm 「内（uchi）」và「外（soto）」trong kính ngữ tiếng Nhật là gì?', NULL, NULL, '内/外 không phải về địa vị (trên/dưới) mà về NHÓM: Uchi (内) = nhóm của mình (bản thân, gia đình, đồng nghiệp công ty, cấp trên trong công ty…), Soto (外) = người ngoài nhóm (khách hàng, đối tác, người ở công ty khác). Đây là phân biệt QUAN TRỌNG NHẤT trong kính ngữ Nhật — quyết định khi nào dùng tôn kính ngữ, khi nào dùng khiêm nhường ngữ.

💡 Uchi (内) = IN-GROUP của mình. Soto (外) = OUT-GROUP. Không phải về cấp bậc mà về thuộc về nhóm nào.', 'grammar', 1, 'system', TRUE, FALSE, NOW(), 'system') ON CONFLICT (id) DO UPDATE SET question_type = EXCLUDED.question_type, content_type = EXCLUDED.content_type, level = EXCLUDED.level, question = EXCLUDED.question, passage = EXCLUDED.passage, passage_translation = EXCLUDED.passage_translation, general_explanation = EXCLUDED.general_explanation, skill_category = EXCLUDED.skill_category, base_difficulty = EXCLUDED.base_difficulty, is_active = EXCLUDED.is_active, is_deleted = EXCLUDED.is_deleted, updated_at = NOW(), updated_by = 'system';
DELETE FROM questions_answers WHERE question_id = 85100001;
INSERT INTO questions_answers (question_id, sentence, sentence_translation, is_correct, "order") VALUES (85100001, '「内」は自分より目上の人、「外」は自分より目下の人', NULL, FALSE, 1);
INSERT INTO questions_answers (question_id, sentence, sentence_translation, is_correct, "order") VALUES (85100001, '「内」は自分が属するグループ（自分・家族・自社など）、「外」はそのグループ外の人', NULL, TRUE, 2);
INSERT INTO questions_answers (question_id, sentence, sentence_translation, is_correct, "order") VALUES (85100001, '「内」は会社の上司、「外」は会社の部下', NULL, FALSE, 3);
INSERT INTO questions_answers (question_id, sentence, sentence_translation, is_correct, "order") VALUES (85100001, '「内」は親しい友人、「外」は知らない人', NULL, FALSE, 4);
INSERT INTO questions (id, user_id, is_system, is_khoa_cu, question_type, content_type, level, selection_type, question, passage, passage_translation, general_explanation, skill_category, base_difficulty, tenant_id, is_active, is_deleted, created_at, created_by) VALUES (85100002, NULL, TRUE, FALSE, 'chon_dap_an', 'keigo_baitap_uchi_soto', 'BJT-1', 'single', 'あなたが会社の社員（B社勤務）のとき、「内（uchi）」に含まれる人をすべて選んでください。

Bạn làm việc tại công ty B. Ai thuộc nhóm Uchi của bạn?', NULL, NULL, 'Khi bạn làm tại công ty B, nhóm Uchi bao gồm: Bản thân + Tất cả thành viên công ty B (đồng nghiệp, sếp trực tiếp, trưởng phòng, giám đốc, thậm chí cả chủ tịch). Dù sếp hay giám đốc là bề trên với bạn, nhưng KHI NÓI VỚI NGƯỜI NGOÀI, họ trở thành Uchi và bạn KHÔNG dùng kính ngữ cho họ. Khách hàng, đối tác = Soto.

💡 QUAN TRỌNG: Dù Giám đốc là ''bề trên'' với bạn, khi nói với người ngoài công ty → Giám đốc = Uchi → không dùng tôn kính ngữ cho giám đốc!', 'grammar', 1, 'system', TRUE, FALSE, NOW(), 'system') ON CONFLICT (id) DO UPDATE SET question_type = EXCLUDED.question_type, content_type = EXCLUDED.content_type, level = EXCLUDED.level, question = EXCLUDED.question, passage = EXCLUDED.passage, passage_translation = EXCLUDED.passage_translation, general_explanation = EXCLUDED.general_explanation, skill_category = EXCLUDED.skill_category, base_difficulty = EXCLUDED.base_difficulty, is_active = EXCLUDED.is_active, is_deleted = EXCLUDED.is_deleted, updated_at = NOW(), updated_by = 'system';
DELETE FROM questions_answers WHERE question_id = 85100002;
INSERT INTO questions_answers (question_id, sentence, sentence_translation, is_correct, "order") VALUES (85100002, '自分・同僚・直属の上司・自社の社長', NULL, TRUE, 1);
INSERT INTO questions_answers (question_id, sentence, sentence_translation, is_correct, "order") VALUES (85100002, '自分・自社の同僚・取引先のお客様', NULL, FALSE, 2);
INSERT INTO questions_answers (question_id, sentence, sentence_translation, is_correct, "order") VALUES (85100002, '自分・友人・他社の社員', NULL, FALSE, 3);
INSERT INTO questions_answers (question_id, sentence, sentence_translation, is_correct, "order") VALUES (85100002, '自分だけ', NULL, FALSE, 4);
INSERT INTO questions (id, user_id, is_system, is_khoa_cu, question_type, content_type, level, selection_type, question, passage, passage_translation, general_explanation, skill_category, base_difficulty, tenant_id, is_active, is_deleted, created_at, created_by) VALUES (85100003, NULL, TRUE, FALSE, 'chon_dap_an', 'keigo_baitap_uchi_soto', 'BJT-1', 'single', '内外のルールに従うと、外の人（お客様）に対して話す時、内の人（自社の上司）についてはどのように話すべきですか？

Theo nguyên tắc Uchi/Soto, khi nói với người ngoài (khách hàng) về người trong nhóm (cấp trên công ty), bạn nên làm gì?', NULL, NULL, 'Nguyên tắc cốt lõi: Khi nói với Soto về Uchi → HẠ THẤP người Uchi (dù họ là cấp trên của bạn). Lý do: Trước mặt khách hàng, cả công ty là một nhóm — bạn ''khiêm tốn'' thay mặt cho cả nhóm. Ví dụ: Không nói「山田部長はいらっしゃいます」với khách mà nói「山田はおります」.

💡 QUY TẮC VÀNG: Nói với NGOÀI về TRONG → Dùng khiêm ngữ/bình thường cho người trong (kể cả sếp). Nói với NGOÀI về NGOÀI → Dùng tôn kính ngữ.', 'grammar', 1, 'system', TRUE, FALSE, NOW(), 'system') ON CONFLICT (id) DO UPDATE SET question_type = EXCLUDED.question_type, content_type = EXCLUDED.content_type, level = EXCLUDED.level, question = EXCLUDED.question, passage = EXCLUDED.passage, passage_translation = EXCLUDED.passage_translation, general_explanation = EXCLUDED.general_explanation, skill_category = EXCLUDED.skill_category, base_difficulty = EXCLUDED.base_difficulty, is_active = EXCLUDED.is_active, is_deleted = EXCLUDED.is_deleted, updated_at = NOW(), updated_by = 'system';
DELETE FROM questions_answers WHERE question_id = 85100003;
INSERT INTO questions_answers (question_id, sentence, sentence_translation, is_correct, "order") VALUES (85100003, '上司なので尊敬語を使って敬意を示す', NULL, FALSE, 1);
INSERT INTO questions_answers (question_id, sentence, sentence_translation, is_correct, "order") VALUES (85100003, '上司への敬意をお客様にも示すため、最高の敬語を使う', NULL, FALSE, 2);
INSERT INTO questions_answers (question_id, sentence, sentence_translation, is_correct, "order") VALUES (85100003, '内の人として扱い、敬語を外し、謙譲語または普通語で話す', NULL, TRUE, 3);
INSERT INTO questions_answers (question_id, sentence, sentence_translation, is_correct, "order") VALUES (85100003, '上司かどうかに関係なく、丁寧語だけ使えばよい', NULL, FALSE, 4);
INSERT INTO questions (id, user_id, is_system, is_khoa_cu, question_type, content_type, level, selection_type, question, passage, passage_translation, general_explanation, skill_category, base_difficulty, tenant_id, is_active, is_deleted, created_at, created_by) VALUES (85100004, NULL, TRUE, FALSE, 'chon_dap_an', 'keigo_baitap_uchi_soto', 'BJT-1', 'single', '電話で取引先のA社の鈴木様と話している時、次のうち「外（soto）」にあたる人は誰ですか？

Đang nói điện thoại với ông Suzuki (A công ty, đối tác). Ai là 「Soto」trong tình huống này?', NULL, NULL, 'Ông Suzuki thuộc A công ty = công ty KHÁC → Soto (外). Bạn, đồng nghiệp, trưởng phòng đều thuộc công ty bạn → Uchi (内). Vì vậy: Khi nói chuyện với Suzuki-san, bạn phải: ①Tôn trọng Suzuki-san (dùng 〜様, 〜でいらっしゃる…), ②Không dùng kính ngữ với người trong công ty bạn.

💡 Mỗi lần đứng trước một tình huống: Hỏi ''Tôi đang nói chuyện với ai?'' → Đó là Soto. ''Tôi đại diện cho nhóm nào?'' → Đó là Uchi.', 'grammar', 1, 'system', TRUE, FALSE, NOW(), 'system') ON CONFLICT (id) DO UPDATE SET question_type = EXCLUDED.question_type, content_type = EXCLUDED.content_type, level = EXCLUDED.level, question = EXCLUDED.question, passage = EXCLUDED.passage, passage_translation = EXCLUDED.passage_translation, general_explanation = EXCLUDED.general_explanation, skill_category = EXCLUDED.skill_category, base_difficulty = EXCLUDED.base_difficulty, is_active = EXCLUDED.is_active, is_deleted = EXCLUDED.is_deleted, updated_at = NOW(), updated_by = 'system';
DELETE FROM questions_answers WHERE question_id = 85100004;
INSERT INTO questions_answers (question_id, sentence, sentence_translation, is_correct, "order") VALUES (85100004, 'あなた自身', NULL, FALSE, 1);
INSERT INTO questions_answers (question_id, sentence, sentence_translation, is_correct, "order") VALUES (85100004, 'あなたの同僚', NULL, FALSE, 2);
INSERT INTO questions_answers (question_id, sentence, sentence_translation, is_correct, "order") VALUES (85100004, 'あなたの直属の部長', NULL, FALSE, 3);
INSERT INTO questions_answers (question_id, sentence, sentence_translation, is_correct, "order") VALUES (85100004, 'A社の鈴木様', NULL, TRUE, 4);
INSERT INTO questions (id, user_id, is_system, is_khoa_cu, question_type, content_type, level, selection_type, question, passage, passage_translation, general_explanation, skill_category, base_difficulty, tenant_id, is_active, is_deleted, created_at, created_by) VALUES (85100005, NULL, TRUE, FALSE, 'chon_dap_an', 'keigo_baitap_uchi_soto', 'BJT-1', 'single', '取引先への電話で、自社の山田部長が不在の場合、正しい言い方はどれですか？

Gọi điện cho đối tác, trưởng phòng Yamada của công ty bạn đi vắng. Cách nói ĐÚNG là gì?', NULL, NULL, '「山田はただいま外出しております」= ĐÚNG. Phân tích: ①「山田」(không có 部長, không có 様) — bỏ danh hiệu vì nói với ngoài về uchi. ②「外出しております」(おる = khiêm ngữ của いる) — hạ thấp hành động của Yamada. (A)(B) 「いらっしゃいません/されております」= dùng tôn kính ngữ cho người uchi — SAI. (D) 「山田部長様」= vừa có chức vụ vừa có 様 — hoàn toàn sai.

💡 Khi nói với NGOÀI về người TRONG công ty: Bỏ chức danh (部長→yamada), dùng khiêm ngữ (いる→おる, する→いたす, 言う→申す).', 'grammar', 1, 'system', TRUE, FALSE, NOW(), 'system') ON CONFLICT (id) DO UPDATE SET question_type = EXCLUDED.question_type, content_type = EXCLUDED.content_type, level = EXCLUDED.level, question = EXCLUDED.question, passage = EXCLUDED.passage, passage_translation = EXCLUDED.passage_translation, general_explanation = EXCLUDED.general_explanation, skill_category = EXCLUDED.skill_category, base_difficulty = EXCLUDED.base_difficulty, is_active = EXCLUDED.is_active, is_deleted = EXCLUDED.is_deleted, updated_at = NOW(), updated_by = 'system';
DELETE FROM questions_answers WHERE question_id = 85100005;
INSERT INTO questions_answers (question_id, sentence, sentence_translation, is_correct, "order") VALUES (85100005, '山田部長はただいまいらっしゃいません。', NULL, FALSE, 1);
INSERT INTO questions_answers (question_id, sentence, sentence_translation, is_correct, "order") VALUES (85100005, '山田部長はただいま外出されております。', NULL, FALSE, 2);
INSERT INTO questions_answers (question_id, sentence, sentence_translation, is_correct, "order") VALUES (85100005, '山田はただいま外出しております。', NULL, TRUE, 3);
INSERT INTO questions_answers (question_id, sentence, sentence_translation, is_correct, "order") VALUES (85100005, '山田部長様はただいま不在でございます。', NULL, FALSE, 4);
INSERT INTO questions (id, user_id, is_system, is_khoa_cu, question_type, content_type, level, selection_type, question, passage, passage_translation, general_explanation, skill_category, base_difficulty, tenant_id, is_active, is_deleted, created_at, created_by) VALUES (85100006, NULL, TRUE, FALSE, 'chon_dap_an', 'keigo_baitap_uchi_soto', 'BJT-1', 'single', '田中さんは自社（B社）の社員です。同じ田中さんについて話す時、相手によって敬語の使い方が変わります。どれが正しいですか？

Anh Tanaka là nhân viên công ty B (công ty bạn). Cách nói về anh ấy thay đổi theo đối tượng. Cái nào ĐÚNG?', NULL, NULL, 'Uchi/Soto là TƯƠNG ĐỐI theo ngữ cảnh: ①Nói với đồng nghiệp nội bộ → Tanaka = đồng cấp → 「田中さんがいます」(bình thường, có 〜さん). ②Nói với đối tác bên ngoài → Tanaka = uchi → 「田中はおります」(bỏ 〜さん, dùng おる = khiêm). Cùng một người nhưng cách nói khác hoàn toàn tùy đối tượng nghe.

💡 Uchi/Soto không cố định — nó THAY ĐỔI tùy bạn đang nói với ai. Cùng một Tanaka: nội bộ → 田中さん, với khách → 田中.', 'grammar', 1, 'system', TRUE, FALSE, NOW(), 'system') ON CONFLICT (id) DO UPDATE SET question_type = EXCLUDED.question_type, content_type = EXCLUDED.content_type, level = EXCLUDED.level, question = EXCLUDED.question, passage = EXCLUDED.passage, passage_translation = EXCLUDED.passage_translation, general_explanation = EXCLUDED.general_explanation, skill_category = EXCLUDED.skill_category, base_difficulty = EXCLUDED.base_difficulty, is_active = EXCLUDED.is_active, is_deleted = EXCLUDED.is_deleted, updated_at = NOW(), updated_by = 'system';
DELETE FROM questions_answers WHERE question_id = 85100006;
INSERT INTO questions_answers (question_id, sentence, sentence_translation, is_correct, "order") VALUES (85100006, 'どんな相手でも「田中さんがいらっしゃいます」と言う', NULL, FALSE, 1);
INSERT INTO questions_answers (question_id, sentence, sentence_translation, is_correct, "order") VALUES (85100006, '社内の同僚に対しては「田中さんがいます」、取引先に対しては「田中はおります」', NULL, TRUE, 2);
INSERT INTO questions_answers (question_id, sentence, sentence_translation, is_correct, "order") VALUES (85100006, '社内でも社外でも「田中はいます」と言う', NULL, FALSE, 3);
INSERT INTO questions_answers (question_id, sentence, sentence_translation, is_correct, "order") VALUES (85100006, '取引先に対しては「田中部長がいらっしゃいます」と言う', NULL, FALSE, 4);
INSERT INTO questions (id, user_id, is_system, is_khoa_cu, question_type, content_type, level, selection_type, question, passage, passage_translation, general_explanation, skill_category, base_difficulty, tenant_id, is_active, is_deleted, created_at, created_by) VALUES (85100007, NULL, TRUE, FALSE, 'chon_dap_an', 'keigo_baitap_uchi_soto', 'BJT-1', 'single', 'お客様（社外の人）に「うちの父が先日お世話になりました」と言う時、「うちの父」についての敬語の使い方として正しいものはどれですか？

Nói với khách hàng: ''Bố tôi đã được quý vị quan tâm hôm trước.'' Cách dùng kính ngữ về ''bố tôi'' là gì?', NULL, NULL, 'Gia đình của bạn = Uchi (nội nhóm). Khi nói với Soto (khách), phải dùng KHIÊM XƯNG cho gia đình mình: 父（ちち）not お父さん/お父様. Hệ thống khiêm xưng gia đình: 父/母/兄/姉/弟/妹/主人/家内/息子/娘. Tôn xưng gia đình người khác: お父様/お母様/お兄様/お姉様/ご主人/奥様/息子さん/娘さん.

💡 Khi nói VỀ gia đình mình với người ngoài: dùng khiêm xưng (父, 母, 主人, 家内). Khi nói VỀ gia đình người khác: dùng tôn xưng (お父様, ご主人様).', 'grammar', 1, 'system', TRUE, FALSE, NOW(), 'system') ON CONFLICT (id) DO UPDATE SET question_type = EXCLUDED.question_type, content_type = EXCLUDED.content_type, level = EXCLUDED.level, question = EXCLUDED.question, passage = EXCLUDED.passage, passage_translation = EXCLUDED.passage_translation, general_explanation = EXCLUDED.general_explanation, skill_category = EXCLUDED.skill_category, base_difficulty = EXCLUDED.base_difficulty, is_active = EXCLUDED.is_active, is_deleted = EXCLUDED.is_deleted, updated_at = NOW(), updated_by = 'system';
DELETE FROM questions_answers WHERE question_id = 85100007;
INSERT INTO questions_answers (question_id, sentence, sentence_translation, is_correct, "order") VALUES (85100007, '「お父様」と言う', NULL, FALSE, 1);
INSERT INTO questions_answers (question_id, sentence, sentence_translation, is_correct, "order") VALUES (85100007, '「父（ちち）」と言い、敬語をつけない', NULL, TRUE, 2);
INSERT INTO questions_answers (question_id, sentence, sentence_translation, is_correct, "order") VALUES (85100007, '「父上（ちちうえ）」と言う', NULL, FALSE, 3);
INSERT INTO questions_answers (question_id, sentence, sentence_translation, is_correct, "order") VALUES (85100007, '「パパ」と言う', NULL, FALSE, 4);
INSERT INTO questions (id, user_id, is_system, is_khoa_cu, question_type, content_type, level, selection_type, question, passage, passage_translation, general_explanation, skill_category, base_difficulty, tenant_id, is_active, is_deleted, created_at, created_by) VALUES (85100008, NULL, TRUE, FALSE, 'chon_dap_an', 'keigo_baitap_uchi_soto', 'BJT-1', 'single', '次のうち、「内外関係」についての正しい説明はどれですか？

Phát biểu nào sau đây về quan hệ Uchi/Soto là ĐÚNG?', NULL, NULL, 'Uchi/Soto là TƯƠNG ĐỐI (相対的): ①Bạn nói với khách → giám đốc công ty bạn = Uchi. ②Bạn đến công ty khách để họp → bạn = khách, họ đang tiếp bạn = có thể là Soto của chính bạn. ③Giám đốc bạn đi dự hội nghị ngành → trong bối cảnh đó, ngài có thể đại diện cho nhóm lớn hơn. Quan hệ luôn thay đổi theo hoàn cảnh. Khách hàng KHÔNG BAO GIỜ trở thành Uchi dù thân thiết đến đâu.

💡 Uchi/Soto = tương đối, thay đổi theo hoàn cảnh. Khách hàng dù thân đến mấy VẪN là Soto trong môi trường kinh doanh chính thức.', 'grammar', 1, 'system', TRUE, FALSE, NOW(), 'system') ON CONFLICT (id) DO UPDATE SET question_type = EXCLUDED.question_type, content_type = EXCLUDED.content_type, level = EXCLUDED.level, question = EXCLUDED.question, passage = EXCLUDED.passage, passage_translation = EXCLUDED.passage_translation, general_explanation = EXCLUDED.general_explanation, skill_category = EXCLUDED.skill_category, base_difficulty = EXCLUDED.base_difficulty, is_active = EXCLUDED.is_active, is_deleted = EXCLUDED.is_deleted, updated_at = NOW(), updated_by = 'system';
DELETE FROM questions_answers WHERE question_id = 85100008;
INSERT INTO questions_answers (question_id, sentence, sentence_translation, is_correct, "order") VALUES (85100008, '内外関係は固定していて、どんな状況でも変わらない', NULL, FALSE, 1);
INSERT INTO questions_answers (question_id, sentence, sentence_translation, is_correct, "order") VALUES (85100008, '内外関係は話す相手と状況によって変わる相対的なものである', NULL, TRUE, 2);
INSERT INTO questions_answers (question_id, sentence, sentence_translation, is_correct, "order") VALUES (85100008, '社長は常に「外」の人として扱われる', NULL, FALSE, 3);
INSERT INTO questions_answers (question_id, sentence, sentence_translation, is_correct, "order") VALUES (85100008, 'お客様は親しくなれば「内」の人になれる', NULL, FALSE, 4);
INSERT INTO questions (id, user_id, is_system, is_khoa_cu, question_type, content_type, level, selection_type, question, passage, passage_translation, general_explanation, skill_category, base_difficulty, tenant_id, is_active, is_deleted, created_at, created_by) VALUES (85100009, NULL, TRUE, FALSE, 'chon_dap_an', 'keigo_baitap_uchi_soto', 'BJT-1', 'single', '外（お客様）と話す時の基本ルールとして正しいものはどれですか？

Khi nói chuyện với Soto (khách hàng), nguyên tắc cơ bản nào là ĐÚNG?', NULL, NULL, 'Nguyên tắc cơ bản khi nói với Soto: ①Hành động của KHÁCH HÀNG (Soto) → dùng TÔN KÍNH NGỮ (いらっしゃる, おっしゃる, くださる…). ②Hành động của CÔNG TY MÌNH / MÌNH (Uchi) → dùng KHIÊM NHƯỜNG NGỮ (おる, いたす, 申す, 参る…). Đây là trục chính của toàn bộ hệ thống kính ngữ trong kinh doanh.

💡 KHÁCH = Nâng lên (尊敬語). MÌNH/CÔNG TY = Hạ xuống (謙譲語). Hai chiều ngược nhau nhưng đều nhằm tôn trọng khách.', 'grammar', 1, 'system', TRUE, FALSE, NOW(), 'system') ON CONFLICT (id) DO UPDATE SET question_type = EXCLUDED.question_type, content_type = EXCLUDED.content_type, level = EXCLUDED.level, question = EXCLUDED.question, passage = EXCLUDED.passage, passage_translation = EXCLUDED.passage_translation, general_explanation = EXCLUDED.general_explanation, skill_category = EXCLUDED.skill_category, base_difficulty = EXCLUDED.base_difficulty, is_active = EXCLUDED.is_active, is_deleted = EXCLUDED.is_deleted, updated_at = NOW(), updated_by = 'system';
DELETE FROM questions_answers WHERE question_id = 85100009;
INSERT INTO questions_answers (question_id, sentence, sentence_translation, is_correct, "order") VALUES (85100009, 'お客様の行動→尊敬語、自社の行動→謙譲語', NULL, TRUE, 1);
INSERT INTO questions_answers (question_id, sentence, sentence_translation, is_correct, "order") VALUES (85100009, 'お客様の行動→謙譲語、自社の行動→尊敬語', NULL, FALSE, 2);
INSERT INTO questions_answers (question_id, sentence, sentence_translation, is_correct, "order") VALUES (85100009, 'すべての人に尊敬語を使う', NULL, FALSE, 3);
INSERT INTO questions_answers (question_id, sentence, sentence_translation, is_correct, "order") VALUES (85100009, 'すべての人に謙譲語を使う', NULL, FALSE, 4);
INSERT INTO questions (id, user_id, is_system, is_khoa_cu, question_type, content_type, level, selection_type, question, passage, passage_translation, general_explanation, skill_category, base_difficulty, tenant_id, is_active, is_deleted, created_at, created_by) VALUES (85100010, NULL, TRUE, FALSE, 'chon_dap_an', 'keigo_baitap_uchi_soto', 'BJT-1', 'single', '取引先との電話で「うちの社長の田中がおっしゃっていました」という表現の問題点はどれですか？

Khi gọi điện cho đối tác, nói ''Chủ tịch Tanaka của chúng tôi đã phán rằng...'' — Vấn đề của câu này là gì?', NULL, NULL, '「おっしゃる」= 言う (tôn kính ngữ) → dùng cho người Soto hoặc bề trên, KHÔNG dùng cho người Uchi khi nói với Soto. Chủ tịch = Uchi → phải dùng khiêm ngữ: 「申しておりました」(申す = 言う, khiêm). Đúng: 「うちの田中が申しておりました」. Dùng おっしゃる cho Uchi trước mặt Soto là lỗi NGHIÊM TRỌNG trong kinh doanh Nhật.

💡 ⚠️ LỖI THƯỜNG GẶP: Dùng 尊敬語 (いらっしゃる, おっしゃる, なさる) cho người UCHI khi nói với SOTO. Phải thay bằng 謙譲語 (おる, 申す, いたす).', 'grammar', 1, 'system', TRUE, FALSE, NOW(), 'system') ON CONFLICT (id) DO UPDATE SET question_type = EXCLUDED.question_type, content_type = EXCLUDED.content_type, level = EXCLUDED.level, question = EXCLUDED.question, passage = EXCLUDED.passage, passage_translation = EXCLUDED.passage_translation, general_explanation = EXCLUDED.general_explanation, skill_category = EXCLUDED.skill_category, base_difficulty = EXCLUDED.base_difficulty, is_active = EXCLUDED.is_active, is_deleted = EXCLUDED.is_deleted, updated_at = NOW(), updated_by = 'system';
DELETE FROM questions_answers WHERE question_id = 85100010;
INSERT INTO questions_answers (question_id, sentence, sentence_translation, is_correct, "order") VALUES (85100010, '「社長」という言葉が失礼', NULL, FALSE, 1);
INSERT INTO questions_answers (question_id, sentence, sentence_translation, is_correct, "order") VALUES (85100010, '「田中」という名前を使うのが失礼', NULL, FALSE, 2);
INSERT INTO questions_answers (question_id, sentence, sentence_translation, is_correct, "order") VALUES (85100010, '「おっしゃっていました」は内の人（社長）に使う尊敬語なので間違い', NULL, TRUE, 3);
INSERT INTO questions_answers (question_id, sentence, sentence_translation, is_correct, "order") VALUES (85100010, '「うちの」という表現が失礼', NULL, FALSE, 4);
INSERT INTO questions (id, user_id, is_system, is_khoa_cu, question_type, content_type, level, selection_type, question, passage, passage_translation, general_explanation, skill_category, base_difficulty, tenant_id, is_active, is_deleted, created_at, created_by) VALUES (85100011, NULL, TRUE, FALSE, 'chon_dap_an', 'keigo_baitap_uchi_soto', 'BJT-2', 'single', '社外から電話がかかってきた。「田中部長はいらっしゃいますか」と聞かれた。田中部長は席にいる。正しい答えはどれですか？

Có người ngoài gọi điện hỏi Trưởng phòng Tanaka. Ngài đang ở bàn làm việc. Cách trả lời ĐÚNG là gì?', NULL, NULL, '「田中はおります」= ĐÚNG. Phân tích: ①「田中」không có 部長 — bỏ chức danh vì Tanaka là Uchi, đang nói với Soto. ②「おります」= khiêm ngữ của いる — hạ thấp hành động của Tanaka. (A) 「いらっしゃいます」= tôn kính ngữ → SAI cho Uchi. (C) có 「部長」= còn danh hiệu → không hoàn toàn đúng. (D) 「田中様」= thêm 様 cho người Uchi → SAI nghiêm trọng.

💡 Công thức chuẩn khi nhận điện thoại: 「はい、〇〇はただいま[おります/席を外しております/外出しております]」— bỏ chức danh, dùng khiêm ngữ.', 'grammar', 2, 'system', TRUE, FALSE, NOW(), 'system') ON CONFLICT (id) DO UPDATE SET question_type = EXCLUDED.question_type, content_type = EXCLUDED.content_type, level = EXCLUDED.level, question = EXCLUDED.question, passage = EXCLUDED.passage, passage_translation = EXCLUDED.passage_translation, general_explanation = EXCLUDED.general_explanation, skill_category = EXCLUDED.skill_category, base_difficulty = EXCLUDED.base_difficulty, is_active = EXCLUDED.is_active, is_deleted = EXCLUDED.is_deleted, updated_at = NOW(), updated_by = 'system';
DELETE FROM questions_answers WHERE question_id = 85100011;
INSERT INTO questions_answers (question_id, sentence, sentence_translation, is_correct, "order") VALUES (85100011, 'はい、田中部長はいらっしゃいます。少々お待ちください。', NULL, FALSE, 1);
INSERT INTO questions_answers (question_id, sentence, sentence_translation, is_correct, "order") VALUES (85100011, 'はい、田中はおります。少々お待ちください。', NULL, TRUE, 2);
INSERT INTO questions_answers (question_id, sentence, sentence_translation, is_correct, "order") VALUES (85100011, 'はい、田中部長がおります。お待ちください。', NULL, FALSE, 3);
INSERT INTO questions_answers (question_id, sentence, sentence_translation, is_correct, "order") VALUES (85100011, 'はい、田中様はおります。少々お待ちください。', NULL, FALSE, 4);
INSERT INTO questions (id, user_id, is_system, is_khoa_cu, question_type, content_type, level, selection_type, question, passage, passage_translation, general_explanation, skill_category, base_difficulty, tenant_id, is_active, is_deleted, created_at, created_by) VALUES (85100012, NULL, TRUE, FALSE, 'chon_dap_an', 'keigo_baitap_uchi_soto', 'BJT-2', 'single', '取引先への折り返し電話を約束する文として正しいものはどれですか？

Hứa sẽ gọi lại cho đối tác. Câu nào ĐÚNG?', NULL, NULL, '「田中からご連絡いたします」= ĐÚNG. ①「田中」(bỏ 部長). ②「から」chỉ nguồn gốc. ③「ご連絡いたします」= khiêm ngữ, hành động của Uchi (Tanaka). (A) 「田中部長から〜」= còn chức danh. (C) 「くださいます」= tôn kính của くれる — SAI cho Uchi. (D) 「田中様」= 様 cho người Uchi — hoàn toàn sai.

💡 Khi hứa gọi lại: 「〇〇よりご連絡いたします」hoặc「〇〇からご連絡さしあげます」— Bỏ chức danh, dùng よりhoặcから, khiêm ngữ.', 'grammar', 2, 'system', TRUE, FALSE, NOW(), 'system') ON CONFLICT (id) DO UPDATE SET question_type = EXCLUDED.question_type, content_type = EXCLUDED.content_type, level = EXCLUDED.level, question = EXCLUDED.question, passage = EXCLUDED.passage, passage_translation = EXCLUDED.passage_translation, general_explanation = EXCLUDED.general_explanation, skill_category = EXCLUDED.skill_category, base_difficulty = EXCLUDED.base_difficulty, is_active = EXCLUDED.is_active, is_deleted = EXCLUDED.is_deleted, updated_at = NOW(), updated_by = 'system';
DELETE FROM questions_answers WHERE question_id = 85100012;
INSERT INTO questions_answers (question_id, sentence, sentence_translation, is_correct, "order") VALUES (85100012, '田中部長からご連絡させていただきます。', NULL, FALSE, 1);
INSERT INTO questions_answers (question_id, sentence, sentence_translation, is_correct, "order") VALUES (85100012, '田中からご連絡いたします。', NULL, TRUE, 2);
INSERT INTO questions_answers (question_id, sentence, sentence_translation, is_correct, "order") VALUES (85100012, '田中部長がお電話くださいます。', NULL, FALSE, 3);
INSERT INTO questions_answers (question_id, sentence, sentence_translation, is_correct, "order") VALUES (85100012, '田中様よりご連絡申し上げます。', NULL, FALSE, 4);
INSERT INTO questions (id, user_id, is_system, is_khoa_cu, question_type, content_type, level, selection_type, question, passage, passage_translation, general_explanation, skill_category, base_difficulty, tenant_id, is_active, is_deleted, created_at, created_by) VALUES (85100013, NULL, TRUE, FALSE, 'chon_dap_an', 'keigo_baitap_uchi_soto', 'BJT-2', 'single', '社外へのメールで上司（鈴木部長）が確認済みであることを伝える。正しい表現はどれですか？

Email gửi ra ngoài thông báo rằng sếp (Trưởng phòng Suzuki) đã xem xét. Cách đúng là gì?', NULL, NULL, '「鈴木が確認いたしました」= ĐÚNG. ①Bỏ 部長 (Uchi). ②「確認いたしました」= khiêm ngữ (いたす = する, khiêm). (A)(B) 「ご確認される/なさる」= tôn kính ngữ → SAI cho Uchi. (D) 「鈴木部長様」= vừa chức vừa 様 cho Uchi → sai gấp đôi.

💡 Trong email ra ngoài về hành động của UCHI: dùng khiêm ngữ (確認いたす, 申す, 参る...), BỎ chức danh và 様.', 'grammar', 2, 'system', TRUE, FALSE, NOW(), 'system') ON CONFLICT (id) DO UPDATE SET question_type = EXCLUDED.question_type, content_type = EXCLUDED.content_type, level = EXCLUDED.level, question = EXCLUDED.question, passage = EXCLUDED.passage, passage_translation = EXCLUDED.passage_translation, general_explanation = EXCLUDED.general_explanation, skill_category = EXCLUDED.skill_category, base_difficulty = EXCLUDED.base_difficulty, is_active = EXCLUDED.is_active, is_deleted = EXCLUDED.is_deleted, updated_at = NOW(), updated_by = 'system';
DELETE FROM questions_answers WHERE question_id = 85100013;
INSERT INTO questions_answers (question_id, sentence, sentence_translation, is_correct, "order") VALUES (85100013, '鈴木部長がご確認されました。', NULL, FALSE, 1);
INSERT INTO questions_answers (question_id, sentence, sentence_translation, is_correct, "order") VALUES (85100013, '鈴木部長がご確認なさいました。', NULL, FALSE, 2);
INSERT INTO questions_answers (question_id, sentence, sentence_translation, is_correct, "order") VALUES (85100013, '鈴木が確認いたしました。', NULL, TRUE, 3);
INSERT INTO questions_answers (question_id, sentence, sentence_translation, is_correct, "order") VALUES (85100013, '鈴木部長様がご確認くださいました。', NULL, FALSE, 4);
INSERT INTO questions (id, user_id, is_system, is_khoa_cu, question_type, content_type, level, selection_type, question, passage, passage_translation, general_explanation, skill_category, base_difficulty, tenant_id, is_active, is_deleted, created_at, created_by) VALUES (85100014, NULL, TRUE, FALSE, 'chon_dap_an', 'keigo_baitap_uchi_soto', 'BJT-2', 'single', 'お客様（A社の山田様）に自社の部長を紹介する場面。正しい紹介の仕方はどれですか？

Giới thiệu Trưởng phòng công ty mình với khách hàng (ông Yamada, A công ty). Cách giới thiệu ĐÚNG là gì?', NULL, NULL, '「弊社の部長の田中でございます」= ĐÚNG. ①「弊社」(khiêm xưng cho công ty mình). ②「部長の田中」— chức danh xuất hiện nhưng là để GIỚI THIỆU (thông tin về người), không phải kính ngữ. ③「でございます」= khiêm ngữ. (A) 「でいらっしゃいます」= tôn kính cho Uchi → SAI. (D) 「田中部長でございます」= cũng OK nhưng ít trang trọng hơn (B). (C) 「田中部長様」= SAI.

💡 Giới thiệu người Uchi với Soto: 「こちらは弊社の[chức vụ]の[tên]でございます」— chức vụ là thông tin, でございます là mức tôn trọng với khách đang nghe.', 'grammar', 2, 'system', TRUE, FALSE, NOW(), 'system') ON CONFLICT (id) DO UPDATE SET question_type = EXCLUDED.question_type, content_type = EXCLUDED.content_type, level = EXCLUDED.level, question = EXCLUDED.question, passage = EXCLUDED.passage, passage_translation = EXCLUDED.passage_translation, general_explanation = EXCLUDED.general_explanation, skill_category = EXCLUDED.skill_category, base_difficulty = EXCLUDED.base_difficulty, is_active = EXCLUDED.is_active, is_deleted = EXCLUDED.is_deleted, updated_at = NOW(), updated_by = 'system';
DELETE FROM questions_answers WHERE question_id = 85100014;
INSERT INTO questions_answers (question_id, sentence, sentence_translation, is_correct, "order") VALUES (85100014, 'こちらは弊社の田中部長でいらっしゃいます。', NULL, FALSE, 1);
INSERT INTO questions_answers (question_id, sentence, sentence_translation, is_correct, "order") VALUES (85100014, 'こちらは弊社の部長の田中でございます。', NULL, TRUE, 2);
INSERT INTO questions_answers (question_id, sentence, sentence_translation, is_correct, "order") VALUES (85100014, 'こちらは田中部長様です。どうぞよろしくお願いいたします。', NULL, FALSE, 3);
INSERT INTO questions_answers (question_id, sentence, sentence_translation, is_correct, "order") VALUES (85100014, 'こちらが弊社の田中部長でございます。', NULL, FALSE, 4);
INSERT INTO questions (id, user_id, is_system, is_khoa_cu, question_type, content_type, level, selection_type, question, passage, passage_translation, general_explanation, skill_category, base_difficulty, tenant_id, is_active, is_deleted, created_at, created_by) VALUES (85100015, NULL, TRUE, FALSE, 'chon_dap_an', 'keigo_baitap_uchi_soto', 'BJT-2', 'single', '社外の人に自社のことを話す時、「自社」の呼び方として正しいものはどれですか？

Khi nói với người ngoài về công ty mình, cách gọi công ty nào là ĐÚNG?', NULL, NULL, 'Khiêm xưng cho CÔNG TY MÌNH (Uchi): 弊社（へいしゃ）= ''công ty hèn mọn của chúng tôi'' — trang trọng nhất, hay dùng trong văn viết. 当社（とうしゃ）= ''công ty này/của chúng tôi'' — trung tính, hay dùng hơn trong văn nói. Tôn xưng cho CÔNG TY ĐỐI TÁC (Soto): 御社（おんしゃ）= văn nói, 貴社（きしゃ）= văn viết. (D) 「会社様」= hoàn toàn sai ngữ pháp.

💡 Mình: 弊社/当社. Đối tác (nói): 御社. Đối tác (viết): 貴社. Đây là cặp đôi thường xuyên xuất hiện trong BJT!', 'grammar', 2, 'system', TRUE, FALSE, NOW(), 'system') ON CONFLICT (id) DO UPDATE SET question_type = EXCLUDED.question_type, content_type = EXCLUDED.content_type, level = EXCLUDED.level, question = EXCLUDED.question, passage = EXCLUDED.passage, passage_translation = EXCLUDED.passage_translation, general_explanation = EXCLUDED.general_explanation, skill_category = EXCLUDED.skill_category, base_difficulty = EXCLUDED.base_difficulty, is_active = EXCLUDED.is_active, is_deleted = EXCLUDED.is_deleted, updated_at = NOW(), updated_by = 'system';
DELETE FROM questions_answers WHERE question_id = 85100015;
INSERT INTO questions_answers (question_id, sentence, sentence_translation, is_correct, "order") VALUES (85100015, '御社（おんしゃ）', NULL, FALSE, 1);
INSERT INTO questions_answers (question_id, sentence, sentence_translation, is_correct, "order") VALUES (85100015, '貴社（きしゃ）', NULL, FALSE, 2);
INSERT INTO questions_answers (question_id, sentence, sentence_translation, is_correct, "order") VALUES (85100015, '弊社（へいしゃ）または当社（とうしゃ）', NULL, TRUE, 3);
INSERT INTO questions_answers (question_id, sentence, sentence_translation, is_correct, "order") VALUES (85100015, 'うちの会社様', NULL, FALSE, 4);
INSERT INTO questions (id, user_id, is_system, is_khoa_cu, question_type, content_type, level, selection_type, question, passage, passage_translation, general_explanation, skill_category, base_difficulty, tenant_id, is_active, is_deleted, created_at, created_by) VALUES (85100016, NULL, TRUE, FALSE, 'chon_dap_an', 'keigo_baitap_uchi_soto', 'BJT-2', 'single', 'お客様に「担当の山田が後ほどご説明します」と言う時、正しい言い方はどれですか？

Nói với khách: ''Nhân viên phụ trách Yamada sẽ giải thích sau.'' Cách đúng nhất là gì?', NULL, NULL, '「担当の山田がご説明いたします」= ĐÚNG. ①「山田」bỏ 〜さん (Uchi). ②「ご説明いたします」= khiêm ngữ (いたす = する, khiêm) + ご〜 (tiếp đầu ngữ lịch sự cho nội dung giải thích với khách). (A) 「ご説明される」= tôn kính → SAI cho Uchi. (C) 「山田様」+ 「なさる」= hai lỗi. (D) 「してくれます」= thô, không phù hợp với khách.

💡 Hành động của Uchi hướng đến Soto: 「ご〜いたします」là mẫu chuẩn. Ví dụ: ご説明いたします, ご連絡いたします, ご案内いたします.', 'grammar', 2, 'system', TRUE, FALSE, NOW(), 'system') ON CONFLICT (id) DO UPDATE SET question_type = EXCLUDED.question_type, content_type = EXCLUDED.content_type, level = EXCLUDED.level, question = EXCLUDED.question, passage = EXCLUDED.passage, passage_translation = EXCLUDED.passage_translation, general_explanation = EXCLUDED.general_explanation, skill_category = EXCLUDED.skill_category, base_difficulty = EXCLUDED.base_difficulty, is_active = EXCLUDED.is_active, is_deleted = EXCLUDED.is_deleted, updated_at = NOW(), updated_by = 'system';
DELETE FROM questions_answers WHERE question_id = 85100016;
INSERT INTO questions_answers (question_id, sentence, sentence_translation, is_correct, "order") VALUES (85100016, '担当の山田さんがご説明されます。', NULL, FALSE, 1);
INSERT INTO questions_answers (question_id, sentence, sentence_translation, is_correct, "order") VALUES (85100016, '担当の山田がご説明いたします。', NULL, TRUE, 2);
INSERT INTO questions_answers (question_id, sentence, sentence_translation, is_correct, "order") VALUES (85100016, '担当の山田様がご説明なさいます。', NULL, FALSE, 3);
INSERT INTO questions_answers (question_id, sentence, sentence_translation, is_correct, "order") VALUES (85100016, '担当の山田がご説明してくれます。', NULL, FALSE, 4);
INSERT INTO questions (id, user_id, is_system, is_khoa_cu, question_type, content_type, level, selection_type, question, passage, passage_translation, general_explanation, skill_category, base_difficulty, tenant_id, is_active, is_deleted, created_at, created_by) VALUES (85100017, NULL, TRUE, FALSE, 'chon_dap_an', 'keigo_baitap_uchi_soto', 'BJT-2', 'single', 'お客様（B社の鈴木様）からの伝言を上司（田中部長）に伝える場面。正しい言い方はどれですか？

Truyền đạt tin nhắn của khách (ông Suzuki, B công ty) cho sếp (Trưởng phòng Tanaka). Cách nói ĐÚNG là gì?', NULL, NULL, 'Khi nói với SẾP (Uchi) về KHÁCH HÀNG (Soto): ①Khách hàng = Soto → dùng tôn kính ngữ (おっしゃる). ②「鈴木様」= 様 cho Soto. 「おっしゃっていました」= 言う (tôn kính) → ĐÚNG. (A) 「申す」= khiêm ngữ → sai, không dùng 謙譲語 cho Soto. (C) 「言っていました」= quá bình thường với khách. (D) 「申し上げる」= khiêm ngữ → sai cho Soto.

💡 Khi kể lại lời khách với SẾP: Khách vẫn là Soto → tôn kính (おっしゃった). Ngữ cảnh thay đổi nhưng quan hệ Soto với khách không thay đổi!', 'grammar', 2, 'system', TRUE, FALSE, NOW(), 'system') ON CONFLICT (id) DO UPDATE SET question_type = EXCLUDED.question_type, content_type = EXCLUDED.content_type, level = EXCLUDED.level, question = EXCLUDED.question, passage = EXCLUDED.passage, passage_translation = EXCLUDED.passage_translation, general_explanation = EXCLUDED.general_explanation, skill_category = EXCLUDED.skill_category, base_difficulty = EXCLUDED.base_difficulty, is_active = EXCLUDED.is_active, is_deleted = EXCLUDED.is_deleted, updated_at = NOW(), updated_by = 'system';
DELETE FROM questions_answers WHERE question_id = 85100017;
INSERT INTO questions_answers (question_id, sentence, sentence_translation, is_correct, "order") VALUES (85100017, 'B社の鈴木が申しておりました。', NULL, FALSE, 1);
INSERT INTO questions_answers (question_id, sentence, sentence_translation, is_correct, "order") VALUES (85100017, 'B社の鈴木様がおっしゃっていました。', NULL, TRUE, 2);
INSERT INTO questions_answers (question_id, sentence, sentence_translation, is_correct, "order") VALUES (85100017, 'B社の鈴木さんが言っていました。', NULL, FALSE, 3);
INSERT INTO questions_answers (question_id, sentence, sentence_translation, is_correct, "order") VALUES (85100017, 'B社の鈴木様が申し上げておりました。', NULL, FALSE, 4);
INSERT INTO questions (id, user_id, is_system, is_khoa_cu, question_type, content_type, level, selection_type, question, passage, passage_translation, general_explanation, skill_category, base_difficulty, tenant_id, is_active, is_deleted, created_at, created_by) VALUES (85100018, NULL, TRUE, FALSE, 'chon_dap_an', 'keigo_baitap_uchi_soto', 'BJT-2', 'single', '受付でお客様を迎える場面で、担当者を呼びに行く時の正しい表現はどれですか？

Ở lễ tân, đi gọi người phụ trách ra gặp khách. Cách nói phù hợp nhất là gì?', NULL, NULL, '「担当の山田をお呼びいたします。少々お待ちくださいませ」= ĐÚNG. ①「山田」bỏ さん/部長 (Uchi). ②「お呼びいたします」= khiêm ngữ. ③「お待ちくださいませ」= tôn kính, lịch sự cao với khách (くださいませ cao hơn ください). (A) 「山田さん」= còn さん. (B) 「山田部長様」= chức + 様 cho Uchi. (D) 「いらっしゃいます」= tôn kính cho Uchi.

💡 「少々お待ちくださいませ」= chuẩn vàng tiếp đón. 「お待ちください」(thường) < 「お待ちくださいませ」(trang trọng hơn).', 'grammar', 2, 'system', TRUE, FALSE, NOW(), 'system') ON CONFLICT (id) DO UPDATE SET question_type = EXCLUDED.question_type, content_type = EXCLUDED.content_type, level = EXCLUDED.level, question = EXCLUDED.question, passage = EXCLUDED.passage, passage_translation = EXCLUDED.passage_translation, general_explanation = EXCLUDED.general_explanation, skill_category = EXCLUDED.skill_category, base_difficulty = EXCLUDED.base_difficulty, is_active = EXCLUDED.is_active, is_deleted = EXCLUDED.is_deleted, updated_at = NOW(), updated_by = 'system';
DELETE FROM questions_answers WHERE question_id = 85100018;
INSERT INTO questions_answers (question_id, sentence, sentence_translation, is_correct, "order") VALUES (85100018, '担当の山田さんをお呼びします。少々お待ちください。', NULL, FALSE, 1);
INSERT INTO questions_answers (question_id, sentence, sentence_translation, is_correct, "order") VALUES (85100018, '担当の山田部長様をお呼びいたします。少々お待ちくださいませ。', NULL, FALSE, 2);
INSERT INTO questions_answers (question_id, sentence, sentence_translation, is_correct, "order") VALUES (85100018, '担当の山田をお呼びいたします。少々お待ちくださいませ。', NULL, TRUE, 3);
INSERT INTO questions_answers (question_id, sentence, sentence_translation, is_correct, "order") VALUES (85100018, '山田がいらっしゃいますので、少々お待ちください。', NULL, FALSE, 4);
INSERT INTO questions (id, user_id, is_system, is_khoa_cu, question_type, content_type, level, selection_type, question, passage, passage_translation, general_explanation, skill_category, base_difficulty, tenant_id, is_active, is_deleted, created_at, created_by) VALUES (85100019, NULL, TRUE, FALSE, 'chon_dap_an', 'keigo_baitap_uchi_soto', 'BJT-2', 'single', '「田中部長が帰社した」ことを、異なる相手に伝える時、それぞれの正しい言い方を選んでください。①社内の同僚に：②社外の取引先に：

Trưởng phòng Tanaka vừa về công ty. Nói với ①đồng nghiệp nội bộ và ②đối tác bên ngoài. Cách nói đúng là gì?', NULL, NULL, '①Nói với đồng nghiệp nội bộ: Tanaka là bề trên → dùng tôn kính ngữ 「お戻りになる」(正しい). ②Nói với đối tác bên ngoài: Tanaka = Uchi → bỏ 部長, dùng bình thường/khiêm 「戻る/戻りました」. (B) 「戻られる」= cũng tôn kính (れる) nhưng ít trang trọng hơn お戻りになる. (C) sai ở câu 2 (vẫn dùng tôn kính cho Uchi). (D) sai thứ tự.

💡 Cùng sếp, khác đối tượng nghe: Nội bộ → 尊敬語 (お戻りになる). Với ngoài → Bình thường/謙譲 (戻りました/戻っております).', 'grammar', 2, 'system', TRUE, FALSE, NOW(), 'system') ON CONFLICT (id) DO UPDATE SET question_type = EXCLUDED.question_type, content_type = EXCLUDED.content_type, level = EXCLUDED.level, question = EXCLUDED.question, passage = EXCLUDED.passage, passage_translation = EXCLUDED.passage_translation, general_explanation = EXCLUDED.general_explanation, skill_category = EXCLUDED.skill_category, base_difficulty = EXCLUDED.base_difficulty, is_active = EXCLUDED.is_active, is_deleted = EXCLUDED.is_deleted, updated_at = NOW(), updated_by = 'system';
DELETE FROM questions_answers WHERE question_id = 85100019;
INSERT INTO questions_answers (question_id, sentence, sentence_translation, is_correct, "order") VALUES (85100019, '①田中部長がお戻りになりました。②田中がただいま戻りました。', NULL, TRUE, 1);
INSERT INTO questions_answers (question_id, sentence, sentence_translation, is_correct, "order") VALUES (85100019, '①田中部長が戻られました。②田中はただいま戻りました。', NULL, FALSE, 2);
INSERT INTO questions_answers (question_id, sentence, sentence_translation, is_correct, "order") VALUES (85100019, '①田中部長がお戻りになりました。②田中はただいまお戻りになりました。', NULL, FALSE, 3);
INSERT INTO questions_answers (question_id, sentence, sentence_translation, is_correct, "order") VALUES (85100019, '①田中が戻りました。②田中部長がお戻りになりました。', NULL, FALSE, 4);
INSERT INTO questions (id, user_id, is_system, is_khoa_cu, question_type, content_type, level, selection_type, question, passage, passage_translation, general_explanation, skill_category, base_difficulty, tenant_id, is_active, is_deleted, created_at, created_by) VALUES (85100020, NULL, TRUE, FALSE, 'chon_dap_an', 'keigo_baitap_uchi_soto', 'BJT-2', 'single', '社外向けのメールで、相手の会社に言及する時の正しい呼び方はどれですか？（書き言葉）

Trong email gửi ra ngoài (văn viết), cách gọi công ty đối tác đúng nhất là gì?', NULL, NULL, '【貴社（きしゃ）】= tôn xưng công ty đối tác trong VĂN VIẾT (email, thư). 御社（おんしゃ）= tôn xưng trong VĂN NÓI (điện thoại, họp). Điểm dễ nhầm: Cả 2 đều có nghĩa ''quý công ty'' nhưng khác phong cách. 弊社/当社 = công ty MÌNH → không dùng để gọi đối tác. Khi viết email: 「貴社ますますご繁栄のこととお慶び申し上げます」

💡 貴社 (văn viết) vs 御社 (văn nói) — cặp này hay ra trong BJT. Nhớ: K-I-sha (Kitten = viết = Kí tự), O-N-sha (ONomatopoeia = nói).', 'grammar', 2, 'system', TRUE, FALSE, NOW(), 'system') ON CONFLICT (id) DO UPDATE SET question_type = EXCLUDED.question_type, content_type = EXCLUDED.content_type, level = EXCLUDED.level, question = EXCLUDED.question, passage = EXCLUDED.passage, passage_translation = EXCLUDED.passage_translation, general_explanation = EXCLUDED.general_explanation, skill_category = EXCLUDED.skill_category, base_difficulty = EXCLUDED.base_difficulty, is_active = EXCLUDED.is_active, is_deleted = EXCLUDED.is_deleted, updated_at = NOW(), updated_by = 'system';
DELETE FROM questions_answers WHERE question_id = 85100020;
INSERT INTO questions_answers (question_id, sentence, sentence_translation, is_correct, "order") VALUES (85100020, '御社（おんしゃ）', NULL, FALSE, 1);
INSERT INTO questions_answers (question_id, sentence, sentence_translation, is_correct, "order") VALUES (85100020, '貴社（きしゃ）', NULL, TRUE, 2);
INSERT INTO questions_answers (question_id, sentence, sentence_translation, is_correct, "order") VALUES (85100020, '弊社（へいしゃ）', NULL, FALSE, 3);
INSERT INTO questions_answers (question_id, sentence, sentence_translation, is_correct, "order") VALUES (85100020, '当社（とうしゃ）', NULL, FALSE, 4);
INSERT INTO questions (id, user_id, is_system, is_khoa_cu, question_type, content_type, level, selection_type, question, passage, passage_translation, general_explanation, skill_category, base_difficulty, tenant_id, is_active, is_deleted, created_at, created_by) VALUES (85100021, NULL, TRUE, FALSE, 'chon_dap_an', 'keigo_baitap_uchi_soto', 'BJT-3', 'single', 'A社（取引先）とB社（自社）とC社（別の取引先）の3社が絡む場面。B社社員（話し手）がA社の山田様にC社について話す場合、C社はA社とB社それぞれにとって何ですか？

Tình huống 3 công ty: A (đối tác), B (công ty bạn), C (đối tác khác). Bạn (B) nói với ông Yamada (A) về C công ty. C là Soto hay Uchi với A và B?', NULL, NULL, 'C công ty = Soto với cả A và B. Khi bạn (B) nói với A về C: C vẫn là Soto với bạn → dùng tôn kính ngữ cho C (nếu cần). Nhưng đây là tình huống phức tạp vì A cũng đang nghe → bạn tôn trọng cả A lẫn C (khi đề cập). Không có tình huống C là Uchi của A (trừ khi A và C là cùng tập đoàn). Khi có mặt đại diện của nhiều công ty khác nhau, tất cả họ đều là Soto của bạn.

💡 Khi có nhiều đại diện Soto trong cùng buổi họp: Tất cả đều là Soto của bạn → tôn kính với tất cả. Chỉ CÔNG TY BẠN mới là Uchi.', 'grammar', 3, 'system', TRUE, FALSE, NOW(), 'system') ON CONFLICT (id) DO UPDATE SET question_type = EXCLUDED.question_type, content_type = EXCLUDED.content_type, level = EXCLUDED.level, question = EXCLUDED.question, passage = EXCLUDED.passage, passage_translation = EXCLUDED.passage_translation, general_explanation = EXCLUDED.general_explanation, skill_category = EXCLUDED.skill_category, base_difficulty = EXCLUDED.base_difficulty, is_active = EXCLUDED.is_active, is_deleted = EXCLUDED.is_deleted, updated_at = NOW(), updated_by = 'system';
DELETE FROM questions_answers WHERE question_id = 85100021;
INSERT INTO questions_answers (question_id, sentence, sentence_translation, is_correct, "order") VALUES (85100021, 'C社はA社にとっても、B社にとっても「外（soto）」', NULL, FALSE, 1);
INSERT INTO questions_answers (question_id, sentence, sentence_translation, is_correct, "order") VALUES (85100021, 'C社はA社にとって「内（uchi）」、B社にとって「外（soto）」', NULL, FALSE, 2);
INSERT INTO questions_answers (question_id, sentence, sentence_translation, is_correct, "order") VALUES (85100021, 'C社はA社にとって「外（soto）」、B社にとっても「外（soto）」だが、A社に話す時はC社を「外」として扱う', NULL, TRUE, 3);
INSERT INTO questions_answers (question_id, sentence, sentence_translation, is_correct, "order") VALUES (85100021, 'C社はすべての会社にとって「内（uchi）」', NULL, FALSE, 4);
INSERT INTO questions (id, user_id, is_system, is_khoa_cu, question_type, content_type, level, selection_type, question, passage, passage_translation, general_explanation, skill_category, base_difficulty, tenant_id, is_active, is_deleted, created_at, created_by) VALUES (85100022, NULL, TRUE, FALSE, 'chon_dap_an', 'keigo_baitap_uchi_soto', 'BJT-3', 'single', 'あなた（B社）がA社に訪問した場合、A社の山田部長についての言及方法として正しいものはどれですか？

Bạn (B công ty) đến thăm A công ty. Khi nhắc đến Trưởng phòng Yamada của A công ty, cách nói đúng là gì?', NULL, NULL, 'Khi bạn đến văn phòng của A công ty và hỏi lễ tân A về Trưởng phòng Yamada (A): Yamada là người của A (Soto với bạn) → phải dùng tôn kính ngữ 「いらっしゃる」. (A) 「山田は〜」bỏ chức danh + bỏ 様 → như thể Yamada là Uchi của bạn = SAI. (C) 「おる」= khiêm ngữ → SAI cho Soto. (D) 「〜様がいます」= thiếu kính trọng.

💡 Khi hỏi về người của CÔNG TY KHÁC → họ là Soto → tôn kính ngữ (いらっしゃる). Ngược lại khi người ngoài hỏi về người công ty bạn → khiêm ngữ (おる).', 'grammar', 3, 'system', TRUE, FALSE, NOW(), 'system') ON CONFLICT (id) DO UPDATE SET question_type = EXCLUDED.question_type, content_type = EXCLUDED.content_type, level = EXCLUDED.level, question = EXCLUDED.question, passage = EXCLUDED.passage, passage_translation = EXCLUDED.passage_translation, general_explanation = EXCLUDED.general_explanation, skill_category = EXCLUDED.skill_category, base_difficulty = EXCLUDED.base_difficulty, is_active = EXCLUDED.is_active, is_deleted = EXCLUDED.is_deleted, updated_at = NOW(), updated_by = 'system';
DELETE FROM questions_answers WHERE question_id = 85100022;
INSERT INTO questions_answers (question_id, sentence, sentence_translation, is_correct, "order") VALUES (85100022, '山田はいらっしゃいますか。（A社の受付に）', NULL, FALSE, 1);
INSERT INTO questions_answers (question_id, sentence, sentence_translation, is_correct, "order") VALUES (85100022, '山田部長はいらっしゃいますか。（A社の受付に）', NULL, TRUE, 2);
INSERT INTO questions_answers (question_id, sentence, sentence_translation, is_correct, "order") VALUES (85100022, '山田部長はおりますか。（A社の受付に）', NULL, FALSE, 3);
INSERT INTO questions_answers (question_id, sentence, sentence_translation, is_correct, "order") VALUES (85100022, '山田様がいますか。（A社の受付に）', NULL, FALSE, 4);
INSERT INTO questions (id, user_id, is_system, is_khoa_cu, question_type, content_type, level, selection_type, question, passage, passage_translation, general_explanation, skill_category, base_difficulty, tenant_id, is_active, is_deleted, created_at, created_by) VALUES (85100023, NULL, TRUE, FALSE, 'chon_dap_an', 'keigo_baitap_uchi_soto', 'BJT-3', 'single', 'A社（取引先）の鈴木様から伝言を預かり、それを自社の田中部長に伝える。正しい伝え方はどれですか？

Nhận tin nhắn từ ông Suzuki (A công ty, đối tác) và truyền lại cho Trưởng phòng Tanaka (sếp của bạn). Cách nói ĐÚNG là gì?', NULL, NULL, 'Khi kể lại cho SẾP (田中部長) về những gì KHÁCH (鈴木様) đã nói: ①鈴木様 = Soto → vẫn dùng tôn kính 「おっしゃる」và 「様」. ②Đang nói VỚI SẾP nên cần cẩn thận: với sếp bạn dùng tôn kính (sẽ có ở động từ chính), nhưng với Suzuki (Soto) vẫn dùng tôn kính. (A) 「申す」= khiêm cho uchi → SAI khi nói về Soto. (C) 「申し上げる」= khiêm → SAI cho Soto. (D) 「言っていました」= quá bình thường với khách.

💡 Dù đang nói với ai, quan hệ Soto của khách KHÔNG thay đổi → luôn dùng tôn kính cho khách. Chỉ VỊ TRÍ của bạn (uchi/người nói) thay đổi cách bạn nói về hành động của mình.', 'grammar', 3, 'system', TRUE, FALSE, NOW(), 'system') ON CONFLICT (id) DO UPDATE SET question_type = EXCLUDED.question_type, content_type = EXCLUDED.content_type, level = EXCLUDED.level, question = EXCLUDED.question, passage = EXCLUDED.passage, passage_translation = EXCLUDED.passage_translation, general_explanation = EXCLUDED.general_explanation, skill_category = EXCLUDED.skill_category, base_difficulty = EXCLUDED.base_difficulty, is_active = EXCLUDED.is_active, is_deleted = EXCLUDED.is_deleted, updated_at = NOW(), updated_by = 'system';
DELETE FROM questions_answers WHERE question_id = 85100023;
INSERT INTO questions_answers (question_id, sentence, sentence_translation, is_correct, "order") VALUES (85100023, 'A社の鈴木が申しておりました。', NULL, FALSE, 1);
INSERT INTO questions_answers (question_id, sentence, sentence_translation, is_correct, "order") VALUES (85100023, 'A社の鈴木様がおっしゃっていました。', NULL, TRUE, 2);
INSERT INTO questions_answers (question_id, sentence, sentence_translation, is_correct, "order") VALUES (85100023, 'A社の鈴木様が申し上げておりました。', NULL, FALSE, 3);
INSERT INTO questions_answers (question_id, sentence, sentence_translation, is_correct, "order") VALUES (85100023, 'A社の鈴木さんが言っていました。', NULL, FALSE, 4);
INSERT INTO questions (id, user_id, is_system, is_khoa_cu, question_type, content_type, level, selection_type, question, passage, passage_translation, general_explanation, skill_category, base_difficulty, tenant_id, is_active, is_deleted, created_at, created_by) VALUES (85100024, NULL, TRUE, FALSE, 'chon_dap_an', 'keigo_baitap_uchi_soto', 'BJT-3', 'single', '取引先の山田様が「田中部長は本当に優秀でいらっしゃいますね」とおっしゃった。適切な返答はどれですか？

Khách hàng Yamada khen: ''Trưởng phòng Tanaka của quý vị thực sự tài năng nhỉ.'' Cách trả lời phù hợp nhất là gì?', NULL, NULL, '「ありがとうございます。田中はおかげさまで頑張っております」= ĐÚNG. ①「田中」bỏ 部長 (Uchi, đang nói với Soto). ②「おかげさまで」= nhờ ơn/may mắn (겸손한 표현). ③「頑張っております」= khiêm ngữ (おる). (A) 「でいらっしゃいます」= tôn kính cho Uchi — SAI. (C) 「田中部長様」+ 「すごい」= hai lỗi. (D) 「田中部長のおかげ」= còn chức danh, thêm おかげ cũng hơi kỳ.

💡 Khi khách khen người Uchi: Cảm ơn謙虚に + nói về người Uchi bằng khiêm ngữ. KHÔNG dùng tôn kính ngữ cho người Uchi dù họ vừa được khen.', 'grammar', 3, 'system', TRUE, FALSE, NOW(), 'system') ON CONFLICT (id) DO UPDATE SET question_type = EXCLUDED.question_type, content_type = EXCLUDED.content_type, level = EXCLUDED.level, question = EXCLUDED.question, passage = EXCLUDED.passage, passage_translation = EXCLUDED.passage_translation, general_explanation = EXCLUDED.general_explanation, skill_category = EXCLUDED.skill_category, base_difficulty = EXCLUDED.base_difficulty, is_active = EXCLUDED.is_active, is_deleted = EXCLUDED.is_deleted, updated_at = NOW(), updated_by = 'system';
DELETE FROM questions_answers WHERE question_id = 85100024;
INSERT INTO questions_answers (question_id, sentence, sentence_translation, is_correct, "order") VALUES (85100024, 'そうですね、田中部長はとても優秀でいらっしゃいます。', NULL, FALSE, 1);
INSERT INTO questions_answers (question_id, sentence, sentence_translation, is_correct, "order") VALUES (85100024, 'ありがとうございます。田中はおかげさまで頑張っております。', NULL, TRUE, 2);
INSERT INTO questions_answers (question_id, sentence, sentence_translation, is_correct, "order") VALUES (85100024, 'そうですよ、うちの田中部長様はすごいんです。', NULL, FALSE, 3);
INSERT INTO questions_answers (question_id, sentence, sentence_translation, is_correct, "order") VALUES (85100024, 'ありがとうございます。田中部長のおかげです。', NULL, FALSE, 4);
INSERT INTO questions (id, user_id, is_system, is_khoa_cu, question_type, content_type, level, selection_type, question, passage, passage_translation, general_explanation, skill_category, base_difficulty, tenant_id, is_active, is_deleted, created_at, created_by) VALUES (85100025, NULL, TRUE, FALSE, 'chon_dap_an', 'keigo_baitap_uchi_soto', 'BJT-3', 'single', '今月入社したばかりの新人社員（山田くん）について、取引先に言及する場合の正しい表現はどれですか？

Nhân viên mới vào tháng này (anh Yamada). Khi đề cập với đối tác, cách nói đúng là gì?', NULL, NULL, 'Nhân viên mới = Uchi (ngay từ ngày đầu vào công ty). Khi nói với Soto về nhân viên mới: ①「山田」bỏ さん/くん (Uchi). ②「ご対応いたします」= khiêm ngữ — hành động của Uchi. (B) 「山田さん」còn 〜さん + 「される」tôn kính → 2 lỗi. (C) 「山田くん様」= lạ, sai. (D) 「山田部下」= không tự nhiên.

💡 NHÂN VIÊN MỚI = Uchi ngay từ ngày đầu. Kể cả thực tập sinh (インターン) khi đang ở công ty bạn cũng có thể được coi là Uchi trong nhiều ngữ cảnh.', 'grammar', 3, 'system', TRUE, FALSE, NOW(), 'system') ON CONFLICT (id) DO UPDATE SET question_type = EXCLUDED.question_type, content_type = EXCLUDED.content_type, level = EXCLUDED.level, question = EXCLUDED.question, passage = EXCLUDED.passage, passage_translation = EXCLUDED.passage_translation, general_explanation = EXCLUDED.general_explanation, skill_category = EXCLUDED.skill_category, base_difficulty = EXCLUDED.base_difficulty, is_active = EXCLUDED.is_active, is_deleted = EXCLUDED.is_deleted, updated_at = NOW(), updated_by = 'system';
DELETE FROM questions_answers WHERE question_id = 85100025;
INSERT INTO questions_answers (question_id, sentence, sentence_translation, is_correct, "order") VALUES (85100025, '新人の山田がご対応いたします。', NULL, TRUE, 1);
INSERT INTO questions_answers (question_id, sentence, sentence_translation, is_correct, "order") VALUES (85100025, '新人の山田さんがご対応されます。', NULL, FALSE, 2);
INSERT INTO questions_answers (question_id, sentence, sentence_translation, is_correct, "order") VALUES (85100025, '新人の山田くん様がご対応いたします。', NULL, FALSE, 3);
INSERT INTO questions_answers (question_id, sentence, sentence_translation, is_correct, "order") VALUES (85100025, '新人の山田部下がご対応させていただきます。', NULL, FALSE, 4);
INSERT INTO questions (id, user_id, is_system, is_khoa_cu, question_type, content_type, level, selection_type, question, passage, passage_translation, general_explanation, skill_category, base_difficulty, tenant_id, is_active, is_deleted, created_at, created_by) VALUES (85100026, NULL, TRUE, FALSE, 'chon_dap_an', 'keigo_baitap_uchi_soto', 'BJT-3', 'single', 'A社とB社（自社）の合同プロジェクトについて、C社（別の取引先）にメールで報告する場面。A社の田中様について言及する正しい方法は？

Dự án liên kết A và B (công ty bạn). Báo cáo cho C (đối tác khác). Khi đề cập đến ông Tanaka (A công ty) trong email, cách đúng là gì?', NULL, NULL, 'Ông Tanaka (A công ty) = Soto với bạn (B). Dù email gửi cho C, Tanaka vẫn là Soto của bạn → tôn kính: 「田中様がおっしゃっておりました」. (A) 「申す」= khiêm ngữ → chỉ dùng cho Uchi. (C) 「田中部長様」+ 「なさいました」= đúng về kính ngữ nhưng 「田中部長様」hơi thừa (様 sau chức danh = không cần thiết, 「田中様」là đủ). (D) 「申し上げる」= khiêm → SAI cho Soto.

💡 Người của CÔNG TY KHÁC = Soto dù trong bất kỳ email hay hoàn cảnh nào → tôn kính ngữ. 「〜様がおっしゃる」là công thức chuẩn.', 'grammar', 3, 'system', TRUE, FALSE, NOW(), 'system') ON CONFLICT (id) DO UPDATE SET question_type = EXCLUDED.question_type, content_type = EXCLUDED.content_type, level = EXCLUDED.level, question = EXCLUDED.question, passage = EXCLUDED.passage, passage_translation = EXCLUDED.passage_translation, general_explanation = EXCLUDED.general_explanation, skill_category = EXCLUDED.skill_category, base_difficulty = EXCLUDED.base_difficulty, is_active = EXCLUDED.is_active, is_deleted = EXCLUDED.is_deleted, updated_at = NOW(), updated_by = 'system';
DELETE FROM questions_answers WHERE question_id = 85100026;
INSERT INTO questions_answers (question_id, sentence, sentence_translation, is_correct, "order") VALUES (85100026, 'A社の田中が申しておりました。', NULL, FALSE, 1);
INSERT INTO questions_answers (question_id, sentence, sentence_translation, is_correct, "order") VALUES (85100026, 'A社の田中様がおっしゃっておりました。', NULL, TRUE, 2);
INSERT INTO questions_answers (question_id, sentence, sentence_translation, is_correct, "order") VALUES (85100026, 'A社の田中部長様がご発言なさいました。', NULL, FALSE, 3);
INSERT INTO questions_answers (question_id, sentence, sentence_translation, is_correct, "order") VALUES (85100026, 'A社の田中部長が申し上げておりました。', NULL, FALSE, 4);
INSERT INTO questions (id, user_id, is_system, is_khoa_cu, question_type, content_type, level, selection_type, question, passage, passage_translation, general_explanation, skill_category, base_difficulty, tenant_id, is_active, is_deleted, created_at, created_by) VALUES (85100027, NULL, TRUE, FALSE, 'chon_dap_an', 'keigo_baitap_uchi_soto', 'BJT-3', 'single', '会議室で、自社の部長（田中部長）と取引先のお客様（鈴木様）が同席している。あなたが二人に同時に話す場合の言い方として正しいものはどれですか？

Phòng họp có cả sếp (Trưởng phòng Tanaka) và khách (ông Suzuki). Bạn nói với cả 2 cùng lúc. Cách xử lý kính ngữ thế nào?', NULL, NULL, 'Dù sếp có mặt, nguyên tắc Uchi/Soto vẫn giữ nguyên khi có Soto (khách) trong phòng: ①Khi nhắc đến/nói về sếp (Uchi) trước mặt khách → vẫn dùng khiêm/bình thường. ②Với khách (Soto) → tôn kính ngữ. Đây là điểm khó: bạn phải đồng thời TÔN TRỌNG khách và KHÔNG dùng tôn kính ngữ cho sếp (dù sếp ngồi cạnh). Trong thực tế, người Nhật thành thạo làm điều này rất tự nhiên.

💡 Khi sếp và khách cùng có mặt: Ưu tiên quy tắc Uchi/Soto trước. Sếp hiểu và MONG ĐỢI bạn không dùng tôn kính cho mình trước mặt khách.', 'grammar', 3, 'system', TRUE, FALSE, NOW(), 'system') ON CONFLICT (id) DO UPDATE SET question_type = EXCLUDED.question_type, content_type = EXCLUDED.content_type, level = EXCLUDED.level, question = EXCLUDED.question, passage = EXCLUDED.passage, passage_translation = EXCLUDED.passage_translation, general_explanation = EXCLUDED.general_explanation, skill_category = EXCLUDED.skill_category, base_difficulty = EXCLUDED.base_difficulty, is_active = EXCLUDED.is_active, is_deleted = EXCLUDED.is_deleted, updated_at = NOW(), updated_by = 'system';
DELETE FROM questions_answers WHERE question_id = 85100027;
INSERT INTO questions_answers (question_id, sentence, sentence_translation, is_correct, "order") VALUES (85100027, '田中部長と鈴木様、両名にすべて尊敬語を使う', NULL, FALSE, 1);
INSERT INTO questions_answers (question_id, sentence, sentence_translation, is_correct, "order") VALUES (85100027, '田中部長にも鈴木様にも謙譲語を使う', NULL, FALSE, 2);
INSERT INTO questions_answers (question_id, sentence, sentence_translation, is_correct, "order") VALUES (85100027, '鈴木様（外）に対しては尊敬語、田中部長（内）に対する言及は謙譲語・平語を基本とする', NULL, TRUE, 3);
INSERT INTO questions_answers (question_id, sentence, sentence_translation, is_correct, "order") VALUES (85100027, 'この場合は敬語を使わなくていい', NULL, FALSE, 4);
INSERT INTO questions (id, user_id, is_system, is_khoa_cu, question_type, content_type, level, selection_type, question, passage, passage_translation, general_explanation, skill_category, base_difficulty, tenant_id, is_active, is_deleted, created_at, created_by) VALUES (85100028, NULL, TRUE, FALSE, 'chon_dap_an', 'keigo_baitap_uchi_soto', 'BJT-3', 'single', '自社の担当者（山田）がお客様（B社の鈴木様）に失礼をしてしまった。あなたが代わりに謝罪する場面で正しい表現はどれですか？

Đồng nghiệp Yamada của bạn đã thất lễ với khách (ông Suzuki, B công ty). Bạn thay mặt xin lỗi. Câu đúng nhất là gì?', NULL, NULL, '「山田が大変失礼いたしました。誠に申し訳ございません」= ĐÚNG. ①「山田」bỏ さん/くん (Uchi, nói với Soto). ②「失礼いたしました」= khiêm ngữ — hành động của Yamada (Uchi). ③「誠に申し訳ございません」= xin lỗi chân thành nhất. (A) 「山田さん」còn さん. (B) 「申し上げる」= khiêm ngữ theo nghĩa ''thưa/nói với bề trên'' → không phù hợp ở đây. (D) 「ご失礼される」= tôn kính cho Uchi — SAI.

💡 Xin lỗi thay đồng nghiệp với khách: 「〇〇が失礼いたしました」(bỏ さん, dùng いたす). Đây là trách nhiệm tập thể (uchi đại diện cho cả nhóm).', 'grammar', 3, 'system', TRUE, FALSE, NOW(), 'system') ON CONFLICT (id) DO UPDATE SET question_type = EXCLUDED.question_type, content_type = EXCLUDED.content_type, level = EXCLUDED.level, question = EXCLUDED.question, passage = EXCLUDED.passage, passage_translation = EXCLUDED.passage_translation, general_explanation = EXCLUDED.general_explanation, skill_category = EXCLUDED.skill_category, base_difficulty = EXCLUDED.base_difficulty, is_active = EXCLUDED.is_active, is_deleted = EXCLUDED.is_deleted, updated_at = NOW(), updated_by = 'system';
DELETE FROM questions_answers WHERE question_id = 85100028;
INSERT INTO questions_answers (question_id, sentence, sentence_translation, is_correct, "order") VALUES (85100028, '山田さんが失礼をいたしまして、大変申し訳ございません。', NULL, FALSE, 1);
INSERT INTO questions_answers (question_id, sentence, sentence_translation, is_correct, "order") VALUES (85100028, '山田が失礼を申し上げまして、大変申し訳ございません。', NULL, FALSE, 2);
INSERT INTO questions_answers (question_id, sentence, sentence_translation, is_correct, "order") VALUES (85100028, '山田が大変失礼いたしました。誠に申し訳ございません。', NULL, TRUE, 3);
INSERT INTO questions_answers (question_id, sentence, sentence_translation, is_correct, "order") VALUES (85100028, '山田くんがご失礼されまして、申し訳ございません。', NULL, FALSE, 4);
INSERT INTO questions (id, user_id, is_system, is_khoa_cu, question_type, content_type, level, selection_type, question, passage, passage_translation, general_explanation, skill_category, base_difficulty, tenant_id, is_active, is_deleted, created_at, created_by) VALUES (85100029, NULL, TRUE, FALSE, 'chon_dap_an', 'keigo_baitap_uchi_soto', 'BJT-3', 'single', 'あなたはA株式会社の社員です。A株式会社はBグループの傘下にあります。Bグループの別の子会社C株式会社の社員と取引先の前で話す場合、C社の社員はあなたにとって「内」ですか「外」ですか？

Bạn làm ở A công ty (thuộc tập đoàn B). Trước mặt đối tác, bạn nói chuyện với nhân viên C công ty (cũng thuộc tập đoàn B). C là Uchi hay Soto?', NULL, NULL, 'Đây là tình huống mơ hồ trong thực tế Nhật. Về mặt pháp lý, A và C là hai công ty khác nhau → C là Soto. Tuy nhiên trong nội bộ tập đoàn, đôi khi có văn hóa ''uchi'' rộng hơn. Nguyên tắc AN TOÀN: Nếu không chắc chắn, hãy coi các công ty KHÁC (dù cùng tập đoàn) là Soto — đặc biệt khi có mặt bên thứ 3 bên ngoài. Hỏi cấp trên nếu nghi ngờ.

💡 Khi không chắc Uchi/Soto: Chọn 外 (Soto) là an toàn hơn. Dùng tôn kính ngữ thừa ít bị phán xét hơn là không dùng khi cần.', 'grammar', 3, 'system', TRUE, FALSE, NOW(), 'system') ON CONFLICT (id) DO UPDATE SET question_type = EXCLUDED.question_type, content_type = EXCLUDED.content_type, level = EXCLUDED.level, question = EXCLUDED.question, passage = EXCLUDED.passage, passage_translation = EXCLUDED.passage_translation, general_explanation = EXCLUDED.general_explanation, skill_category = EXCLUDED.skill_category, base_difficulty = EXCLUDED.base_difficulty, is_active = EXCLUDED.is_active, is_deleted = EXCLUDED.is_deleted, updated_at = NOW(), updated_by = 'system';
DELETE FROM questions_answers WHERE question_id = 85100029;
INSERT INTO questions_answers (question_id, sentence, sentence_translation, is_correct, "order") VALUES (85100029, '同じグループなので常に「内（uchi）」', NULL, FALSE, 1);
INSERT INTO questions_answers (question_id, sentence, sentence_translation, is_correct, "order") VALUES (85100029, '別の会社なので常に「外（soto）」', NULL, FALSE, 2);
INSERT INTO questions_answers (question_id, sentence, sentence_translation, is_correct, "order") VALUES (85100029, '状況と文脈によるが、一般的には「外（soto）」として扱うのが安全', NULL, TRUE, 3);
INSERT INTO questions_answers (question_id, sentence, sentence_translation, is_correct, "order") VALUES (85100029, '上司が判断するので自分で決めなくていい', NULL, FALSE, 4);
INSERT INTO questions (id, user_id, is_system, is_khoa_cu, question_type, content_type, level, selection_type, question, passage, passage_translation, general_explanation, skill_category, base_difficulty, tenant_id, is_active, is_deleted, created_at, created_by) VALUES (85100030, NULL, TRUE, FALSE, 'chon_dap_an', 'keigo_baitap_uchi_soto', 'BJT-3', 'single', '社外イベントでの挨拶スピーチで「弊社の会長が〜とおっしゃっておりました」という表現を使った。この表現の問題点は何ですか？

Trong buổi phát biểu sự kiện bên ngoài, ai đó nói: ''Chủ tịch hội đồng quản trị công ty tôi đã phán rằng...'' (dùng おっしゃる). Vấn đề là gì?', NULL, NULL, 'Dù là buổi phát biểu công khai, nguyên tắc Uchi/Soto vẫn áp dụng. Chủ tịch công ty bạn = Uchi → khi nói với Soto (khán giả bên ngoài), phải dùng khiêm ngữ 「申す」không phải tôn kính 「おっしゃる」. Đúng: 「弊社の会長が〜と申しておりました」. Đây là lỗi người học hay mắc phải vì nghĩ rằng ''chủ tịch thì phải dùng kính ngữ cao nhất'' — nhưng quy tắc Uchi/Soto MẠNH HỚN quy tắc địa vị.

💡 Quy tắc Uchi/Soto MẠNH HỚN quy tắc cấp bậc. Dù là Chủ tịch hay Giám đốc, khi nói trước Soto → đều phải dùng khiêm ngữ cho họ.', 'grammar', 3, 'system', TRUE, FALSE, NOW(), 'system') ON CONFLICT (id) DO UPDATE SET question_type = EXCLUDED.question_type, content_type = EXCLUDED.content_type, level = EXCLUDED.level, question = EXCLUDED.question, passage = EXCLUDED.passage, passage_translation = EXCLUDED.passage_translation, general_explanation = EXCLUDED.general_explanation, skill_category = EXCLUDED.skill_category, base_difficulty = EXCLUDED.base_difficulty, is_active = EXCLUDED.is_active, is_deleted = EXCLUDED.is_deleted, updated_at = NOW(), updated_by = 'system';
DELETE FROM questions_answers WHERE question_id = 85100030;
INSERT INTO questions_answers (question_id, sentence, sentence_translation, is_correct, "order") VALUES (85100030, '「弊社」という表現が間違い', NULL, FALSE, 1);
INSERT INTO questions_answers (question_id, sentence, sentence_translation, is_correct, "order") VALUES (85100030, '「会長」という表現が失礼', NULL, FALSE, 2);
INSERT INTO questions_answers (question_id, sentence, sentence_translation, is_correct, "order") VALUES (85100030, '「おっしゃっておりました」は内の人（会長）に使う尊敬語なので間違い、「申しておりました」が正しい', NULL, TRUE, 3);
INSERT INTO questions_answers (question_id, sentence, sentence_translation, is_correct, "order") VALUES (85100030, 'スピーチなのでどんな表現でもよい', NULL, FALSE, 4);
INSERT INTO questions (id, user_id, is_system, is_khoa_cu, question_type, content_type, level, selection_type, question, passage, passage_translation, general_explanation, skill_category, base_difficulty, tenant_id, is_active, is_deleted, created_at, created_by) VALUES (85100031, NULL, TRUE, FALSE, 'chon_dap_an', 'keigo_baitap_uchi_soto', 'BJT-4', 'single', '次の電話応対の会話で、内外のルール違反を含む発言はどれですか？
受付：「はい、山田商事でございます。」
お客：「営業部の田中部長をお願いします。」
受付（ア）：「田中部長はただいまいらっしゃいます。」
受付（イ）：「少々お待ちくださいませ。」
受付（ウ）：「お繋ぎいたします。」

Trong đoạn điện thoại trên, phần nào vi phạm quy tắc Uchi/Soto?', NULL, NULL, '（ア）「田中部長はただいまいらっしゃいます」= LỖI. いらっしゃる = tôn kính ngữ → SAI khi dùng cho người Uchi (田中部長) trước mặt Soto (khách gọi điện). Đúng: 「田中はただいまおります」(おる = khiêm + bỏ 部長). （イ）「少々お待ちくださいませ」= ĐÚNG — tôn kính với khách. （ウ）「お繋ぎいたします」= ĐÚNG — khiêm ngữ cho hành động của mình.

💡 Đây là lỗi phổ biến nhất của người mới vào công ty Nhật: Dùng いらっしゃる cho sếp khi nghe điện thoại từ khách. Phải nói 「おります」.', 'grammar', 4, 'system', TRUE, FALSE, NOW(), 'system') ON CONFLICT (id) DO UPDATE SET question_type = EXCLUDED.question_type, content_type = EXCLUDED.content_type, level = EXCLUDED.level, question = EXCLUDED.question, passage = EXCLUDED.passage, passage_translation = EXCLUDED.passage_translation, general_explanation = EXCLUDED.general_explanation, skill_category = EXCLUDED.skill_category, base_difficulty = EXCLUDED.base_difficulty, is_active = EXCLUDED.is_active, is_deleted = EXCLUDED.is_deleted, updated_at = NOW(), updated_by = 'system';
DELETE FROM questions_answers WHERE question_id = 85100031;
INSERT INTO questions_answers (question_id, sentence, sentence_translation, is_correct, "order") VALUES (85100031, '（ア）のみ', NULL, TRUE, 1);
INSERT INTO questions_answers (question_id, sentence, sentence_translation, is_correct, "order") VALUES (85100031, '（イ）のみ', NULL, FALSE, 2);
INSERT INTO questions_answers (question_id, sentence, sentence_translation, is_correct, "order") VALUES (85100031, '（ウ）のみ', NULL, FALSE, 3);
INSERT INTO questions_answers (question_id, sentence, sentence_translation, is_correct, "order") VALUES (85100031, 'すべて正しい', NULL, FALSE, 4);
INSERT INTO questions (id, user_id, is_system, is_khoa_cu, question_type, content_type, level, selection_type, question, passage, passage_translation, general_explanation, skill_category, base_difficulty, tenant_id, is_active, is_deleted, created_at, created_by) VALUES (85100032, NULL, TRUE, FALSE, 'chon_dap_an', 'keigo_baitap_uchi_soto', 'BJT-4', 'single', '社外向けのメールで誤りがあるものはどれですか？

Email gửi ra ngoài — câu nào có LỖI?', NULL, NULL, '（B）「弊社の鈴木部長がご確認なさいました」= LỖI. ①「弊社」đúng (khiêm xưng công ty). ②「鈴木部長」còn chức danh — OK nếu mục đích là giới thiệu chức danh, nhưng: ③「なさいました」= tôn kính ngữ → SAI cho Uchi khi viết ra ngoài. Đúng: 「弊社の鈴木が確認いたしました」. (A)(C)(D) đều đúng: khiêm ngữ (いたす, 参る), bỏ 様/さん.

💡 Trong email ra ngoài về Uchi: Dùng khiêm ngữ (いたす, 参る, 申す). KHÔNG dùng: なさる, いらっしゃる, おっしゃる, される.', 'grammar', 4, 'system', TRUE, FALSE, NOW(), 'system') ON CONFLICT (id) DO UPDATE SET question_type = EXCLUDED.question_type, content_type = EXCLUDED.content_type, level = EXCLUDED.level, question = EXCLUDED.question, passage = EXCLUDED.passage, passage_translation = EXCLUDED.passage_translation, general_explanation = EXCLUDED.general_explanation, skill_category = EXCLUDED.skill_category, base_difficulty = EXCLUDED.base_difficulty, is_active = EXCLUDED.is_active, is_deleted = EXCLUDED.is_deleted, updated_at = NOW(), updated_by = 'system';
DELETE FROM questions_answers WHERE question_id = 85100032;
INSERT INTO questions_answers (question_id, sentence, sentence_translation, is_correct, "order") VALUES (85100032, '弊社の山田が確認いたしました。', NULL, FALSE, 1);
INSERT INTO questions_answers (question_id, sentence, sentence_translation, is_correct, "order") VALUES (85100032, '弊社の鈴木部長がご確認なさいました。', NULL, TRUE, 2);
INSERT INTO questions_answers (question_id, sentence, sentence_translation, is_correct, "order") VALUES (85100032, '弊社の田中よりご連絡いたします。', NULL, FALSE, 3);
INSERT INTO questions_answers (question_id, sentence, sentence_translation, is_correct, "order") VALUES (85100032, '弊社の佐藤が参ります。', NULL, FALSE, 4);
INSERT INTO questions (id, user_id, is_system, is_khoa_cu, question_type, content_type, level, selection_type, question, passage, passage_translation, general_explanation, skill_category, base_difficulty, tenant_id, is_active, is_deleted, created_at, created_by) VALUES (85100033, NULL, TRUE, FALSE, 'chon_dap_an', 'keigo_baitap_uchi_soto', 'BJT-4', 'single', '「弊社の佐藤部長様がおっしゃっておられました」という文には誤りがいくつありますか？

Câu "Trưởng phòng Sato của công ty tôi đã phán rằng..." (dùng おっしゃる và おられる). Có bao nhiêu lỗi?', NULL, NULL, 'Có 3 lỗi: ①「佐藤部長様」= 様 cho người Uchi (đang nói với Soto) — SAI. ②「おっしゃっておられました」= 「おっしゃる」(tôn kính ngữ của 言う) dùng cho Uchi — SAI. ③「おられました」= いる (tôn kính của おる trong tiếng Kansai/văn nói) + 「おっしゃっておられる」= 二重敬語 (chồng kính ngữ) — SAI. Đúng hoàn toàn: 「弊社の佐藤が申しておりました」

💡 Chuỗi lỗi thường gặp: 様(cho Uchi) + おっしゃる(cho Uchi) + おられる(tôn kính thêm) = 3 lỗi. Sửa thành: [tên] + 申す/言う + おる.', 'grammar', 4, 'system', TRUE, FALSE, NOW(), 'system') ON CONFLICT (id) DO UPDATE SET question_type = EXCLUDED.question_type, content_type = EXCLUDED.content_type, level = EXCLUDED.level, question = EXCLUDED.question, passage = EXCLUDED.passage, passage_translation = EXCLUDED.passage_translation, general_explanation = EXCLUDED.general_explanation, skill_category = EXCLUDED.skill_category, base_difficulty = EXCLUDED.base_difficulty, is_active = EXCLUDED.is_active, is_deleted = EXCLUDED.is_deleted, updated_at = NOW(), updated_by = 'system';
DELETE FROM questions_answers WHERE question_id = 85100033;
INSERT INTO questions_answers (question_id, sentence, sentence_translation, is_correct, "order") VALUES (85100033, '0個（すべて正しい）', NULL, FALSE, 1);
INSERT INTO questions_answers (question_id, sentence, sentence_translation, is_correct, "order") VALUES (85100033, '1個', NULL, FALSE, 2);
INSERT INTO questions_answers (question_id, sentence, sentence_translation, is_correct, "order") VALUES (85100033, '2個', NULL, FALSE, 3);
INSERT INTO questions_answers (question_id, sentence, sentence_translation, is_correct, "order") VALUES (85100033, '3個', NULL, TRUE, 4);
INSERT INTO questions (id, user_id, is_system, is_khoa_cu, question_type, content_type, level, selection_type, question, passage, passage_translation, general_explanation, skill_category, base_difficulty, tenant_id, is_active, is_deleted, created_at, created_by) VALUES (85100034, NULL, TRUE, FALSE, 'chon_dap_an', 'keigo_baitap_uchi_soto', 'BJT-4', 'single', '社外向けの正式なビジネスレターの書き出しとして最も適切なものはどれですか？

Câu mở đầu thư kinh doanh chính thức gửi ra ngoài, câu nào ĐÚNG và phù hợp nhất?', NULL, NULL, '「貴社ますますご清栄のこととお慶び申し上げます」= chuẩn vàng thư kinh doanh. ①「貴社」= văn VIẾT, tôn xưng công ty đối tác (Soto). ②「お慶び申し上げます」= khiêm ngữ nâng cao (申し上げる = 言う, khiêm). (B) 「御社」= văn NÓI, không dùng trong thư viết. (C) 「弊社」= công ty mình — không dùng để nói về Soto. (D) 「お喜びいたします」= khiêm nhưng お慶び申し上げます là chuẩn hơn cho thư chính thức.

💡 Câu mở thư chuẩn: 「貴社ますますご清栄のこととお慶び申し上げます」— Thuộc lòng câu này! Hay ra trong BJT.', 'grammar', 4, 'system', TRUE, FALSE, NOW(), 'system') ON CONFLICT (id) DO UPDATE SET question_type = EXCLUDED.question_type, content_type = EXCLUDED.content_type, level = EXCLUDED.level, question = EXCLUDED.question, passage = EXCLUDED.passage, passage_translation = EXCLUDED.passage_translation, general_explanation = EXCLUDED.general_explanation, skill_category = EXCLUDED.skill_category, base_difficulty = EXCLUDED.base_difficulty, is_active = EXCLUDED.is_active, is_deleted = EXCLUDED.is_deleted, updated_at = NOW(), updated_by = 'system';
DELETE FROM questions_answers WHERE question_id = 85100034;
INSERT INTO questions_answers (question_id, sentence, sentence_translation, is_correct, "order") VALUES (85100034, '貴社ますますご清栄のこととお慶び申し上げます。', NULL, TRUE, 1);
INSERT INTO questions_answers (question_id, sentence, sentence_translation, is_correct, "order") VALUES (85100034, '御社ますますご清栄のこととお慶び申し上げます。', NULL, FALSE, 2);
INSERT INTO questions_answers (question_id, sentence, sentence_translation, is_correct, "order") VALUES (85100034, '弊社ますますご清栄のこととお慶び申し上げます。', NULL, FALSE, 3);
INSERT INTO questions_answers (question_id, sentence, sentence_translation, is_correct, "order") VALUES (85100034, '貴社ますますご清栄のこととお喜びいたします。', NULL, FALSE, 4);
INSERT INTO questions (id, user_id, is_system, is_khoa_cu, question_type, content_type, level, selection_type, question, passage, passage_translation, general_explanation, skill_category, base_difficulty, tenant_id, is_active, is_deleted, created_at, created_by) VALUES (85100035, NULL, TRUE, FALSE, 'chon_dap_an', 'keigo_baitap_uchi_soto', 'BJT-4', 'single', '次の受付での会話で、内外のルール通り正しく使われているものの組み合わせはどれですか？
（ア）「田中部長はただいま外出しております。」
（イ）「A社の鈴木様がお見えになりました。」
（ウ）「山田がご案内いたします。」
（エ）「部長がいらっしゃいます。」

Trong đoạn hội thoại lễ tân trên, tổ hợp câu dùng ĐÚNG Uchi/Soto là gì?', NULL, NULL, '（ア）「田中部長はただいま外出しております」= ĐÚNG. 「外出しております」= khiêm cho Uchi (dù nói với ngoài). Lưu ý: 「田中部長は」còn chức danh nhưng với khách, giữ 部長 để khách biết người họ cần nói chuyện — chấp nhận được. （イ）「A社の鈴木様がお見えになりました」= ĐÚNG. お見えになる = tôn kính của 来る — dùng cho Soto (khách đến). （ウ）「山田がご案内いたします」= ĐÚNG. Bỏ さん, khiêm ngữ. （エ）「部長がいらっしゃいます」= LỖI. いらっしゃる cho Uchi (bộ phận Soto).

💡 Bộ từ chuẩn: Khách đến → 「お見えになる/いらっしゃる」. Sếp vắng → 「外出しております/席を外しております」. Nhân viên hành động → 「〜いたす」.', 'grammar', 4, 'system', TRUE, FALSE, NOW(), 'system') ON CONFLICT (id) DO UPDATE SET question_type = EXCLUDED.question_type, content_type = EXCLUDED.content_type, level = EXCLUDED.level, question = EXCLUDED.question, passage = EXCLUDED.passage, passage_translation = EXCLUDED.passage_translation, general_explanation = EXCLUDED.general_explanation, skill_category = EXCLUDED.skill_category, base_difficulty = EXCLUDED.base_difficulty, is_active = EXCLUDED.is_active, is_deleted = EXCLUDED.is_deleted, updated_at = NOW(), updated_by = 'system';
DELETE FROM questions_answers WHERE question_id = 85100035;
INSERT INTO questions_answers (question_id, sentence, sentence_translation, is_correct, "order") VALUES (85100035, '（ア）（イ）（ウ）', NULL, TRUE, 1);
INSERT INTO questions_answers (question_id, sentence, sentence_translation, is_correct, "order") VALUES (85100035, '（ア）（ウ）（エ）', NULL, FALSE, 2);
INSERT INTO questions_answers (question_id, sentence, sentence_translation, is_correct, "order") VALUES (85100035, '（イ）（ウ）（エ）', NULL, FALSE, 3);
INSERT INTO questions_answers (question_id, sentence, sentence_translation, is_correct, "order") VALUES (85100035, '（ア）（イ）（ウ）（エ）すべて正しい', NULL, FALSE, 4);
INSERT INTO questions (id, user_id, is_system, is_khoa_cu, question_type, content_type, level, selection_type, question, passage, passage_translation, general_explanation, skill_category, base_difficulty, tenant_id, is_active, is_deleted, created_at, created_by) VALUES (85100036, NULL, TRUE, FALSE, 'chon_dap_an', 'keigo_baitap_uchi_soto', 'BJT-4', 'single', 'かつて自社に勤めていた山田さん（現在は退職してA社に勤務）が来社した。山田さんはUchi（内）ですか、Soto（外）ですか？

Ông Yamada từng làm tại công ty bạn nhưng đã nghỉ việc và hiện làm ở A công ty. Khi ông ấy đến thăm, ông ấy là Uchi hay Soto?', NULL, NULL, 'Uchi/Soto được xác định bởi THUỘC NHÓM HIỆN TẠI, không phải quá khứ. Ông Yamada hiện là nhân viên A công ty = Soto. Dù bạn thân thiết hay từng là đồng nghiệp, trong môi trường kinh doanh chính thức → xử lý như Soto: dùng 〜様, tôn kính ngữ. Ngoài giờ làm việc hoặc trong bối cảnh cá nhân có thể linh hoạt, nhưng trong bối cảnh kinh doanh chính thức → luôn là Soto.

💡 Uchi/Soto = HIỆN TẠI, không phải lịch sử. Cựu nhân viên nay ở công ty khác = Soto trong bối cảnh kinh doanh chính thức.', 'grammar', 4, 'system', TRUE, FALSE, NOW(), 'system') ON CONFLICT (id) DO UPDATE SET question_type = EXCLUDED.question_type, content_type = EXCLUDED.content_type, level = EXCLUDED.level, question = EXCLUDED.question, passage = EXCLUDED.passage, passage_translation = EXCLUDED.passage_translation, general_explanation = EXCLUDED.general_explanation, skill_category = EXCLUDED.skill_category, base_difficulty = EXCLUDED.base_difficulty, is_active = EXCLUDED.is_active, is_deleted = EXCLUDED.is_deleted, updated_at = NOW(), updated_by = 'system';
DELETE FROM questions_answers WHERE question_id = 85100036;
INSERT INTO questions_answers (question_id, sentence, sentence_translation, is_correct, "order") VALUES (85100036, '元社員なので今でも「内（uchi）」', NULL, FALSE, 1);
INSERT INTO questions_answers (question_id, sentence, sentence_translation, is_correct, "order") VALUES (85100036, '現在はA社の社員なので「外（soto）」として扱う', NULL, TRUE, 2);
INSERT INTO questions_answers (question_id, sentence, sentence_translation, is_correct, "order") VALUES (85100036, '親しいので「内」でも「外」でもどちらでもよい', NULL, FALSE, 3);
INSERT INTO questions_answers (question_id, sentence, sentence_translation, is_correct, "order") VALUES (85100036, '上司に確認する必要があり、自分で判断できない', NULL, FALSE, 4);
INSERT INTO questions (id, user_id, is_system, is_khoa_cu, question_type, content_type, level, selection_type, question, passage, passage_translation, general_explanation, skill_category, base_difficulty, tenant_id, is_active, is_deleted, created_at, created_by) VALUES (85100037, NULL, TRUE, FALSE, 'chon_dap_an', 'keigo_baitap_uchi_soto', 'BJT-4', 'single', 'A社から弊社に派遣されている派遣社員の山田さんについて、取引先のB社に言及する場合、山田さんはUchi（内）ですか、Soto（外）ですか？

Nhân viên phái cử Yamada từ A công ty đang làm việc tại công ty bạn. Khi nói với B công ty (đối tác) về Yamada, Yamada là Uchi hay Soto?', NULL, NULL, 'Nhân viên phái cử là trường hợp MƠ HỒ trong Uchi/Soto: Về MẶT PHÁP LÝ thuộc A công ty → Soto. Nhưng THỰC TẾ đang làm tại công ty bạn → hành động trong công ty bạn có thể được xử lý như Uchi. Thực hành phổ biến: Khi nói với Soto bên ngoài về hành động của Yamada trong văn phòng → xử lý như Uchi (bỏ さん, khiêm ngữ). Khi cần nhấn mạnh nguồn gốc A公司 → xử lý cẩn thận hơn.

💡 Trường hợp mơ hồ (派遣、在籍出向…): Hỏi sếp hoặc chọn an toàn. Nguyên tắc chung: Người đang LÀM VIỆC CÙNG bạn trong văn phòng → có xu hướng xử lý như Uchi.', 'grammar', 4, 'system', TRUE, FALSE, NOW(), 'system') ON CONFLICT (id) DO UPDATE SET question_type = EXCLUDED.question_type, content_type = EXCLUDED.content_type, level = EXCLUDED.level, question = EXCLUDED.question, passage = EXCLUDED.passage, passage_translation = EXCLUDED.passage_translation, general_explanation = EXCLUDED.general_explanation, skill_category = EXCLUDED.skill_category, base_difficulty = EXCLUDED.base_difficulty, is_active = EXCLUDED.is_active, is_deleted = EXCLUDED.is_deleted, updated_at = NOW(), updated_by = 'system';
DELETE FROM questions_answers WHERE question_id = 85100037;
INSERT INTO questions_answers (question_id, sentence, sentence_translation, is_correct, "order") VALUES (85100037, 'A社の社員なので常に「外（soto）」', NULL, FALSE, 1);
INSERT INTO questions_answers (question_id, sentence, sentence_translation, is_correct, "order") VALUES (85100037, '弊社で働いているので「内（uchi）」として扱う', NULL, FALSE, 2);
INSERT INTO questions_answers (question_id, sentence, sentence_translation, is_correct, "order") VALUES (85100037, '状況により異なる（一般的には弊社内での行動については内として扱うが、所属はA社）', NULL, TRUE, 3);
INSERT INTO questions_answers (question_id, sentence, sentence_translation, is_correct, "order") VALUES (85100037, '派遣社員には内外のルールは適用されない', NULL, FALSE, 4);
INSERT INTO questions (id, user_id, is_system, is_khoa_cu, question_type, content_type, level, selection_type, question, passage, passage_translation, general_explanation, skill_category, base_difficulty, tenant_id, is_active, is_deleted, created_at, created_by) VALUES (85100038, NULL, TRUE, FALSE, 'chon_dap_an', 'keigo_baitap_uchi_soto', 'BJT-4', 'single', 'B社（自社）の山田部長がA社に電話して、A社の鈴木部長と話した内容を、後でC社の佐藤様に報告する場面。各人についての正しい言及方法は？

Trưởng phòng Yamada (B công ty = công ty bạn) gọi điện cho Trưởng phòng Suzuki (A công ty). Sau đó bạn báo cáo nội dung cho ông Sato (C công ty). Cách đúng khi đề cập đến từng người là gì?', NULL, NULL, 'Phân tích 3 người: ①山田 = Uchi (B公司, công ty bạn) → bỏ 部長/様, khiêm ngữ (〜が申した、〜がいたした). ②鈴木 = Soto (A公司) → giữ 様, tôn kính ngữ (おっしゃった、〜されました). ③佐藤 = Soto (C公司, người đang nghe báo cáo) → giữ 様, tôn kính. Khi nói với Sato (C): báo cáo về Yamada (Uchi=khiêm), báo cáo về Suzuki (Soto=tôn kính).

💡 Công thức 3 bên: Bản thân/Công ty = Uchi(謙). Người đang nghe = Soto(尊). Người thứ 3 bên ngoài = Soto(尊). Chỉ có 1 Uchi — là bạn và công ty bạn.', 'grammar', 4, 'system', TRUE, FALSE, NOW(), 'system') ON CONFLICT (id) DO UPDATE SET question_type = EXCLUDED.question_type, content_type = EXCLUDED.content_type, level = EXCLUDED.level, question = EXCLUDED.question, passage = EXCLUDED.passage, passage_translation = EXCLUDED.passage_translation, general_explanation = EXCLUDED.general_explanation, skill_category = EXCLUDED.skill_category, base_difficulty = EXCLUDED.base_difficulty, is_active = EXCLUDED.is_active, is_deleted = EXCLUDED.is_deleted, updated_at = NOW(), updated_by = 'system';
DELETE FROM questions_answers WHERE question_id = 85100038;
INSERT INTO questions_answers (question_id, sentence, sentence_translation, is_correct, "order") VALUES (85100038, '山田部長が→弊社の山田が、鈴木部長→A社の鈴木様が、佐藤様→C社の佐藤が', NULL, FALSE, 1);
INSERT INTO questions_answers (question_id, sentence, sentence_translation, is_correct, "order") VALUES (85100038, '弊社の山田が（Uchi→謙）、A社の鈴木様が（Soto→尊）、C社の佐藤様に（Soto→尊）', NULL, TRUE, 2);
INSERT INTO questions_answers (question_id, sentence, sentence_translation, is_correct, "order") VALUES (85100038, '弊社の山田部長様が（尊）、A社の鈴木が（謙）、C社の佐藤様に（尊）', NULL, FALSE, 3);
INSERT INTO questions_answers (question_id, sentence, sentence_translation, is_correct, "order") VALUES (85100038, '山田部長が（尊）、鈴木様が（謙）、佐藤が（平）', NULL, FALSE, 4);
INSERT INTO questions (id, user_id, is_system, is_khoa_cu, question_type, content_type, level, selection_type, question, passage, passage_translation, general_explanation, skill_category, base_difficulty, tenant_id, is_active, is_deleted, created_at, created_by) VALUES (85100039, NULL, TRUE, FALSE, 'chon_dap_an', 'keigo_baitap_uchi_soto', 'BJT-4', 'single', '次のメール文で誤っている箇所を特定してください。
「拝啓 貴社ますますご清栄のこととお慶び申し上げます。先日は弊社の田中部長様がご来社いただきありがとうございました。田中部長がおっしゃっていたように、今後ともどうぞよろしくお願いいたします。」

Tìm lỗi trong đoạn email: ''Kính gửi... Hôm trước Trưởng phòng Tanaka [様] của công ty tôi được quý vị đón tiếp, xin cảm ơn. Như Trưởng phòng [おっしゃった], chúng tôi trân trọng sự hợp tác...''', NULL, NULL, 'Hai lỗi: ①「田中部長様」= 様 cho người Uchi (田中は弊社の人) — SAI. Đúng: 「弊社の田中」(bỏ 部長様). ②「田中部長がおっしゃっていた」= おっしゃる (tôn kính) cho Uchi — SAI. Đúng: 「田中が申しておりましたように」. Phần đúng: 「貴社〜お慶び申し上げます」(mở thư chuẩn). 「ご来社いただき」= ĐÚNG (khách đến công ty bạn, いただく = tôi nhận ân huệ).

💡 Trong một đoạn email: Đọc từng cụm và kiểm tra: Chủ thể của hành động là Uchi hay Soto? → Xác định kính ngữ đúng.', 'grammar', 4, 'system', TRUE, FALSE, NOW(), 'system') ON CONFLICT (id) DO UPDATE SET question_type = EXCLUDED.question_type, content_type = EXCLUDED.content_type, level = EXCLUDED.level, question = EXCLUDED.question, passage = EXCLUDED.passage, passage_translation = EXCLUDED.passage_translation, general_explanation = EXCLUDED.general_explanation, skill_category = EXCLUDED.skill_category, base_difficulty = EXCLUDED.base_difficulty, is_active = EXCLUDED.is_active, is_deleted = EXCLUDED.is_deleted, updated_at = NOW(), updated_by = 'system';
DELETE FROM questions_answers WHERE question_id = 85100039;
INSERT INTO questions_answers (question_id, sentence, sentence_translation, is_correct, "order") VALUES (85100039, '「貴社」が間違い', NULL, FALSE, 1);
INSERT INTO questions_answers (question_id, sentence, sentence_translation, is_correct, "order") VALUES (85100039, '「田中部長様」と「おっしゃっていた」の2か所が間違い', NULL, TRUE, 2);
INSERT INTO questions_answers (question_id, sentence, sentence_translation, is_correct, "order") VALUES (85100039, '「ご来社いただき」が間違い', NULL, FALSE, 3);
INSERT INTO questions_answers (question_id, sentence, sentence_translation, is_correct, "order") VALUES (85100039, '「どうぞよろしくお願いいたします」が間違い', NULL, FALSE, 4);
INSERT INTO questions (id, user_id, is_system, is_khoa_cu, question_type, content_type, level, selection_type, question, passage, passage_translation, general_explanation, skill_category, base_difficulty, tenant_id, is_active, is_deleted, created_at, created_by) VALUES (85100040, NULL, TRUE, FALSE, 'chon_dap_an', 'keigo_baitap_uchi_soto', 'BJT-4', 'single', '次の状況を説明する最も適切な文章はどれですか？
【状況】あなた（B社社員）がA社の鈴木社長に電話し、弊社の田中社長が来週お伺いしたいとお伝えしている。

Tình huống: Bạn (B công ty) gọi điện cho Chủ tịch Suzuki (A công ty), thông báo Chủ tịch Tanaka (B công ty = Uchi) muốn đến thăm tuần sau. Câu đúng nhất là gì?', NULL, NULL, '「弊社の田中が来週お伺いしたいと申しております」= ĐÚNG HOÀN TOÀN. ①「弊社の田中」= bỏ 社長/様, gọi bằng tên (Uchi nói với Soto). ②「お伺いしたい」= 伺う là khiêm ngữ của 訪ねる/行く (Tanaka đến thăm = hành động của Uchi). ③「申しております」= 言う (khiêm ngữ, おる = trang thái hiện tại). (A) 「お伺いになる」= tôn kính → SAI cho Uchi. (C) 「田中社長様」+「いらっしゃいたい」= 3 lỗi. (D) 「申し上げる」= 言う hướng đến bề trên → không phù hợp ở đây.

💡 Câu chuẩn khi thông báo chuyến thăm của Uchi với Soto: 「弊社の[tên]が〜にお伺いしたいと申しております」— Tất cả đều khiêm ngữ.', 'grammar', 4, 'system', TRUE, FALSE, NOW(), 'system') ON CONFLICT (id) DO UPDATE SET question_type = EXCLUDED.question_type, content_type = EXCLUDED.content_type, level = EXCLUDED.level, question = EXCLUDED.question, passage = EXCLUDED.passage, passage_translation = EXCLUDED.passage_translation, general_explanation = EXCLUDED.general_explanation, skill_category = EXCLUDED.skill_category, base_difficulty = EXCLUDED.base_difficulty, is_active = EXCLUDED.is_active, is_deleted = EXCLUDED.is_deleted, updated_at = NOW(), updated_by = 'system';
DELETE FROM questions_answers WHERE question_id = 85100040;
INSERT INTO questions_answers (question_id, sentence, sentence_translation, is_correct, "order") VALUES (85100040, '田中社長が来週お伺いになりたいとおっしゃっています。', NULL, FALSE, 1);
INSERT INTO questions_answers (question_id, sentence, sentence_translation, is_correct, "order") VALUES (85100040, '弊社の田中が来週お伺いしたいと申しております。', NULL, TRUE, 2);
INSERT INTO questions_answers (question_id, sentence, sentence_translation, is_correct, "order") VALUES (85100040, '田中社長様が来週いらっしゃいたいとおっしゃっています。', NULL, FALSE, 3);
INSERT INTO questions_answers (question_id, sentence, sentence_translation, is_correct, "order") VALUES (85100040, '弊社の田中社長が来週参りたいと申し上げています。', NULL, FALSE, 4);

INSERT INTO study_question_sets (id, name, description, set_type, card_count, tenant_id, is_active, is_deleted, created_at, created_by) VALUES (80100511, '2.1.5 Bài Tập Chuyên Sâu: 内/外ルール (Quy tắc Uchi/Soto) — Cơ bản', 'Bài tập cấp 1 (Cơ bản) — 10 câu.', 'practice', 10, 'system', TRUE, FALSE, NOW(), 'system') ON CONFLICT (id) DO UPDATE SET name = EXCLUDED.name, description = EXCLUDED.description, set_type = EXCLUDED.set_type, card_count = EXCLUDED.card_count, is_active = EXCLUDED.is_active, is_deleted = EXCLUDED.is_deleted, updated_at = NOW(), updated_by = 'system';
INSERT INTO study_question_set_questions (study_question_set_id, question_id, order_index, tenant_id, is_deleted, created_at, created_by) VALUES (80100511, 85100001, 1, 'system', FALSE, NOW(), 'system') ON CONFLICT (study_question_set_id, question_id) DO UPDATE SET order_index = EXCLUDED.order_index, is_deleted = FALSE;
INSERT INTO study_question_set_questions (study_question_set_id, question_id, order_index, tenant_id, is_deleted, created_at, created_by) VALUES (80100511, 85100002, 2, 'system', FALSE, NOW(), 'system') ON CONFLICT (study_question_set_id, question_id) DO UPDATE SET order_index = EXCLUDED.order_index, is_deleted = FALSE;
INSERT INTO study_question_set_questions (study_question_set_id, question_id, order_index, tenant_id, is_deleted, created_at, created_by) VALUES (80100511, 85100003, 3, 'system', FALSE, NOW(), 'system') ON CONFLICT (study_question_set_id, question_id) DO UPDATE SET order_index = EXCLUDED.order_index, is_deleted = FALSE;
INSERT INTO study_question_set_questions (study_question_set_id, question_id, order_index, tenant_id, is_deleted, created_at, created_by) VALUES (80100511, 85100004, 4, 'system', FALSE, NOW(), 'system') ON CONFLICT (study_question_set_id, question_id) DO UPDATE SET order_index = EXCLUDED.order_index, is_deleted = FALSE;
INSERT INTO study_question_set_questions (study_question_set_id, question_id, order_index, tenant_id, is_deleted, created_at, created_by) VALUES (80100511, 85100005, 5, 'system', FALSE, NOW(), 'system') ON CONFLICT (study_question_set_id, question_id) DO UPDATE SET order_index = EXCLUDED.order_index, is_deleted = FALSE;
INSERT INTO study_question_set_questions (study_question_set_id, question_id, order_index, tenant_id, is_deleted, created_at, created_by) VALUES (80100511, 85100006, 6, 'system', FALSE, NOW(), 'system') ON CONFLICT (study_question_set_id, question_id) DO UPDATE SET order_index = EXCLUDED.order_index, is_deleted = FALSE;
INSERT INTO study_question_set_questions (study_question_set_id, question_id, order_index, tenant_id, is_deleted, created_at, created_by) VALUES (80100511, 85100007, 7, 'system', FALSE, NOW(), 'system') ON CONFLICT (study_question_set_id, question_id) DO UPDATE SET order_index = EXCLUDED.order_index, is_deleted = FALSE;
INSERT INTO study_question_set_questions (study_question_set_id, question_id, order_index, tenant_id, is_deleted, created_at, created_by) VALUES (80100511, 85100008, 8, 'system', FALSE, NOW(), 'system') ON CONFLICT (study_question_set_id, question_id) DO UPDATE SET order_index = EXCLUDED.order_index, is_deleted = FALSE;
INSERT INTO study_question_set_questions (study_question_set_id, question_id, order_index, tenant_id, is_deleted, created_at, created_by) VALUES (80100511, 85100009, 9, 'system', FALSE, NOW(), 'system') ON CONFLICT (study_question_set_id, question_id) DO UPDATE SET order_index = EXCLUDED.order_index, is_deleted = FALSE;
INSERT INTO study_question_set_questions (study_question_set_id, question_id, order_index, tenant_id, is_deleted, created_at, created_by) VALUES (80100511, 85100010, 10, 'system', FALSE, NOW(), 'system') ON CONFLICT (study_question_set_id, question_id) DO UPDATE SET order_index = EXCLUDED.order_index, is_deleted = FALSE;
INSERT INTO study_resource_question_sets (resource_type, resource_id, study_question_set_id, position, context, tenant_id, is_active, is_deleted, created_at, created_by) VALUES ('module', 8013, 80100511, 1, '{"label": "2.1.5 Bài Tập Chuyên Sâu: 内/外ルール (Quy tắc Uchi/Soto) — Cơ bản"}'::jsonb, 'system', TRUE, FALSE, NOW(), 'system') ON CONFLICT (resource_type, resource_id, study_question_set_id) DO UPDATE SET position = EXCLUDED.position, context = EXCLUDED.context, is_active = TRUE, is_deleted = FALSE;

INSERT INTO study_question_sets (id, name, description, set_type, card_count, tenant_id, is_active, is_deleted, created_at, created_by) VALUES (80100512, '2.1.5 Bài Tập Chuyên Sâu: 内/外ルール (Quy tắc Uchi/Soto) — Trung cấp', 'Bài tập cấp 2 (Trung cấp) — 10 câu.', 'practice', 10, 'system', TRUE, FALSE, NOW(), 'system') ON CONFLICT (id) DO UPDATE SET name = EXCLUDED.name, description = EXCLUDED.description, set_type = EXCLUDED.set_type, card_count = EXCLUDED.card_count, is_active = EXCLUDED.is_active, is_deleted = EXCLUDED.is_deleted, updated_at = NOW(), updated_by = 'system';
INSERT INTO study_question_set_questions (study_question_set_id, question_id, order_index, tenant_id, is_deleted, created_at, created_by) VALUES (80100512, 85100011, 1, 'system', FALSE, NOW(), 'system') ON CONFLICT (study_question_set_id, question_id) DO UPDATE SET order_index = EXCLUDED.order_index, is_deleted = FALSE;
INSERT INTO study_question_set_questions (study_question_set_id, question_id, order_index, tenant_id, is_deleted, created_at, created_by) VALUES (80100512, 85100012, 2, 'system', FALSE, NOW(), 'system') ON CONFLICT (study_question_set_id, question_id) DO UPDATE SET order_index = EXCLUDED.order_index, is_deleted = FALSE;
INSERT INTO study_question_set_questions (study_question_set_id, question_id, order_index, tenant_id, is_deleted, created_at, created_by) VALUES (80100512, 85100013, 3, 'system', FALSE, NOW(), 'system') ON CONFLICT (study_question_set_id, question_id) DO UPDATE SET order_index = EXCLUDED.order_index, is_deleted = FALSE;
INSERT INTO study_question_set_questions (study_question_set_id, question_id, order_index, tenant_id, is_deleted, created_at, created_by) VALUES (80100512, 85100014, 4, 'system', FALSE, NOW(), 'system') ON CONFLICT (study_question_set_id, question_id) DO UPDATE SET order_index = EXCLUDED.order_index, is_deleted = FALSE;
INSERT INTO study_question_set_questions (study_question_set_id, question_id, order_index, tenant_id, is_deleted, created_at, created_by) VALUES (80100512, 85100015, 5, 'system', FALSE, NOW(), 'system') ON CONFLICT (study_question_set_id, question_id) DO UPDATE SET order_index = EXCLUDED.order_index, is_deleted = FALSE;
INSERT INTO study_question_set_questions (study_question_set_id, question_id, order_index, tenant_id, is_deleted, created_at, created_by) VALUES (80100512, 85100016, 6, 'system', FALSE, NOW(), 'system') ON CONFLICT (study_question_set_id, question_id) DO UPDATE SET order_index = EXCLUDED.order_index, is_deleted = FALSE;
INSERT INTO study_question_set_questions (study_question_set_id, question_id, order_index, tenant_id, is_deleted, created_at, created_by) VALUES (80100512, 85100017, 7, 'system', FALSE, NOW(), 'system') ON CONFLICT (study_question_set_id, question_id) DO UPDATE SET order_index = EXCLUDED.order_index, is_deleted = FALSE;
INSERT INTO study_question_set_questions (study_question_set_id, question_id, order_index, tenant_id, is_deleted, created_at, created_by) VALUES (80100512, 85100018, 8, 'system', FALSE, NOW(), 'system') ON CONFLICT (study_question_set_id, question_id) DO UPDATE SET order_index = EXCLUDED.order_index, is_deleted = FALSE;
INSERT INTO study_question_set_questions (study_question_set_id, question_id, order_index, tenant_id, is_deleted, created_at, created_by) VALUES (80100512, 85100019, 9, 'system', FALSE, NOW(), 'system') ON CONFLICT (study_question_set_id, question_id) DO UPDATE SET order_index = EXCLUDED.order_index, is_deleted = FALSE;
INSERT INTO study_question_set_questions (study_question_set_id, question_id, order_index, tenant_id, is_deleted, created_at, created_by) VALUES (80100512, 85100020, 10, 'system', FALSE, NOW(), 'system') ON CONFLICT (study_question_set_id, question_id) DO UPDATE SET order_index = EXCLUDED.order_index, is_deleted = FALSE;
INSERT INTO study_resource_question_sets (resource_type, resource_id, study_question_set_id, position, context, tenant_id, is_active, is_deleted, created_at, created_by) VALUES ('module', 8013, 80100512, 2, '{"label": "2.1.5 Bài Tập Chuyên Sâu: 内/外ルール (Quy tắc Uchi/Soto) — Trung cấp"}'::jsonb, 'system', TRUE, FALSE, NOW(), 'system') ON CONFLICT (resource_type, resource_id, study_question_set_id) DO UPDATE SET position = EXCLUDED.position, context = EXCLUDED.context, is_active = TRUE, is_deleted = FALSE;

INSERT INTO study_question_sets (id, name, description, set_type, card_count, tenant_id, is_active, is_deleted, created_at, created_by) VALUES (80100513, '2.1.5 Bài Tập Chuyên Sâu: 内/外ルール (Quy tắc Uchi/Soto) — Nâng cao', 'Bài tập cấp 3 (Nâng cao) — 10 câu.', 'practice', 10, 'system', TRUE, FALSE, NOW(), 'system') ON CONFLICT (id) DO UPDATE SET name = EXCLUDED.name, description = EXCLUDED.description, set_type = EXCLUDED.set_type, card_count = EXCLUDED.card_count, is_active = EXCLUDED.is_active, is_deleted = EXCLUDED.is_deleted, updated_at = NOW(), updated_by = 'system';
INSERT INTO study_question_set_questions (study_question_set_id, question_id, order_index, tenant_id, is_deleted, created_at, created_by) VALUES (80100513, 85100021, 1, 'system', FALSE, NOW(), 'system') ON CONFLICT (study_question_set_id, question_id) DO UPDATE SET order_index = EXCLUDED.order_index, is_deleted = FALSE;
INSERT INTO study_question_set_questions (study_question_set_id, question_id, order_index, tenant_id, is_deleted, created_at, created_by) VALUES (80100513, 85100022, 2, 'system', FALSE, NOW(), 'system') ON CONFLICT (study_question_set_id, question_id) DO UPDATE SET order_index = EXCLUDED.order_index, is_deleted = FALSE;
INSERT INTO study_question_set_questions (study_question_set_id, question_id, order_index, tenant_id, is_deleted, created_at, created_by) VALUES (80100513, 85100023, 3, 'system', FALSE, NOW(), 'system') ON CONFLICT (study_question_set_id, question_id) DO UPDATE SET order_index = EXCLUDED.order_index, is_deleted = FALSE;
INSERT INTO study_question_set_questions (study_question_set_id, question_id, order_index, tenant_id, is_deleted, created_at, created_by) VALUES (80100513, 85100024, 4, 'system', FALSE, NOW(), 'system') ON CONFLICT (study_question_set_id, question_id) DO UPDATE SET order_index = EXCLUDED.order_index, is_deleted = FALSE;
INSERT INTO study_question_set_questions (study_question_set_id, question_id, order_index, tenant_id, is_deleted, created_at, created_by) VALUES (80100513, 85100025, 5, 'system', FALSE, NOW(), 'system') ON CONFLICT (study_question_set_id, question_id) DO UPDATE SET order_index = EXCLUDED.order_index, is_deleted = FALSE;
INSERT INTO study_question_set_questions (study_question_set_id, question_id, order_index, tenant_id, is_deleted, created_at, created_by) VALUES (80100513, 85100026, 6, 'system', FALSE, NOW(), 'system') ON CONFLICT (study_question_set_id, question_id) DO UPDATE SET order_index = EXCLUDED.order_index, is_deleted = FALSE;
INSERT INTO study_question_set_questions (study_question_set_id, question_id, order_index, tenant_id, is_deleted, created_at, created_by) VALUES (80100513, 85100027, 7, 'system', FALSE, NOW(), 'system') ON CONFLICT (study_question_set_id, question_id) DO UPDATE SET order_index = EXCLUDED.order_index, is_deleted = FALSE;
INSERT INTO study_question_set_questions (study_question_set_id, question_id, order_index, tenant_id, is_deleted, created_at, created_by) VALUES (80100513, 85100028, 8, 'system', FALSE, NOW(), 'system') ON CONFLICT (study_question_set_id, question_id) DO UPDATE SET order_index = EXCLUDED.order_index, is_deleted = FALSE;
INSERT INTO study_question_set_questions (study_question_set_id, question_id, order_index, tenant_id, is_deleted, created_at, created_by) VALUES (80100513, 85100029, 9, 'system', FALSE, NOW(), 'system') ON CONFLICT (study_question_set_id, question_id) DO UPDATE SET order_index = EXCLUDED.order_index, is_deleted = FALSE;
INSERT INTO study_question_set_questions (study_question_set_id, question_id, order_index, tenant_id, is_deleted, created_at, created_by) VALUES (80100513, 85100030, 10, 'system', FALSE, NOW(), 'system') ON CONFLICT (study_question_set_id, question_id) DO UPDATE SET order_index = EXCLUDED.order_index, is_deleted = FALSE;
INSERT INTO study_resource_question_sets (resource_type, resource_id, study_question_set_id, position, context, tenant_id, is_active, is_deleted, created_at, created_by) VALUES ('module', 8013, 80100513, 3, '{"label": "2.1.5 Bài Tập Chuyên Sâu: 内/外ルール (Quy tắc Uchi/Soto) — Nâng cao"}'::jsonb, 'system', TRUE, FALSE, NOW(), 'system') ON CONFLICT (resource_type, resource_id, study_question_set_id) DO UPDATE SET position = EXCLUDED.position, context = EXCLUDED.context, is_active = TRUE, is_deleted = FALSE;

INSERT INTO study_question_sets (id, name, description, set_type, card_count, tenant_id, is_active, is_deleted, created_at, created_by) VALUES (80100514, '2.1.5 Bài Tập Chuyên Sâu: 内/外ルール (Quy tắc Uchi/Soto) — Tổng hợp', 'Bài tập cấp 4 (Tổng hợp) — 10 câu.', 'practice', 10, 'system', TRUE, FALSE, NOW(), 'system') ON CONFLICT (id) DO UPDATE SET name = EXCLUDED.name, description = EXCLUDED.description, set_type = EXCLUDED.set_type, card_count = EXCLUDED.card_count, is_active = EXCLUDED.is_active, is_deleted = EXCLUDED.is_deleted, updated_at = NOW(), updated_by = 'system';
INSERT INTO study_question_set_questions (study_question_set_id, question_id, order_index, tenant_id, is_deleted, created_at, created_by) VALUES (80100514, 85100031, 1, 'system', FALSE, NOW(), 'system') ON CONFLICT (study_question_set_id, question_id) DO UPDATE SET order_index = EXCLUDED.order_index, is_deleted = FALSE;
INSERT INTO study_question_set_questions (study_question_set_id, question_id, order_index, tenant_id, is_deleted, created_at, created_by) VALUES (80100514, 85100032, 2, 'system', FALSE, NOW(), 'system') ON CONFLICT (study_question_set_id, question_id) DO UPDATE SET order_index = EXCLUDED.order_index, is_deleted = FALSE;
INSERT INTO study_question_set_questions (study_question_set_id, question_id, order_index, tenant_id, is_deleted, created_at, created_by) VALUES (80100514, 85100033, 3, 'system', FALSE, NOW(), 'system') ON CONFLICT (study_question_set_id, question_id) DO UPDATE SET order_index = EXCLUDED.order_index, is_deleted = FALSE;
INSERT INTO study_question_set_questions (study_question_set_id, question_id, order_index, tenant_id, is_deleted, created_at, created_by) VALUES (80100514, 85100034, 4, 'system', FALSE, NOW(), 'system') ON CONFLICT (study_question_set_id, question_id) DO UPDATE SET order_index = EXCLUDED.order_index, is_deleted = FALSE;
INSERT INTO study_question_set_questions (study_question_set_id, question_id, order_index, tenant_id, is_deleted, created_at, created_by) VALUES (80100514, 85100035, 5, 'system', FALSE, NOW(), 'system') ON CONFLICT (study_question_set_id, question_id) DO UPDATE SET order_index = EXCLUDED.order_index, is_deleted = FALSE;
INSERT INTO study_question_set_questions (study_question_set_id, question_id, order_index, tenant_id, is_deleted, created_at, created_by) VALUES (80100514, 85100036, 6, 'system', FALSE, NOW(), 'system') ON CONFLICT (study_question_set_id, question_id) DO UPDATE SET order_index = EXCLUDED.order_index, is_deleted = FALSE;
INSERT INTO study_question_set_questions (study_question_set_id, question_id, order_index, tenant_id, is_deleted, created_at, created_by) VALUES (80100514, 85100037, 7, 'system', FALSE, NOW(), 'system') ON CONFLICT (study_question_set_id, question_id) DO UPDATE SET order_index = EXCLUDED.order_index, is_deleted = FALSE;
INSERT INTO study_question_set_questions (study_question_set_id, question_id, order_index, tenant_id, is_deleted, created_at, created_by) VALUES (80100514, 85100038, 8, 'system', FALSE, NOW(), 'system') ON CONFLICT (study_question_set_id, question_id) DO UPDATE SET order_index = EXCLUDED.order_index, is_deleted = FALSE;
INSERT INTO study_question_set_questions (study_question_set_id, question_id, order_index, tenant_id, is_deleted, created_at, created_by) VALUES (80100514, 85100039, 9, 'system', FALSE, NOW(), 'system') ON CONFLICT (study_question_set_id, question_id) DO UPDATE SET order_index = EXCLUDED.order_index, is_deleted = FALSE;
INSERT INTO study_question_set_questions (study_question_set_id, question_id, order_index, tenant_id, is_deleted, created_at, created_by) VALUES (80100514, 85100040, 10, 'system', FALSE, NOW(), 'system') ON CONFLICT (study_question_set_id, question_id) DO UPDATE SET order_index = EXCLUDED.order_index, is_deleted = FALSE;
INSERT INTO study_resource_question_sets (resource_type, resource_id, study_question_set_id, position, context, tenant_id, is_active, is_deleted, created_at, created_by) VALUES ('module', 8013, 80100514, 4, '{"label": "2.1.5 Bài Tập Chuyên Sâu: 内/外ルール (Quy tắc Uchi/Soto) — Tổng hợp"}'::jsonb, 'system', TRUE, FALSE, NOW(), 'system') ON CONFLICT (resource_type, resource_id, study_question_set_id) DO UPDATE SET position = EXCLUDED.position, context = EXCLUDED.context, is_active = TRUE, is_deleted = FALSE;

-- Mogishiken file: 2.1.5_UchiSoto_Mogishiken.json
INSERT INTO reading_passages (id, user_id, is_system, is_public, title, content, translation, jlpt_level, category, difficulty, word_count, tenant_id, is_active, is_deleted, created_at, created_by) VALUES (8010501, NULL, TRUE, TRUE, '電話応対スクリプト', 'お客様：お疲れ様です。田中さんはいますか。
受付：いつもお世話になっております。申し訳ございません。田中は只今席を外しております。
お客様：そうですか。何時に戻りますか。
受付：15時頃に戻る予定です。何かご用件があれば、田中に伝言をお預かりすることはできますか。また、他の担当者に代わることもできます。
お客様：いいえ、結構です。後で改めて電話します。
受付：かしこまりました。本日はお電話いただき、ありがとうございました。何かご不明な点がございましたら、いつでもお気軽にお問い合わせください。', 'Nhân viên tiếp nhận cuộc gọi từ khách hàng đối tác. Khách hỏi về các đồng nghiệp của mình (người bên trong công ty).', 'BJT', 'business_keigo', 1, 0, 'system', TRUE, FALSE, NOW(), 'system') ON CONFLICT (id) DO UPDATE SET title = EXCLUDED.title, content = EXCLUDED.content, translation = EXCLUDED.translation, category = EXCLUDED.category, difficulty = EXCLUDED.difficulty, word_count = EXCLUDED.word_count, is_active = EXCLUDED.is_active, is_deleted = EXCLUDED.is_deleted, updated_at = NOW(), updated_by = 'system';
INSERT INTO reading_passages (id, user_id, is_system, is_public, title, content, translation, jlpt_level, category, difficulty, word_count, tenant_id, is_active, is_deleted, created_at, created_by) VALUES (8010502, NULL, TRUE, TRUE, 'ビジネスメール', 'いつもお世話になっております。

本日は、弊社の鈴木部長がお伺いする予定でしたが、急な用件のため、私が代わりにお邪魔させていただくことになりました。何度もお詫び申し上げます。

弊社の田中課長も同席する予定ですので、ご安心いただければ幸いです。田中も、貴社とのパートナーシップを大切にしておりますので、どうぞよろしくお願いいたします。

ご多忙のところ、恐れ入りますが、よろしくお願いいたします。

何かご質問やご不明な点がございましたら、いつでもお気軽にお問い合わせください。

よろしくお願いいたします。

山田太郎
営業部
A社営業部営業課', 'Email từ nhân viên công ty A gửi đối tác bên ngoài công ty B. Nhân viên báo cáo việc sếp mình không thể tham dự cuộc họp đã hẹn.', 'BJT', 'business_keigo', 2, 0, 'system', TRUE, FALSE, NOW(), 'system') ON CONFLICT (id) DO UPDATE SET title = EXCLUDED.title, content = EXCLUDED.content, translation = EXCLUDED.translation, category = EXCLUDED.category, difficulty = EXCLUDED.difficulty, word_count = EXCLUDED.word_count, is_active = EXCLUDED.is_active, is_deleted = EXCLUDED.is_deleted, updated_at = NOW(), updated_by = 'system';
INSERT INTO reading_passages (id, user_id, is_system, is_public, title, content, translation, jlpt_level, category, difficulty, word_count, tenant_id, is_active, is_deleted, created_at, created_by) VALUES (8010503, NULL, TRUE, TRUE, '商談・打ち合わせ記録', '【商談会議記録】

日時：2026年4月13日（月）14:00～15:30
場所：弊社 本社 会議室A
参加者：
　弊社：鈴木部長（営業部）、山田課長（営業課）、田中専門官（企画室）
　相手方（B社）：佐藤さん（営業部長）、鈴木さん（営業課課長）、山本さん（企画部）

【議題】
新商品の共同展開について

【主な内容】
佐藤さんから、貴社の新製品について、詳しくお聞かせいただきました。弊社の山田課長より、こちらの商品化計画についてご説明させていただきました。

佐藤さんより、「田中さんはこのプロジェクトに関わりますか」というご質問をいただきました。弊社の田中も本プロジェクトに参加する予定です。また、相手方の山本さんからも、貴社の営業戦略についてお尋ねをいただき、鈴木部長がご回答させていただきました。

【次のステップ】
1. 弊社は来週までに企画書を送付いたします。
2. 貴社からのご回答をお待ち申し上げます。
3. 次回の打ち合わせは5月10日に開催する予定です。

記録者：山田太郎（弊社 営業課 課長）', 'Biên bản cuộc họp thương thảo giữa công ty A (開催側) và công ty B (訪問側). Nhân viên công ty A (山田) ghi chép. Trong biên bản có sự hiện diện của các bên.', 'BJT', 'business_keigo', 3, 0, 'system', TRUE, FALSE, NOW(), 'system') ON CONFLICT (id) DO UPDATE SET title = EXCLUDED.title, content = EXCLUDED.content, translation = EXCLUDED.translation, category = EXCLUDED.category, difficulty = EXCLUDED.difficulty, word_count = EXCLUDED.word_count, is_active = EXCLUDED.is_active, is_deleted = EXCLUDED.is_deleted, updated_at = NOW(), updated_by = 'system';
INSERT INTO reading_passages (id, user_id, is_system, is_public, title, content, translation, jlpt_level, category, difficulty, word_count, tenant_id, is_active, is_deleted, created_at, created_by) VALUES (8010504, NULL, TRUE, TRUE, '社外向け報告書・文書', '【プロジェクト進捗報告書】
　　　　　　　　　　　　　　　　　　　　　　　　　　　　　2026年4月13日
　　　　　　　　　　　　　　　　　　　　　　　　　　　　　A社営業部
　　　　　　　　　　　　　　　　　　　　　　　　　　　　　山田太郎

【報告】
いつもお世話になっております。本プロジェクトの進捗についてご報告させていただきます。

第1段階（企画）については、弊社の山田が中心となり、貴社のご指示に従い、計画書を作成いたしました。田中課長もこのプロジェクトに大変関心をお持ちで、積極的にご参加いただいています。

第2段階（開発）については、相手方の鈴木さんのご協力により、順調に進めておられます。弊社の開発チームも、貴社のご要望を踏まえ、最高のサービスを提供させていただく所存です。

【課題】
現在の課題として、予算配分について田中課長がご提案させていただきたい内容がございます。詳しくは別紙をご参照ください。

【お願い】
お忙しいところ恐れ入りますが、来月末までにご回答をお待ち申し上げます。何かご不明な点がございましたら、いつでもお気軽にお問い合わせください。

よろしくお願いいたします。', 'Văn bản báo cáo gửi ra ngoài (cho đối tác bên ngoài) có chứa các lỗi tinh vi về Uchi/Soto. Cần xác định và sửa lỗi.', 'BJT', 'business_keigo', 4, 0, 'system', TRUE, FALSE, NOW(), 'system') ON CONFLICT (id) DO UPDATE SET title = EXCLUDED.title, content = EXCLUDED.content, translation = EXCLUDED.translation, category = EXCLUDED.category, difficulty = EXCLUDED.difficulty, word_count = EXCLUDED.word_count, is_active = EXCLUDED.is_active, is_deleted = EXCLUDED.is_deleted, updated_at = NOW(), updated_by = 'system';
INSERT INTO reading_passages (id, user_id, is_system, is_public, title, content, translation, jlpt_level, category, difficulty, word_count, tenant_id, is_active, is_deleted, created_at, created_by) VALUES (8010505, NULL, TRUE, TRUE, '会議議事録（社外参加あり）', '【会議議事録：プロジェクト推進委員会 第5回会議】

日時：2026年4月13日（月）10:00～12:00
場所：A社 本社 大会議室
ホスト：A社 プロジェクト推進室

参加者一覧：
A社（開催側・ホスト）：鈴木部長（プロジェクト推進室）、山田課長（営業部）、田中課長（企画部）
B社（パートナー企業）：佐藤さん（営業部長）、鈴木さん（企画課）
C社（協力企業）：伊藤さん（営業部）、山本さん（企画室）

【主要議題と決定事項】

第1項目：プロジェクト予算について
A社の田中課長より、予算案についてご説明させていただきました。B社の佐藤さんから、具体的な予算配分についてお尋ねをいただきました。A社の山田課長が詳しくご説明させていただきました。C社の伊藤さんからも、追加予算の可能性についてご提案をいただき、3社でお話し合いをさせていただきました。決定事項として、総予算は現案のまま承認されることになりました。

第2項目：スケジュール管理
B社の鈴木さんより、進捗管理ツールの導入について、貴社のご意見をお伺いしたいとのご依頼がございました。A社としましても、C社の山本さんのご指導を参考にさせていただき、最適なツールを選定いたしました。

【今後の予定】
次回会議：5月11日（日程はB社の佐藤さんに確認させていただく予定）
成果物提出：各社の担当者より、来月末までに中間報告書をご提出いただきます。

【議論事項】
A社、B社、C社の3社それぞれの強みを活かし、協働体制を強化することで合意いたしました。

記録者：A社 山田太郎（営業部 課長）', 'Biên bản họp chính thức có sự hiện diện của nhân viên từ 3 công ty khác nhau (A, B, C). Cần xử lý các tình huống Uchi/Soto phức tạp với nhiều nhóm. Viết mới hoàn toàn 200-250 chữ.', 'BJT', 'business_keigo', 5, 0, 'system', TRUE, FALSE, NOW(), 'system') ON CONFLICT (id) DO UPDATE SET title = EXCLUDED.title, content = EXCLUDED.content, translation = EXCLUDED.translation, category = EXCLUDED.category, difficulty = EXCLUDED.difficulty, word_count = EXCLUDED.word_count, is_active = EXCLUDED.is_active, is_deleted = EXCLUDED.is_deleted, updated_at = NOW(), updated_by = 'system';
INSERT INTO questions (id, user_id, is_system, is_khoa_cu, question_type, content_type, level, selection_type, question, passage, passage_translation, general_explanation, skill_category, base_difficulty, tenant_id, is_active, is_deleted, created_at, created_by) VALUES (85200001, NULL, TRUE, FALSE, 'reading', 'keigo_dokkai_uchi_soto', NULL, 'single', 'この会話で、受付者が田中についての正しい表現はどれですか。

Trong đoạn hội thoại này, biểu hiện nào của người tiếp nhận về 田中 là đúng?', '8010501', 'Nhân viên tiếp nhận cuộc gọi từ khách hàng đối tác. Khách hỏi về các đồng nghiệp của mình (người bên trong công ty).', 'Khi nói về đồng nghiệp (Uchi) với khách hàng bên ngoài (Soto), không được dùng ''さん'', ''さま'', hay ''せんせい''. Chỉ dùng tên trần (田中) hoặc tên + chức vụ. ''さん'' được dùng để tôn kính Soto, nên dùng tên trần là đúng.', 'dokkai', 1, 'system', TRUE, FALSE, NOW(), 'system') ON CONFLICT (id) DO UPDATE SET question_type = EXCLUDED.question_type, content_type = EXCLUDED.content_type, level = EXCLUDED.level, question = EXCLUDED.question, passage = EXCLUDED.passage, passage_translation = EXCLUDED.passage_translation, general_explanation = EXCLUDED.general_explanation, skill_category = EXCLUDED.skill_category, base_difficulty = EXCLUDED.base_difficulty, is_active = EXCLUDED.is_active, is_deleted = EXCLUDED.is_deleted, updated_at = NOW(), updated_by = 'system';
DELETE FROM questions_answers WHERE question_id = 85200001;
INSERT INTO questions_answers (question_id, sentence, sentence_translation, is_correct, "order") VALUES (85200001, '田中さんは只今席を外しております。', NULL, FALSE, 1);
INSERT INTO questions_answers (question_id, sentence, sentence_translation, is_correct, "order") VALUES (85200001, '田中は只今席を外しております。', NULL, TRUE, 2);
INSERT INTO questions_answers (question_id, sentence, sentence_translation, is_correct, "order") VALUES (85200001, '田中先生は只今席を外しております。', NULL, FALSE, 3);
INSERT INTO questions_answers (question_id, sentence, sentence_translation, is_correct, "order") VALUES (85200001, '田中さまは只今席を外しております。', NULL, FALSE, 4);
INSERT INTO questions (id, user_id, is_system, is_khoa_cu, question_type, content_type, level, selection_type, question, passage, passage_translation, general_explanation, skill_category, base_difficulty, tenant_id, is_active, is_deleted, created_at, created_by) VALUES (85200002, NULL, TRUE, FALSE, 'reading', 'keigo_dokkai_uchi_soto', NULL, 'single', '受付者が「田中に（　）をお預かりすることはできますか」と言った場合、（　）に入る正しい言葉は？

Khi người tiếp nhận nói "田中に（　）をお預かりすることはできますか", từ điền vào (　) là gì?', '8010501', 'Nhân viên tiếp nhận cuộc gọi từ khách hàng đối tác. Khách hỏi về các đồng nghiệp của mình (người bên trong công ty).', '''ご伝言'' (tôn kính Soto) là từ dùng để tôn kính lời nói/lời nhắn từ khách hàng (Soto). Từ ''ご'' được thêm vào đây để tôn kính khách hàng, không phải để tôn kính người Uchi (田中). ''お言葉'' cũng có thể dùng nhưng ''ご伝言'' phổ biến hơn trong bối cảnh này.', 'dokkai', 1, 'system', TRUE, FALSE, NOW(), 'system') ON CONFLICT (id) DO UPDATE SET question_type = EXCLUDED.question_type, content_type = EXCLUDED.content_type, level = EXCLUDED.level, question = EXCLUDED.question, passage = EXCLUDED.passage, passage_translation = EXCLUDED.passage_translation, general_explanation = EXCLUDED.general_explanation, skill_category = EXCLUDED.skill_category, base_difficulty = EXCLUDED.base_difficulty, is_active = EXCLUDED.is_active, is_deleted = EXCLUDED.is_deleted, updated_at = NOW(), updated_by = 'system';
DELETE FROM questions_answers WHERE question_id = 85200002;
INSERT INTO questions_answers (question_id, sentence, sentence_translation, is_correct, "order") VALUES (85200002, 'ご伝言', NULL, TRUE, 1);
INSERT INTO questions_answers (question_id, sentence, sentence_translation, is_correct, "order") VALUES (85200002, '伝言', NULL, FALSE, 2);
INSERT INTO questions_answers (question_id, sentence, sentence_translation, is_correct, "order") VALUES (85200002, 'お言葉', NULL, FALSE, 3);
INSERT INTO questions_answers (question_id, sentence, sentence_translation, is_correct, "order") VALUES (85200002, 'ご指示', NULL, FALSE, 4);
INSERT INTO questions (id, user_id, is_system, is_khoa_cu, question_type, content_type, level, selection_type, question, passage, passage_translation, general_explanation, skill_category, base_difficulty, tenant_id, is_active, is_deleted, created_at, created_by) VALUES (85200003, NULL, TRUE, FALSE, 'reading', 'keigo_dokkai_uchi_soto', NULL, 'single', 'もし受付者が他の担当者に代わる場合、以下の表現のどれが間違っていますか。

Nếu người tiếp nhận muốn chuyển cho nhân viên khác, biểu hiện nào dưới đây là sai?', '8010501', 'Nhân viên tiếp nhận cuộc gọi từ khách hàng đối tác. Khách hỏi về các đồng nghiệp của mình (người bên trong công ty).', 'Lỗi ở ''さん'': Khi nói về người Uchi (山田) với khách hàng Soto, không được dùng ''さん''. Phải dùng tên trần (山田) hoặc tên + chức vụ (山田課長). Các đáp án khác đều đúng.', 'dokkai', 1, 'system', TRUE, FALSE, NOW(), 'system') ON CONFLICT (id) DO UPDATE SET question_type = EXCLUDED.question_type, content_type = EXCLUDED.content_type, level = EXCLUDED.level, question = EXCLUDED.question, passage = EXCLUDED.passage, passage_translation = EXCLUDED.passage_translation, general_explanation = EXCLUDED.general_explanation, skill_category = EXCLUDED.skill_category, base_difficulty = EXCLUDED.base_difficulty, is_active = EXCLUDED.is_active, is_deleted = EXCLUDED.is_deleted, updated_at = NOW(), updated_by = 'system';
DELETE FROM questions_answers WHERE question_id = 85200003;
INSERT INTO questions_answers (question_id, sentence, sentence_translation, is_correct, "order") VALUES (85200003, '他の担当者に代わることができます。', NULL, FALSE, 1);
INSERT INTO questions_answers (question_id, sentence, sentence_translation, is_correct, "order") VALUES (85200003, '別の担当の山田さんにお繋ぎいたします。', NULL, TRUE, 2);
INSERT INTO questions_answers (question_id, sentence, sentence_translation, is_correct, "order") VALUES (85200003, '弊社の山田がお取り次ぎいたします。', NULL, FALSE, 3);
INSERT INTO questions_answers (question_id, sentence, sentence_translation, is_correct, "order") VALUES (85200003, '山田課長がお電話させていただきます。', NULL, FALSE, 4);
INSERT INTO questions (id, user_id, is_system, is_khoa_cu, question_type, content_type, level, selection_type, question, passage, passage_translation, general_explanation, skill_category, base_difficulty, tenant_id, is_active, is_deleted, created_at, created_by) VALUES (85200004, NULL, TRUE, FALSE, 'reading', 'keigo_dokkai_uchi_soto', NULL, 'single', '次の文で敬語の使い方に誤りがあるのはどれですか。「何かご不明な点がございましたら、いつでもお気軽にお問い合わせください。」

Câu nào sau đây có lỗi dùng kính ngữ? "何かご不明な点がございましたら、いつでもお気軽にお問い合わせください。"', '8010501', 'Nhân viên tiếp nhận cuộc gọi từ khách hàng đối tác. Khách hỏi về các đồng nghiệp của mình (người bên trong công ty).', 'Cụm ''お問い合わせください'' là sai vì ''問い合わせ'' (liên hệ) là hành động của khách hàng (Soto), không của người tiếp nhận. Không được dùng ''お'' trước động từ của Soto. Phải dùng ''問い合わせください'' hoặc ''ご連絡ください'' (yêu cầu Soto hành động của họ).', 'dokkai', 1, 'system', TRUE, FALSE, NOW(), 'system') ON CONFLICT (id) DO UPDATE SET question_type = EXCLUDED.question_type, content_type = EXCLUDED.content_type, level = EXCLUDED.level, question = EXCLUDED.question, passage = EXCLUDED.passage, passage_translation = EXCLUDED.passage_translation, general_explanation = EXCLUDED.general_explanation, skill_category = EXCLUDED.skill_category, base_difficulty = EXCLUDED.base_difficulty, is_active = EXCLUDED.is_active, is_deleted = EXCLUDED.is_deleted, updated_at = NOW(), updated_by = 'system';
DELETE FROM questions_answers WHERE question_id = 85200004;
INSERT INTO questions_answers (question_id, sentence, sentence_translation, is_correct, "order") VALUES (85200004, 'ご不明な点 — tôn kính đúng cho Soto', NULL, FALSE, 1);
INSERT INTO questions_answers (question_id, sentence, sentence_translation, is_correct, "order") VALUES (85200004, 'ございました — tôn kính quá mức', NULL, FALSE, 2);
INSERT INTO questions_answers (question_id, sentence, sentence_translation, is_correct, "order") VALUES (85200004, 'お気軽に — biểu hiện tôn kính khách hàng', NULL, FALSE, 3);
INSERT INTO questions_answers (question_id, sentence, sentence_translation, is_correct, "order") VALUES (85200004, 'お問い合わせください — yêu cầu khách hàng liên hệ', NULL, TRUE, 4);
INSERT INTO questions (id, user_id, is_system, is_khoa_cu, question_type, content_type, level, selection_type, question, passage, passage_translation, general_explanation, skill_category, base_difficulty, tenant_id, is_active, is_deleted, created_at, created_by) VALUES (85200005, NULL, TRUE, FALSE, 'reading', 'keigo_dokkai_uchi_soto', NULL, 'single', 'このメールの主な目的は何ですか。

Mục đích chính của email này là gì?', '8010502', 'Email từ nhân viên công ty A gửi đối tác bên ngoài công ty B. Nhân viên báo cáo việc sếp mình không thể tham dự cuộc họp đã hẹn.', 'Email có 2 mục đích chính: 1) thông báo rằng 鈴木部長 (người dự định đi) đã thay đổi thành 山田 (người gửi email), 2) xin lỗi vì sự thay đổi này. Đó là nội dung chính của email.', 'dokkai', 1, 'system', TRUE, FALSE, NOW(), 'system') ON CONFLICT (id) DO UPDATE SET question_type = EXCLUDED.question_type, content_type = EXCLUDED.content_type, level = EXCLUDED.level, question = EXCLUDED.question, passage = EXCLUDED.passage, passage_translation = EXCLUDED.passage_translation, general_explanation = EXCLUDED.general_explanation, skill_category = EXCLUDED.skill_category, base_difficulty = EXCLUDED.base_difficulty, is_active = EXCLUDED.is_active, is_deleted = EXCLUDED.is_deleted, updated_at = NOW(), updated_by = 'system';
DELETE FROM questions_answers WHERE question_id = 85200005;
INSERT INTO questions_answers (question_id, sentence, sentence_translation, is_correct, "order") VALUES (85200005, '自社の製品について説明するため', NULL, FALSE, 1);
INSERT INTO questions_answers (question_id, sentence, sentence_translation, is_correct, "order") VALUES (85200005, '訪問予定者の変更を知らせ、謝罪するため', NULL, TRUE, 2);
INSERT INTO questions_answers (question_id, sentence, sentence_translation, is_correct, "order") VALUES (85200005, '相手方の都合を変更してもらうため', NULL, FALSE, 3);
INSERT INTO questions_answers (question_id, sentence, sentence_translation, is_correct, "order") VALUES (85200005, '新しい契約内容を提案するため', NULL, FALSE, 4);
INSERT INTO questions (id, user_id, is_system, is_khoa_cu, question_type, content_type, level, selection_type, question, passage, passage_translation, general_explanation, skill_category, base_difficulty, tenant_id, is_active, is_deleted, created_at, created_by) VALUES (85200006, NULL, TRUE, FALSE, 'reading', 'keigo_dokkai_uchi_soto', NULL, 'single', 'このメールで、会社内の人物を指す表現として誤っているのはどれですか。

Trong email này, biểu hiện nào để chỉ người bên trong công ty là sai?', '8010502', 'Email từ nhân viên công ty A gửi đối tác bên ngoài công ty B. Nhân viên báo cáo việc sếp mình không thể tham dự cuộc họp đã hẹn.', 'Khi nói về người Uchi (山田) với Soto trong email chính thức, không được dùng ''さん''. Chỉ dùng tên trần (山田), tên + chức vụ (山田課長), hoặc ''弊社の山田''. ''さん'' là từ tôn kính dành cho Soto nên không phù hợp.', 'dokkai', 1, 'system', TRUE, FALSE, NOW(), 'system') ON CONFLICT (id) DO UPDATE SET question_type = EXCLUDED.question_type, content_type = EXCLUDED.content_type, level = EXCLUDED.level, question = EXCLUDED.question, passage = EXCLUDED.passage, passage_translation = EXCLUDED.passage_translation, general_explanation = EXCLUDED.general_explanation, skill_category = EXCLUDED.skill_category, base_difficulty = EXCLUDED.base_difficulty, is_active = EXCLUDED.is_active, is_deleted = EXCLUDED.is_deleted, updated_at = NOW(), updated_by = 'system';
DELETE FROM questions_answers WHERE question_id = 85200006;
INSERT INTO questions_answers (question_id, sentence, sentence_translation, is_correct, "order") VALUES (85200006, '弊社の鈴木部長', NULL, FALSE, 1);
INSERT INTO questions_answers (question_id, sentence, sentence_translation, is_correct, "order") VALUES (85200006, '弊社の田中課長', NULL, FALSE, 2);
INSERT INTO questions_answers (question_id, sentence, sentence_translation, is_correct, "order") VALUES (85200006, '弊社の山田さん', NULL, TRUE, 3);
INSERT INTO questions_answers (question_id, sentence, sentence_translation, is_correct, "order") VALUES (85200006, '私たちの山田', NULL, FALSE, 4);
INSERT INTO questions (id, user_id, is_system, is_khoa_cu, question_type, content_type, level, selection_type, question, passage, passage_translation, general_explanation, skill_category, base_difficulty, tenant_id, is_active, is_deleted, created_at, created_by) VALUES (85200007, NULL, TRUE, FALSE, 'reading', 'keigo_dokkai_uchi_soto', NULL, 'single', '「弊社の田中も、貴社とのパートナーシップを大切にしておりますので、どうぞよろしく（　）いたします。」の（　）に入る正しい表現は？

"弊社の田中も、貴社とのパートナーシップを大切にしておりますので、どうぞよろしく（　）いたします。" - từ điền vào (　) là gì?', '8010502', 'Email từ nhân viên công ty A gửi đối tác bên ngoài công ty B. Nhân viên báo cáo việc sếp mình không thể tham dự cuộc họp đã hẹn.', 'Cấu trúc đúng là ''よろしくお願いいたします''. Dạng mở rộng của ''お願い'' khi dùng với ''いたします'' là ''お願いし + いたします''. ''ご願い'' không tồn tại trong tiếng Nhật.', 'dokkai', 1, 'system', TRUE, FALSE, NOW(), 'system') ON CONFLICT (id) DO UPDATE SET question_type = EXCLUDED.question_type, content_type = EXCLUDED.content_type, level = EXCLUDED.level, question = EXCLUDED.question, passage = EXCLUDED.passage, passage_translation = EXCLUDED.passage_translation, general_explanation = EXCLUDED.general_explanation, skill_category = EXCLUDED.skill_category, base_difficulty = EXCLUDED.base_difficulty, is_active = EXCLUDED.is_active, is_deleted = EXCLUDED.is_deleted, updated_at = NOW(), updated_by = 'system';
DELETE FROM questions_answers WHERE question_id = 85200007;
INSERT INTO questions_answers (question_id, sentence, sentence_translation, is_correct, "order") VALUES (85200007, 'お願い', NULL, FALSE, 1);
INSERT INTO questions_answers (question_id, sentence, sentence_translation, is_correct, "order") VALUES (85200007, 'お願いし', NULL, TRUE, 2);
INSERT INTO questions_answers (question_id, sentence, sentence_translation, is_correct, "order") VALUES (85200007, 'ご願い', NULL, FALSE, 3);
INSERT INTO questions_answers (question_id, sentence, sentence_translation, is_correct, "order") VALUES (85200007, '願い', NULL, FALSE, 4);
INSERT INTO questions (id, user_id, is_system, is_khoa_cu, question_type, content_type, level, selection_type, question, passage, passage_translation, general_explanation, skill_category, base_difficulty, tenant_id, is_active, is_deleted, created_at, created_by) VALUES (85200008, NULL, TRUE, FALSE, 'reading', 'keigo_dokkai_uchi_soto', NULL, 'single', '下線部の表現が誤っている理由は何ですか。「田中も、貴社とのパートナーシップを大切にしておりますので」

Tại sao biểu hiện dưới đây là sai? "田中も、貴社とのパートナーシップを大切にしておりますので"', '8010502', 'Email từ nhân viên công ty A gửi đối tác bên ngoài công ty B. Nhân viên báo cáo việc sếp mình không thể tham dự cuộc họp đã hẹn.', 'Lỗi: Khi nói về hành động của người Uchi (田中) với Soto, không được dùng ''おります'' (biểu hiện tôn kính quá mức). Phải dùng ''大切にしています'' hoặc ''大切にしているので''. ''おります'' chỉ dùng cho hành động của Soto.', 'dokkai', 1, 'system', TRUE, FALSE, NOW(), 'system') ON CONFLICT (id) DO UPDATE SET question_type = EXCLUDED.question_type, content_type = EXCLUDED.content_type, level = EXCLUDED.level, question = EXCLUDED.question, passage = EXCLUDED.passage, passage_translation = EXCLUDED.passage_translation, general_explanation = EXCLUDED.general_explanation, skill_category = EXCLUDED.skill_category, base_difficulty = EXCLUDED.base_difficulty, is_active = EXCLUDED.is_active, is_deleted = EXCLUDED.is_deleted, updated_at = NOW(), updated_by = 'system';
DELETE FROM questions_answers WHERE question_id = 85200008;
INSERT INTO questions_answers (question_id, sentence, sentence_translation, is_correct, "order") VALUES (85200008, '''おります'' là tôn kính quá mức với Uchi', NULL, TRUE, 1);
INSERT INTO questions_answers (question_id, sentence, sentence_translation, is_correct, "order") VALUES (85200008, '''大切にしております'' là biểu hiện tôn kính quá mức với Uchi', NULL, FALSE, 2);
INSERT INTO questions_answers (question_id, sentence, sentence_translation, is_correct, "order") VALUES (85200008, '''大切にしていますので'' sẽ tự nhiên hơn', NULL, FALSE, 3);
INSERT INTO questions_answers (question_id, sentence, sentence_translation, is_correct, "order") VALUES (85200008, 'Không có lỗi, biểu hiện hoàn toàn đúng', NULL, FALSE, 4);
INSERT INTO questions (id, user_id, is_system, is_khoa_cu, question_type, content_type, level, selection_type, question, passage, passage_translation, general_explanation, skill_category, base_difficulty, tenant_id, is_active, is_deleted, created_at, created_by) VALUES (85200009, NULL, TRUE, FALSE, 'reading', 'keigo_dokkai_uchi_soto', NULL, 'single', 'この議事録で、弊社と相手方の人物の呼び方が正しい組み合わせはどれですか。

Trong biên bản này, cách chỉ người Uchi và Soto nào là đúng?', '8010503', 'Biên bản cuộc họp thương thảo giữa công ty A (開催側) và công ty B (訪問側). Nhân viên công ty A (山田) ghi chép. Trong biên bản có sự hiện diện của các bên.', 'Trong biên bản chính thức (tài liệu bên ngoài), khi nói về người Uchi, dùng tên + chức vụ (鈴木部長, 山田課長). Khi nói về Soto, dùng tên + さん (佐藤さん, 山本さん) hoặc tên + chức vụ. A là cách kết hợp chính xác nhất.', 'dokkai', 1, 'system', TRUE, FALSE, NOW(), 'system') ON CONFLICT (id) DO UPDATE SET question_type = EXCLUDED.question_type, content_type = EXCLUDED.content_type, level = EXCLUDED.level, question = EXCLUDED.question, passage = EXCLUDED.passage, passage_translation = EXCLUDED.passage_translation, general_explanation = EXCLUDED.general_explanation, skill_category = EXCLUDED.skill_category, base_difficulty = EXCLUDED.base_difficulty, is_active = EXCLUDED.is_active, is_deleted = EXCLUDED.is_deleted, updated_at = NOW(), updated_by = 'system';
DELETE FROM questions_answers WHERE question_id = 85200009;
INSERT INTO questions_answers (question_id, sentence, sentence_translation, is_correct, "order") VALUES (85200009, '弊社：鈴木部長・山田課長、相手方：佐藤部長・山本さん', NULL, TRUE, 1);
INSERT INTO questions_answers (question_id, sentence, sentence_translation, is_correct, "order") VALUES (85200009, '弊社：鈴木部長・山田さん、相手方：佐藤さん・山本さん', NULL, FALSE, 2);
INSERT INTO questions_answers (question_id, sentence, sentence_translation, is_correct, "order") VALUES (85200009, '弊社：鈴木様・山田課長、相手方：佐藤さん・山本さん', NULL, FALSE, 3);
INSERT INTO questions_answers (question_id, sentence, sentence_translation, is_correct, "order") VALUES (85200009, '弊社：鈴木課長・山田さん、相手方：佐藤様・山本様', NULL, FALSE, 4);
INSERT INTO questions (id, user_id, is_system, is_khoa_cu, question_type, content_type, level, selection_type, question, passage, passage_translation, general_explanation, skill_category, base_difficulty, tenant_id, is_active, is_deleted, created_at, created_by) VALUES (85200010, NULL, TRUE, FALSE, 'reading', 'keigo_dokkai_uchi_soto', NULL, 'single', 'この議事録で、敬語の使い方に誤りがある文はどれですか。

Câu nào trong biên bản này có lỗi dùng kính ngữ?', '8010503', 'Biên bản cuộc họp thương thảo giữa công ty A (開催側) và công ty B (訪問側). Nhân viên công ty A (山田) ghi chép. Trong biên bản có sự hiện diện của các bên.', 'Lỗi ở ''ご説明させていただきました'': Đây là hành động của người Uchi (山田課長). Trong biên bản tài liệu chính thức gửi ra ngoài, không được dùng ''ご'' trước hành động của Uchi. Phải dùng ''説明させていただきました'' hoặc ''説明いたしました''. Tuy nhiên, C cũng có vấn đề tương tự với ''お尋ね''.', 'dokkai', 1, 'system', TRUE, FALSE, NOW(), 'system') ON CONFLICT (id) DO UPDATE SET question_type = EXCLUDED.question_type, content_type = EXCLUDED.content_type, level = EXCLUDED.level, question = EXCLUDED.question, passage = EXCLUDED.passage, passage_translation = EXCLUDED.passage_translation, general_explanation = EXCLUDED.general_explanation, skill_category = EXCLUDED.skill_category, base_difficulty = EXCLUDED.base_difficulty, is_active = EXCLUDED.is_active, is_deleted = EXCLUDED.is_deleted, updated_at = NOW(), updated_by = 'system';
DELETE FROM questions_answers WHERE question_id = 85200010;
INSERT INTO questions_answers (question_id, sentence, sentence_translation, is_correct, "order") VALUES (85200010, '弊社の山田課長より、こちらの商品化計画についてご説明させていただきました。', NULL, TRUE, 1);
INSERT INTO questions_answers (question_id, sentence, sentence_translation, is_correct, "order") VALUES (85200010, '弊社の田中も本プロジェクトに参加する予定です。', NULL, FALSE, 2);
INSERT INTO questions_answers (question_id, sentence, sentence_translation, is_correct, "order") VALUES (85200010, '相手方の山本さんからも、貴社の営業戦略についてお尋ねをいただき', NULL, FALSE, 3);
INSERT INTO questions_answers (question_id, sentence, sentence_translation, is_correct, "order") VALUES (85200010, '鈴木部長がご回答させていただきました。', NULL, FALSE, 4);
INSERT INTO questions (id, user_id, is_system, is_khoa_cu, question_type, content_type, level, selection_type, question, passage, passage_translation, general_explanation, skill_category, base_difficulty, tenant_id, is_active, is_deleted, created_at, created_by) VALUES (85200011, NULL, TRUE, FALSE, 'reading', 'keigo_dokkai_uchi_soto', NULL, 'single', '「相手方の山本さんからも、貴社の営業戦略についてお（　）をいただき」の（　）に入る正しい言葉は？

"相手方の山本さんからも、貴社の営業戦略についてお（　）をいただき" - từ điền vào (　) là gì?', '8010503', 'Biên bản cuộc họp thương thảo giữa công ty A (開催側) và công ty B (訪問側). Nhân viên công ty A (山田) ghi chép. Trong biên bản có sự hiện diện của các bên.', '''お質問をいただき'' là cách chính xác để nói về câu hỏi từ Soto. ''お尋ね'' là từ tôn kính dành cho hành động của người Uchi (người nói), không phải Soto. ''お伺い'' cũng không phù hợp trong trường hợp này.', 'dokkai', 1, 'system', TRUE, FALSE, NOW(), 'system') ON CONFLICT (id) DO UPDATE SET question_type = EXCLUDED.question_type, content_type = EXCLUDED.content_type, level = EXCLUDED.level, question = EXCLUDED.question, passage = EXCLUDED.passage, passage_translation = EXCLUDED.passage_translation, general_explanation = EXCLUDED.general_explanation, skill_category = EXCLUDED.skill_category, base_difficulty = EXCLUDED.base_difficulty, is_active = EXCLUDED.is_active, is_deleted = EXCLUDED.is_deleted, updated_at = NOW(), updated_by = 'system';
DELETE FROM questions_answers WHERE question_id = 85200011;
INSERT INTO questions_answers (question_id, sentence, sentence_translation, is_correct, "order") VALUES (85200011, '質問', NULL, TRUE, 1);
INSERT INTO questions_answers (question_id, sentence, sentence_translation, is_correct, "order") VALUES (85200011, '尋ね', NULL, FALSE, 2);
INSERT INTO questions_answers (question_id, sentence, sentence_translation, is_correct, "order") VALUES (85200011, '伺い', NULL, FALSE, 3);
INSERT INTO questions_answers (question_id, sentence, sentence_translation, is_correct, "order") VALUES (85200011, '聞き', NULL, FALSE, 4);
INSERT INTO questions (id, user_id, is_system, is_khoa_cu, question_type, content_type, level, selection_type, question, passage, passage_translation, general_explanation, skill_category, base_difficulty, tenant_id, is_active, is_deleted, created_at, created_by) VALUES (85200012, NULL, TRUE, FALSE, 'reading', 'keigo_dokkai_uchi_soto', NULL, 'single', 'この議事録全体で見て、内/外ルール（Uchi/Soto）の観点から見て正しくない箇所は何箇所ありますか。

Xét toàn bộ biên bản, từ góc độ quy tắc Uchi/Soto, có bao nhiêu lỗi?', '8010503', 'Biên bản cuộc họp thương thảo giữa công ty A (開催側) và công ty B (訪問側). Nhân viên công ty A (山田) ghi chép. Trong biên bản có sự hiện diện của các bên.', 'Có ít nhất 3 lỗi: 1) ''ご説明させていただきました'' (không được dùng ご cho Uchi), 2) ''お尋ねをいただき'' (không phù hợp với Soto), 3) ''ご回答させていただきました'' (không được dùng ご cho hành động của Uchi). Tất cả đều liên quan đến Uchi/Soto rule.', 'dokkai', 1, 'system', TRUE, FALSE, NOW(), 'system') ON CONFLICT (id) DO UPDATE SET question_type = EXCLUDED.question_type, content_type = EXCLUDED.content_type, level = EXCLUDED.level, question = EXCLUDED.question, passage = EXCLUDED.passage, passage_translation = EXCLUDED.passage_translation, general_explanation = EXCLUDED.general_explanation, skill_category = EXCLUDED.skill_category, base_difficulty = EXCLUDED.base_difficulty, is_active = EXCLUDED.is_active, is_deleted = EXCLUDED.is_deleted, updated_at = NOW(), updated_by = 'system';
DELETE FROM questions_answers WHERE question_id = 85200012;
INSERT INTO questions_answers (question_id, sentence, sentence_translation, is_correct, "order") VALUES (85200012, '1箇所のみ', NULL, FALSE, 1);
INSERT INTO questions_answers (question_id, sentence, sentence_translation, is_correct, "order") VALUES (85200012, '2箇所', NULL, FALSE, 2);
INSERT INTO questions_answers (question_id, sentence, sentence_translation, is_correct, "order") VALUES (85200012, '3箇所', NULL, TRUE, 3);
INSERT INTO questions_answers (question_id, sentence, sentence_translation, is_correct, "order") VALUES (85200012, '4箇所以上', NULL, FALSE, 4);
INSERT INTO questions (id, user_id, is_system, is_khoa_cu, question_type, content_type, level, selection_type, question, passage, passage_translation, general_explanation, skill_category, base_difficulty, tenant_id, is_active, is_deleted, created_at, created_by) VALUES (85200013, NULL, TRUE, FALSE, 'reading', 'keigo_dokkai_uchi_soto', NULL, 'single', 'この報告書で、内/外ルール違反の表現はどれですか。

Trong báo cáo này, biểu hiện nào vi phạm quy tắc Uchi/Soto?', '8010504', 'Văn bản báo cáo gửi ra ngoài (cho đối tác bên ngoài) có chứa các lỗi tinh vi về Uchi/Soto. Cần xác định và sửa lỗi.', 'Lỗi ở ''ご提案させていただきたい'': Đây là hành động của người Uchi (田中課長), không được dùng ''ご'' trước hành động của Uchi. Phải dùng ''提案させていただきたい'' hoặc ''提案いたしたい''. ''ご提案'' chỉ dùng khi nói về đề xuất từ Soto.', 'dokkai', 1, 'system', TRUE, FALSE, NOW(), 'system') ON CONFLICT (id) DO UPDATE SET question_type = EXCLUDED.question_type, content_type = EXCLUDED.content_type, level = EXCLUDED.level, question = EXCLUDED.question, passage = EXCLUDED.passage, passage_translation = EXCLUDED.passage_translation, general_explanation = EXCLUDED.general_explanation, skill_category = EXCLUDED.skill_category, base_difficulty = EXCLUDED.base_difficulty, is_active = EXCLUDED.is_active, is_deleted = EXCLUDED.is_deleted, updated_at = NOW(), updated_by = 'system';
DELETE FROM questions_answers WHERE question_id = 85200013;
INSERT INTO questions_answers (question_id, sentence, sentence_translation, is_correct, "order") VALUES (85200013, '弊社の山田が中心となり、貴社のご指示に従い', NULL, FALSE, 1);
INSERT INTO questions_answers (question_id, sentence, sentence_translation, is_correct, "order") VALUES (85200013, '田中課長も、貴社とのプロジェクトに大変関心をお持ちで', NULL, FALSE, 2);
INSERT INTO questions_answers (question_id, sentence, sentence_translation, is_correct, "order") VALUES (85200013, '積極的にご参加いただいています。', NULL, FALSE, 3);
INSERT INTO questions_answers (question_id, sentence, sentence_translation, is_correct, "order") VALUES (85200013, '予算配分について田中課長がご提案させていただきたい', NULL, TRUE, 4);
INSERT INTO questions (id, user_id, is_system, is_khoa_cu, question_type, content_type, level, selection_type, question, passage, passage_translation, general_explanation, skill_category, base_difficulty, tenant_id, is_active, is_deleted, created_at, created_by) VALUES (85200014, NULL, TRUE, FALSE, 'reading', 'keigo_dokkai_uchi_soto', NULL, 'single', 'なぜ「田中課長もこのプロジェクトに大変関心をお持ちで、積極的にご参加いただいています」は間違いですか。正しい表現は何ですか。

Tại sao "田中課長もこのプロジェクトに大変関心をお持ちで、積極的にご参加いただいています" là sai? Biểu hiện đúng là gì?', '8010504', 'Văn bản báo cáo gửi ra ngoài (cho đối tác bên ngoài) có chứa các lỗi tinh vi về Uchi/Soto. Cần xác định và sửa lỗi.', 'Khi nói về hành động của người Uchi (田中課長) với Soto, không được dùng ''お持ちで'' (tôn kính quá mức) hay ''ご参加いただく'' (yêu cầu Soto hành động, nhưng đây là hành động của Uchi). Phải dùng hình thức bình thường: ''関心を持ち、積極的に参加している'' hoặc ''参加しています''.', 'dokkai', 1, 'system', TRUE, FALSE, NOW(), 'system') ON CONFLICT (id) DO UPDATE SET question_type = EXCLUDED.question_type, content_type = EXCLUDED.content_type, level = EXCLUDED.level, question = EXCLUDED.question, passage = EXCLUDED.passage, passage_translation = EXCLUDED.passage_translation, general_explanation = EXCLUDED.general_explanation, skill_category = EXCLUDED.skill_category, base_difficulty = EXCLUDED.base_difficulty, is_active = EXCLUDED.is_active, is_deleted = EXCLUDED.is_deleted, updated_at = NOW(), updated_by = 'system';
DELETE FROM questions_answers WHERE question_id = 85200014;
INSERT INTO questions_answers (question_id, sentence, sentence_translation, is_correct, "order") VALUES (85200014, '田中課長も関心を持ち、積極的に参加しています。', NULL, TRUE, 1);
INSERT INTO questions_answers (question_id, sentence, sentence_translation, is_correct, "order") VALUES (85200014, '田中課長も大変関心をお持ちで、積極的にご参加いただいています。', NULL, FALSE, 2);
INSERT INTO questions_answers (question_id, sentence, sentence_translation, is_correct, "order") VALUES (85200014, '田中課長がお持ちになられた関心で、ご参加いただいています。', NULL, FALSE, 3);
INSERT INTO questions_answers (question_id, sentence, sentence_translation, is_correct, "order") VALUES (85200014, '弊社の田中課長は、関心を持ち、積極的に取り組んでいます。', NULL, FALSE, 4);
INSERT INTO questions (id, user_id, is_system, is_khoa_cu, question_type, content_type, level, selection_type, question, passage, passage_translation, general_explanation, skill_category, base_difficulty, tenant_id, is_active, is_deleted, created_at, created_by) VALUES (85200015, NULL, TRUE, FALSE, 'reading', 'keigo_dokkai_uchi_soto', NULL, 'single', '以下の表現のうち、正しい内/外ルールの適用はどれですか。

Biểu hiện nào dưới đây áp dụng đúng quy tắc Uchi/Soto?', '8010504', 'Văn bản báo cáo gửi ra ngoài (cho đối tác bên ngoài) có chứa các lỗi tinh vi về Uchi/Soto. Cần xác định và sửa lỗi.', 'D là đúng: ''ご意見'' là từ tôn kính cho Soto (貴社). Các đáp án khác đều sai: A dùng ''ご'' cho Uchi, B dùng ''ご提案'' (nên ''お提案'' hoặc ''提案'') cho Soto, C dùng ''お電話'' không phù hợp (dùng ''お電話させていただきました'' là không tự nhiên).', 'dokkai', 1, 'system', TRUE, FALSE, NOW(), 'system') ON CONFLICT (id) DO UPDATE SET question_type = EXCLUDED.question_type, content_type = EXCLUDED.content_type, level = EXCLUDED.level, question = EXCLUDED.question, passage = EXCLUDED.passage, passage_translation = EXCLUDED.passage_translation, general_explanation = EXCLUDED.general_explanation, skill_category = EXCLUDED.skill_category, base_difficulty = EXCLUDED.base_difficulty, is_active = EXCLUDED.is_active, is_deleted = EXCLUDED.is_deleted, updated_at = NOW(), updated_by = 'system';
DELETE FROM questions_answers WHERE question_id = 85200015;
INSERT INTO questions_answers (question_id, sentence, sentence_translation, is_correct, "order") VALUES (85200015, '弊社の鈴木がご指示させていただきました。', NULL, FALSE, 1);
INSERT INTO questions_answers (question_id, sentence, sentence_translation, is_correct, "order") VALUES (85200015, '相手方の田中さんからご提案をいただきました。', NULL, FALSE, 2);
INSERT INTO questions_answers (question_id, sentence, sentence_translation, is_correct, "order") VALUES (85200015, '弊社の山田がお電話いたしました。', NULL, FALSE, 3);
INSERT INTO questions_answers (question_id, sentence, sentence_translation, is_correct, "order") VALUES (85200015, '貴社のご意見を参考にさせていただきます。', NULL, TRUE, 4);
INSERT INTO questions (id, user_id, is_system, is_khoa_cu, question_type, content_type, level, selection_type, question, passage, passage_translation, general_explanation, skill_category, base_difficulty, tenant_id, is_active, is_deleted, created_at, created_by) VALUES (85200016, NULL, TRUE, FALSE, 'reading', 'keigo_dokkai_uchi_soto', NULL, 'single', 'この報告書全体で、修正が必要な箇所は最低何箇所ありますか。主な理由を選んでください。

Trong toàn bộ báo cáo này, tối thiểu có bao nhiêu chỗ cần sửa? Lý do chính là gì?', '8010504', 'Văn bản báo cáo gửi ra ngoài (cho đối tác bên ngoài) có chứa các lỗi tinh vi về Uchi/Soto. Cần xác định và sửa lỗi.', 'Có ít nhất 3 lỗi liên quan đến Uchi/Soto: 1) ''ご参加いただいています'' (Uchi không được yêu cầu như Soto), 2) ''ご提案させていただきたい'' (Uchi không được dùng ''ご''), 3) có thể còn những lỗi tinh vi khác. Tất cả đều do nhầm lẫn giữa Uchi và Soto.', 'dokkai', 1, 'system', TRUE, FALSE, NOW(), 'system') ON CONFLICT (id) DO UPDATE SET question_type = EXCLUDED.question_type, content_type = EXCLUDED.content_type, level = EXCLUDED.level, question = EXCLUDED.question, passage = EXCLUDED.passage, passage_translation = EXCLUDED.passage_translation, general_explanation = EXCLUDED.general_explanation, skill_category = EXCLUDED.skill_category, base_difficulty = EXCLUDED.base_difficulty, is_active = EXCLUDED.is_active, is_deleted = EXCLUDED.is_deleted, updated_at = NOW(), updated_by = 'system';
DELETE FROM questions_answers WHERE question_id = 85200016;
INSERT INTO questions_answers (question_id, sentence, sentence_translation, is_correct, "order") VALUES (85200016, '2箇所。Uchi に敬語を使いすぎ。', NULL, FALSE, 1);
INSERT INTO questions_answers (question_id, sentence, sentence_translation, is_correct, "order") VALUES (85200016, '3箇所。Uchi/Soto の区別が混乱。', NULL, TRUE, 2);
INSERT INTO questions_answers (question_id, sentence, sentence_translation, is_correct, "order") VALUES (85200016, '4箇所。複雑な敬語使用エラー。', NULL, FALSE, 3);
INSERT INTO questions_answers (question_id, sentence, sentence_translation, is_correct, "order") VALUES (85200016, '1箇所。細かい敬語の誤り。', NULL, FALSE, 4);
INSERT INTO questions (id, user_id, is_system, is_khoa_cu, question_type, content_type, level, selection_type, question, passage, passage_translation, general_explanation, skill_category, base_difficulty, tenant_id, is_active, is_deleted, created_at, created_by) VALUES (85200017, NULL, TRUE, FALSE, 'reading', 'keigo_dokkai_uchi_soto', NULL, 'single', 'この議事録で、A社（自社）の人物に対する呼び方として正しい組み合わせはどれですか。

Trong biên bản này, cách chỉ người A社 (Uchi) nào là đúng?', '8010505', 'Biên bản họp chính thức có sự hiện diện của nhân viên từ 3 công ty khác nhau (A, B, C). Cần xử lý các tình huống Uchi/Soto phức tạp với nhiều nhóm. Viết mới hoàn toàn 200-250 chữ.', 'Trong biên bản chính thức gửi cho các công ty khác, A社 (Uchi) được chỉ bằng tên + chức vụ mà không có ''さん'' hay ''さま''. B là cách đúng: chỉ tên + chức vụ (鈴木部長, 山田課長, 田中課長).', 'dokkai', 1, 'system', TRUE, FALSE, NOW(), 'system') ON CONFLICT (id) DO UPDATE SET question_type = EXCLUDED.question_type, content_type = EXCLUDED.content_type, level = EXCLUDED.level, question = EXCLUDED.question, passage = EXCLUDED.passage, passage_translation = EXCLUDED.passage_translation, general_explanation = EXCLUDED.general_explanation, skill_category = EXCLUDED.skill_category, base_difficulty = EXCLUDED.base_difficulty, is_active = EXCLUDED.is_active, is_deleted = EXCLUDED.is_deleted, updated_at = NOW(), updated_by = 'system';
DELETE FROM questions_answers WHERE question_id = 85200017;
INSERT INTO questions_answers (question_id, sentence, sentence_translation, is_correct, "order") VALUES (85200017, '鈴木部長さん、山田課長さん、田中課長さん', NULL, FALSE, 1);
INSERT INTO questions_answers (question_id, sentence, sentence_translation, is_correct, "order") VALUES (85200017, '鈴木部長、山田課長、田中課長', NULL, TRUE, 2);
INSERT INTO questions_answers (question_id, sentence, sentence_translation, is_correct, "order") VALUES (85200017, '鈴木様、山田さん、田中課長', NULL, FALSE, 3);
INSERT INTO questions_answers (question_id, sentence, sentence_translation, is_correct, "order") VALUES (85200017, 'A社の鈴木さん、A社の山田さん、A社の田中さん', NULL, FALSE, 4);
INSERT INTO questions (id, user_id, is_system, is_khoa_cu, question_type, content_type, level, selection_type, question, passage, passage_translation, general_explanation, skill_category, base_difficulty, tenant_id, is_active, is_deleted, created_at, created_by) VALUES (85200018, NULL, TRUE, FALSE, 'reading', 'keigo_dokkai_uchi_soto', NULL, 'single', 'この議事録で、B社とC社（他社）の人物に対する敬語使用について、誤りがあるのはどれですか。

Lỗi nào trong cách dùng kính ngữ cho người B社 và C社?', '8010505', 'Biên bản họp chính thức có sự hiện diện của nhân viên từ 3 công ty khác nhau (A, B, C). Cần xử lý các tình huống Uchi/Soto phức tạp với nhiều nhóm. Viết mới hoàn toàn 200-250 chữ.', 'Lỗi ở ''お伺いしたい'': Đây là hành động của Soto (B社の鈴木さん) được dùng với ''お''. Khi Soto hành động, không được dùng từ tôn kính như ''お伺い''. Phải dùng ''ご意見をいただきたい'' hoặc ''意見をお聞きしたい'' từ góc độ người Uchi. Cách đúng: ''意見をお伺いしたい'' (người Uchi muốn hỏi Soto).', 'dokkai', 1, 'system', TRUE, FALSE, NOW(), 'system') ON CONFLICT (id) DO UPDATE SET question_type = EXCLUDED.question_type, content_type = EXCLUDED.content_type, level = EXCLUDED.level, question = EXCLUDED.question, passage = EXCLUDED.passage, passage_translation = EXCLUDED.passage_translation, general_explanation = EXCLUDED.general_explanation, skill_category = EXCLUDED.skill_category, base_difficulty = EXCLUDED.base_difficulty, is_active = EXCLUDED.is_active, is_deleted = EXCLUDED.is_deleted, updated_at = NOW(), updated_by = 'system';
DELETE FROM questions_answers WHERE question_id = 85200018;
INSERT INTO questions_answers (question_id, sentence, sentence_translation, is_correct, "order") VALUES (85200018, 'B社の佐藤さんから、具体的な予算配分についてお尋ねをいただきました。', NULL, FALSE, 1);
INSERT INTO questions_answers (question_id, sentence, sentence_translation, is_correct, "order") VALUES (85200018, 'C社の伊藤さんからも、追加予算の可能性についてご提案をいただき', NULL, FALSE, 2);
INSERT INTO questions_answers (question_id, sentence, sentence_translation, is_correct, "order") VALUES (85200018, 'B社の鈴木さんより、進捗管理ツールの導入について、貴社のご意見をお伺いしたい', NULL, TRUE, 3);
INSERT INTO questions_answers (question_id, sentence, sentence_translation, is_correct, "order") VALUES (85200018, 'C社の山本さんのご指導を参考にさせていただき', NULL, FALSE, 4);
INSERT INTO questions (id, user_id, is_system, is_khoa_cu, question_type, content_type, level, selection_type, question, passage, passage_translation, general_explanation, skill_category, base_difficulty, tenant_id, is_active, is_deleted, created_at, created_by) VALUES (85200019, NULL, TRUE, FALSE, 'reading', 'keigo_dokkai_uchi_soto', NULL, 'single', '「次回会議：5月11日（日程はB社の佐藤さんに（　）させていただく予定）」の（　）に入る正しい表現は？

"次回会議：5月11日（日程はB社の佐藤さんに（　）させていただく予定）" - từ điền vào (　) là gì?', '8010505', 'Biên bản họp chính thức có sự hiện diện của nhân viên từ 3 công ty khác nhau (A, B, C). Cần xử lý các tình huống Uchi/Soto phức tạp với nhiều nhóm. Viết mới hoàn toàn 200-250 chữ.', '''確認させていただく'' là cách đúng: Người Uchi (A社) yêu cầu Soto (B社の佐藤さん) xác nhận. Không được dùng ''ご'' trước ''ご確認'' vì ''確認'' của Soto không được tôn kính thêm lần nữa. ''確認していただく'' (phục vụ/để cho Soto làm) là kém tự nhiên hơn.', 'dokkai', 1, 'system', TRUE, FALSE, NOW(), 'system') ON CONFLICT (id) DO UPDATE SET question_type = EXCLUDED.question_type, content_type = EXCLUDED.content_type, level = EXCLUDED.level, question = EXCLUDED.question, passage = EXCLUDED.passage, passage_translation = EXCLUDED.passage_translation, general_explanation = EXCLUDED.general_explanation, skill_category = EXCLUDED.skill_category, base_difficulty = EXCLUDED.base_difficulty, is_active = EXCLUDED.is_active, is_deleted = EXCLUDED.is_deleted, updated_at = NOW(), updated_by = 'system';
DELETE FROM questions_answers WHERE question_id = 85200019;
INSERT INTO questions_answers (question_id, sentence, sentence_translation, is_correct, "order") VALUES (85200019, '確認させていただ', NULL, TRUE, 1);
INSERT INTO questions_answers (question_id, sentence, sentence_translation, is_correct, "order") VALUES (85200019, 'ご確認してもら', NULL, FALSE, 2);
INSERT INTO questions_answers (question_id, sentence, sentence_translation, is_correct, "order") VALUES (85200019, '確認していただ', NULL, FALSE, 3);
INSERT INTO questions_answers (question_id, sentence, sentence_translation, is_correct, "order") VALUES (85200019, 'ご確認させていただ', NULL, FALSE, 4);
INSERT INTO questions (id, user_id, is_system, is_khoa_cu, question_type, content_type, level, selection_type, question, passage, passage_translation, general_explanation, skill_category, base_difficulty, tenant_id, is_active, is_deleted, created_at, created_by) VALUES (85200020, NULL, TRUE, FALSE, 'reading', 'keigo_dokkai_uchi_soto', NULL, 'single', 'この議事録全体を見て、3社（A・B・C）に対する敬語の使い分けが最も複雑な箇所はどこですか。また、その箇所で何箇所の修正が必要ですか。

Trong biên bản này, phần nào xử lý Uchi/Soto phức tạp nhất với 3 công ty? Cần sửa bao nhiêu chỗ?', '8010505', 'Biên bản họp chính thức có sự hiện diện của nhân viên từ 3 công ty khác nhau (A, B, C). Cần xử lý các tình huống Uchi/Soto phức tạp với nhiều nhóm. Viết mới hoàn toàn 200-250 chữ.', '第1項目 là phần phức tạp nhất vì cần xử lý 3 công ty cùng một lúc: A社 (Uchi - người Uchi), B社 và C社 (đều là Soto). Có các lỗi như ''ご説明させていただきました'' (Uchi không được dùng ''ご'') và ''お話し合い'' không phù hợp với Soto. Cần ít nhất 2-3 lần sửa để cân bằng Uchi/Soto cho 3 công ty.', 'dokkai', 1, 'system', TRUE, FALSE, NOW(), 'system') ON CONFLICT (id) DO UPDATE SET question_type = EXCLUDED.question_type, content_type = EXCLUDED.content_type, level = EXCLUDED.level, question = EXCLUDED.question, passage = EXCLUDED.passage, passage_translation = EXCLUDED.passage_translation, general_explanation = EXCLUDED.general_explanation, skill_category = EXCLUDED.skill_category, base_difficulty = EXCLUDED.base_difficulty, is_active = EXCLUDED.is_active, is_deleted = EXCLUDED.is_deleted, updated_at = NOW(), updated_by = 'system';
DELETE FROM questions_answers WHERE question_id = 85200020;
INSERT INTO questions_answers (question_id, sentence, sentence_translation, is_correct, "order") VALUES (85200020, '第1項目。決定事項の部分で、3社の立場が混在。最小2-3箇所修正。', NULL, TRUE, 1);
INSERT INTO questions_answers (question_id, sentence, sentence_translation, is_correct, "order") VALUES (85200020, '第2項目。B社とC社の立場を区別せず混乱。最小1箇所修正。', NULL, FALSE, 2);
INSERT INTO questions_answers (question_id, sentence, sentence_translation, is_correct, "order") VALUES (85200020, '【議論事項】の部分。A社自身についての記述で敬語誤用。最小1箇所修正。', NULL, FALSE, 3);
INSERT INTO questions_answers (question_id, sentence, sentence_translation, is_correct, "order") VALUES (85200020, '成果物提出の部分。各社の立場が不明確。最小2箇所修正。', NULL, FALSE, 4);

INSERT INTO study_question_sets (id, name, description, set_type, card_count, tenant_id, is_active, is_deleted, created_at, created_by) VALUES (80100520, '2.1.5 Mô Phỏng Đề Thi BJT Đọc Hiểu: 内/外ルール (Uchi/Soto) — Mô phỏng đề thi', 'Mô phỏng đề thi BJT đọc hiểu — 20 câu, 5 bài đọc.', 'reading', 20, 'system', TRUE, FALSE, NOW(), 'system') ON CONFLICT (id) DO UPDATE SET name = EXCLUDED.name, description = EXCLUDED.description, set_type = EXCLUDED.set_type, card_count = EXCLUDED.card_count, is_active = EXCLUDED.is_active, is_deleted = EXCLUDED.is_deleted, updated_at = NOW(), updated_by = 'system';
INSERT INTO study_question_set_questions (study_question_set_id, question_id, order_index, tenant_id, is_deleted, created_at, created_by) VALUES (80100520, 85200001, 1, 'system', FALSE, NOW(), 'system') ON CONFLICT (study_question_set_id, question_id) DO UPDATE SET order_index = EXCLUDED.order_index, is_deleted = FALSE;
INSERT INTO study_question_set_questions (study_question_set_id, question_id, order_index, tenant_id, is_deleted, created_at, created_by) VALUES (80100520, 85200002, 2, 'system', FALSE, NOW(), 'system') ON CONFLICT (study_question_set_id, question_id) DO UPDATE SET order_index = EXCLUDED.order_index, is_deleted = FALSE;
INSERT INTO study_question_set_questions (study_question_set_id, question_id, order_index, tenant_id, is_deleted, created_at, created_by) VALUES (80100520, 85200003, 3, 'system', FALSE, NOW(), 'system') ON CONFLICT (study_question_set_id, question_id) DO UPDATE SET order_index = EXCLUDED.order_index, is_deleted = FALSE;
INSERT INTO study_question_set_questions (study_question_set_id, question_id, order_index, tenant_id, is_deleted, created_at, created_by) VALUES (80100520, 85200004, 4, 'system', FALSE, NOW(), 'system') ON CONFLICT (study_question_set_id, question_id) DO UPDATE SET order_index = EXCLUDED.order_index, is_deleted = FALSE;
INSERT INTO study_question_set_questions (study_question_set_id, question_id, order_index, tenant_id, is_deleted, created_at, created_by) VALUES (80100520, 85200005, 5, 'system', FALSE, NOW(), 'system') ON CONFLICT (study_question_set_id, question_id) DO UPDATE SET order_index = EXCLUDED.order_index, is_deleted = FALSE;
INSERT INTO study_question_set_questions (study_question_set_id, question_id, order_index, tenant_id, is_deleted, created_at, created_by) VALUES (80100520, 85200006, 6, 'system', FALSE, NOW(), 'system') ON CONFLICT (study_question_set_id, question_id) DO UPDATE SET order_index = EXCLUDED.order_index, is_deleted = FALSE;
INSERT INTO study_question_set_questions (study_question_set_id, question_id, order_index, tenant_id, is_deleted, created_at, created_by) VALUES (80100520, 85200007, 7, 'system', FALSE, NOW(), 'system') ON CONFLICT (study_question_set_id, question_id) DO UPDATE SET order_index = EXCLUDED.order_index, is_deleted = FALSE;
INSERT INTO study_question_set_questions (study_question_set_id, question_id, order_index, tenant_id, is_deleted, created_at, created_by) VALUES (80100520, 85200008, 8, 'system', FALSE, NOW(), 'system') ON CONFLICT (study_question_set_id, question_id) DO UPDATE SET order_index = EXCLUDED.order_index, is_deleted = FALSE;
INSERT INTO study_question_set_questions (study_question_set_id, question_id, order_index, tenant_id, is_deleted, created_at, created_by) VALUES (80100520, 85200009, 9, 'system', FALSE, NOW(), 'system') ON CONFLICT (study_question_set_id, question_id) DO UPDATE SET order_index = EXCLUDED.order_index, is_deleted = FALSE;
INSERT INTO study_question_set_questions (study_question_set_id, question_id, order_index, tenant_id, is_deleted, created_at, created_by) VALUES (80100520, 85200010, 10, 'system', FALSE, NOW(), 'system') ON CONFLICT (study_question_set_id, question_id) DO UPDATE SET order_index = EXCLUDED.order_index, is_deleted = FALSE;
INSERT INTO study_question_set_questions (study_question_set_id, question_id, order_index, tenant_id, is_deleted, created_at, created_by) VALUES (80100520, 85200011, 11, 'system', FALSE, NOW(), 'system') ON CONFLICT (study_question_set_id, question_id) DO UPDATE SET order_index = EXCLUDED.order_index, is_deleted = FALSE;
INSERT INTO study_question_set_questions (study_question_set_id, question_id, order_index, tenant_id, is_deleted, created_at, created_by) VALUES (80100520, 85200012, 12, 'system', FALSE, NOW(), 'system') ON CONFLICT (study_question_set_id, question_id) DO UPDATE SET order_index = EXCLUDED.order_index, is_deleted = FALSE;
INSERT INTO study_question_set_questions (study_question_set_id, question_id, order_index, tenant_id, is_deleted, created_at, created_by) VALUES (80100520, 85200013, 13, 'system', FALSE, NOW(), 'system') ON CONFLICT (study_question_set_id, question_id) DO UPDATE SET order_index = EXCLUDED.order_index, is_deleted = FALSE;
INSERT INTO study_question_set_questions (study_question_set_id, question_id, order_index, tenant_id, is_deleted, created_at, created_by) VALUES (80100520, 85200014, 14, 'system', FALSE, NOW(), 'system') ON CONFLICT (study_question_set_id, question_id) DO UPDATE SET order_index = EXCLUDED.order_index, is_deleted = FALSE;
INSERT INTO study_question_set_questions (study_question_set_id, question_id, order_index, tenant_id, is_deleted, created_at, created_by) VALUES (80100520, 85200015, 15, 'system', FALSE, NOW(), 'system') ON CONFLICT (study_question_set_id, question_id) DO UPDATE SET order_index = EXCLUDED.order_index, is_deleted = FALSE;
INSERT INTO study_question_set_questions (study_question_set_id, question_id, order_index, tenant_id, is_deleted, created_at, created_by) VALUES (80100520, 85200016, 16, 'system', FALSE, NOW(), 'system') ON CONFLICT (study_question_set_id, question_id) DO UPDATE SET order_index = EXCLUDED.order_index, is_deleted = FALSE;
INSERT INTO study_question_set_questions (study_question_set_id, question_id, order_index, tenant_id, is_deleted, created_at, created_by) VALUES (80100520, 85200017, 17, 'system', FALSE, NOW(), 'system') ON CONFLICT (study_question_set_id, question_id) DO UPDATE SET order_index = EXCLUDED.order_index, is_deleted = FALSE;
INSERT INTO study_question_set_questions (study_question_set_id, question_id, order_index, tenant_id, is_deleted, created_at, created_by) VALUES (80100520, 85200018, 18, 'system', FALSE, NOW(), 'system') ON CONFLICT (study_question_set_id, question_id) DO UPDATE SET order_index = EXCLUDED.order_index, is_deleted = FALSE;
INSERT INTO study_question_set_questions (study_question_set_id, question_id, order_index, tenant_id, is_deleted, created_at, created_by) VALUES (80100520, 85200019, 19, 'system', FALSE, NOW(), 'system') ON CONFLICT (study_question_set_id, question_id) DO UPDATE SET order_index = EXCLUDED.order_index, is_deleted = FALSE;
INSERT INTO study_question_set_questions (study_question_set_id, question_id, order_index, tenant_id, is_deleted, created_at, created_by) VALUES (80100520, 85200020, 20, 'system', FALSE, NOW(), 'system') ON CONFLICT (study_question_set_id, question_id) DO UPDATE SET order_index = EXCLUDED.order_index, is_deleted = FALSE;
INSERT INTO study_resource_question_sets (resource_type, resource_id, study_question_set_id, position, context, tenant_id, is_active, is_deleted, created_at, created_by) VALUES ('module', 8013, 80100520, 5, '{"label": "2.1.5 Mô Phỏng Đề Thi BJT Đọc Hiểu: 内/外ルール (Uchi/Soto) — Mô phỏng đề thi"}'::jsonb, 'system', TRUE, FALSE, NOW(), 'system') ON CONFLICT (resource_type, resource_id, study_question_set_id) DO UPDATE SET position = EXCLUDED.position, context = EXCLUDED.context, is_active = TRUE, is_deleted = FALSE;

-- BaiTap file: 2.1.6_UkemiShieki_BaiTap.json
INSERT INTO questions (id, user_id, is_system, is_khoa_cu, question_type, content_type, level, selection_type, question, passage, passage_translation, general_explanation, skill_category, base_difficulty, tenant_id, is_active, is_deleted, created_at, created_by) VALUES (86100001, NULL, TRUE, FALSE, 'chon_dap_an', 'keigo_baitap_ukemi_shieki', 'BJT-1', 'single', '「子どもが犬（　）噛まれた。」空欄に入る助詞はどれですか？

"Đứa trẻ bị chó cắn." Điền trợ từ đúng vào chỗ trống.', NULL, NULL, 'Bị động (受動形) — tác nhân là NGƯỜI/ĐỘNG VẬT gây ra hành động → dùng trợ từ 【に】. Cấu trúc: [người bị hại]が + [tác nhân]に + [động từ bị động]. Ví dụ: 子どもが犬に噛まれた (đứa trẻ bị chó cắn). が = chủ thể câu bị động. に = tác nhân có chủ ý (người/vật có thể điều khiển). を = tân ngữ trực tiếp trong câu chủ động. で = phương tiện/địa điểm.

💡 Trợ từ tác nhân trong bị động: NGƯỜI/ĐỘNG VẬT có chủ ý → に. Tổ chức/trừu tượng/phát hiện → によって. Nguyên nhân tự nhiên (gió, mưa) → に hoặc で.', 'grammar', 1, 'system', TRUE, FALSE, NOW(), 'system') ON CONFLICT (id) DO UPDATE SET question_type = EXCLUDED.question_type, content_type = EXCLUDED.content_type, level = EXCLUDED.level, question = EXCLUDED.question, passage = EXCLUDED.passage, passage_translation = EXCLUDED.passage_translation, general_explanation = EXCLUDED.general_explanation, skill_category = EXCLUDED.skill_category, base_difficulty = EXCLUDED.base_difficulty, is_active = EXCLUDED.is_active, is_deleted = EXCLUDED.is_deleted, updated_at = NOW(), updated_by = 'system';
DELETE FROM questions_answers WHERE question_id = 86100001;
INSERT INTO questions_answers (question_id, sentence, sentence_translation, is_correct, "order") VALUES (86100001, 'が', NULL, FALSE, 1);
INSERT INTO questions_answers (question_id, sentence, sentence_translation, is_correct, "order") VALUES (86100001, 'に', NULL, TRUE, 2);
INSERT INTO questions_answers (question_id, sentence, sentence_translation, is_correct, "order") VALUES (86100001, 'を', NULL, FALSE, 3);
INSERT INTO questions_answers (question_id, sentence, sentence_translation, is_correct, "order") VALUES (86100001, 'で', NULL, FALSE, 4);
INSERT INTO questions (id, user_id, is_system, is_khoa_cu, question_type, content_type, level, selection_type, question, passage, passage_translation, general_explanation, skill_category, base_difficulty, tenant_id, is_active, is_deleted, created_at, created_by) VALUES (86100002, NULL, TRUE, FALSE, 'chon_dap_an', 'keigo_baitap_ukemi_shieki', 'BJT-1', 'single', '「この橋は江戸時代（　）建てられた。」空欄に最も適切な助詞・助詞句はどれですか？

"Cây cầu này được xây dựng vào thời Edo." Chọn trợ từ phù hợp nhất.', NULL, NULL, '【によって】dùng trong bị động khi tác nhân là: ①Tổ chức/tập thể (会社、政府、チーム…). ②Thời đại/trừu tượng (江戸時代…). ③Phát minh, sáng tác (〜によって発見された、書かれた). に (A) = tác nhân là NGƯỜI cụ thể (人 + に). で (B) = phương tiện hoặc địa điểm. から (D) = nguồn gốc. 「江戸時代によって」= đúng về nghĩa tác nhân lịch sử.

💡 Phân biệt に vs によって: に = người cụ thể (田中さんに叱られた). によって = tổ chức, trừu tượng, phát minh (会社によって決められた、〜によって発見された).', 'grammar', 1, 'system', TRUE, FALSE, NOW(), 'system') ON CONFLICT (id) DO UPDATE SET question_type = EXCLUDED.question_type, content_type = EXCLUDED.content_type, level = EXCLUDED.level, question = EXCLUDED.question, passage = EXCLUDED.passage, passage_translation = EXCLUDED.passage_translation, general_explanation = EXCLUDED.general_explanation, skill_category = EXCLUDED.skill_category, base_difficulty = EXCLUDED.base_difficulty, is_active = EXCLUDED.is_active, is_deleted = EXCLUDED.is_deleted, updated_at = NOW(), updated_by = 'system';
DELETE FROM questions_answers WHERE question_id = 86100002;
INSERT INTO questions_answers (question_id, sentence, sentence_translation, is_correct, "order") VALUES (86100002, 'に', NULL, FALSE, 1);
INSERT INTO questions_answers (question_id, sentence, sentence_translation, is_correct, "order") VALUES (86100002, 'で', NULL, FALSE, 2);
INSERT INTO questions_answers (question_id, sentence, sentence_translation, is_correct, "order") VALUES (86100002, 'によって', NULL, TRUE, 3);
INSERT INTO questions_answers (question_id, sentence, sentence_translation, is_correct, "order") VALUES (86100002, 'から', NULL, FALSE, 4);
INSERT INTO questions (id, user_id, is_system, is_khoa_cu, question_type, content_type, level, selection_type, question, passage, passage_translation, general_explanation, skill_category, base_difficulty, tenant_id, is_active, is_deleted, created_at, created_by) VALUES (86100003, NULL, TRUE, FALSE, 'chon_dap_an', 'keigo_baitap_ukemi_shieki', 'BJT-1', 'single', '「私は電車の中で財布（　）盗まれた。」正しい助詞はどれですか？

"Tôi bị mất ví trên tàu điện ngầm (ai đó đã lấy cắp)." Trợ từ đúng sau 財布 là gì?', NULL, NULL, 'Đây là bị động gián tiếp (迷惑の受身). Người bị hại (私) bị ảnh hưởng gián tiếp — ví là vật SỞ HỮU của tôi bị mất. Cấu trúc: [người bị hại]は/が + [vật sở hữu]が + [động từ bị động]. 「財布が盗まれた」(ví bị lấy cắp) — 財布 là CHỦ THỂ của hành động bị động. KHÔNG dùng を trong câu bị động — を là trợ từ của câu CHỦ ĐỘNG (泥棒が財布を盗んだ). Trong câu bị động, を chuyển thành が.

💡 ⚠️ LỖI THƯỜNG GẶP: 「財布を盗まれた」= SAI! Trong câu bị động, tân ngữ を chuyển thành が: 「財布が盗まれた」. Nhớ: を KHÔNG xuất hiện sau vật bị tác động trong câu bị động cơ bản.', 'grammar', 1, 'system', TRUE, FALSE, NOW(), 'system') ON CONFLICT (id) DO UPDATE SET question_type = EXCLUDED.question_type, content_type = EXCLUDED.content_type, level = EXCLUDED.level, question = EXCLUDED.question, passage = EXCLUDED.passage, passage_translation = EXCLUDED.passage_translation, general_explanation = EXCLUDED.general_explanation, skill_category = EXCLUDED.skill_category, base_difficulty = EXCLUDED.base_difficulty, is_active = EXCLUDED.is_active, is_deleted = EXCLUDED.is_deleted, updated_at = NOW(), updated_by = 'system';
DELETE FROM questions_answers WHERE question_id = 86100003;
INSERT INTO questions_answers (question_id, sentence, sentence_translation, is_correct, "order") VALUES (86100003, 'が', NULL, TRUE, 1);
INSERT INTO questions_answers (question_id, sentence, sentence_translation, is_correct, "order") VALUES (86100003, 'を', NULL, FALSE, 2);
INSERT INTO questions_answers (question_id, sentence, sentence_translation, is_correct, "order") VALUES (86100003, 'に', NULL, FALSE, 3);
INSERT INTO questions_answers (question_id, sentence, sentence_translation, is_correct, "order") VALUES (86100003, 'は', NULL, FALSE, 4);
INSERT INTO questions (id, user_id, is_system, is_khoa_cu, question_type, content_type, level, selection_type, question, passage, passage_translation, general_explanation, skill_category, base_difficulty, tenant_id, is_active, is_deleted, created_at, created_by) VALUES (86100004, NULL, TRUE, FALSE, 'chon_dap_an', 'keigo_baitap_ukemi_shieki', 'BJT-1', 'single', '「部長が会議室に入られた。」この文の「られた」はどちらの意味ですか？

Câu "Trưởng phòng bước vào phòng họp." Ở đây 「られた」mang nghĩa gì?', NULL, NULL, 'Câu này 「部長が〜入られた」= TÔN KÍNH NGỮ (尊敬). れる/られる có 4 nghĩa: ①受身 (bị động), ②尊敬 (tôn kính), ③可能 (có thể), ④自発 (tự phát). Cách phân biệt: Nếu có tác nhân に → thường là bị động. Nếu chủ thể là người BỀ TRÊN, không có tác nhân → thường là tôn kính (đặc biệt trong môi trường công ty). 「部長が入られた」= không có tác nhân, 部長 = bề trên → tôn kính.

💡 れる/られる = bị động KHI có tác nhân (〜に). れる/られる = tôn kính KHI chủ thể là bề trên, không có tác nhân. Ngữ cảnh quyết định nghĩa!', 'grammar', 1, 'system', TRUE, FALSE, NOW(), 'system') ON CONFLICT (id) DO UPDATE SET question_type = EXCLUDED.question_type, content_type = EXCLUDED.content_type, level = EXCLUDED.level, question = EXCLUDED.question, passage = EXCLUDED.passage, passage_translation = EXCLUDED.passage_translation, general_explanation = EXCLUDED.general_explanation, skill_category = EXCLUDED.skill_category, base_difficulty = EXCLUDED.base_difficulty, is_active = EXCLUDED.is_active, is_deleted = EXCLUDED.is_deleted, updated_at = NOW(), updated_by = 'system';
DELETE FROM questions_answers WHERE question_id = 86100004;
INSERT INTO questions_answers (question_id, sentence, sentence_translation, is_correct, "order") VALUES (86100004, '受身（bị động）— 部長が誰かに入らせられた', NULL, FALSE, 1);
INSERT INTO questions_answers (question_id, sentence, sentence_translation, is_correct, "order") VALUES (86100004, '尊敬（tôn kính）— 部長が入るという行為を丁寧に表す', NULL, TRUE, 2);
INSERT INTO questions_answers (question_id, sentence, sentence_translation, is_correct, "order") VALUES (86100004, '可能（có thể）— 部長が入ることができた', NULL, FALSE, 3);
INSERT INTO questions_answers (question_id, sentence, sentence_translation, is_correct, "order") VALUES (86100004, '自発（tự phát）— 自然と入ってしまった', NULL, FALSE, 4);
INSERT INTO questions (id, user_id, is_system, is_khoa_cu, question_type, content_type, level, selection_type, question, passage, passage_translation, general_explanation, skill_category, base_difficulty, tenant_id, is_active, is_deleted, created_at, created_by) VALUES (86100005, NULL, TRUE, FALSE, 'chon_dap_an', 'keigo_baitap_ukemi_shieki', 'BJT-1', 'single', '「先生は生徒（　）作文（　）書かせた。」正しい助詞の組み合わせはどれですか？

"Giáo viên bắt học sinh viết bài luận." Điền trợ từ đúng.', NULL, NULL, 'Cấu trúc sai khiến với 他動詞 (tha động từ — có tân ngữ): [người sai khiến]が + [người bị sai]に + [tân ngữ]を + [động詞させる]. 生徒 = người bị sai khiến → に. 作文 = tân ngữ của 書く → を. LÝ DO: 書く là 他動詞 (có tân ngữ を), người bị sai phải dùng に để phân biệt với tân ngữ. Nếu dùng を cho cả 2 → mơ hồ.

💡 Sai khiến 他動詞: [người bị sai]に + [tân ngữ]を. Không thể dùng を cho người bị sai khi đã có を cho tân ngữ!', 'grammar', 1, 'system', TRUE, FALSE, NOW(), 'system') ON CONFLICT (id) DO UPDATE SET question_type = EXCLUDED.question_type, content_type = EXCLUDED.content_type, level = EXCLUDED.level, question = EXCLUDED.question, passage = EXCLUDED.passage, passage_translation = EXCLUDED.passage_translation, general_explanation = EXCLUDED.general_explanation, skill_category = EXCLUDED.skill_category, base_difficulty = EXCLUDED.base_difficulty, is_active = EXCLUDED.is_active, is_deleted = EXCLUDED.is_deleted, updated_at = NOW(), updated_by = 'system';
DELETE FROM questions_answers WHERE question_id = 86100005;
INSERT INTO questions_answers (question_id, sentence, sentence_translation, is_correct, "order") VALUES (86100005, 'を／が', NULL, FALSE, 1);
INSERT INTO questions_answers (question_id, sentence, sentence_translation, is_correct, "order") VALUES (86100005, 'に／を', NULL, TRUE, 2);
INSERT INTO questions_answers (question_id, sentence, sentence_translation, is_correct, "order") VALUES (86100005, 'が／を', NULL, FALSE, 3);
INSERT INTO questions_answers (question_id, sentence, sentence_translation, is_correct, "order") VALUES (86100005, 'を／を', NULL, FALSE, 4);
INSERT INTO questions (id, user_id, is_system, is_khoa_cu, question_type, content_type, level, selection_type, question, passage, passage_translation, general_explanation, skill_category, base_difficulty, tenant_id, is_active, is_deleted, created_at, created_by) VALUES (86100006, NULL, TRUE, FALSE, 'chon_dap_an', 'keigo_baitap_ukemi_shieki', 'BJT-1', 'single', '「母は子どもを/に泣かせた。」自動詞（泣く）の使役文で、「を」と「に」どちらが正しいですか？

Sai khiến với 自動詞 (泣く = khóc — động từ không có tân ngữ). 「を」hay「に」là đúng?', NULL, NULL, 'Sai khiến với 自動詞 (động từ không có tân ngữ): Cả を và に đều dùng được nhưng khác về sắc thái: ①【を】= ép buộc, thả mặc, để kết quả xảy ra: 「子どもを泣かせた」(làm đứa trẻ khóc — có thể vô tình hoặc cố ý, nhấn mạnh kết quả). ②【に】= cho phép, hướng dẫn: 「子どもに泣かせた」(cho phép đứa trẻ khóc). Đây là điểm tinh tế và quan trọng nhất của sai khiến!

💡 ⚠️ ĐIỂM QUAN TRỌNG: 自動詞 使役: を ≈ ép/thả mặc, để kết quả xảy ra. に ≈ cho phép, hướng dẫn. 他動詞 使役: phải dùng に (vì を đã cho tân ngữ).', 'grammar', 1, 'system', TRUE, FALSE, NOW(), 'system') ON CONFLICT (id) DO UPDATE SET question_type = EXCLUDED.question_type, content_type = EXCLUDED.content_type, level = EXCLUDED.level, question = EXCLUDED.question, passage = EXCLUDED.passage, passage_translation = EXCLUDED.passage_translation, general_explanation = EXCLUDED.general_explanation, skill_category = EXCLUDED.skill_category, base_difficulty = EXCLUDED.base_difficulty, is_active = EXCLUDED.is_active, is_deleted = EXCLUDED.is_deleted, updated_at = NOW(), updated_by = 'system';
DELETE FROM questions_answers WHERE question_id = 86100006;
INSERT INTO questions_answers (question_id, sentence, sentence_translation, is_correct, "order") VALUES (86100006, '「を」のみ正しい', NULL, FALSE, 1);
INSERT INTO questions_answers (question_id, sentence, sentence_translation, is_correct, "order") VALUES (86100006, '「に」のみ正しい', NULL, FALSE, 2);
INSERT INTO questions_answers (question_id, sentence, sentence_translation, is_correct, "order") VALUES (86100006, '「を」は強制・放置の意味、「に」は許可・誘導の意味で、両方使える', NULL, TRUE, 3);
INSERT INTO questions_answers (question_id, sentence, sentence_translation, is_correct, "order") VALUES (86100006, 'どちらも間違い', NULL, FALSE, 4);
INSERT INTO questions (id, user_id, is_system, is_khoa_cu, question_type, content_type, level, selection_type, question, passage, passage_translation, general_explanation, skill_category, base_difficulty, tenant_id, is_active, is_deleted, created_at, created_by) VALUES (86100007, NULL, TRUE, FALSE, 'chon_dap_an', 'keigo_baitap_ukemi_shieki', 'BJT-1', 'single', '「私は上司に3時間も残業させられた。」この文の意味として正しいものはどれですか？

"Tôi bị sếp bắt phải làm thêm giờ suốt 3 tiếng." Nghĩa đúng là gì?', NULL, NULL, '【使役受動形（させられる）】= BỊ ÉP LÀM điều gì đó — thể hiện sự bất đắc dĩ, không muốn nhưng bị buộc. Cấu trúc: [người bị ép]が + [người ép]に + [động từ]させられる. 「上司に残業させられた」= Bị sếp bắt làm thêm (tôi không muốn nhưng phải làm). Cảm giác: BỰC BỘI, BẤT ĐẮC DĨ. Khác với 「残業した」(tự nguyện) hay 「残業させた」(tôi bắt người khác).

💡 させられる = SAI KHIẾN BỊ ĐỘNG = ''bị ép phải làm''. Luôn có hàm ý KHÔNG MUỐN, BỊ BUỘC. Đây là điểm đặc trưng nhất của dạng này.', 'grammar', 1, 'system', TRUE, FALSE, NOW(), 'system') ON CONFLICT (id) DO UPDATE SET question_type = EXCLUDED.question_type, content_type = EXCLUDED.content_type, level = EXCLUDED.level, question = EXCLUDED.question, passage = EXCLUDED.passage, passage_translation = EXCLUDED.passage_translation, general_explanation = EXCLUDED.general_explanation, skill_category = EXCLUDED.skill_category, base_difficulty = EXCLUDED.base_difficulty, is_active = EXCLUDED.is_active, is_deleted = EXCLUDED.is_deleted, updated_at = NOW(), updated_by = 'system';
DELETE FROM questions_answers WHERE question_id = 86100007;
INSERT INTO questions_answers (question_id, sentence, sentence_translation, is_correct, "order") VALUES (86100007, '私が上司に残業するよう命令した', NULL, FALSE, 1);
INSERT INTO questions_answers (question_id, sentence, sentence_translation, is_correct, "order") VALUES (86100007, '私が自分で残業した（自発）', NULL, FALSE, 2);
INSERT INTO questions_answers (question_id, sentence, sentence_translation, is_correct, "order") VALUES (86100007, '私は上司から残業するよう強制された（不本意）', NULL, TRUE, 3);
INSERT INTO questions_answers (question_id, sentence, sentence_translation, is_correct, "order") VALUES (86100007, '私が上司のために残業した（自分の意志）', NULL, FALSE, 4);
INSERT INTO questions (id, user_id, is_system, is_khoa_cu, question_type, content_type, level, selection_type, question, passage, passage_translation, general_explanation, skill_category, base_difficulty, tenant_id, is_active, is_deleted, created_at, created_by) VALUES (86100008, NULL, TRUE, FALSE, 'chon_dap_an', 'keigo_baitap_ukemi_shieki', 'BJT-1', 'single', '動詞「書く」（グループ1）の、①受動形、②使役形、③使役受動形を正しく示したものはどれですか？

Động từ 「書く」(nhóm 1). Chia đúng: ①Bị động, ②Sai khiến, ③Sai khiến bị động.', NULL, NULL, '書く (グループ1 — nhóm 1, thân = か): ①受動: か + れる = 書かれる. ②使役: か + せる = 書かせる. ③使役受動: か + せられる = 書かせられる (hoặc rút gọn: 書かされる). Lưu ý (C): 書かされる = dạng rút gọn của 書かせられる — đúng nhưng chỉ dùng với グループ1 (không dùng với グループ2: 食べさせられる ≠ 食べさされる).

💡 Chia nhanh: 動詞(ない形のない前) + れる(受身) / せる(使役) / せられる(使役受身). グループ1 rút gọn させられる → される (書かされる) nhưng グループ2 KHÔNG rút gọn được.', 'grammar', 1, 'system', TRUE, FALSE, NOW(), 'system') ON CONFLICT (id) DO UPDATE SET question_type = EXCLUDED.question_type, content_type = EXCLUDED.content_type, level = EXCLUDED.level, question = EXCLUDED.question, passage = EXCLUDED.passage, passage_translation = EXCLUDED.passage_translation, general_explanation = EXCLUDED.general_explanation, skill_category = EXCLUDED.skill_category, base_difficulty = EXCLUDED.base_difficulty, is_active = EXCLUDED.is_active, is_deleted = EXCLUDED.is_deleted, updated_at = NOW(), updated_by = 'system';
DELETE FROM questions_answers WHERE question_id = 86100008;
INSERT INTO questions_answers (question_id, sentence, sentence_translation, is_correct, "order") VALUES (86100008, '①書かれる ②書かせる ③書かせられる', NULL, TRUE, 1);
INSERT INTO questions_answers (question_id, sentence, sentence_translation, is_correct, "order") VALUES (86100008, '①書かれる ②書けさせる ③書けさせられる', NULL, FALSE, 2);
INSERT INTO questions_answers (question_id, sentence, sentence_translation, is_correct, "order") VALUES (86100008, '①書かれる ②書かせる ③書かされる', NULL, FALSE, 3);
INSERT INTO questions_answers (question_id, sentence, sentence_translation, is_correct, "order") VALUES (86100008, '①書けれる ②書かせる ③書かせられる', NULL, FALSE, 4);
INSERT INTO questions (id, user_id, is_system, is_khoa_cu, question_type, content_type, level, selection_type, question, passage, passage_translation, general_explanation, skill_category, base_difficulty, tenant_id, is_active, is_deleted, created_at, created_by) VALUES (86100009, NULL, TRUE, FALSE, 'chon_dap_an', 'keigo_baitap_ukemi_shieki', 'BJT-1', 'single', '「先生に褒められた」と「先生に褒めてもらった」の違いとして正しいものはどれですか？

Sự khác nhau giữa ①"được thầy khen" (bị động) và ②"được thầy khen" (授受動詞) là gì?', NULL, NULL, 'Tuy cùng nghĩa ''được khen'' nhưng sắc thái khác: ①「褒められた」(受身) = trung tính hoặc hơi bất ngờ, không nhấn mạnh cảm xúc. Trong một số ngữ cảnh, bị động có thể mang hàm ý bất đắc dĩ. ②「褒めてもらった」(授受) = biết ơn, vui mừng — nhấn mạnh ÂN HUỆ nhận được. Trong kinh doanh, もらった/いただく thường được chọn hơn khi muốn thể hiện lòng biết ơn: 「ご評価いただいた」.

💡 〜れる/られる (受身) vs 〜てもらう (授受): Cùng sự việc nhưng khác sắc thái. もらう = tôi biết ơn về điều đó. Trong kinh doanh, いただく được dùng thay bị động khi muốn thể hiện lòng biết ơn.', 'grammar', 1, 'system', TRUE, FALSE, NOW(), 'system') ON CONFLICT (id) DO UPDATE SET question_type = EXCLUDED.question_type, content_type = EXCLUDED.content_type, level = EXCLUDED.level, question = EXCLUDED.question, passage = EXCLUDED.passage, passage_translation = EXCLUDED.passage_translation, general_explanation = EXCLUDED.general_explanation, skill_category = EXCLUDED.skill_category, base_difficulty = EXCLUDED.base_difficulty, is_active = EXCLUDED.is_active, is_deleted = EXCLUDED.is_deleted, updated_at = NOW(), updated_by = 'system';
DELETE FROM questions_answers WHERE question_id = 86100009;
INSERT INTO questions_answers (question_id, sentence, sentence_translation, is_correct, "order") VALUES (86100009, '①は受身で不本意な気持ち、②は感謝の気持ちを表す', NULL, TRUE, 1);
INSERT INTO questions_answers (question_id, sentence, sentence_translation, is_correct, "order") VALUES (86100009, '①②ともに同じ意味で違いはない', NULL, FALSE, 2);
INSERT INTO questions_answers (question_id, sentence, sentence_translation, is_correct, "order") VALUES (86100009, '①は自然に起きたこと、②は頼んで起きたこと', NULL, FALSE, 3);
INSERT INTO questions_answers (question_id, sentence, sentence_translation, is_correct, "order") VALUES (86100009, '①は先生が悪い人、②は先生が良い人', NULL, FALSE, 4);
INSERT INTO questions (id, user_id, is_system, is_khoa_cu, question_type, content_type, level, selection_type, question, passage, passage_translation, general_explanation, skill_category, base_difficulty, tenant_id, is_active, is_deleted, created_at, created_by) VALUES (86100010, NULL, TRUE, FALSE, 'chon_dap_an', 'keigo_baitap_ukemi_shieki', 'BJT-1', 'single', '次の文で助詞の使い方が正しいものはどれですか？

Câu nào dùng trợ từ ĐÚNG trong bị động?', NULL, NULL, '①「雨で濡れた」= ĐÚNG — mưa = nguyên nhân tự nhiên → で (phương tiện/nguyên nhân). Mưa không phải tác nhân có chủ ý nên KHÔNG dùng に (A là câu chủ động, không phải bị động nhưng đúng về trợ từ). ②「雨によって濡れた」= KHÔNG TỰ NHIÊN — によって dùng cho tổ chức/phát hiện, không hợp với hiện tượng thiên nhiên thông thường. ③「政府で制定された」= SAI — chính phủ = tổ chức → によって. ④「先生を叱られた」= SAI — tác nhân người dùng に, không phải を.

💡 Tổng kết trợ từ bị động: に (người/vật cụ thể có chủ ý). によって (tổ chức, trừu tượng, phát minh, văn bản). で (nguyên nhân tự nhiên, hiện tượng). から (nguồn gốc: 親から言われた).', 'grammar', 1, 'system', TRUE, FALSE, NOW(), 'system') ON CONFLICT (id) DO UPDATE SET question_type = EXCLUDED.question_type, content_type = EXCLUDED.content_type, level = EXCLUDED.level, question = EXCLUDED.question, passage = EXCLUDED.passage, passage_translation = EXCLUDED.passage_translation, general_explanation = EXCLUDED.general_explanation, skill_category = EXCLUDED.skill_category, base_difficulty = EXCLUDED.base_difficulty, is_active = EXCLUDED.is_active, is_deleted = EXCLUDED.is_deleted, updated_at = NOW(), updated_by = 'system';
DELETE FROM questions_answers WHERE question_id = 86100010;
INSERT INTO questions_answers (question_id, sentence, sentence_translation, is_correct, "order") VALUES (86100010, '私は雨で濡れた。（雨 = tác nhân tự nhiên）', NULL, TRUE, 1);
INSERT INTO questions_answers (question_id, sentence, sentence_translation, is_correct, "order") VALUES (86100010, '私は雨によって濡れた。', NULL, FALSE, 2);
INSERT INTO questions_answers (question_id, sentence, sentence_translation, is_correct, "order") VALUES (86100010, 'この法律は政府で制定された。', NULL, FALSE, 3);
INSERT INTO questions_answers (question_id, sentence, sentence_translation, is_correct, "order") VALUES (86100010, '彼は先生を叱られた。', NULL, FALSE, 4);
INSERT INTO questions (id, user_id, is_system, is_khoa_cu, question_type, content_type, level, selection_type, question, passage, passage_translation, general_explanation, skill_category, base_difficulty, tenant_id, is_active, is_deleted, created_at, created_by) VALUES (86100011, NULL, TRUE, FALSE, 'chon_dap_an', 'keigo_baitap_ukemi_shieki', 'BJT-2', 'single', '社内メールで「来月から新しい規則が（　）予定です。」正しい表現はどれですか？

Email nội bộ: ''Quy tắc mới sẽ được [thực thi] từ tháng sau.'' Điền vào chỗ trống.', NULL, NULL, '【〜される】= bị động của する — cực kỳ phổ biến trong thông báo, văn bản kinh doanh. Khi nội dung thông báo không cần nêu rõ ''ai thực hiện'' → dùng bị động để văn phong khách quan. 「規則が実施される」= Quy tắc được thực thi (không cần nói ai thực thi). (A) 実施する = chủ động — cần chủ thể rõ ràng. (C) 実施させる = sai khiến — bắt ai đó thực thi. (D) 使役受動 = không phù hợp.

💡 Trong thông báo, văn bản kinh doanh: Bị động (〜される、〜が行われる、〜が決定された) thường được dùng để viết khách quan, không cần nêu chủ thể.', 'grammar', 2, 'system', TRUE, FALSE, NOW(), 'system') ON CONFLICT (id) DO UPDATE SET question_type = EXCLUDED.question_type, content_type = EXCLUDED.content_type, level = EXCLUDED.level, question = EXCLUDED.question, passage = EXCLUDED.passage, passage_translation = EXCLUDED.passage_translation, general_explanation = EXCLUDED.general_explanation, skill_category = EXCLUDED.skill_category, base_difficulty = EXCLUDED.base_difficulty, is_active = EXCLUDED.is_active, is_deleted = EXCLUDED.is_deleted, updated_at = NOW(), updated_by = 'system';
DELETE FROM questions_answers WHERE question_id = 86100011;
INSERT INTO questions_answers (question_id, sentence, sentence_translation, is_correct, "order") VALUES (86100011, '実施する', NULL, FALSE, 1);
INSERT INTO questions_answers (question_id, sentence, sentence_translation, is_correct, "order") VALUES (86100011, '実施される', NULL, TRUE, 2);
INSERT INTO questions_answers (question_id, sentence, sentence_translation, is_correct, "order") VALUES (86100011, '実施させる', NULL, FALSE, 3);
INSERT INTO questions_answers (question_id, sentence, sentence_translation, is_correct, "order") VALUES (86100011, '実施させられる', NULL, FALSE, 4);
INSERT INTO questions (id, user_id, is_system, is_khoa_cu, question_type, content_type, level, selection_type, question, passage, passage_translation, general_explanation, skill_category, base_difficulty, tenant_id, is_active, is_deleted, created_at, created_by) VALUES (86100012, NULL, TRUE, FALSE, 'chon_dap_an', 'keigo_baitap_ukemi_shieki', 'BJT-2', 'single', '「部長は部下（　）報告書（　）作成させた。」正しい助詞の組み合わせはどれですか？

"Trưởng phòng bắt cấp dưới lập báo cáo." Điền trợ từ đúng.', NULL, NULL, '作成する = 他動詞 (có tân ngữ). Sai khiến 他動詞: [người bị sai]に + [tân ngữ]を. 部下 = người bị sai → に. 報告書 = tân ngữ của 作成する → を. (A) 「部下を〜報告書を」= 2 lần を → mơ hồ, không tự nhiên. (B) 「部下が」= chủ thể câu, nhưng đây là sai khiến, 部長 mới là chủ thể chính. (D) sai hoàn toàn.

💡 Quy tắc vàng sai khiến 他動詞: に cho NGƯỜI bị sai, を cho VẬT bị tác động. Không bao giờ được dùng を cho cả người và vật trong cùng một câu sai khiến 他動詞.', 'grammar', 2, 'system', TRUE, FALSE, NOW(), 'system') ON CONFLICT (id) DO UPDATE SET question_type = EXCLUDED.question_type, content_type = EXCLUDED.content_type, level = EXCLUDED.level, question = EXCLUDED.question, passage = EXCLUDED.passage, passage_translation = EXCLUDED.passage_translation, general_explanation = EXCLUDED.general_explanation, skill_category = EXCLUDED.skill_category, base_difficulty = EXCLUDED.base_difficulty, is_active = EXCLUDED.is_active, is_deleted = EXCLUDED.is_deleted, updated_at = NOW(), updated_by = 'system';
DELETE FROM questions_answers WHERE question_id = 86100012;
INSERT INTO questions_answers (question_id, sentence, sentence_translation, is_correct, "order") VALUES (86100012, 'を／を', NULL, FALSE, 1);
INSERT INTO questions_answers (question_id, sentence, sentence_translation, is_correct, "order") VALUES (86100012, 'が／を', NULL, FALSE, 2);
INSERT INTO questions_answers (question_id, sentence, sentence_translation, is_correct, "order") VALUES (86100012, 'に／を', NULL, TRUE, 3);
INSERT INTO questions_answers (question_id, sentence, sentence_translation, is_correct, "order") VALUES (86100012, 'を／が', NULL, FALSE, 4);
INSERT INTO questions (id, user_id, is_system, is_khoa_cu, question_type, content_type, level, selection_type, question, passage, passage_translation, general_explanation, skill_category, base_difficulty, tenant_id, is_active, is_deleted, created_at, created_by) VALUES (86100013, NULL, TRUE, FALSE, 'chon_dap_an', 'keigo_baitap_ukemi_shieki', 'BJT-2', 'single', '「社長は新入社員（　）早めに帰らせた。」この場合のニュアンスとして最も正確な説明はどれですか？

"Giám đốc để/bắt nhân viên mới về sớm." Câu với を có sắc thái gì?', NULL, NULL, 'Khi dùng 「新入社員を帰らせた」(を với 自動詞 sai khiến): Nhấn mạnh rằng nhân viên bị ĐẨY RA/BUỘC PHẢI về — có thể hơi ép buộc hoặc nhân viên không muốn về. Khi dùng 「新入社員に帰らせた」(に): Nghĩa nhẹ hơn — cho phép về, hướng dẫn về. Trong ngữ cảnh này, cả 2 đều có thể dùng nhưng を có sắc thái mạnh hơn (ép/thả).

💡 Tóm tắt を vs に trong sai khiến 自動詞: に ≈ ''cho phép'', nhẹ nhàng. を ≈ ''bắt'', ''để mặc'', mạnh hơn. Chọn trợ từ tùy theo ý muốn thể hiện.', 'grammar', 2, 'system', TRUE, FALSE, NOW(), 'system') ON CONFLICT (id) DO UPDATE SET question_type = EXCLUDED.question_type, content_type = EXCLUDED.content_type, level = EXCLUDED.level, question = EXCLUDED.question, passage = EXCLUDED.passage, passage_translation = EXCLUDED.passage_translation, general_explanation = EXCLUDED.general_explanation, skill_category = EXCLUDED.skill_category, base_difficulty = EXCLUDED.base_difficulty, is_active = EXCLUDED.is_active, is_deleted = EXCLUDED.is_deleted, updated_at = NOW(), updated_by = 'system';
DELETE FROM questions_answers WHERE question_id = 86100013;
INSERT INTO questions_answers (question_id, sentence, sentence_translation, is_correct, "order") VALUES (86100013, '「を」は、社長が強制的に帰らせた（帰りたくなかった社員を）', NULL, TRUE, 1);
INSERT INTO questions_answers (question_id, sentence, sentence_translation, is_correct, "order") VALUES (86100013, '「を」は、社長が社員に帰る許可を与えた', NULL, FALSE, 2);
INSERT INTO questions_answers (question_id, sentence, sentence_translation, is_correct, "order") VALUES (86100013, '「を」は使えない、「に」でなければならない', NULL, FALSE, 3);
INSERT INTO questions_answers (question_id, sentence, sentence_translation, is_correct, "order") VALUES (86100013, '「を」と「に」は全く同じ意味', NULL, FALSE, 4);
INSERT INTO questions (id, user_id, is_system, is_khoa_cu, question_type, content_type, level, selection_type, question, passage, passage_translation, general_explanation, skill_category, base_difficulty, tenant_id, is_active, is_deleted, created_at, created_by) VALUES (86100014, NULL, TRUE, FALSE, 'chon_dap_an', 'keigo_baitap_ukemi_shieki', 'BJT-2', 'single', '「私は部長に急な出張（　）頼まれた。」正しい助詞はどれですか？

"Tôi bị trưởng phòng nhờ (bắt) đi công tác đột xuất." Trợ từ đúng sau 出張 là gì?', NULL, NULL, '「急な出張が頼まれた」= bị động gián tiếp: 「出張」là chủ thể (が) của câu bị động. Cấu trúc: 私は + [vật]が + [người]に + 頼まれた. Đây giống với câu số 3: trong bị động gián tiếp, vật bị tác động trở thành CHỦ THỂ (が). Câu chủ động gốc: 「部長が私に急な出張を頼んだ」→ chuyển sang bị động: 「私は部長に急な出張が頼まれた」.

💡 Bị động gián tiếp (迷惑の受身): Câu chủ động [A]が[B]に[C]を頼んだ → bị động: [B]は[A]に[C]が頼まれた. Để ý: を → が khi chuyển sang bị động!', 'grammar', 2, 'system', TRUE, FALSE, NOW(), 'system') ON CONFLICT (id) DO UPDATE SET question_type = EXCLUDED.question_type, content_type = EXCLUDED.content_type, level = EXCLUDED.level, question = EXCLUDED.question, passage = EXCLUDED.passage, passage_translation = EXCLUDED.passage_translation, general_explanation = EXCLUDED.general_explanation, skill_category = EXCLUDED.skill_category, base_difficulty = EXCLUDED.base_difficulty, is_active = EXCLUDED.is_active, is_deleted = EXCLUDED.is_deleted, updated_at = NOW(), updated_by = 'system';
DELETE FROM questions_answers WHERE question_id = 86100014;
INSERT INTO questions_answers (question_id, sentence, sentence_translation, is_correct, "order") VALUES (86100014, 'が', NULL, TRUE, 1);
INSERT INTO questions_answers (question_id, sentence, sentence_translation, is_correct, "order") VALUES (86100014, 'を', NULL, FALSE, 2);
INSERT INTO questions_answers (question_id, sentence, sentence_translation, is_correct, "order") VALUES (86100014, 'に', NULL, FALSE, 3);
INSERT INTO questions_answers (question_id, sentence, sentence_translation, is_correct, "order") VALUES (86100014, 'で', NULL, FALSE, 4);
INSERT INTO questions (id, user_id, is_system, is_khoa_cu, question_type, content_type, level, selection_type, question, passage, passage_translation, general_explanation, skill_category, base_difficulty, tenant_id, is_active, is_deleted, created_at, created_by) VALUES (86100015, NULL, TRUE, FALSE, 'chon_dap_an', 'keigo_baitap_ukemi_shieki', 'BJT-2', 'single', 'ビジネスの場で「社長がご挨拶（　）。」最も丁寧な表現はどれですか？

Trong kinh doanh: "Giám đốc [thực hiện] lời chào." Cách trang trọng nhất là gì?', NULL, NULL, '【〜される】= bị động/tôn kính của する. Trong kinh doanh, 「〜される」được dùng như tôn kính ngữ — lịch sự hơn 「する」, ít trang trọng hơn 「なさる」. Thứ tự: する < される ≈ なさる (tôn kính). (A) 「しました」= chủ động bình thường. (B) 「いたしました」= khiêm ngữ — dùng cho hành động CỦA MÌNH, không phải của Giám đốc. (D) 「させました」= sai khiến.

💡 〜される trong kinh doanh = có thể là tôn kính đơn giản cho hành động của cấp trên. Bậc thang: する → される/なさる → お〜になる.', 'grammar', 2, 'system', TRUE, FALSE, NOW(), 'system') ON CONFLICT (id) DO UPDATE SET question_type = EXCLUDED.question_type, content_type = EXCLUDED.content_type, level = EXCLUDED.level, question = EXCLUDED.question, passage = EXCLUDED.passage, passage_translation = EXCLUDED.passage_translation, general_explanation = EXCLUDED.general_explanation, skill_category = EXCLUDED.skill_category, base_difficulty = EXCLUDED.base_difficulty, is_active = EXCLUDED.is_active, is_deleted = EXCLUDED.is_deleted, updated_at = NOW(), updated_by = 'system';
DELETE FROM questions_answers WHERE question_id = 86100015;
INSERT INTO questions_answers (question_id, sentence, sentence_translation, is_correct, "order") VALUES (86100015, 'しました', NULL, FALSE, 1);
INSERT INTO questions_answers (question_id, sentence, sentence_translation, is_correct, "order") VALUES (86100015, 'いたしました', NULL, FALSE, 2);
INSERT INTO questions_answers (question_id, sentence, sentence_translation, is_correct, "order") VALUES (86100015, 'されました', NULL, TRUE, 3);
INSERT INTO questions_answers (question_id, sentence, sentence_translation, is_correct, "order") VALUES (86100015, 'させました', NULL, FALSE, 4);
INSERT INTO questions (id, user_id, is_system, is_khoa_cu, question_type, content_type, level, selection_type, question, passage, passage_translation, general_explanation, skill_category, base_difficulty, tenant_id, is_active, is_deleted, created_at, created_by) VALUES (86100016, NULL, TRUE, FALSE, 'chon_dap_an', 'keigo_baitap_ukemi_shieki', 'BJT-2', 'single', '「新入社員は毎朝1時間（　）掃除させられる。」この文が表す状況として正しいものはどれですか？

"Nhân viên mới bị bắt dọn dẹp 1 tiếng mỗi sáng." Tình huống nào phù hợp với câu này?', NULL, NULL, '【させられる】= sai khiến bị động — BỊ ÉP PHẢI LÀM, không muốn nhưng phải làm. Câu này hàm ý nhân viên mới KHÔNG MUỐN nhưng bị buộc phải dọn dẹp mỗi ngày. Trợ từ: [người ép]に + [hành động]させられる. Hàm ý phàn nàn, bất đắc dĩ. (A) tự nguyện = không đúng. (C) được phép = sai nghĩa. (D) sai chủ thể.

💡 させられる luôn có hàm ý BẤT ĐẮC DĨ. Nếu muốn nói TỰ NGUYỆN → する. Nếu muốn nói ĐƯỢC PHÉP → させてもらう/させていただく.', 'grammar', 2, 'system', TRUE, FALSE, NOW(), 'system') ON CONFLICT (id) DO UPDATE SET question_type = EXCLUDED.question_type, content_type = EXCLUDED.content_type, level = EXCLUDED.level, question = EXCLUDED.question, passage = EXCLUDED.passage, passage_translation = EXCLUDED.passage_translation, general_explanation = EXCLUDED.general_explanation, skill_category = EXCLUDED.skill_category, base_difficulty = EXCLUDED.base_difficulty, is_active = EXCLUDED.is_active, is_deleted = EXCLUDED.is_deleted, updated_at = NOW(), updated_by = 'system';
DELETE FROM questions_answers WHERE question_id = 86100016;
INSERT INTO questions_answers (question_id, sentence, sentence_translation, is_correct, "order") VALUES (86100016, '新入社員が自ら進んで掃除している', NULL, FALSE, 1);
INSERT INTO questions_answers (question_id, sentence, sentence_translation, is_correct, "order") VALUES (86100016, '新入社員が掃除するよう誰かに命じているられている（不本意）', NULL, TRUE, 2);
INSERT INTO questions_answers (question_id, sentence, sentence_translation, is_correct, "order") VALUES (86100016, '新入社員が掃除することを許可されている', NULL, FALSE, 3);
INSERT INTO questions_answers (question_id, sentence, sentence_translation, is_correct, "order") VALUES (86100016, '新入社員が掃除を誰かにさせている', NULL, FALSE, 4);
INSERT INTO questions (id, user_id, is_system, is_khoa_cu, question_type, content_type, level, selection_type, question, passage, passage_translation, general_explanation, skill_category, base_difficulty, tenant_id, is_active, is_deleted, created_at, created_by) VALUES (86100017, NULL, TRUE, FALSE, 'chon_dap_an', 'keigo_baitap_ukemi_shieki', 'BJT-2', 'single', '「この方針は取締役会（　）決定されました。」正しい助詞・助詞句はどれですか？

"Phương châm này được quyết định bởi Hội đồng Quản trị." Điền trợ từ phù hợp.', NULL, NULL, '取締役会（Hội đồng Quản trị）= TỔ CHỨC → dùng 【によって】trong bị động. に (A) = thường dùng cho người cụ thể (田中さんに決められた). が (B) = chủ thể câu bình thường. から (D) = nguồn gốc/xuất phát điểm. Quy tắc: Bị động tác nhân là TỔ CHỨC/TẬP THỂ → によって. Tác nhân là NGƯỜI CỤ THỂ → に.

💡 によって trong bị động: 会社によって、委員会によって、政府によって、チームによって... Tất cả tổ chức/tập thể đều dùng によって.', 'grammar', 2, 'system', TRUE, FALSE, NOW(), 'system') ON CONFLICT (id) DO UPDATE SET question_type = EXCLUDED.question_type, content_type = EXCLUDED.content_type, level = EXCLUDED.level, question = EXCLUDED.question, passage = EXCLUDED.passage, passage_translation = EXCLUDED.passage_translation, general_explanation = EXCLUDED.general_explanation, skill_category = EXCLUDED.skill_category, base_difficulty = EXCLUDED.base_difficulty, is_active = EXCLUDED.is_active, is_deleted = EXCLUDED.is_deleted, updated_at = NOW(), updated_by = 'system';
DELETE FROM questions_answers WHERE question_id = 86100017;
INSERT INTO questions_answers (question_id, sentence, sentence_translation, is_correct, "order") VALUES (86100017, 'に', NULL, FALSE, 1);
INSERT INTO questions_answers (question_id, sentence, sentence_translation, is_correct, "order") VALUES (86100017, 'が', NULL, FALSE, 2);
INSERT INTO questions_answers (question_id, sentence, sentence_translation, is_correct, "order") VALUES (86100017, 'によって', NULL, TRUE, 3);
INSERT INTO questions_answers (question_id, sentence, sentence_translation, is_correct, "order") VALUES (86100017, 'から', NULL, FALSE, 4);
INSERT INTO questions (id, user_id, is_system, is_khoa_cu, question_type, content_type, level, selection_type, question, passage, passage_translation, general_explanation, skill_category, base_difficulty, tenant_id, is_active, is_deleted, created_at, created_by) VALUES (86100018, NULL, TRUE, FALSE, 'chon_dap_an', 'keigo_baitap_ukemi_shieki', 'BJT-2', 'single', '「明日の会議を欠席（　）いただけますでしょうか。」ビジネス敬語として正しい表現はどれですか？

"Tôi kính xin phép vắng mặt trong cuộc họp ngày mai." Điền vào chỗ trống.', NULL, NULL, '【させていただく】= XIN PHÉP được làm điều gì đó. Cấu trúc: [動詞]させていただく. 欠席させていただく = ''Tôi xin phép được vắng mặt''. させる (sai khiến) + いただく (nhận ân huệ) → ý nghĩa: Tôi được phép (xin phép) làm. (B) させられる = bị ép — sai hoàn toàn về nghĩa (không phải ''bị ép vắng mặt''). (C) される = bị động — không phù hợp. (D) していただく = nhờ người khác làm — sai chiều.

💡 させていただく = ''Tôi xin phép được làm''. Là cấu trúc KHIÊM NHƯỜNG khi xin phép làm gì đó. Khác với させられる (bị ép) và してもらう (nhờ người làm).', 'grammar', 2, 'system', TRUE, FALSE, NOW(), 'system') ON CONFLICT (id) DO UPDATE SET question_type = EXCLUDED.question_type, content_type = EXCLUDED.content_type, level = EXCLUDED.level, question = EXCLUDED.question, passage = EXCLUDED.passage, passage_translation = EXCLUDED.passage_translation, general_explanation = EXCLUDED.general_explanation, skill_category = EXCLUDED.skill_category, base_difficulty = EXCLUDED.base_difficulty, is_active = EXCLUDED.is_active, is_deleted = EXCLUDED.is_deleted, updated_at = NOW(), updated_by = 'system';
DELETE FROM questions_answers WHERE question_id = 86100018;
INSERT INTO questions_answers (question_id, sentence, sentence_translation, is_correct, "order") VALUES (86100018, 'させて', NULL, TRUE, 1);
INSERT INTO questions_answers (question_id, sentence, sentence_translation, is_correct, "order") VALUES (86100018, 'させられて', NULL, FALSE, 2);
INSERT INTO questions_answers (question_id, sentence, sentence_translation, is_correct, "order") VALUES (86100018, 'されて', NULL, FALSE, 3);
INSERT INTO questions_answers (question_id, sentence, sentence_translation, is_correct, "order") VALUES (86100018, 'して', NULL, FALSE, 4);
INSERT INTO questions (id, user_id, is_system, is_khoa_cu, question_type, content_type, level, selection_type, question, passage, passage_translation, general_explanation, skill_category, base_difficulty, tenant_id, is_active, is_deleted, created_at, created_by) VALUES (86100019, NULL, TRUE, FALSE, 'chon_dap_an', 'keigo_baitap_ukemi_shieki', 'BJT-2', 'single', '「来月の定例会議は〇日（　）開催（　）予定です。」正しい表現の組み合わせはどれですか？

"Cuộc họp định kỳ tháng sau dự kiến được tổ chức vào ngày X." Chọn tổ hợp đúng.', NULL, NULL, '「〇日に開催される予定です」= ĐÚNG. 「〇日」= ngày tháng, thời điểm → trợ từ 【に】(thời gian cụ thể). 「開催される」= được tổ chức (bị động của 開催する) — trong thông báo, bị động tạo văn phong khách quan, không cần nêu chủ thể. (A) する = chủ động, thiếu lịch sự trong thông báo. (B) 「で」với ngày tháng = SAI (で = địa điểm hoặc phương tiện). (D) sai hoàn toàn.

💡 Thời gian (日付、時刻) → dùng に: 3日に、9時に. Địa điểm → dùng で: 会議室で. Đừng nhầm lẫn 2 trợ từ này!', 'grammar', 2, 'system', TRUE, FALSE, NOW(), 'system') ON CONFLICT (id) DO UPDATE SET question_type = EXCLUDED.question_type, content_type = EXCLUDED.content_type, level = EXCLUDED.level, question = EXCLUDED.question, passage = EXCLUDED.passage, passage_translation = EXCLUDED.passage_translation, general_explanation = EXCLUDED.general_explanation, skill_category = EXCLUDED.skill_category, base_difficulty = EXCLUDED.base_difficulty, is_active = EXCLUDED.is_active, is_deleted = EXCLUDED.is_deleted, updated_at = NOW(), updated_by = 'system';
DELETE FROM questions_answers WHERE question_id = 86100019;
INSERT INTO questions_answers (question_id, sentence, sentence_translation, is_correct, "order") VALUES (86100019, 'に／する', NULL, FALSE, 1);
INSERT INTO questions_answers (question_id, sentence, sentence_translation, is_correct, "order") VALUES (86100019, 'で／される', NULL, FALSE, 2);
INSERT INTO questions_answers (question_id, sentence, sentence_translation, is_correct, "order") VALUES (86100019, 'に／される', NULL, TRUE, 3);
INSERT INTO questions_answers (question_id, sentence, sentence_translation, is_correct, "order") VALUES (86100019, 'を／させる', NULL, FALSE, 4);
INSERT INTO questions (id, user_id, is_system, is_khoa_cu, question_type, content_type, level, selection_type, question, passage, passage_translation, general_explanation, skill_category, base_difficulty, tenant_id, is_active, is_deleted, created_at, created_by) VALUES (86100020, NULL, TRUE, FALSE, 'chon_dap_an', 'keigo_baitap_ukemi_shieki', 'BJT-2', 'single', '次の2文の違いを正しく説明したものはどれですか？
①「プロジェクトリーダーをさせていただきます。」
②「プロジェクトリーダーをさせられています。」

Sự khác nhau giữa ①"Tôi xin phép đảm nhận vai trò trưởng dự án" và ②"Tôi đang bị bắt làm trưởng dự án" là gì?', NULL, NULL, '①【させていただく】= XIN PHÉP / KHIÊM NHƯỜNG tự nguyện đảm nhận. Cảm giác: Hân hạnh, tự nguyện, xin được làm. ②【させられる】= BỊ ÉP PHẢI LÀM. Cảm giác: Bất đắc dĩ, không muốn nhưng phải làm. Hai cấu trúc chứa させる nhưng nghĩa ĐỐI LẬP nhau hoàn toàn. させていただく = tự nguyện + khiêm tốn. させられる = bị ép + bất đắc dĩ.

💡 ⚠️ KHÔNG NHẦM: させていただく (tự nguyện, lịch sự) ≠ させられる (bị ép, bất đắc dĩ). Cả 2 đều có させ nhưng nghĩa trái nhau!', 'grammar', 2, 'system', TRUE, FALSE, NOW(), 'system') ON CONFLICT (id) DO UPDATE SET question_type = EXCLUDED.question_type, content_type = EXCLUDED.content_type, level = EXCLUDED.level, question = EXCLUDED.question, passage = EXCLUDED.passage, passage_translation = EXCLUDED.passage_translation, general_explanation = EXCLUDED.general_explanation, skill_category = EXCLUDED.skill_category, base_difficulty = EXCLUDED.base_difficulty, is_active = EXCLUDED.is_active, is_deleted = EXCLUDED.is_deleted, updated_at = NOW(), updated_by = 'system';
DELETE FROM questions_answers WHERE question_id = 86100020;
INSERT INTO questions_answers (question_id, sentence, sentence_translation, is_correct, "order") VALUES (86100020, '①②ともに同じ意味', NULL, FALSE, 1);
INSERT INTO questions_answers (question_id, sentence, sentence_translation, is_correct, "order") VALUES (86100020, '①は自分の意志・謙虚な申し出、②は不本意・強制のニュアンス', NULL, TRUE, 2);
INSERT INTO questions_answers (question_id, sentence, sentence_translation, is_correct, "order") VALUES (86100020, '①は命令、②は許可', NULL, FALSE, 3);
INSERT INTO questions_answers (question_id, sentence, sentence_translation, is_correct, "order") VALUES (86100020, '①は過去、②は現在の表現', NULL, FALSE, 4);
INSERT INTO questions (id, user_id, is_system, is_khoa_cu, question_type, content_type, level, selection_type, question, passage, passage_translation, general_explanation, skill_category, base_difficulty, tenant_id, is_active, is_deleted, created_at, created_by) VALUES (86100021, NULL, TRUE, FALSE, 'chon_dap_an', 'keigo_baitap_ukemi_shieki', 'BJT-3', 'single', '次の4つの文で助詞の使い方が正しいものはどれですか？

Câu nào dùng trợ từ ĐÚNG trong bị động?', NULL, NULL, '①「A氏によって書かれた」= ĐÚNG — tác giả (người sáng tác, phát minh) → によって. ②「上司によって叱られた」= SAI — 上司 = người cụ thể → phải dùng に: 「上司に叱られた」. ③「国会に制定された」= SAI — 国会 = tổ chức → phải dùng によって: 「国会によって制定された」. ④「風邪に休みました」= SAI — 風邪 = nguyên nhân → で: 「風邪で休みました」.

💡 Bảng trợ từ bị động: ①Người cụ thể = に (先生に叱られた). ②Tổ chức/tập thể = によって (会社によって決められた). ③Tác giả/phát minh = によって (〜によって書かれた/発見された). ④Nguyên nhân tự nhiên = で (風邪で、事故で). ⑤Nguồn gốc = から (親から聞かされた).', 'grammar', 3, 'system', TRUE, FALSE, NOW(), 'system') ON CONFLICT (id) DO UPDATE SET question_type = EXCLUDED.question_type, content_type = EXCLUDED.content_type, level = EXCLUDED.level, question = EXCLUDED.question, passage = EXCLUDED.passage, passage_translation = EXCLUDED.passage_translation, general_explanation = EXCLUDED.general_explanation, skill_category = EXCLUDED.skill_category, base_difficulty = EXCLUDED.base_difficulty, is_active = EXCLUDED.is_active, is_deleted = EXCLUDED.is_deleted, updated_at = NOW(), updated_by = 'system';
DELETE FROM questions_answers WHERE question_id = 86100021;
INSERT INTO questions_answers (question_id, sentence, sentence_translation, is_correct, "order") VALUES (86100021, 'この小説はA氏によって書かれた。', NULL, TRUE, 1);
INSERT INTO questions_answers (question_id, sentence, sentence_translation, is_correct, "order") VALUES (86100021, '私は上司によって叱られた。', NULL, FALSE, 2);
INSERT INTO questions_answers (question_id, sentence, sentence_translation, is_correct, "order") VALUES (86100021, '新しい法律は国会に制定された。', NULL, FALSE, 3);
INSERT INTO questions_answers (question_id, sentence, sentence_translation, is_correct, "order") VALUES (86100021, '彼女は風邪に休みました。', NULL, FALSE, 4);
INSERT INTO questions (id, user_id, is_system, is_khoa_cu, question_type, content_type, level, selection_type, question, passage, passage_translation, general_explanation, skill_category, base_difficulty, tenant_id, is_active, is_deleted, created_at, created_by) VALUES (86100022, NULL, TRUE, FALSE, 'chon_dap_an', 'keigo_baitap_ukemi_shieki', 'BJT-3', 'single', '「A部長はBさん（　）C社（　）資料（　）送らせた。」正しい助詞の組み合わせはどれですか？

"Trưởng phòng A sai anh B gửi tài liệu cho C công ty." Điền trợ từ đúng theo thứ tự.', NULL, NULL, 'Phân tích câu: A部長（chủ thể sai khiến）が + Bさん（người bị sai）に + C社（đích đến）に + 資料（tân ngữ）を + 送らせた. C社に = nơi gửi đến (hướng đến) → に. Hoặc C社へ cũng được (へ = hướng đến). 資料 = tân ngữ của 送る → を. Bさん = người bị sai khiến → に. Cấu trúc đầy đủ: 「BさんにC社に資料を送らせた」.

💡 Câu sai khiến phức tạp: [người sai]が + [người bị sai]に + [nơi/người nhận]に/へ + [vật]を + [動詞]させる. Phân biệt: に①=người bị sai khiến, に②=điểm đến.', 'grammar', 3, 'system', TRUE, FALSE, NOW(), 'system') ON CONFLICT (id) DO UPDATE SET question_type = EXCLUDED.question_type, content_type = EXCLUDED.content_type, level = EXCLUDED.level, question = EXCLUDED.question, passage = EXCLUDED.passage, passage_translation = EXCLUDED.passage_translation, general_explanation = EXCLUDED.general_explanation, skill_category = EXCLUDED.skill_category, base_difficulty = EXCLUDED.base_difficulty, is_active = EXCLUDED.is_active, is_deleted = EXCLUDED.is_deleted, updated_at = NOW(), updated_by = 'system';
DELETE FROM questions_answers WHERE question_id = 86100022;
INSERT INTO questions_answers (question_id, sentence, sentence_translation, is_correct, "order") VALUES (86100022, 'に／に／を', NULL, TRUE, 1);
INSERT INTO questions_answers (question_id, sentence, sentence_translation, is_correct, "order") VALUES (86100022, 'を／へ／が', NULL, FALSE, 2);
INSERT INTO questions_answers (question_id, sentence, sentence_translation, is_correct, "order") VALUES (86100022, 'が／に／を', NULL, FALSE, 3);
INSERT INTO questions_answers (question_id, sentence, sentence_translation, is_correct, "order") VALUES (86100022, 'に／へ／が', NULL, FALSE, 4);
INSERT INTO questions (id, user_id, is_system, is_khoa_cu, question_type, content_type, level, selection_type, question, passage, passage_translation, general_explanation, skill_category, base_difficulty, tenant_id, is_active, is_deleted, created_at, created_by) VALUES (86100023, NULL, TRUE, FALSE, 'chon_dap_an', 'keigo_baitap_ukemi_shieki', 'BJT-3', 'single', '次の動詞の使役受動形として正しいものはどれですか？「食べる」（グループ2）と「飲む」（グループ1）

Dạng sai khiến bị động của 「食べる」(nhóm 2) và 「飲む」(nhóm 1) là gì?', NULL, NULL, '【グループ2（一段活用）】食べる → 食べさせられる (KHÔNG rút gọn). 「食べさされる」= SAI. ①グループ2 KHÔNG rút gọn させられる thành される. 【グループ1（五段活用）】飲む → 飲ませられる → rút gọn thành 飲まされる. ①グループ1 CÓ THỂ rút gọn: 飲ませられる ≈ 飲まされる. (C) 飲ませられる = dạng đầy đủ của nhóm 1, cũng đúng. Đáp án B = kết hợp phổ biến nhất.

💡 ⚠️ Rút gọn させられる: Chỉ áp dụng cho グループ1 (五段): 書かせられる→書かされる, 飲ませられる→飲まされる. KHÔNG áp dụng cho グループ2: 食べさせられる (KHÔNG nói 食べさされる).', 'grammar', 3, 'system', TRUE, FALSE, NOW(), 'system') ON CONFLICT (id) DO UPDATE SET question_type = EXCLUDED.question_type, content_type = EXCLUDED.content_type, level = EXCLUDED.level, question = EXCLUDED.question, passage = EXCLUDED.passage, passage_translation = EXCLUDED.passage_translation, general_explanation = EXCLUDED.general_explanation, skill_category = EXCLUDED.skill_category, base_difficulty = EXCLUDED.base_difficulty, is_active = EXCLUDED.is_active, is_deleted = EXCLUDED.is_deleted, updated_at = NOW(), updated_by = 'system';
DELETE FROM questions_answers WHERE question_id = 86100023;
INSERT INTO questions_answers (question_id, sentence, sentence_translation, is_correct, "order") VALUES (86100023, '食べさされる／飲まされる', NULL, FALSE, 1);
INSERT INTO questions_answers (question_id, sentence, sentence_translation, is_correct, "order") VALUES (86100023, '食べさせられる／飲まされる', NULL, TRUE, 2);
INSERT INTO questions_answers (question_id, sentence, sentence_translation, is_correct, "order") VALUES (86100023, '食べさせられる／飲ませられる', NULL, FALSE, 3);
INSERT INTO questions_answers (question_id, sentence, sentence_translation, is_correct, "order") VALUES (86100023, '食べられさせる／飲まれさせる', NULL, FALSE, 4);
INSERT INTO questions (id, user_id, is_system, is_khoa_cu, question_type, content_type, level, selection_type, question, passage, passage_translation, general_explanation, skill_category, base_difficulty, tenant_id, is_active, is_deleted, created_at, created_by) VALUES (86100024, NULL, TRUE, FALSE, 'chon_dap_an', 'keigo_baitap_ukemi_shieki', 'BJT-3', 'single', '「友人が私のパソコンを壊した。」これを私を主語にした受身文に変えると？

"Bạn tôi làm hỏng máy tính của tôi." Chuyển sang câu bị động với 私 làm chủ ngữ.', NULL, NULL, 'Câu chủ động: 友人が + 私の + パソコンを + 壊した → Bị động gián tiếp: 私は + 友人に + パソコンが + 壊された. Lý do を → が: Trong bị động gián tiếp, tân ngữ を của câu chủ động KHÔNG trở thành chủ ngữ mà trở thành が. Câu bị động có 2 đặc điểm: ①私 = người bị thiệt hại (chủ ngữ の主語), ②パソコンが = vật bị tác động (chủ thể の行為対象). (A) 「パソコンを壊された」= SAI — không dùng を trong bị động gián tiếp.

💡 Chuyển sang bị động gián tiếp: [A]が[B]の[C]を[動詞]た → [B]は[A]に[C]が[受身動詞]. Để ý: を → が! Đây là điểm khó nhất của bị động gián tiếp.', 'grammar', 3, 'system', TRUE, FALSE, NOW(), 'system') ON CONFLICT (id) DO UPDATE SET question_type = EXCLUDED.question_type, content_type = EXCLUDED.content_type, level = EXCLUDED.level, question = EXCLUDED.question, passage = EXCLUDED.passage, passage_translation = EXCLUDED.passage_translation, general_explanation = EXCLUDED.general_explanation, skill_category = EXCLUDED.skill_category, base_difficulty = EXCLUDED.base_difficulty, is_active = EXCLUDED.is_active, is_deleted = EXCLUDED.is_deleted, updated_at = NOW(), updated_by = 'system';
DELETE FROM questions_answers WHERE question_id = 86100024;
INSERT INTO questions_answers (question_id, sentence, sentence_translation, is_correct, "order") VALUES (86100024, '私は友人にパソコンを壊された。', NULL, FALSE, 1);
INSERT INTO questions_answers (question_id, sentence, sentence_translation, is_correct, "order") VALUES (86100024, '私は友人にパソコンが壊された。', NULL, TRUE, 2);
INSERT INTO questions_answers (question_id, sentence, sentence_translation, is_correct, "order") VALUES (86100024, '私は友人によってパソコンを壊された。', NULL, FALSE, 3);
INSERT INTO questions_answers (question_id, sentence, sentence_translation, is_correct, "order") VALUES (86100024, '私は友人からパソコンが壊された。', NULL, FALSE, 4);
INSERT INTO questions (id, user_id, is_system, is_khoa_cu, question_type, content_type, level, selection_type, question, passage, passage_translation, general_explanation, skill_category, base_difficulty, tenant_id, is_active, is_deleted, created_at, created_by) VALUES (86100025, NULL, TRUE, FALSE, 'chon_dap_an', 'keigo_baitap_ukemi_shieki', 'BJT-3', 'single', '「先週の失敗について、一言（　）。」ビジネス会議での発言として最も適切なものはどれですか？

"Cho phép tôi nói một lời về thất bại tuần trước." Trong cuộc họp kinh doanh, cách nói phù hợp nhất là gì?', NULL, NULL, '「言わせていただいてよろしいでしょうか」= lịch sự nhất — kép: させていただく (xin phép) + てよろしいでしょうか (có được không). Thể hiện sự khiêm tốn cao nhất khi xin phép phát biểu. (A) させてください = thường, trong họp hơi trực tiếp. (B) させてもらいます = thiếu lịch sự với đối tác, nghe như mình tự quyết. (D) させられます = bị ép — sai hoàn toàn về nghĩa.

💡 Xin phép phát biểu trong họp: 「〜させていただいてよろしいでしょうか」(lịch sự nhất) > 「〜させてください」(trực tiếp) > 「〜させてもらいます」(thân mật).', 'grammar', 3, 'system', TRUE, FALSE, NOW(), 'system') ON CONFLICT (id) DO UPDATE SET question_type = EXCLUDED.question_type, content_type = EXCLUDED.content_type, level = EXCLUDED.level, question = EXCLUDED.question, passage = EXCLUDED.passage, passage_translation = EXCLUDED.passage_translation, general_explanation = EXCLUDED.general_explanation, skill_category = EXCLUDED.skill_category, base_difficulty = EXCLUDED.base_difficulty, is_active = EXCLUDED.is_active, is_deleted = EXCLUDED.is_deleted, updated_at = NOW(), updated_by = 'system';
DELETE FROM questions_answers WHERE question_id = 86100025;
INSERT INTO questions_answers (question_id, sentence, sentence_translation, is_correct, "order") VALUES (86100025, '言わせてください。', NULL, FALSE, 1);
INSERT INTO questions_answers (question_id, sentence, sentence_translation, is_correct, "order") VALUES (86100025, '言わせてもらいます。', NULL, FALSE, 2);
INSERT INTO questions_answers (question_id, sentence, sentence_translation, is_correct, "order") VALUES (86100025, '言わせていただいてよろしいでしょうか。', NULL, TRUE, 3);
INSERT INTO questions_answers (question_id, sentence, sentence_translation, is_correct, "order") VALUES (86100025, '言わせられます。', NULL, FALSE, 4);
INSERT INTO questions (id, user_id, is_system, is_khoa_cu, question_type, content_type, level, selection_type, question, passage, passage_translation, general_explanation, skill_category, base_difficulty, tenant_id, is_active, is_deleted, created_at, created_by) VALUES (86100026, NULL, TRUE, FALSE, 'chon_dap_an', 'keigo_baitap_ukemi_shieki', 'BJT-3', 'single', '「あの映画には本当に感動させられた。」この「させられた」の意味として正しいものはどれですか？

"Bộ phim đó thật sự khiến tôi xúc động." Ý nghĩa của 「させられた」ở đây là gì?', NULL, NULL, '「感動させられた」= Bị phim khiến cảm động — đây là trường hợp ĐẶC BIỆT của させられる: KHÔNG mang hàm ý bất đắc dĩ (tiêu cực) mà thể hiện sức mạnh của đối tượng (phim, âm nhạc, thiên nhiên) khiến bạn TỰ NHIÊN CẢM THẤY điều gì đó. Tương tự: 「考えさせられた」(khiến tôi phải suy nghĩ), 「驚かされた」(khiến tôi kinh ngạc). Đây là dạng させられる CẢM XÚC — khác với させられる ép buộc.

💡 させられる CÓ 2 loại: ①Ép buộc (残業させられた = bị ép làm thêm — tiêu cực). ②Cảm xúc tự nhiên (感動させられた = bị cuốn vào cảm xúc — trung tính/tích cực). Xem ngữ cảnh!', 'grammar', 3, 'system', TRUE, FALSE, NOW(), 'system') ON CONFLICT (id) DO UPDATE SET question_type = EXCLUDED.question_type, content_type = EXCLUDED.content_type, level = EXCLUDED.level, question = EXCLUDED.question, passage = EXCLUDED.passage, passage_translation = EXCLUDED.passage_translation, general_explanation = EXCLUDED.general_explanation, skill_category = EXCLUDED.skill_category, base_difficulty = EXCLUDED.base_difficulty, is_active = EXCLUDED.is_active, is_deleted = EXCLUDED.is_deleted, updated_at = NOW(), updated_by = 'system';
DELETE FROM questions_answers WHERE question_id = 86100026;
INSERT INTO questions_answers (question_id, sentence, sentence_translation, is_correct, "order") VALUES (86100026, '誰かに強制されて感動した（不本意）', NULL, FALSE, 1);
INSERT INTO questions_answers (question_id, sentence, sentence_translation, is_correct, "order") VALUES (86100026, '映画の力によって自然に感動してしまった（自発的・強制力）', NULL, TRUE, 2);
INSERT INTO questions_answers (question_id, sentence, sentence_translation, is_correct, "order") VALUES (86100026, '自分で進んで感動した', NULL, FALSE, 3);
INSERT INTO questions_answers (question_id, sentence, sentence_translation, is_correct, "order") VALUES (86100026, '映画が感動した', NULL, FALSE, 4);
INSERT INTO questions (id, user_id, is_system, is_khoa_cu, question_type, content_type, level, selection_type, question, passage, passage_translation, general_explanation, skill_category, base_difficulty, tenant_id, is_active, is_deleted, created_at, created_by) VALUES (86100027, NULL, TRUE, FALSE, 'chon_dap_an', 'keigo_baitap_ukemi_shieki', 'BJT-3', 'single', '「部長に新しいプロジェクトを任（　）、光栄に思います。」最も適切な表現はどれですか？

"Được trưởng phòng giao dự án mới, tôi cảm thấy vinh dự." Điền vào chỗ trống.', NULL, NULL, '「新しいプロジェクトを任せていただいて、光栄に思います」= ĐÚNG VÀ TỰ NHIÊN NHẤT. 任せていただく = được (trưởng phòng) giao cho (khiêm ngữ, biết ơn). Trong kinh doanh, 「〜していただく」thường được dùng thay cho bị động khi muốn thể hiện lòng biết ơn với bề trên. (B) 「任されて」= bị động thường — đúng ngữ pháp nhưng thiếu sắc thái biết ơn. (C) 「任させられて」= sai khiến bị động — hàm ý bất đắc dĩ, không phù hợp với 光栄.

💡 Khi muốn nói ''được giao/được nhờ'' + biết ơn → 〜ていただく là chọn lựa tốt nhất trong kinh doanh. Bị động (〜される) đúng nhưng trung tính hơn.', 'grammar', 3, 'system', TRUE, FALSE, NOW(), 'system') ON CONFLICT (id) DO UPDATE SET question_type = EXCLUDED.question_type, content_type = EXCLUDED.content_type, level = EXCLUDED.level, question = EXCLUDED.question, passage = EXCLUDED.passage, passage_translation = EXCLUDED.passage_translation, general_explanation = EXCLUDED.general_explanation, skill_category = EXCLUDED.skill_category, base_difficulty = EXCLUDED.base_difficulty, is_active = EXCLUDED.is_active, is_deleted = EXCLUDED.is_deleted, updated_at = NOW(), updated_by = 'system';
DELETE FROM questions_answers WHERE question_id = 86100027;
INSERT INTO questions_answers (question_id, sentence, sentence_translation, is_correct, "order") VALUES (86100027, 'せられて', NULL, FALSE, 1);
INSERT INTO questions_answers (question_id, sentence, sentence_translation, is_correct, "order") VALUES (86100027, 'されて', NULL, FALSE, 2);
INSERT INTO questions_answers (question_id, sentence, sentence_translation, is_correct, "order") VALUES (86100027, 'させられて', NULL, FALSE, 3);
INSERT INTO questions_answers (question_id, sentence, sentence_translation, is_correct, "order") VALUES (86100027, 'いただいて', NULL, TRUE, 4);
INSERT INTO questions (id, user_id, is_system, is_khoa_cu, question_type, content_type, level, selection_type, question, passage, passage_translation, general_explanation, skill_category, base_difficulty, tenant_id, is_active, is_deleted, created_at, created_by) VALUES (86100028, NULL, TRUE, FALSE, 'chon_dap_an', 'keigo_baitap_ukemi_shieki', 'BJT-3', 'single', '「私は部長（　）山田さん（　）得意先（　）謝りに行か（　）た。」助詞と語尾の正しい組み合わせはどれですか？

"Tôi được/bị sếp sai Yamada đến xin lỗi khách hàng quan trọng." Điền đúng trợ từ và đuôi động từ.', NULL, NULL, 'Phân tích: 私は + 部長（người sai）に + 山田さん（người bị sai）を + 得意先（đích đến）に + 謝りに行かせた. ①部長に = tác nhân sai khiến. ②山田さんを = 自動詞（行く）使役 → を (ép buộc đi). ③得意先に = điểm đến (行く hướng đến). ④行かせた = 行く → 行かせる (sai khiến). Câu đầy đủ: 「部長に山田さんを得意先に謝りに行かせた」.

💡 Câu sai khiến 4 thành phần với 自動詞: [người sai]に + [người bị sai]を + [đích]に + [動詞]させる. を ở đây cho người bị sai vì 行く = 自動詞 (không có tân ngữ).', 'grammar', 3, 'system', TRUE, FALSE, NOW(), 'system') ON CONFLICT (id) DO UPDATE SET question_type = EXCLUDED.question_type, content_type = EXCLUDED.content_type, level = EXCLUDED.level, question = EXCLUDED.question, passage = EXCLUDED.passage, passage_translation = EXCLUDED.passage_translation, general_explanation = EXCLUDED.general_explanation, skill_category = EXCLUDED.skill_category, base_difficulty = EXCLUDED.base_difficulty, is_active = EXCLUDED.is_active, is_deleted = EXCLUDED.is_deleted, updated_at = NOW(), updated_by = 'system';
DELETE FROM questions_answers WHERE question_id = 86100028;
INSERT INTO questions_answers (question_id, sentence, sentence_translation, is_correct, "order") VALUES (86100028, 'に／を／に／せ', NULL, TRUE, 1);
INSERT INTO questions_answers (question_id, sentence, sentence_translation, is_correct, "order") VALUES (86100028, 'が／に／へ／せられ', NULL, FALSE, 2);
INSERT INTO questions_answers (question_id, sentence, sentence_translation, is_correct, "order") VALUES (86100028, 'に／に／に／せ', NULL, FALSE, 3);
INSERT INTO questions_answers (question_id, sentence, sentence_translation, is_correct, "order") VALUES (86100028, 'を／が／で／れ', NULL, FALSE, 4);
INSERT INTO questions (id, user_id, is_system, is_khoa_cu, question_type, content_type, level, selection_type, question, passage, passage_translation, general_explanation, skill_category, base_difficulty, tenant_id, is_active, is_deleted, created_at, created_by) VALUES (86100029, NULL, TRUE, FALSE, 'chon_dap_an', 'keigo_baitap_ukemi_shieki', 'BJT-3', 'single', '「違反した場合は、登録（　）取り消し（　）場合があります。」正しい組み合わせはどれですか？

"Trong trường hợp vi phạm, có thể bị thu hồi đăng ký." Điền vào chỗ trống.', NULL, NULL, '「登録が取り消される場合があります」= ĐÚNG. 登録 = chủ thể của câu bị động → が. 取り消される = được thu hồi (bị động của 取り消す). Trong văn bản pháp lý/quy định: Bị động được dùng để thể hiện rằng chủ thể (tổ chức, cơ quan) không cần nêu rõ. (A) 「登録を取り消す」= chủ động — ai là chủ thể? Không rõ. (C) 「登録を取り消される」= SAI — trong câu bị động, 登録 phải là が không phải を.

💡 Văn bản quy định thường dùng bị động: 「〜が行われます」「〜が禁止されます」「〜が取り消されます」— tạo văn phong khách quan, quyền uy.', 'grammar', 3, 'system', TRUE, FALSE, NOW(), 'system') ON CONFLICT (id) DO UPDATE SET question_type = EXCLUDED.question_type, content_type = EXCLUDED.content_type, level = EXCLUDED.level, question = EXCLUDED.question, passage = EXCLUDED.passage, passage_translation = EXCLUDED.passage_translation, general_explanation = EXCLUDED.general_explanation, skill_category = EXCLUDED.skill_category, base_difficulty = EXCLUDED.base_difficulty, is_active = EXCLUDED.is_active, is_deleted = EXCLUDED.is_deleted, updated_at = NOW(), updated_by = 'system';
DELETE FROM questions_answers WHERE question_id = 86100029;
INSERT INTO questions_answers (question_id, sentence, sentence_translation, is_correct, "order") VALUES (86100029, 'を／する', NULL, FALSE, 1);
INSERT INTO questions_answers (question_id, sentence, sentence_translation, is_correct, "order") VALUES (86100029, 'が／される', NULL, TRUE, 2);
INSERT INTO questions_answers (question_id, sentence, sentence_translation, is_correct, "order") VALUES (86100029, 'を／される', NULL, FALSE, 3);
INSERT INTO questions_answers (question_id, sentence, sentence_translation, is_correct, "order") VALUES (86100029, 'は／させる', NULL, FALSE, 4);
INSERT INTO questions (id, user_id, is_system, is_khoa_cu, question_type, content_type, level, selection_type, question, passage, passage_translation, general_explanation, skill_category, base_difficulty, tenant_id, is_active, is_deleted, created_at, created_by) VALUES (86100030, NULL, TRUE, FALSE, 'chon_dap_an', 'keigo_baitap_ukemi_shieki', 'BJT-3', 'single', '部下が上司について話している。「毎週、意味のない報告書を（　）、本当に時間の無駄だと思っています。」最も自然な表現はどれですか？

Nhân viên nói về sếp: "Mỗi tuần bị bắt (làm) báo cáo vô nghĩa, thật sự là lãng phí thời gian." Điền vào chỗ trống tự nhiên nhất.', NULL, NULL, '「書かされています」= 書かせられています (rút gọn) = Bị bắt viết (đang diễn ra, bất đắc dĩ). Phù hợp ngữ cảnh: nhân viên phàn nàn về sếp → させられる (bất đắc dĩ) là đúng. (A) 「書かせます」= tôi sai người khác viết — sai chủ thể. (C) 「書かせていただいています」= tôi đang xin phép viết — tích cực, không phàn nàn. (D) 「書かれています」= bị động của 書く — sách/văn bản được viết, không phải người bị ép viết.

💡 させられる (= させられている khi đang diễn ra) = diễn đạt SỰ PHÀN NÀN về điều bị ép. Rất hữu ích trong văn nói khi kể về tình huống bất đắc dĩ.', 'grammar', 3, 'system', TRUE, FALSE, NOW(), 'system') ON CONFLICT (id) DO UPDATE SET question_type = EXCLUDED.question_type, content_type = EXCLUDED.content_type, level = EXCLUDED.level, question = EXCLUDED.question, passage = EXCLUDED.passage, passage_translation = EXCLUDED.passage_translation, general_explanation = EXCLUDED.general_explanation, skill_category = EXCLUDED.skill_category, base_difficulty = EXCLUDED.base_difficulty, is_active = EXCLUDED.is_active, is_deleted = EXCLUDED.is_deleted, updated_at = NOW(), updated_by = 'system';
DELETE FROM questions_answers WHERE question_id = 86100030;
INSERT INTO questions_answers (question_id, sentence, sentence_translation, is_correct, "order") VALUES (86100030, '書かせます', NULL, FALSE, 1);
INSERT INTO questions_answers (question_id, sentence, sentence_translation, is_correct, "order") VALUES (86100030, '書かされています', NULL, TRUE, 2);
INSERT INTO questions_answers (question_id, sentence, sentence_translation, is_correct, "order") VALUES (86100030, '書かせていただいています', NULL, FALSE, 3);
INSERT INTO questions_answers (question_id, sentence, sentence_translation, is_correct, "order") VALUES (86100030, '書かれています', NULL, FALSE, 4);
INSERT INTO questions (id, user_id, is_system, is_khoa_cu, question_type, content_type, level, selection_type, question, passage, passage_translation, general_explanation, skill_category, base_difficulty, tenant_id, is_active, is_deleted, created_at, created_by) VALUES (86100031, NULL, TRUE, FALSE, 'chon_dap_an', 'keigo_baitap_ukemi_shieki', 'BJT-4', 'single', '次の文の中で助詞の誤りがある文はどれですか？

Câu nào có lỗi trợ từ trong câu bị động?', NULL, NULL, '（C）「同僚を悪口を言われた」= LỖI. 「悪口を言う」是 他動詞 — 「悪口」là tân ngữ của 言う. Khi chuyển sang bị động gián tiếp: 「悪口」trở thành が không phải を: 「彼女は同僚に悪口が言われた」. Hoặc đúng hơn: 「彼女は同僚に悪口を言われた」(trong một số bị động gián tiếp, を có thể giữ nguyên khi muốn nhấn mạnh nội dung hơn là vật bị tác động trực tiếp). Nhưng 「同僚を」= người tác nhân mà dùng を → SAI (tác nhân người phải là に). Lỗi ở 「同僚を」→ phải là 「同僚に」.

💡 Tác nhân (người gây ra hành động) trong câu bị động LUÔN LUÔN dùng に. KHÔNG BAO GIỜ dùng を cho tác nhân người: 「上司を叱られた」→ SAI, phải là 「上司に叱られた」.', 'grammar', 4, 'system', TRUE, FALSE, NOW(), 'system') ON CONFLICT (id) DO UPDATE SET question_type = EXCLUDED.question_type, content_type = EXCLUDED.content_type, level = EXCLUDED.level, question = EXCLUDED.question, passage = EXCLUDED.passage, passage_translation = EXCLUDED.passage_translation, general_explanation = EXCLUDED.general_explanation, skill_category = EXCLUDED.skill_category, base_difficulty = EXCLUDED.base_difficulty, is_active = EXCLUDED.is_active, is_deleted = EXCLUDED.is_deleted, updated_at = NOW(), updated_by = 'system';
DELETE FROM questions_answers WHERE question_id = 86100031;
INSERT INTO questions_answers (question_id, sentence, sentence_translation, is_correct, "order") VALUES (86100031, '私は上司に報告書の修正を頼まれた。', NULL, FALSE, 1);
INSERT INTO questions_answers (question_id, sentence, sentence_translation, is_correct, "order") VALUES (86100031, 'この発明はエジソンによって発見された。', NULL, FALSE, 2);
INSERT INTO questions_answers (question_id, sentence, sentence_translation, is_correct, "order") VALUES (86100031, '彼女は同僚を悪口を言われた。', NULL, TRUE, 3);
INSERT INTO questions_answers (question_id, sentence, sentence_translation, is_correct, "order") VALUES (86100031, '新しい規則は委員会によって制定された。', NULL, FALSE, 4);
INSERT INTO questions (id, user_id, is_system, is_khoa_cu, question_type, content_type, level, selection_type, question, passage, passage_translation, general_explanation, skill_category, base_difficulty, tenant_id, is_active, is_deleted, created_at, created_by) VALUES (86100032, NULL, TRUE, FALSE, 'chon_dap_an', 'keigo_baitap_ukemi_shieki', 'BJT-4', 'single', '次の文の中で助詞の誤りがある文はどれですか？

Câu nào có lỗi trợ từ trong câu sai khiến?', NULL, NULL, '（D）「社員を報告書を書かせた」= LỖI. 書く = 他動詞 (có tân ngữ を). Khi sai khiến 他動詞: Người bị sai PHẢI dùng に (không phải を) vì を đã được dùng cho tân ngữ (報告書を). 「社員を〜報告書を書かせた」= 2 lần を → SAI. Đúng: 「社員に報告書を書かせた」. (A) 他動詞 読む → 生徒に本を ✓. (B) 自動詞 寝る → 子どもを ✓ (を cho 自動詞 sai khiến). (C) 他動詞 作成する → 部下に資料を ✓.

💡 LỖI THƯỜNG GẶP trong sai khiến 他動詞: Dùng を cho cả người bị sai VÀ tân ngữ. Nhớ: 他動詞 使役 → [người]に + [vật]を. 自動詞 使役 → [người]を hoặc に + (không có tân ngữ).', 'grammar', 4, 'system', TRUE, FALSE, NOW(), 'system') ON CONFLICT (id) DO UPDATE SET question_type = EXCLUDED.question_type, content_type = EXCLUDED.content_type, level = EXCLUDED.level, question = EXCLUDED.question, passage = EXCLUDED.passage, passage_translation = EXCLUDED.passage_translation, general_explanation = EXCLUDED.general_explanation, skill_category = EXCLUDED.skill_category, base_difficulty = EXCLUDED.base_difficulty, is_active = EXCLUDED.is_active, is_deleted = EXCLUDED.is_deleted, updated_at = NOW(), updated_by = 'system';
DELETE FROM questions_answers WHERE question_id = 86100032;
INSERT INTO questions_answers (question_id, sentence, sentence_translation, is_correct, "order") VALUES (86100032, '先生は生徒に本を読ませた。', NULL, FALSE, 1);
INSERT INTO questions_answers (question_id, sentence, sentence_translation, is_correct, "order") VALUES (86100032, '母は子どもを早く寝かせた。', NULL, FALSE, 2);
INSERT INTO questions_answers (question_id, sentence, sentence_translation, is_correct, "order") VALUES (86100032, '部長は部下に資料を作成させた。', NULL, FALSE, 3);
INSERT INTO questions_answers (question_id, sentence, sentence_translation, is_correct, "order") VALUES (86100032, '社長は社員を報告書を書かせた。', NULL, TRUE, 4);
INSERT INTO questions (id, user_id, is_system, is_khoa_cu, question_type, content_type, level, selection_type, question, passage, passage_translation, general_explanation, skill_category, base_difficulty, tenant_id, is_active, is_deleted, created_at, created_by) VALUES (86100033, NULL, TRUE, FALSE, 'chon_dap_an', 'keigo_baitap_ukemi_shieki', 'BJT-4', 'single', '「発表」を使った4つの文の意味の組み合わせとして正しいものはどれですか？
①発表する ②発表される ③発表させる ④発表させられる

4 câu với 「発表」. Ghép nghĩa đúng cho từng dạng.', NULL, NULL, '①【発表する】= TÔI phát biểu (chủ động, tự nguyện). ②【発表される】= Được phát biểu/được công bố (bị động — chủ thể là nội dung/thông tin, hoặc tôi bị ai đó công bố). ③【発表させる】= Bắt/cho ai đó phát biểu (sai khiến — tôi là người chỉ đạo). ④【発表させられる】= Tôi bị ép phải phát biểu (sai khiến bị động — bất đắc dĩ). Đây là 4 dạng cơ bản tạo ra 4 nghĩa khác nhau hoàn toàn.

💡 Bộ 4 dạng: する(chủ động) → される(bị động) → させる(sai khiến) → させられる(sai khiến bị động). Thuộc lòng 4 dạng này với 1 động từ quen thuộc!', 'grammar', 4, 'system', TRUE, FALSE, NOW(), 'system') ON CONFLICT (id) DO UPDATE SET question_type = EXCLUDED.question_type, content_type = EXCLUDED.content_type, level = EXCLUDED.level, question = EXCLUDED.question, passage = EXCLUDED.passage, passage_translation = EXCLUDED.passage_translation, general_explanation = EXCLUDED.general_explanation, skill_category = EXCLUDED.skill_category, base_difficulty = EXCLUDED.base_difficulty, is_active = EXCLUDED.is_active, is_deleted = EXCLUDED.is_deleted, updated_at = NOW(), updated_by = 'system';
DELETE FROM questions_answers WHERE question_id = 86100033;
INSERT INTO questions_answers (question_id, sentence, sentence_translation, is_correct, "order") VALUES (86100033, '①tôi phát biểu ②được phát biểu (bị động) ③bắt phát biểu ④bị bắt phát biểu', NULL, TRUE, 1);
INSERT INTO questions_answers (question_id, sentence, sentence_translation, is_correct, "order") VALUES (86100033, '①tôi phát biểu ②bị bắt phát biểu ③được phép phát biểu ④bắt phát biểu', NULL, FALSE, 2);
INSERT INTO questions_answers (question_id, sentence, sentence_translation, is_correct, "order") VALUES (86100033, '①tôi phát biểu ②người khác phát biểu ③tôi phát biểu lịch sự ④bị bắt phát biểu', NULL, FALSE, 3);
INSERT INTO questions_answers (question_id, sentence, sentence_translation, is_correct, "order") VALUES (86100033, '①②③④ đều có nghĩa như nhau', NULL, FALSE, 4);
INSERT INTO questions (id, user_id, is_system, is_khoa_cu, question_type, content_type, level, selection_type, question, passage, passage_translation, general_explanation, skill_category, base_difficulty, tenant_id, is_active, is_deleted, created_at, created_by) VALUES (86100034, NULL, TRUE, FALSE, 'chon_dap_an', 'keigo_baitap_ukemi_shieki', 'BJT-4', 'single', '次の文の「られる」の意味を正しく判断してください。
「この詩は100年前に書かれたもので、今でも多くの人に読まれている。」

Trong câu: "Bài thơ này được viết 100 năm trước và vẫn được nhiều người đọc đến nay." Cả 2 「られ」là nghĩa gì?', NULL, NULL, '①「書かれた」= BỊ ĐỘNG — bài thơ được (ai đó) viết. Tác nhân không rõ nhưng có thể hiểu là によって (〜によって書かれた). ②「読まれている」= BỊ ĐỘNG — bài thơ được (nhiều người) đọc. Cả 2 đều là bị động vì chủ thể là 詩 (vật thụ động). Phân biệt: Nếu chủ thể là NGƯỜI BỀ TRÊN → tôn kính. Nếu chủ thể là VẬT → bị động. 詩 là vật → bị động.

💡 Cách phân biệt nhanh れる/られる: Chủ thể là VẬT → Bị động. Chủ thể là NGƯỜI BỀ TRÊN + không có tác nhân → Tôn kính. Có tác nhân に hoặc によって → Bị động.', 'grammar', 4, 'system', TRUE, FALSE, NOW(), 'system') ON CONFLICT (id) DO UPDATE SET question_type = EXCLUDED.question_type, content_type = EXCLUDED.content_type, level = EXCLUDED.level, question = EXCLUDED.question, passage = EXCLUDED.passage, passage_translation = EXCLUDED.passage_translation, general_explanation = EXCLUDED.general_explanation, skill_category = EXCLUDED.skill_category, base_difficulty = EXCLUDED.base_difficulty, is_active = EXCLUDED.is_active, is_deleted = EXCLUDED.is_deleted, updated_at = NOW(), updated_by = 'system';
DELETE FROM questions_answers WHERE question_id = 86100034;
INSERT INTO questions_answers (question_id, sentence, sentence_translation, is_correct, "order") VALUES (86100034, '書かれた＝受身、読まれている＝尊敬', NULL, FALSE, 1);
INSERT INTO questions_answers (question_id, sentence, sentence_translation, is_correct, "order") VALUES (86100034, '書かれた＝受身、読まれている＝受身', NULL, TRUE, 2);
INSERT INTO questions_answers (question_id, sentence, sentence_translation, is_correct, "order") VALUES (86100034, '書かれた＝尊敬、読まれている＝受身', NULL, FALSE, 3);
INSERT INTO questions_answers (question_id, sentence, sentence_translation, is_correct, "order") VALUES (86100034, '書かれた＝可能、読まれている＝自発', NULL, FALSE, 4);
INSERT INTO questions (id, user_id, is_system, is_khoa_cu, question_type, content_type, level, selection_type, question, passage, passage_translation, general_explanation, skill_category, base_difficulty, tenant_id, is_active, is_deleted, created_at, created_by) VALUES (86100035, NULL, TRUE, FALSE, 'chon_dap_an', 'keigo_baitap_ukemi_shieki', 'BJT-4', 'single', '社内規定の文として最も適切なものはどれですか？

Câu nội quy công ty nào được viết ĐÚNG nhất?', NULL, NULL, '「部門長は全社員を毎月安全訓練に参加させなければならない」= ĐÚNG. Phân tích: 部門長（người sai khiến）は + 全社員（người bị sai）を + 安全訓練に + 参加させる（使役）+ なければならない（nghĩa vụ). 参加する = 自動詞 → 全社員を（を cho 自動詞 使役). (A) chủ động đơn giản — đúng ngữ pháp nhưng không rõ ai chịu trách nhiệm. (C) 全社員は〜させる = nhân viên bắt người khác → sai chủ thể. (D) によって sai vị trí.

💡 Trong nội quy, quy định: [người chịu trách nhiệm]は + [đối tượng]を/に + 〜させなければならない = công thức nghĩa vụ quản lý.', 'grammar', 4, 'system', TRUE, FALSE, NOW(), 'system') ON CONFLICT (id) DO UPDATE SET question_type = EXCLUDED.question_type, content_type = EXCLUDED.content_type, level = EXCLUDED.level, question = EXCLUDED.question, passage = EXCLUDED.passage, passage_translation = EXCLUDED.passage_translation, general_explanation = EXCLUDED.general_explanation, skill_category = EXCLUDED.skill_category, base_difficulty = EXCLUDED.base_difficulty, is_active = EXCLUDED.is_active, is_deleted = EXCLUDED.is_deleted, updated_at = NOW(), updated_by = 'system';
DELETE FROM questions_answers WHERE question_id = 86100035;
INSERT INTO questions_answers (question_id, sentence, sentence_translation, is_correct, "order") VALUES (86100035, '全社員は毎月安全訓練に参加する。', NULL, FALSE, 1);
INSERT INTO questions_answers (question_id, sentence, sentence_translation, is_correct, "order") VALUES (86100035, '部門長は全社員を毎月安全訓練に参加させなければならない。', NULL, TRUE, 2);
INSERT INTO questions_answers (question_id, sentence, sentence_translation, is_correct, "order") VALUES (86100035, '全社員は毎月安全訓練に参加させる。', NULL, FALSE, 3);
INSERT INTO questions_answers (question_id, sentence, sentence_translation, is_correct, "order") VALUES (86100035, '部門長は全社員によって毎月安全訓練に参加させられる。', NULL, FALSE, 4);
INSERT INTO questions (id, user_id, is_system, is_khoa_cu, question_type, content_type, level, selection_type, question, passage, passage_translation, general_explanation, skill_category, base_difficulty, tenant_id, is_active, is_deleted, created_at, created_by) VALUES (86100036, NULL, TRUE, FALSE, 'chon_dap_an', 'keigo_baitap_ukemi_shieki', 'BJT-4', 'single', '公式な報告書の一文として最も適切なものはどれですか？

Câu nào phù hợp nhất trong báo cáo chính thức?', NULL, NULL, '「先月、新しい安全対策が実施されました」= CHUẨN NHẤT cho báo cáo chính thức. Dùng bị động để tạo văn phong khách quan, không nhấn mạnh ''ai làm'' mà nhấn mạnh ''việc đã được làm''. (A) chủ động với 弊社は = cũng đúng nhưng kém trang trọng hơn. (B) 「弊社によって」= 弊社 là tổ chức → によって đúng ngữ pháp nhưng trong báo cáo NỘI BỘ hơi kỳ (tự khen). (D) sai khiến = sai nghĩa.

💡 Báo cáo chính thức ưa bị động vì: Khách quan hơn, không xác định chủ thể cụ thể, mang tính tổ chức. 「〜が実施された」「〜が決定された」「〜が確認された」= mẫu phổ biến.', 'grammar', 4, 'system', TRUE, FALSE, NOW(), 'system') ON CONFLICT (id) DO UPDATE SET question_type = EXCLUDED.question_type, content_type = EXCLUDED.content_type, level = EXCLUDED.level, question = EXCLUDED.question, passage = EXCLUDED.passage, passage_translation = EXCLUDED.passage_translation, general_explanation = EXCLUDED.general_explanation, skill_category = EXCLUDED.skill_category, base_difficulty = EXCLUDED.base_difficulty, is_active = EXCLUDED.is_active, is_deleted = EXCLUDED.is_deleted, updated_at = NOW(), updated_by = 'system';
DELETE FROM questions_answers WHERE question_id = 86100036;
INSERT INTO questions_answers (question_id, sentence, sentence_translation, is_correct, "order") VALUES (86100036, '弊社は先月、新しい安全対策を実施しました。', NULL, FALSE, 1);
INSERT INTO questions_answers (question_id, sentence, sentence_translation, is_correct, "order") VALUES (86100036, '先月、新しい安全対策が弊社によって実施されました。', NULL, FALSE, 2);
INSERT INTO questions_answers (question_id, sentence, sentence_translation, is_correct, "order") VALUES (86100036, '先月、新しい安全対策が実施されました。', NULL, TRUE, 3);
INSERT INTO questions_answers (question_id, sentence, sentence_translation, is_correct, "order") VALUES (86100036, '弊社が先月、新しい安全対策を実施させました。', NULL, FALSE, 4);
INSERT INTO questions (id, user_id, is_system, is_khoa_cu, question_type, content_type, level, selection_type, question, passage, passage_translation, general_explanation, skill_category, base_difficulty, tenant_id, is_active, is_deleted, created_at, created_by) VALUES (86100037, NULL, TRUE, FALSE, 'chon_dap_an', 'keigo_baitap_ukemi_shieki', 'BJT-4', 'single', '次の文章の下線部（ア）〜（エ）の中で、文法的に誤っているものはどれですか？
「昨日の会議では、新しいプロジェクトの担当者が（ア）発表された。田中さんが担当者に（イ）任命されたことで、部長は部下に準備書類（ウ）を作成させ、田中さん（エ）には内容を確認させられた。」

Trong đoạn văn trên, chỗ nào có LỖI ngữ pháp?', NULL, NULL, '（エ）「田中さんには内容を確認させられた」= LỖI. Vấn đề: ①Nếu 田中さん bị ép xác nhận → phải là 「田中さんが内容を確認させられた」(田中 là chủ thể bị ép). ②には = trợ từ kép に + は → không tự nhiên ở đây. ③Hơn nữa, nếu 部長 đang sai khiến 田中さん → 「田中さんに内容を確認させた」(田中 = người bị sai). Câu nguyên gốc mơ hồ và có lỗi trợ từ は. (ア)(イ)(ウ) đều đúng: phát表された（被動）、任命された（被動）、を作成させ（使役 他動詞）.

💡 Phân tích lỗi kép: ①Kiểm tra chủ thể câu là ai (が hoặc は). ②Kiểm tra tác nhân (に). ③Kiểm tra tân ngữ (を). ④Kiểm tra dạng động từ phù hợp với nghĩa câu.', 'grammar', 4, 'system', TRUE, FALSE, NOW(), 'system') ON CONFLICT (id) DO UPDATE SET question_type = EXCLUDED.question_type, content_type = EXCLUDED.content_type, level = EXCLUDED.level, question = EXCLUDED.question, passage = EXCLUDED.passage, passage_translation = EXCLUDED.passage_translation, general_explanation = EXCLUDED.general_explanation, skill_category = EXCLUDED.skill_category, base_difficulty = EXCLUDED.base_difficulty, is_active = EXCLUDED.is_active, is_deleted = EXCLUDED.is_deleted, updated_at = NOW(), updated_by = 'system';
DELETE FROM questions_answers WHERE question_id = 86100037;
INSERT INTO questions_answers (question_id, sentence, sentence_translation, is_correct, "order") VALUES (86100037, '（ア）発表された', NULL, FALSE, 1);
INSERT INTO questions_answers (question_id, sentence, sentence_translation, is_correct, "order") VALUES (86100037, '（イ）任命されたことで', NULL, FALSE, 2);
INSERT INTO questions_answers (question_id, sentence, sentence_translation, is_correct, "order") VALUES (86100037, '（ウ）を作成させ', NULL, FALSE, 3);
INSERT INTO questions_answers (question_id, sentence, sentence_translation, is_correct, "order") VALUES (86100037, '（エ）には内容を確認させられた', NULL, TRUE, 4);
INSERT INTO questions (id, user_id, is_system, is_khoa_cu, question_type, content_type, level, selection_type, question, passage, passage_translation, general_explanation, skill_category, base_difficulty, tenant_id, is_active, is_deleted, created_at, created_by) VALUES (86100038, NULL, TRUE, FALSE, 'chon_dap_an', 'keigo_baitap_ukemi_shieki', 'BJT-4', 'single', '「させていただく」の使い方が最も不自然なものはどれですか？

Cách dùng 「させていただく」nào là KHÔNG TỰ NHIÊN nhất?', NULL, NULL, '「雨が降らせていただきました」= HOÀN TOÀN SAI và vô lý. させていただく = TÔI xin phép làm điều gì đó — chủ thể phải là NGƯỜI có ý chí. Mưa không có ý chí, không thể ''xin phép'' → Câu này vô nghĩa về ngữ pháp/ngữ nghĩa. Đây là ví dụ điển hình của việc LẠM DỤNG させていただく. (A)(B)(D) đều đúng và tự nhiên: Xin phép giải thích, xin về sớm, đã gửi tài liệu (tuy D hơi rườm rà).

💡 させていただく CHỈ dùng khi: CHỦ THỂ = NGƯỜI có ý chí + XIN PHÉP/KHIÊM NHƯỜNG làm điều gì. Không dùng cho thiên nhiên, đồ vật, hoặc những việc không cần xin phép.', 'grammar', 4, 'system', TRUE, FALSE, NOW(), 'system') ON CONFLICT (id) DO UPDATE SET question_type = EXCLUDED.question_type, content_type = EXCLUDED.content_type, level = EXCLUDED.level, question = EXCLUDED.question, passage = EXCLUDED.passage, passage_translation = EXCLUDED.passage_translation, general_explanation = EXCLUDED.general_explanation, skill_category = EXCLUDED.skill_category, base_difficulty = EXCLUDED.base_difficulty, is_active = EXCLUDED.is_active, is_deleted = EXCLUDED.is_deleted, updated_at = NOW(), updated_by = 'system';
DELETE FROM questions_answers WHERE question_id = 86100038;
INSERT INTO questions_answers (question_id, sentence, sentence_translation, is_correct, "order") VALUES (86100038, 'ご説明させていただきます。', NULL, FALSE, 1);
INSERT INTO questions_answers (question_id, sentence, sentence_translation, is_correct, "order") VALUES (86100038, '今日は早退させていただけますか。', NULL, FALSE, 2);
INSERT INTO questions_answers (question_id, sentence, sentence_translation, is_correct, "order") VALUES (86100038, '雨が降らせていただきました。（天気予報で）', NULL, TRUE, 3);
INSERT INTO questions_answers (question_id, sentence, sentence_translation, is_correct, "order") VALUES (86100038, '資料をお送りさせていただきました。', NULL, FALSE, 4);
INSERT INTO questions (id, user_id, is_system, is_khoa_cu, question_type, content_type, level, selection_type, question, passage, passage_translation, general_explanation, skill_category, base_difficulty, tenant_id, is_active, is_deleted, created_at, created_by) VALUES (86100039, NULL, TRUE, FALSE, 'chon_dap_an', 'keigo_baitap_ukemi_shieki', 'BJT-4', 'single', '「田中部長が山田さんに新しいプロジェクトの計画書を書いた。」という文を変換した時、正しいものはどれですか？
① この文の受身文（山田さんを主語に）
② この文の使役文（田中部長が山田さんに書かせた）の山田さんを主語にした使役受身文

Cho câu: "Trưởng phòng Tanaka viết kế hoạch dự án mới cho Yamada." Chuyển đổi đúng là gì?', NULL, NULL, '①Bị động (山田 = người bị tác động gián tiếp — 田中 viết cho Yamada, Yamada ''bị'' điều này): 「山田さんは田中部長に計画書を書かれた」. を giữ nguyên vì đây là bị động gián tiếp (迷惑の受身) — 計画書 không phải vật của Yamada bị lấy. ②Sai khiến bị động (Yamada bị Tanaka bắt viết): 「山田さんは田中部長に計画書を書かせられた」. Trong使役受動, tân ngữ を giữ nguyên. (B) sai ở ①「計画書が」thay vì を. (C) sai ở ②「書かせた」= sai khiến chứ không phải sai khiến bị động.

💡 Chuyển đổi 3 dạng: 書いた(chủ động) → 書かれた(bị động, để ý を/が) → 書かせた(sai khiến) → 書かせられた(sai khiến bị động).', 'grammar', 4, 'system', TRUE, FALSE, NOW(), 'system') ON CONFLICT (id) DO UPDATE SET question_type = EXCLUDED.question_type, content_type = EXCLUDED.content_type, level = EXCLUDED.level, question = EXCLUDED.question, passage = EXCLUDED.passage, passage_translation = EXCLUDED.passage_translation, general_explanation = EXCLUDED.general_explanation, skill_category = EXCLUDED.skill_category, base_difficulty = EXCLUDED.base_difficulty, is_active = EXCLUDED.is_active, is_deleted = EXCLUDED.is_deleted, updated_at = NOW(), updated_by = 'system';
DELETE FROM questions_answers WHERE question_id = 86100039;
INSERT INTO questions_answers (question_id, sentence, sentence_translation, is_correct, "order") VALUES (86100039, '①山田さんは田中部長に計画書を書かれた。②山田さんは田中部長に計画書を書かせられた。', NULL, TRUE, 1);
INSERT INTO questions_answers (question_id, sentence, sentence_translation, is_correct, "order") VALUES (86100039, '①山田さんは田中部長に計画書が書かれた。②山田さんは田中部長によって計画書を書かせられた。', NULL, FALSE, 2);
INSERT INTO questions_answers (question_id, sentence, sentence_translation, is_correct, "order") VALUES (86100039, '①山田さんは田中部長に計画書を書かれた。②山田さんは田中部長によって計画書を書かせた。', NULL, FALSE, 3);
INSERT INTO questions_answers (question_id, sentence, sentence_translation, is_correct, "order") VALUES (86100039, '①山田さんは田中部長から計画書が書かれた。②山田さんは田中部長に計画書が書かせられた。', NULL, FALSE, 4);
INSERT INTO questions (id, user_id, is_system, is_khoa_cu, question_type, content_type, level, selection_type, question, passage, passage_translation, general_explanation, skill_category, base_difficulty, tenant_id, is_active, is_deleted, created_at, created_by) VALUES (86100040, NULL, TRUE, FALSE, 'chon_dap_an', 'keigo_baitap_ukemi_shieki', 'BJT-4', 'single', '次のビジネスメールの文章で、文法的・意味的に最も自然で正しい文はどれですか？

Trong các câu email kinh doanh sau, câu nào đúng ngữ pháp VÀ tự nhiên nhất?', NULL, NULL, '「田中に確認をさせましたところ、ご要望には対応しかねるとのことでございます」= ĐÚNG. Phân tích: ①「田中に確認をさせました」= Sai khiến 他動詞: 田中(に) + 確認(を) + させる ✓. ②「対応しかねる」= từ chối lịch sự (対応できない bằng lịch sự). ③「とのことでございます」= trích dẫn trang trọng. (A) 「させられました」= Tôi bị ép bắt Tanaka → vô nghĩa về logic. (C) 「田中によって確認をされました」= によって với người cụ thể + を trong bị động → 2 lỗi. (D) 「田中を確認をさせました」= を được dùng 2 lần cho người và vật → SAI.

💡 Tổng kết: ①Sai khiến 他動詞: [người]に+[vật]を+させる. ②Từ chối lịch sự: できない→しかねる. ③によって: tổ chức, không phải người cụ thể. ④させられる: người bị ép, không phải người sai.', 'grammar', 4, 'system', TRUE, FALSE, NOW(), 'system') ON CONFLICT (id) DO UPDATE SET question_type = EXCLUDED.question_type, content_type = EXCLUDED.content_type, level = EXCLUDED.level, question = EXCLUDED.question, passage = EXCLUDED.passage, passage_translation = EXCLUDED.passage_translation, general_explanation = EXCLUDED.general_explanation, skill_category = EXCLUDED.skill_category, base_difficulty = EXCLUDED.base_difficulty, is_active = EXCLUDED.is_active, is_deleted = EXCLUDED.is_deleted, updated_at = NOW(), updated_by = 'system';
DELETE FROM questions_answers WHERE question_id = 86100040;
INSERT INTO questions_answers (question_id, sentence, sentence_translation, is_correct, "order") VALUES (86100040, '先日の件につきまして、弊社の田中に確認をさせられましたところ、ご要望には対応できないと申しておりました。', NULL, FALSE, 1);
INSERT INTO questions_answers (question_id, sentence, sentence_translation, is_correct, "order") VALUES (86100040, '先日の件につきまして、弊社の田中に確認をさせましたところ、ご要望には対応しかねるとのことでございます。', NULL, TRUE, 2);
INSERT INTO questions_answers (question_id, sentence, sentence_translation, is_correct, "order") VALUES (86100040, '先日の件につきまして、弊社の田中によって確認をされましたところ、ご要望には対応できないと言っていました。', NULL, FALSE, 3);
INSERT INTO questions_answers (question_id, sentence, sentence_translation, is_correct, "order") VALUES (86100040, '先日の件につきまして、弊社の田中を確認をさせましたところ、ご要望には対応させていただけません。', NULL, FALSE, 4);

INSERT INTO study_question_sets (id, name, description, set_type, card_count, tenant_id, is_active, is_deleted, created_at, created_by) VALUES (80100611, '2.1.6 Bài Tập Chuyên Sâu: 受動形・使役形・使役受動形 — Cơ bản', 'Bài tập cấp 1 (Cơ bản) — 10 câu.', 'practice', 10, 'system', TRUE, FALSE, NOW(), 'system') ON CONFLICT (id) DO UPDATE SET name = EXCLUDED.name, description = EXCLUDED.description, set_type = EXCLUDED.set_type, card_count = EXCLUDED.card_count, is_active = EXCLUDED.is_active, is_deleted = EXCLUDED.is_deleted, updated_at = NOW(), updated_by = 'system';
INSERT INTO study_question_set_questions (study_question_set_id, question_id, order_index, tenant_id, is_deleted, created_at, created_by) VALUES (80100611, 86100001, 1, 'system', FALSE, NOW(), 'system') ON CONFLICT (study_question_set_id, question_id) DO UPDATE SET order_index = EXCLUDED.order_index, is_deleted = FALSE;
INSERT INTO study_question_set_questions (study_question_set_id, question_id, order_index, tenant_id, is_deleted, created_at, created_by) VALUES (80100611, 86100002, 2, 'system', FALSE, NOW(), 'system') ON CONFLICT (study_question_set_id, question_id) DO UPDATE SET order_index = EXCLUDED.order_index, is_deleted = FALSE;
INSERT INTO study_question_set_questions (study_question_set_id, question_id, order_index, tenant_id, is_deleted, created_at, created_by) VALUES (80100611, 86100003, 3, 'system', FALSE, NOW(), 'system') ON CONFLICT (study_question_set_id, question_id) DO UPDATE SET order_index = EXCLUDED.order_index, is_deleted = FALSE;
INSERT INTO study_question_set_questions (study_question_set_id, question_id, order_index, tenant_id, is_deleted, created_at, created_by) VALUES (80100611, 86100004, 4, 'system', FALSE, NOW(), 'system') ON CONFLICT (study_question_set_id, question_id) DO UPDATE SET order_index = EXCLUDED.order_index, is_deleted = FALSE;
INSERT INTO study_question_set_questions (study_question_set_id, question_id, order_index, tenant_id, is_deleted, created_at, created_by) VALUES (80100611, 86100005, 5, 'system', FALSE, NOW(), 'system') ON CONFLICT (study_question_set_id, question_id) DO UPDATE SET order_index = EXCLUDED.order_index, is_deleted = FALSE;
INSERT INTO study_question_set_questions (study_question_set_id, question_id, order_index, tenant_id, is_deleted, created_at, created_by) VALUES (80100611, 86100006, 6, 'system', FALSE, NOW(), 'system') ON CONFLICT (study_question_set_id, question_id) DO UPDATE SET order_index = EXCLUDED.order_index, is_deleted = FALSE;
INSERT INTO study_question_set_questions (study_question_set_id, question_id, order_index, tenant_id, is_deleted, created_at, created_by) VALUES (80100611, 86100007, 7, 'system', FALSE, NOW(), 'system') ON CONFLICT (study_question_set_id, question_id) DO UPDATE SET order_index = EXCLUDED.order_index, is_deleted = FALSE;
INSERT INTO study_question_set_questions (study_question_set_id, question_id, order_index, tenant_id, is_deleted, created_at, created_by) VALUES (80100611, 86100008, 8, 'system', FALSE, NOW(), 'system') ON CONFLICT (study_question_set_id, question_id) DO UPDATE SET order_index = EXCLUDED.order_index, is_deleted = FALSE;
INSERT INTO study_question_set_questions (study_question_set_id, question_id, order_index, tenant_id, is_deleted, created_at, created_by) VALUES (80100611, 86100009, 9, 'system', FALSE, NOW(), 'system') ON CONFLICT (study_question_set_id, question_id) DO UPDATE SET order_index = EXCLUDED.order_index, is_deleted = FALSE;
INSERT INTO study_question_set_questions (study_question_set_id, question_id, order_index, tenant_id, is_deleted, created_at, created_by) VALUES (80100611, 86100010, 10, 'system', FALSE, NOW(), 'system') ON CONFLICT (study_question_set_id, question_id) DO UPDATE SET order_index = EXCLUDED.order_index, is_deleted = FALSE;
INSERT INTO study_resource_question_sets (resource_type, resource_id, study_question_set_id, position, context, tenant_id, is_active, is_deleted, created_at, created_by) VALUES ('module', 8014, 80100611, 1, '{"label": "2.1.6 Bài Tập Chuyên Sâu: 受動形・使役形・使役受動形 — Cơ bản"}'::jsonb, 'system', TRUE, FALSE, NOW(), 'system') ON CONFLICT (resource_type, resource_id, study_question_set_id) DO UPDATE SET position = EXCLUDED.position, context = EXCLUDED.context, is_active = TRUE, is_deleted = FALSE;

INSERT INTO study_question_sets (id, name, description, set_type, card_count, tenant_id, is_active, is_deleted, created_at, created_by) VALUES (80100612, '2.1.6 Bài Tập Chuyên Sâu: 受動形・使役形・使役受動形 — Trung cấp', 'Bài tập cấp 2 (Trung cấp) — 10 câu.', 'practice', 10, 'system', TRUE, FALSE, NOW(), 'system') ON CONFLICT (id) DO UPDATE SET name = EXCLUDED.name, description = EXCLUDED.description, set_type = EXCLUDED.set_type, card_count = EXCLUDED.card_count, is_active = EXCLUDED.is_active, is_deleted = EXCLUDED.is_deleted, updated_at = NOW(), updated_by = 'system';
INSERT INTO study_question_set_questions (study_question_set_id, question_id, order_index, tenant_id, is_deleted, created_at, created_by) VALUES (80100612, 86100011, 1, 'system', FALSE, NOW(), 'system') ON CONFLICT (study_question_set_id, question_id) DO UPDATE SET order_index = EXCLUDED.order_index, is_deleted = FALSE;
INSERT INTO study_question_set_questions (study_question_set_id, question_id, order_index, tenant_id, is_deleted, created_at, created_by) VALUES (80100612, 86100012, 2, 'system', FALSE, NOW(), 'system') ON CONFLICT (study_question_set_id, question_id) DO UPDATE SET order_index = EXCLUDED.order_index, is_deleted = FALSE;
INSERT INTO study_question_set_questions (study_question_set_id, question_id, order_index, tenant_id, is_deleted, created_at, created_by) VALUES (80100612, 86100013, 3, 'system', FALSE, NOW(), 'system') ON CONFLICT (study_question_set_id, question_id) DO UPDATE SET order_index = EXCLUDED.order_index, is_deleted = FALSE;
INSERT INTO study_question_set_questions (study_question_set_id, question_id, order_index, tenant_id, is_deleted, created_at, created_by) VALUES (80100612, 86100014, 4, 'system', FALSE, NOW(), 'system') ON CONFLICT (study_question_set_id, question_id) DO UPDATE SET order_index = EXCLUDED.order_index, is_deleted = FALSE;
INSERT INTO study_question_set_questions (study_question_set_id, question_id, order_index, tenant_id, is_deleted, created_at, created_by) VALUES (80100612, 86100015, 5, 'system', FALSE, NOW(), 'system') ON CONFLICT (study_question_set_id, question_id) DO UPDATE SET order_index = EXCLUDED.order_index, is_deleted = FALSE;
INSERT INTO study_question_set_questions (study_question_set_id, question_id, order_index, tenant_id, is_deleted, created_at, created_by) VALUES (80100612, 86100016, 6, 'system', FALSE, NOW(), 'system') ON CONFLICT (study_question_set_id, question_id) DO UPDATE SET order_index = EXCLUDED.order_index, is_deleted = FALSE;
INSERT INTO study_question_set_questions (study_question_set_id, question_id, order_index, tenant_id, is_deleted, created_at, created_by) VALUES (80100612, 86100017, 7, 'system', FALSE, NOW(), 'system') ON CONFLICT (study_question_set_id, question_id) DO UPDATE SET order_index = EXCLUDED.order_index, is_deleted = FALSE;
INSERT INTO study_question_set_questions (study_question_set_id, question_id, order_index, tenant_id, is_deleted, created_at, created_by) VALUES (80100612, 86100018, 8, 'system', FALSE, NOW(), 'system') ON CONFLICT (study_question_set_id, question_id) DO UPDATE SET order_index = EXCLUDED.order_index, is_deleted = FALSE;
INSERT INTO study_question_set_questions (study_question_set_id, question_id, order_index, tenant_id, is_deleted, created_at, created_by) VALUES (80100612, 86100019, 9, 'system', FALSE, NOW(), 'system') ON CONFLICT (study_question_set_id, question_id) DO UPDATE SET order_index = EXCLUDED.order_index, is_deleted = FALSE;
INSERT INTO study_question_set_questions (study_question_set_id, question_id, order_index, tenant_id, is_deleted, created_at, created_by) VALUES (80100612, 86100020, 10, 'system', FALSE, NOW(), 'system') ON CONFLICT (study_question_set_id, question_id) DO UPDATE SET order_index = EXCLUDED.order_index, is_deleted = FALSE;
INSERT INTO study_resource_question_sets (resource_type, resource_id, study_question_set_id, position, context, tenant_id, is_active, is_deleted, created_at, created_by) VALUES ('module', 8014, 80100612, 2, '{"label": "2.1.6 Bài Tập Chuyên Sâu: 受動形・使役形・使役受動形 — Trung cấp"}'::jsonb, 'system', TRUE, FALSE, NOW(), 'system') ON CONFLICT (resource_type, resource_id, study_question_set_id) DO UPDATE SET position = EXCLUDED.position, context = EXCLUDED.context, is_active = TRUE, is_deleted = FALSE;

INSERT INTO study_question_sets (id, name, description, set_type, card_count, tenant_id, is_active, is_deleted, created_at, created_by) VALUES (80100613, '2.1.6 Bài Tập Chuyên Sâu: 受動形・使役形・使役受動形 — Nâng cao', 'Bài tập cấp 3 (Nâng cao) — 10 câu.', 'practice', 10, 'system', TRUE, FALSE, NOW(), 'system') ON CONFLICT (id) DO UPDATE SET name = EXCLUDED.name, description = EXCLUDED.description, set_type = EXCLUDED.set_type, card_count = EXCLUDED.card_count, is_active = EXCLUDED.is_active, is_deleted = EXCLUDED.is_deleted, updated_at = NOW(), updated_by = 'system';
INSERT INTO study_question_set_questions (study_question_set_id, question_id, order_index, tenant_id, is_deleted, created_at, created_by) VALUES (80100613, 86100021, 1, 'system', FALSE, NOW(), 'system') ON CONFLICT (study_question_set_id, question_id) DO UPDATE SET order_index = EXCLUDED.order_index, is_deleted = FALSE;
INSERT INTO study_question_set_questions (study_question_set_id, question_id, order_index, tenant_id, is_deleted, created_at, created_by) VALUES (80100613, 86100022, 2, 'system', FALSE, NOW(), 'system') ON CONFLICT (study_question_set_id, question_id) DO UPDATE SET order_index = EXCLUDED.order_index, is_deleted = FALSE;
INSERT INTO study_question_set_questions (study_question_set_id, question_id, order_index, tenant_id, is_deleted, created_at, created_by) VALUES (80100613, 86100023, 3, 'system', FALSE, NOW(), 'system') ON CONFLICT (study_question_set_id, question_id) DO UPDATE SET order_index = EXCLUDED.order_index, is_deleted = FALSE;
INSERT INTO study_question_set_questions (study_question_set_id, question_id, order_index, tenant_id, is_deleted, created_at, created_by) VALUES (80100613, 86100024, 4, 'system', FALSE, NOW(), 'system') ON CONFLICT (study_question_set_id, question_id) DO UPDATE SET order_index = EXCLUDED.order_index, is_deleted = FALSE;
INSERT INTO study_question_set_questions (study_question_set_id, question_id, order_index, tenant_id, is_deleted, created_at, created_by) VALUES (80100613, 86100025, 5, 'system', FALSE, NOW(), 'system') ON CONFLICT (study_question_set_id, question_id) DO UPDATE SET order_index = EXCLUDED.order_index, is_deleted = FALSE;
INSERT INTO study_question_set_questions (study_question_set_id, question_id, order_index, tenant_id, is_deleted, created_at, created_by) VALUES (80100613, 86100026, 6, 'system', FALSE, NOW(), 'system') ON CONFLICT (study_question_set_id, question_id) DO UPDATE SET order_index = EXCLUDED.order_index, is_deleted = FALSE;
INSERT INTO study_question_set_questions (study_question_set_id, question_id, order_index, tenant_id, is_deleted, created_at, created_by) VALUES (80100613, 86100027, 7, 'system', FALSE, NOW(), 'system') ON CONFLICT (study_question_set_id, question_id) DO UPDATE SET order_index = EXCLUDED.order_index, is_deleted = FALSE;
INSERT INTO study_question_set_questions (study_question_set_id, question_id, order_index, tenant_id, is_deleted, created_at, created_by) VALUES (80100613, 86100028, 8, 'system', FALSE, NOW(), 'system') ON CONFLICT (study_question_set_id, question_id) DO UPDATE SET order_index = EXCLUDED.order_index, is_deleted = FALSE;
INSERT INTO study_question_set_questions (study_question_set_id, question_id, order_index, tenant_id, is_deleted, created_at, created_by) VALUES (80100613, 86100029, 9, 'system', FALSE, NOW(), 'system') ON CONFLICT (study_question_set_id, question_id) DO UPDATE SET order_index = EXCLUDED.order_index, is_deleted = FALSE;
INSERT INTO study_question_set_questions (study_question_set_id, question_id, order_index, tenant_id, is_deleted, created_at, created_by) VALUES (80100613, 86100030, 10, 'system', FALSE, NOW(), 'system') ON CONFLICT (study_question_set_id, question_id) DO UPDATE SET order_index = EXCLUDED.order_index, is_deleted = FALSE;
INSERT INTO study_resource_question_sets (resource_type, resource_id, study_question_set_id, position, context, tenant_id, is_active, is_deleted, created_at, created_by) VALUES ('module', 8014, 80100613, 3, '{"label": "2.1.6 Bài Tập Chuyên Sâu: 受動形・使役形・使役受動形 — Nâng cao"}'::jsonb, 'system', TRUE, FALSE, NOW(), 'system') ON CONFLICT (resource_type, resource_id, study_question_set_id) DO UPDATE SET position = EXCLUDED.position, context = EXCLUDED.context, is_active = TRUE, is_deleted = FALSE;

INSERT INTO study_question_sets (id, name, description, set_type, card_count, tenant_id, is_active, is_deleted, created_at, created_by) VALUES (80100614, '2.1.6 Bài Tập Chuyên Sâu: 受動形・使役形・使役受動形 — Tổng hợp', 'Bài tập cấp 4 (Tổng hợp) — 10 câu.', 'practice', 10, 'system', TRUE, FALSE, NOW(), 'system') ON CONFLICT (id) DO UPDATE SET name = EXCLUDED.name, description = EXCLUDED.description, set_type = EXCLUDED.set_type, card_count = EXCLUDED.card_count, is_active = EXCLUDED.is_active, is_deleted = EXCLUDED.is_deleted, updated_at = NOW(), updated_by = 'system';
INSERT INTO study_question_set_questions (study_question_set_id, question_id, order_index, tenant_id, is_deleted, created_at, created_by) VALUES (80100614, 86100031, 1, 'system', FALSE, NOW(), 'system') ON CONFLICT (study_question_set_id, question_id) DO UPDATE SET order_index = EXCLUDED.order_index, is_deleted = FALSE;
INSERT INTO study_question_set_questions (study_question_set_id, question_id, order_index, tenant_id, is_deleted, created_at, created_by) VALUES (80100614, 86100032, 2, 'system', FALSE, NOW(), 'system') ON CONFLICT (study_question_set_id, question_id) DO UPDATE SET order_index = EXCLUDED.order_index, is_deleted = FALSE;
INSERT INTO study_question_set_questions (study_question_set_id, question_id, order_index, tenant_id, is_deleted, created_at, created_by) VALUES (80100614, 86100033, 3, 'system', FALSE, NOW(), 'system') ON CONFLICT (study_question_set_id, question_id) DO UPDATE SET order_index = EXCLUDED.order_index, is_deleted = FALSE;
INSERT INTO study_question_set_questions (study_question_set_id, question_id, order_index, tenant_id, is_deleted, created_at, created_by) VALUES (80100614, 86100034, 4, 'system', FALSE, NOW(), 'system') ON CONFLICT (study_question_set_id, question_id) DO UPDATE SET order_index = EXCLUDED.order_index, is_deleted = FALSE;
INSERT INTO study_question_set_questions (study_question_set_id, question_id, order_index, tenant_id, is_deleted, created_at, created_by) VALUES (80100614, 86100035, 5, 'system', FALSE, NOW(), 'system') ON CONFLICT (study_question_set_id, question_id) DO UPDATE SET order_index = EXCLUDED.order_index, is_deleted = FALSE;
INSERT INTO study_question_set_questions (study_question_set_id, question_id, order_index, tenant_id, is_deleted, created_at, created_by) VALUES (80100614, 86100036, 6, 'system', FALSE, NOW(), 'system') ON CONFLICT (study_question_set_id, question_id) DO UPDATE SET order_index = EXCLUDED.order_index, is_deleted = FALSE;
INSERT INTO study_question_set_questions (study_question_set_id, question_id, order_index, tenant_id, is_deleted, created_at, created_by) VALUES (80100614, 86100037, 7, 'system', FALSE, NOW(), 'system') ON CONFLICT (study_question_set_id, question_id) DO UPDATE SET order_index = EXCLUDED.order_index, is_deleted = FALSE;
INSERT INTO study_question_set_questions (study_question_set_id, question_id, order_index, tenant_id, is_deleted, created_at, created_by) VALUES (80100614, 86100038, 8, 'system', FALSE, NOW(), 'system') ON CONFLICT (study_question_set_id, question_id) DO UPDATE SET order_index = EXCLUDED.order_index, is_deleted = FALSE;
INSERT INTO study_question_set_questions (study_question_set_id, question_id, order_index, tenant_id, is_deleted, created_at, created_by) VALUES (80100614, 86100039, 9, 'system', FALSE, NOW(), 'system') ON CONFLICT (study_question_set_id, question_id) DO UPDATE SET order_index = EXCLUDED.order_index, is_deleted = FALSE;
INSERT INTO study_question_set_questions (study_question_set_id, question_id, order_index, tenant_id, is_deleted, created_at, created_by) VALUES (80100614, 86100040, 10, 'system', FALSE, NOW(), 'system') ON CONFLICT (study_question_set_id, question_id) DO UPDATE SET order_index = EXCLUDED.order_index, is_deleted = FALSE;
INSERT INTO study_resource_question_sets (resource_type, resource_id, study_question_set_id, position, context, tenant_id, is_active, is_deleted, created_at, created_by) VALUES ('module', 8014, 80100614, 4, '{"label": "2.1.6 Bài Tập Chuyên Sâu: 受動形・使役形・使役受動形 — Tổng hợp"}'::jsonb, 'system', TRUE, FALSE, NOW(), 'system') ON CONFLICT (resource_type, resource_id, study_question_set_id) DO UPDATE SET position = EXCLUDED.position, context = EXCLUDED.context, is_active = TRUE, is_deleted = FALSE;

-- Mogishiken file: 2.1.6_UkemiShieki_Mogishiken.json
INSERT INTO reading_passages (id, user_id, is_system, is_public, title, content, translation, jlpt_level, category, difficulty, word_count, tenant_id, is_active, is_deleted, created_at, created_by) VALUES (8010601, NULL, TRUE, TRUE, '社内通知', '各部門の皆様へ

いつもお疲れ様です。本日、重要なお知らせがございます。

来月6月15日（金）に予定されていた全社会議が、システムの保守作業のため、6月22日（金）に変更されます。新しい日時と場所について、別紙の資料をご覧ください。

このご不便をおかけして申し訳ございません。何かご質問がございましたら、お気軽にお問い合わせください。

総務部一同', 'Công ty thông báo về việc thay đổi lịch họp. Sử dụng thể bị động để tránh chỉ đích danh người chịu trách nhiệm.', 'BJT', 'business_keigo', 1, 0, 'system', TRUE, FALSE, NOW(), 'system') ON CONFLICT (id) DO UPDATE SET title = EXCLUDED.title, content = EXCLUDED.content, translation = EXCLUDED.translation, category = EXCLUDED.category, difficulty = EXCLUDED.difficulty, word_count = EXCLUDED.word_count, is_active = EXCLUDED.is_active, is_deleted = EXCLUDED.is_deleted, updated_at = NOW(), updated_by = 'system';
INSERT INTO reading_passages (id, user_id, is_system, is_public, title, content, translation, jlpt_level, category, difficulty, word_count, tenant_id, is_active, is_deleted, created_at, created_by) VALUES (8010602, NULL, TRUE, TRUE, '業績報告書', '◆2026年度 顧客満足度調査 結果報告

本年度、弊社によって約2,000名の顧客を対象とした満足度調査が実施されました。調査期間は2月から3月にかけて行われ、約65%の回答率が得られました。

調査結果によると、製品の品質については高い評価が得られましたが、配送サービスについては改善すべき点が指摘されています。特に、配送時間の短縮がお客様からの強い要望として挙げられました。

今後、これらのご指摘を踏まえて、サービス向上に向けた対策が取られる予定です。', 'Báo cáo về kết quả khảo sát từ quản lý. Sử dụng によって để chỉ tác nhân trang trọng trong thể bị động, mix với các cấu trúc trang trọng.', 'BJT', 'business_keigo', 2, 0, 'system', TRUE, FALSE, NOW(), 'system') ON CONFLICT (id) DO UPDATE SET title = EXCLUDED.title, content = EXCLUDED.content, translation = EXCLUDED.translation, category = EXCLUDED.category, difficulty = EXCLUDED.difficulty, word_count = EXCLUDED.word_count, is_active = EXCLUDED.is_active, is_deleted = EXCLUDED.is_deleted, updated_at = NOW(), updated_by = 'system';
INSERT INTO reading_passages (id, user_id, is_system, is_public, title, content, translation, jlpt_level, category, difficulty, word_count, tenant_id, is_active, is_deleted, created_at, created_by) VALUES (8010603, NULL, TRUE, TRUE, '業務指示メール', '件名：来月のプロジェクトについてのお願い

お疲れ様です。田中です。

来月、新しいマーケティングプロジェクトが開始されます。つきましては、営業チーム全体に、このプロジェクトの準備を進めていただきたいと思っています。

具体的には、以下の業務を各自で担当していただきます。
・既存顧客へのヒアリング調査（山田さんに担当させていただきます）
・競合他社の商品分析（鈴木さんに担当させていただきます）
・ターゲット層の市場調査（全員で協力していただきたいです）

第一回目の進捗報告は5月10日までにお願いします。何かご質問やご不明な点がございましたら、お気軽にお声がけください。

よろしくお願いいたします。
田中', 'Email từ quản lý giao nhiệm vụ cho nhân viên. Sử dụng 使役形 (させます) để giao việc và させていただく để xin phép một cách lịch sự.', 'BJT', 'business_keigo', 3, 0, 'system', TRUE, FALSE, NOW(), 'system') ON CONFLICT (id) DO UPDATE SET title = EXCLUDED.title, content = EXCLUDED.content, translation = EXCLUDED.translation, category = EXCLUDED.category, difficulty = EXCLUDED.difficulty, word_count = EXCLUDED.word_count, is_active = EXCLUDED.is_active, is_deleted = EXCLUDED.is_deleted, updated_at = NOW(), updated_by = 'system';
INSERT INTO reading_passages (id, user_id, is_system, is_public, title, content, translation, jlpt_level, category, difficulty, word_count, tenant_id, is_active, is_deleted, created_at, created_by) VALUES (8010604, NULL, TRUE, TRUE, '会議議事録', '◇2026年5月 戦略会議 議事録
【日時】2026年5月8日（木）14:00～15:30
【参加者】代表取締役佐藤、営業部長田中、企画部長鈴木、他部門代表

【報告事項】新規事業プロジェクトの進捗状況について、予期しない市場変化により3週間の遅延が生じたことが報告された。対応策として、複数の施策が講じられることが決定された。

まず、企画部と営業部の責任者には、今月中に専任チーム体制を編成させていただくことを予定している。ただし、他部門のスタッフについては、やむを得ない事情により、当プロジェクトへの参加を余儀なくされることになった。参加を強制されることになるスタッフには、事前にしっかりと説明がなされる予定である。

【決議】全社員による協力体制の構築が承認された。次回会議は5月22日に開催されることが予定されている。', 'Biên bản họp từ cuộc họp quyết định về dự án khẩn cấp. Sử dụng mix bị động trang trọng (られた、が取られた), させていただく (xin phép), và させられる (bị buộc, không tự nguyện).', 'BJT', 'business_keigo', 4, 0, 'system', TRUE, FALSE, NOW(), 'system') ON CONFLICT (id) DO UPDATE SET title = EXCLUDED.title, content = EXCLUDED.content, translation = EXCLUDED.translation, category = EXCLUDED.category, difficulty = EXCLUDED.difficulty, word_count = EXCLUDED.word_count, is_active = EXCLUDED.is_active, is_deleted = EXCLUDED.is_deleted, updated_at = NOW(), updated_by = 'system';
INSERT INTO reading_passages (id, user_id, is_system, is_public, title, content, translation, jlpt_level, category, difficulty, word_count, tenant_id, is_active, is_deleted, created_at, created_by) VALUES (8010605, NULL, TRUE, TRUE, '業界誌・社内報の記事', '◆デジタル時代における企業競争力の再構築

近年、急速な技術革新によってビジネス環境が劇的に変化している。多くの企業が、クラウドコンピューティングやAI導入を通じて、経営効率化を図られている一方で、一部の企業では、時代の流れに適応させられることができず、市場競争から取り残されるという悪循環に陥っている。

このような背景を踏まえ、業界全体にわたって、デジタル変革推進の重要性が広く認識されるようになった。特に、従来型のビジネスモデルに基づいて構築されてきた組織体系は、新たな競争環境に対応させられることを強いられている。経営層による戦略的投資決定により、多くの企業においては、組織再編と人材育成制度の見直しが実施されるに至っている。

今後、適切な対応を講じることができた企業のみが、成長を遂行させられ、グローバル市場での競争力を維持することが見込まれている。', 'Bài báo từ tạp chí ngành về xu hướng chuyển đổi số trong các doanh nghiệp Nhật Bản. Sử dụng bị động trang trọng phức tạp (によって、を通じて、に基づいて) và phân tích sắc thái ngôn ngữ chuyên sâu.', 'BJT', 'business_keigo', 5, 0, 'system', TRUE, FALSE, NOW(), 'system') ON CONFLICT (id) DO UPDATE SET title = EXCLUDED.title, content = EXCLUDED.content, translation = EXCLUDED.translation, category = EXCLUDED.category, difficulty = EXCLUDED.difficulty, word_count = EXCLUDED.word_count, is_active = EXCLUDED.is_active, is_deleted = EXCLUDED.is_deleted, updated_at = NOW(), updated_by = 'system';
INSERT INTO questions (id, user_id, is_system, is_khoa_cu, question_type, content_type, level, selection_type, question, passage, passage_translation, general_explanation, skill_category, base_difficulty, tenant_id, is_active, is_deleted, created_at, created_by) VALUES (86200001, NULL, TRUE, FALSE, 'reading', 'keigo_dokkai_ukemi_shieki', NULL, 'single', 'この文書の目的は何ですか。

Mục đích của văn bản này là gì?', '8010601', 'Công ty thông báo về việc thay đổi lịch họp. Sử dụng thể bị động để tránh chỉ đích danh người chịu trách nhiệm.', 'Văn bản thông báo rằng cuộc họp dự kiến ban đầu (6月15日) bị thay đổi sang 6月22日 do bảo trì hệ thống. Mục đích chính là thông báo sự thay đổi này.', 'dokkai', 1, 'system', TRUE, FALSE, NOW(), 'system') ON CONFLICT (id) DO UPDATE SET question_type = EXCLUDED.question_type, content_type = EXCLUDED.content_type, level = EXCLUDED.level, question = EXCLUDED.question, passage = EXCLUDED.passage, passage_translation = EXCLUDED.passage_translation, general_explanation = EXCLUDED.general_explanation, skill_category = EXCLUDED.skill_category, base_difficulty = EXCLUDED.base_difficulty, is_active = EXCLUDED.is_active, is_deleted = EXCLUDED.is_deleted, updated_at = NOW(), updated_by = 'system';
DELETE FROM questions_answers WHERE question_id = 86200001;
INSERT INTO questions_answers (question_id, sentence, sentence_translation, is_correct, "order") VALUES (86200001, '全社会議の新しい議題を発表するため', NULL, FALSE, 1);
INSERT INTO questions_answers (question_id, sentence, sentence_translation, is_correct, "order") VALUES (86200001, '全社会議の日程が変更されたことを通知するため', NULL, TRUE, 2);
INSERT INTO questions_answers (question_id, sentence, sentence_translation, is_correct, "order") VALUES (86200001, 'システムの保守作業について説明するため', NULL, FALSE, 3);
INSERT INTO questions_answers (question_id, sentence, sentence_translation, is_correct, "order") VALUES (86200001, '部門ごとの会議室を割り当てるため', NULL, FALSE, 4);
INSERT INTO questions (id, user_id, is_system, is_khoa_cu, question_type, content_type, level, selection_type, question, passage, passage_translation, general_explanation, skill_category, base_difficulty, tenant_id, is_active, is_deleted, created_at, created_by) VALUES (86200002, NULL, TRUE, FALSE, 'reading', 'keigo_dokkai_ukemi_shieki', NULL, 'single', '「予定されていた全社会議が...変更されます」という表現から、どのようなことが分かりますか。

Từ biểu thức ''được dự kiến để diễn ra'' ở thể bị động, ta có thể suy ra điều gì?', '8010601', 'Công ty thông báo về việc thay đổi lịch họp. Sử dụng thể bị động để tránh chỉ đích danh người chịu trách nhiệm.', 'Thể bị động ''られていた'' chỉ ra rằng việc họp đã được lên kế hoạch trước đó. Động từ bị động ở quá khứ tiếp diễn cho thấy trạng thái đã được thiết lập sẵn.', 'dokkai', 1, 'system', TRUE, FALSE, NOW(), 'system') ON CONFLICT (id) DO UPDATE SET question_type = EXCLUDED.question_type, content_type = EXCLUDED.content_type, level = EXCLUDED.level, question = EXCLUDED.question, passage = EXCLUDED.passage, passage_translation = EXCLUDED.passage_translation, general_explanation = EXCLUDED.general_explanation, skill_category = EXCLUDED.skill_category, base_difficulty = EXCLUDED.base_difficulty, is_active = EXCLUDED.is_active, is_deleted = EXCLUDED.is_deleted, updated_at = NOW(), updated_by = 'system';
DELETE FROM questions_answers WHERE question_id = 86200002;
INSERT INTO questions_answers (question_id, sentence, sentence_translation, is_correct, "order") VALUES (86200002, '予定の変更は会社の重要な決定である', NULL, FALSE, 1);
INSERT INTO questions_answers (question_id, sentence, sentence_translation, is_correct, "order") VALUES (86200002, '会議の予定は以前から決まっていた', NULL, TRUE, 2);
INSERT INTO questions_answers (question_id, sentence, sentence_translation, is_correct, "order") VALUES (86200002, '部長が自分で会議の日程を決めた', NULL, FALSE, 3);
INSERT INTO questions_answers (question_id, sentence, sentence_translation, is_correct, "order") VALUES (86200002, '社員たちが新しい日程を提案した', NULL, FALSE, 4);
INSERT INTO questions (id, user_id, is_system, is_khoa_cu, question_type, content_type, level, selection_type, question, passage, passage_translation, general_explanation, skill_category, base_difficulty, tenant_id, is_active, is_deleted, created_at, created_by) VALUES (86200003, NULL, TRUE, FALSE, 'reading', 'keigo_dokkai_ukemi_shieki', NULL, 'single', '会議の日程が変更された理由は何ですか。

Lý do nào dẫn đến thay đổi lịch họp?', '8010601', 'Công ty thông báo về việc thay đổi lịch họp. Sử dụng thể bị động để tránh chỉ đích danh người chịu trách nhiệm.', 'Văn bản rõ ràng nêu ''システムの保守作業のため'' (do bảo trì hệ thống) là lý do thay đổi ngày họp.', 'dokkai', 1, 'system', TRUE, FALSE, NOW(), 'system') ON CONFLICT (id) DO UPDATE SET question_type = EXCLUDED.question_type, content_type = EXCLUDED.content_type, level = EXCLUDED.level, question = EXCLUDED.question, passage = EXCLUDED.passage, passage_translation = EXCLUDED.passage_translation, general_explanation = EXCLUDED.general_explanation, skill_category = EXCLUDED.skill_category, base_difficulty = EXCLUDED.base_difficulty, is_active = EXCLUDED.is_active, is_deleted = EXCLUDED.is_deleted, updated_at = NOW(), updated_by = 'system';
DELETE FROM questions_answers WHERE question_id = 86200003;
INSERT INTO questions_answers (question_id, sentence, sentence_translation, is_correct, "order") VALUES (86200003, '参加者の都合が悪くなったため', NULL, FALSE, 1);
INSERT INTO questions_answers (question_id, sentence, sentence_translation, is_correct, "order") VALUES (86200003, '会議室の予約ができなくなったため', NULL, FALSE, 2);
INSERT INTO questions_answers (question_id, sentence, sentence_translation, is_correct, "order") VALUES (86200003, 'システムの保守作業があるため', NULL, TRUE, 3);
INSERT INTO questions_answers (question_id, sentence, sentence_translation, is_correct, "order") VALUES (86200003, '新しい議題が追加されたため', NULL, FALSE, 4);
INSERT INTO questions (id, user_id, is_system, is_khoa_cu, question_type, content_type, level, selection_type, question, passage, passage_translation, general_explanation, skill_category, base_difficulty, tenant_id, is_active, is_deleted, created_at, created_by) VALUES (86200004, NULL, TRUE, FALSE, 'reading', 'keigo_dokkai_ukemi_shieki', NULL, 'single', '下線部「このご不便をおかけして申し訳ございません」という表現は、どのような意図で使われていますか。

Biểu thức này được sử dụng với ý định gì?', '8010601', 'Công ty thông báo về việc thay đổi lịch họp. Sử dụng thể bị động để tránh chỉ đích danh người chịu trách nhiệm.', 'Câu này sử dụng ''ご不便をおかけして申し訳ございません'' - là cách xin lỗi lịch sự, thừa nhận sự bất tiện gây ra cho nhân viên do sự thay đổi này.', 'dokkai', 1, 'system', TRUE, FALSE, NOW(), 'system') ON CONFLICT (id) DO UPDATE SET question_type = EXCLUDED.question_type, content_type = EXCLUDED.content_type, level = EXCLUDED.level, question = EXCLUDED.question, passage = EXCLUDED.passage, passage_translation = EXCLUDED.passage_translation, general_explanation = EXCLUDED.general_explanation, skill_category = EXCLUDED.skill_category, base_difficulty = EXCLUDED.base_difficulty, is_active = EXCLUDED.is_active, is_deleted = EXCLUDED.is_deleted, updated_at = NOW(), updated_by = 'system';
DELETE FROM questions_answers WHERE question_id = 86200004;
INSERT INTO questions_answers (question_id, sentence, sentence_translation, is_correct, "order") VALUES (86200004, '社員に対して厳しい態度を示すため', NULL, FALSE, 1);
INSERT INTO questions_answers (question_id, sentence, sentence_translation, is_correct, "order") VALUES (86200004, '変更の責任は誰かにあるかを明確にするため', NULL, FALSE, 2);
INSERT INTO questions_answers (question_id, sentence, sentence_translation, is_correct, "order") VALUES (86200004, '変更による不便を認め、丁寧に謝罪するため', NULL, TRUE, 3);
INSERT INTO questions_answers (question_id, sentence, sentence_translation, is_correct, "order") VALUES (86200004, '会議を中止することを予告するため', NULL, FALSE, 4);
INSERT INTO questions (id, user_id, is_system, is_khoa_cu, question_type, content_type, level, selection_type, question, passage, passage_translation, general_explanation, skill_category, base_difficulty, tenant_id, is_active, is_deleted, created_at, created_by) VALUES (86200005, NULL, TRUE, FALSE, 'reading', 'keigo_dokkai_ukemi_shieki', NULL, 'single', 'この報告書は何について述べられていますか。

Báo cáo này trình bày về điều gì?', '8010602', 'Báo cáo về kết quả khảo sát từ quản lý. Sử dụng によって để chỉ tác nhân trang trọng trong thể bị động, mix với các cấu trúc trang trọng.', 'Tiêu đề và nội dung rõ ràng chỉ báo cáo kết quả điều tra mức độ hài lòng của khách hàng (顧客満足度調査).', 'dokkai', 1, 'system', TRUE, FALSE, NOW(), 'system') ON CONFLICT (id) DO UPDATE SET question_type = EXCLUDED.question_type, content_type = EXCLUDED.content_type, level = EXCLUDED.level, question = EXCLUDED.question, passage = EXCLUDED.passage, passage_translation = EXCLUDED.passage_translation, general_explanation = EXCLUDED.general_explanation, skill_category = EXCLUDED.skill_category, base_difficulty = EXCLUDED.base_difficulty, is_active = EXCLUDED.is_active, is_deleted = EXCLUDED.is_deleted, updated_at = NOW(), updated_by = 'system';
DELETE FROM questions_answers WHERE question_id = 86200005;
INSERT INTO questions_answers (question_id, sentence, sentence_translation, is_correct, "order") VALUES (86200005, '2026年度の売上目標について', NULL, FALSE, 1);
INSERT INTO questions_answers (question_id, sentence, sentence_translation, is_correct, "order") VALUES (86200005, '顧客満足度調査の結果について', NULL, TRUE, 2);
INSERT INTO questions_answers (question_id, sentence, sentence_translation, is_correct, "order") VALUES (86200005, '新しい製品開発計画について', NULL, FALSE, 3);
INSERT INTO questions_answers (question_id, sentence, sentence_translation, is_correct, "order") VALUES (86200005, '従業員の教育研修について', NULL, FALSE, 4);
INSERT INTO questions (id, user_id, is_system, is_khoa_cu, question_type, content_type, level, selection_type, question, passage, passage_translation, general_explanation, skill_category, base_difficulty, tenant_id, is_active, is_deleted, created_at, created_by) VALUES (86200006, NULL, TRUE, FALSE, 'reading', 'keigo_dokkai_ukemi_shieki', NULL, 'single', '「弊社によって約2,000名の顧客を対象とした満足度調査が実施されました」という文について、「によって」は何を示していますか。

Trong câu này, ''によって'' chỉ điều gì?', '8010602', 'Báo cáo về kết quả khảo sát từ quản lý. Sử dụng によって để chỉ tác nhân trang trọng trong thể bị động, mix với các cấu trúc trang trọng.', 'によって sau ''nhân vật / tổ chức'' trong câu bị động chỉ tác nhân / người thực hiện hành động. Ở đây, 弊社 (công ty chúng tôi) là tác nhân thực hiện khảo sát.', 'dokkai', 1, 'system', TRUE, FALSE, NOW(), 'system') ON CONFLICT (id) DO UPDATE SET question_type = EXCLUDED.question_type, content_type = EXCLUDED.content_type, level = EXCLUDED.level, question = EXCLUDED.question, passage = EXCLUDED.passage, passage_translation = EXCLUDED.passage_translation, general_explanation = EXCLUDED.general_explanation, skill_category = EXCLUDED.skill_category, base_difficulty = EXCLUDED.base_difficulty, is_active = EXCLUDED.is_active, is_deleted = EXCLUDED.is_deleted, updated_at = NOW(), updated_by = 'system';
DELETE FROM questions_answers WHERE question_id = 86200006;
INSERT INTO questions_answers (question_id, sentence, sentence_translation, is_correct, "order") VALUES (86200006, '調査の対象となった顧客の数', NULL, FALSE, 1);
INSERT INTO questions_answers (question_id, sentence, sentence_translation, is_correct, "order") VALUES (86200006, '調査を行った主体（実行者）', NULL, TRUE, 2);
INSERT INTO questions_answers (question_id, sentence, sentence_translation, is_correct, "order") VALUES (86200006, '調査が行われた時期', NULL, FALSE, 3);
INSERT INTO questions_answers (question_id, sentence, sentence_translation, is_correct, "order") VALUES (86200006, '調査の方法や形式', NULL, FALSE, 4);
INSERT INTO questions (id, user_id, is_system, is_khoa_cu, question_type, content_type, level, selection_type, question, passage, passage_translation, general_explanation, skill_category, base_difficulty, tenant_id, is_active, is_deleted, created_at, created_by) VALUES (86200007, NULL, TRUE, FALSE, 'reading', 'keigo_dokkai_ukemi_shieki', NULL, 'single', '調査結果によると、改善が必要な点はどれですか。

Theo kết quả điều tra, điểm nào cần cải thiện?', '8010602', 'Báo cáo về kết quả khảo sát từ quản lý. Sử dụng によって để chỉ tác nhân trang trọng trong thể bị động, mix với các cấu trúc trang trọng.', 'Văn bản nêu ''製品の品質については高い評価が得られました'' (chất lượng sản phẩm được đánh giá cao) nhưng ''dịch vụ giao hàng được chỉ ra là có điểm cần cải thiện''.', 'dokkai', 1, 'system', TRUE, FALSE, NOW(), 'system') ON CONFLICT (id) DO UPDATE SET question_type = EXCLUDED.question_type, content_type = EXCLUDED.content_type, level = EXCLUDED.level, question = EXCLUDED.question, passage = EXCLUDED.passage, passage_translation = EXCLUDED.passage_translation, general_explanation = EXCLUDED.general_explanation, skill_category = EXCLUDED.skill_category, base_difficulty = EXCLUDED.base_difficulty, is_active = EXCLUDED.is_active, is_deleted = EXCLUDED.is_deleted, updated_at = NOW(), updated_by = 'system';
DELETE FROM questions_answers WHERE question_id = 86200007;
INSERT INTO questions_answers (question_id, sentence, sentence_translation, is_correct, "order") VALUES (86200007, '製品の品質', NULL, FALSE, 1);
INSERT INTO questions_answers (question_id, sentence, sentence_translation, is_correct, "order") VALUES (86200007, '配送サービス', NULL, TRUE, 2);
INSERT INTO questions_answers (question_id, sentence, sentence_translation, is_correct, "order") VALUES (86200007, '営業スタッフの対応', NULL, FALSE, 3);
INSERT INTO questions_answers (question_id, sentence, sentence_translation, is_correct, "order") VALUES (86200007, '製品の価格', NULL, FALSE, 4);
INSERT INTO questions (id, user_id, is_system, is_khoa_cu, question_type, content_type, level, selection_type, question, passage, passage_translation, general_explanation, skill_category, base_difficulty, tenant_id, is_active, is_deleted, created_at, created_by) VALUES (86200008, NULL, TRUE, FALSE, 'reading', 'keigo_dokkai_ukemi_shieki', NULL, 'single', 'お客様からの強い要望は何ですか。

Yêu cầu mạnh mẽ của khách hàng là gì?', '8010602', 'Báo cáo về kết quả khảo sát từ quản lý. Sử dụng によって để chỉ tác nhân trang trọng trong thể bị động, mix với các cấu trúc trang trọng.', 'Văn bản rõ ràng nêu ''đặc biệt, việc rút ngắn thời gian giao hàng được đặt ra như một yêu cầu mạnh mẽ từ khách hàng''.', 'dokkai', 1, 'system', TRUE, FALSE, NOW(), 'system') ON CONFLICT (id) DO UPDATE SET question_type = EXCLUDED.question_type, content_type = EXCLUDED.content_type, level = EXCLUDED.level, question = EXCLUDED.question, passage = EXCLUDED.passage, passage_translation = EXCLUDED.passage_translation, general_explanation = EXCLUDED.general_explanation, skill_category = EXCLUDED.skill_category, base_difficulty = EXCLUDED.base_difficulty, is_active = EXCLUDED.is_active, is_deleted = EXCLUDED.is_deleted, updated_at = NOW(), updated_by = 'system';
DELETE FROM questions_answers WHERE question_id = 86200008;
INSERT INTO questions_answers (question_id, sentence, sentence_translation, is_correct, "order") VALUES (86200008, '製品の種類を増やすこと', NULL, FALSE, 1);
INSERT INTO questions_answers (question_id, sentence, sentence_translation, is_correct, "order") VALUES (86200008, '配送時間を短縮すること', NULL, TRUE, 2);
INSERT INTO questions_answers (question_id, sentence, sentence_translation, is_correct, "order") VALUES (86200008, '製品の価格を下げること', NULL, FALSE, 3);
INSERT INTO questions_answers (question_id, sentence, sentence_translation, is_correct, "order") VALUES (86200008, 'アフターサービスを充実させること', NULL, FALSE, 4);
INSERT INTO questions (id, user_id, is_system, is_khoa_cu, question_type, content_type, level, selection_type, question, passage, passage_translation, general_explanation, skill_category, base_difficulty, tenant_id, is_active, is_deleted, created_at, created_by) VALUES (86200009, NULL, TRUE, FALSE, 'reading', 'keigo_dokkai_ukemi_shieki', NULL, 'single', 'このメールの目的は何ですか。

Mục đích của email này là gì?', '8010603', 'Email từ quản lý giao nhiệm vụ cho nhân viên. Sử dụng 使役形 (させます) để giao việc và させていただく để xin phép một cách lịch sự.', 'Email thông báo về dự án mới và yêu cầu đội ngũ chuẩn bị cho nó. Chủ đích chính là giao nhiệm vụ và yêu cầu chuẩn bị.', 'dokkai', 1, 'system', TRUE, FALSE, NOW(), 'system') ON CONFLICT (id) DO UPDATE SET question_type = EXCLUDED.question_type, content_type = EXCLUDED.content_type, level = EXCLUDED.level, question = EXCLUDED.question, passage = EXCLUDED.passage, passage_translation = EXCLUDED.passage_translation, general_explanation = EXCLUDED.general_explanation, skill_category = EXCLUDED.skill_category, base_difficulty = EXCLUDED.base_difficulty, is_active = EXCLUDED.is_active, is_deleted = EXCLUDED.is_deleted, updated_at = NOW(), updated_by = 'system';
DELETE FROM questions_answers WHERE question_id = 86200009;
INSERT INTO questions_answers (question_id, sentence, sentence_translation, is_correct, "order") VALUES (86200009, '新しいマーケティングプロジェクトについて通知し、チームメンバーに準備を進めるよう依頼するため', NULL, TRUE, 1);
INSERT INTO questions_answers (question_id, sentence, sentence_translation, is_correct, "order") VALUES (86200009, '既存顧客へのヒアリング調査の結果を報告するため', NULL, FALSE, 2);
INSERT INTO questions_answers (question_id, sentence, sentence_translation, is_correct, "order") VALUES (86200009, '競合他社の商品について詳しく説明するため', NULL, FALSE, 3);
INSERT INTO questions_answers (question_id, sentence, sentence_translation, is_correct, "order") VALUES (86200009, 'ターゲット層を決定するための会議を開催するため', NULL, FALSE, 4);
INSERT INTO questions (id, user_id, is_system, is_khoa_cu, question_type, content_type, level, selection_type, question, passage, passage_translation, general_explanation, skill_category, base_difficulty, tenant_id, is_active, is_deleted, created_at, created_by) VALUES (86200010, NULL, TRUE, FALSE, 'reading', 'keigo_dokkai_ukemi_shieki', NULL, 'single', '「営業チーム全体に、このプロジェクトの準備を進めていただきたい」という表現について、どのようなニュアンスが含まれていますか。

Biểu thức ''していただきたい'' trong câu này có sắc thái gì?', '8010603', 'Email từ quản lý giao nhiệm vụ cho nhân viên. Sử dụng 使役形 (させます) để giao việc và させていただく để xin phép một cách lịch sự.', 'していただきたい là dạng lịch sự của ''xin vui lòng'' (yêu cầu lịch sự). Nó thể hiện tôn trọng ý muốn của người khác, không mang tính mệnh lệnh cứng nhắc.', 'dokkai', 1, 'system', TRUE, FALSE, NOW(), 'system') ON CONFLICT (id) DO UPDATE SET question_type = EXCLUDED.question_type, content_type = EXCLUDED.content_type, level = EXCLUDED.level, question = EXCLUDED.question, passage = EXCLUDED.passage, passage_translation = EXCLUDED.passage_translation, general_explanation = EXCLUDED.general_explanation, skill_category = EXCLUDED.skill_category, base_difficulty = EXCLUDED.base_difficulty, is_active = EXCLUDED.is_active, is_deleted = EXCLUDED.is_deleted, updated_at = NOW(), updated_by = 'system';
DELETE FROM questions_answers WHERE question_id = 86200010;
INSERT INTO questions_answers (question_id, sentence, sentence_translation, is_correct, "order") VALUES (86200010, '命令的で強制的な指示', NULL, FALSE, 1);
INSERT INTO questions_answers (question_id, sentence, sentence_translation, is_correct, "order") VALUES (86200010, 'お願いやリクエストで、相手の意思を尊重したもの', NULL, TRUE, 2);
INSERT INTO questions_answers (question_id, sentence, sentence_translation, is_correct, "order") VALUES (86200010, '単なる情報提供', NULL, FALSE, 3);
INSERT INTO questions_answers (question_id, sentence, sentence_translation, is_correct, "order") VALUES (86200010, '批判や非難の意を含んだもの', NULL, FALSE, 4);
INSERT INTO questions (id, user_id, is_system, is_khoa_cu, question_type, content_type, level, selection_type, question, passage, passage_translation, general_explanation, skill_category, base_difficulty, tenant_id, is_active, is_deleted, created_at, created_by) VALUES (86200011, NULL, TRUE, FALSE, 'reading', 'keigo_dokkai_ukemi_shieki', NULL, 'single', '「山田さんに担当させていただきます」という表現は何を示していますか。

Biểu thức này chỉ điều gì?', '8010603', 'Email từ quản lý giao nhiệm vụ cho nhân viên. Sử dụng 使役形 (させます) để giao việc và させていただく để xin phép một cách lịch sự.', 'させていただく là dạng tôn trọng của させる, kết hợp sự xin phép lịch sự. Nó cho thấy người nói (quản lý) tôn trọng người khác trong khi giao nhiệm vụ.', 'dokkai', 1, 'system', TRUE, FALSE, NOW(), 'system') ON CONFLICT (id) DO UPDATE SET question_type = EXCLUDED.question_type, content_type = EXCLUDED.content_type, level = EXCLUDED.level, question = EXCLUDED.question, passage = EXCLUDED.passage, passage_translation = EXCLUDED.passage_translation, general_explanation = EXCLUDED.general_explanation, skill_category = EXCLUDED.skill_category, base_difficulty = EXCLUDED.base_difficulty, is_active = EXCLUDED.is_active, is_deleted = EXCLUDED.is_deleted, updated_at = NOW(), updated_by = 'system';
DELETE FROM questions_answers WHERE question_id = 86200011;
INSERT INTO questions_answers (question_id, sentence, sentence_translation, is_correct, "order") VALUES (86200011, '田中が山田さんを強制的に仕事を行わせるということ', NULL, FALSE, 1);
INSERT INTO questions_answers (question_id, sentence, sentence_translation, is_correct, "order") VALUES (86200011, '山田さんが自分で仕事をすることを提案する', NULL, FALSE, 2);
INSERT INTO questions_answers (question_id, sentence, sentence_translation, is_correct, "order") VALUES (86200011, '田中が敬意を持ちながら、山田さんに仕事を担当させることをお願いするということ', NULL, TRUE, 3);
INSERT INTO questions_answers (question_id, sentence, sentence_translation, is_correct, "order") VALUES (86200011, '山田さんが田中に協力することを拒否するということ', NULL, FALSE, 4);
INSERT INTO questions (id, user_id, is_system, is_khoa_cu, question_type, content_type, level, selection_type, question, passage, passage_translation, general_explanation, skill_category, base_difficulty, tenant_id, is_active, is_deleted, created_at, created_by) VALUES (86200012, NULL, TRUE, FALSE, 'reading', 'keigo_dokkai_ukemi_shieki', NULL, 'single', '以下の業務のうち、全員で協力することが求められているのはどれですか。

Trong các công việc sau, việc nào yêu cầu tất cả mọi người hợp tác?', '8010603', 'Email từ quản lý giao nhiệm vụ cho nhân viên. Sử dụng 使役形 (させます) để giao việc và させていただく để xin phép một cách lịch sự.', 'Văn bản ghi ''全員で協力していただきたいです'' (mong muốn mọi người hợp tác) cho công việc này. Hai công việc khác được giao cho người cụ thể.', 'dokkai', 1, 'system', TRUE, FALSE, NOW(), 'system') ON CONFLICT (id) DO UPDATE SET question_type = EXCLUDED.question_type, content_type = EXCLUDED.content_type, level = EXCLUDED.level, question = EXCLUDED.question, passage = EXCLUDED.passage, passage_translation = EXCLUDED.passage_translation, general_explanation = EXCLUDED.general_explanation, skill_category = EXCLUDED.skill_category, base_difficulty = EXCLUDED.base_difficulty, is_active = EXCLUDED.is_active, is_deleted = EXCLUDED.is_deleted, updated_at = NOW(), updated_by = 'system';
DELETE FROM questions_answers WHERE question_id = 86200012;
INSERT INTO questions_answers (question_id, sentence, sentence_translation, is_correct, "order") VALUES (86200012, '既存顧客へのヒアリング調査', NULL, FALSE, 1);
INSERT INTO questions_answers (question_id, sentence, sentence_translation, is_correct, "order") VALUES (86200012, '競合他社の商品分析', NULL, FALSE, 2);
INSERT INTO questions_answers (question_id, sentence, sentence_translation, is_correct, "order") VALUES (86200012, 'ターゲット層の市場調査', NULL, TRUE, 3);
INSERT INTO questions_answers (question_id, sentence, sentence_translation, is_correct, "order") VALUES (86200012, 'プロジェクトの準備計画', NULL, FALSE, 4);
INSERT INTO questions (id, user_id, is_system, is_khoa_cu, question_type, content_type, level, selection_type, question, passage, passage_translation, general_explanation, skill_category, base_difficulty, tenant_id, is_active, is_deleted, created_at, created_by) VALUES (86200013, NULL, TRUE, FALSE, 'reading', 'keigo_dokkai_ukemi_shieki', NULL, 'single', 'この議事録が報告している主な問題点は何ですか。

Vấn đề chính được báo cáo trong biên bản là gì?', '8010604', 'Biên bản họp từ cuộc họp quyết định về dự án khẩn cấp. Sử dụng mix bị động trang trọng (られた、が取られた), させていただく (xin phép), và させられる (bị buộc, không tự nguyện).', 'Biên bản rõ ràng nêu rằng do sự thay đổi không lường trước trên thị trường, dự án bị chậm 3 tuần (新規事業プロジェクトの進捗状況...3週間の遅延が生じた).', 'dokkai', 1, 'system', TRUE, FALSE, NOW(), 'system') ON CONFLICT (id) DO UPDATE SET question_type = EXCLUDED.question_type, content_type = EXCLUDED.content_type, level = EXCLUDED.level, question = EXCLUDED.question, passage = EXCLUDED.passage, passage_translation = EXCLUDED.passage_translation, general_explanation = EXCLUDED.general_explanation, skill_category = EXCLUDED.skill_category, base_difficulty = EXCLUDED.base_difficulty, is_active = EXCLUDED.is_active, is_deleted = EXCLUDED.is_deleted, updated_at = NOW(), updated_by = 'system';
DELETE FROM questions_answers WHERE question_id = 86200013;
INSERT INTO questions_answers (question_id, sentence, sentence_translation, is_correct, "order") VALUES (86200013, 'プロジェクトスタッフの能力不足', NULL, FALSE, 1);
INSERT INTO questions_answers (question_id, sentence, sentence_translation, is_correct, "order") VALUES (86200013, 'プロジェクトの進捗遅延と市場の変化', NULL, TRUE, 2);
INSERT INTO questions_answers (question_id, sentence, sentence_translation, is_correct, "order") VALUES (86200013, '企画部と営業部の対立', NULL, FALSE, 3);
INSERT INTO questions_answers (question_id, sentence, sentence_translation, is_correct, "order") VALUES (86200013, '予算不足による資金の問題', NULL, FALSE, 4);
INSERT INTO questions (id, user_id, is_system, is_khoa_cu, question_type, content_type, level, selection_type, question, passage, passage_translation, general_explanation, skill_category, base_difficulty, tenant_id, is_active, is_deleted, created_at, created_by) VALUES (86200014, NULL, TRUE, FALSE, 'reading', 'keigo_dokkai_ukemi_shieki', NULL, 'single', '「複数の施策が講じられることが決定された」という表現で、「講じられる」という受動形が使われている理由として、最も適切なものは。

Tại sao dạng bị động ''được thực hiện'' được sử dụng?', '8010604', 'Biên bản họp từ cuộc họp quyết định về dự án khẩn cấp. Sử dụng mix bị động trang trọng (られた、が取られた), させていただく (xin phép), và させられる (bị buộc, không tự nguyện).', 'Dạng bị động ''được thực hiện'' (講じられる) trong ngữ cảnh chính thức như biên bản họp được sử dụng để tạo vẻ khách quan, công thức hành chính, và tránh chỉ đích danh người quyết định.', 'dokkai', 1, 'system', TRUE, FALSE, NOW(), 'system') ON CONFLICT (id) DO UPDATE SET question_type = EXCLUDED.question_type, content_type = EXCLUDED.content_type, level = EXCLUDED.level, question = EXCLUDED.question, passage = EXCLUDED.passage, passage_translation = EXCLUDED.passage_translation, general_explanation = EXCLUDED.general_explanation, skill_category = EXCLUDED.skill_category, base_difficulty = EXCLUDED.base_difficulty, is_active = EXCLUDED.is_active, is_deleted = EXCLUDED.is_deleted, updated_at = NOW(), updated_by = 'system';
DELETE FROM questions_answers WHERE question_id = 86200014;
INSERT INTO questions_answers (question_id, sentence, sentence_translation, is_correct, "order") VALUES (86200014, '誰が施策を決めたかを明確に示すため', NULL, FALSE, 1);
INSERT INTO questions_answers (question_id, sentence, sentence_translation, is_correct, "order") VALUES (86200014, '施策の重要性を強調するため', NULL, FALSE, 2);
INSERT INTO questions_answers (question_id, sentence, sentence_translation, is_correct, "order") VALUES (86200014, '誰によるものかを曖昧にし、客観的かつ公式的な表現にするため', NULL, TRUE, 3);
INSERT INTO questions_answers (question_id, sentence, sentence_translation, is_correct, "order") VALUES (86200014, '施策が失敗する可能性を示唆するため', NULL, FALSE, 4);
INSERT INTO questions (id, user_id, is_system, is_khoa_cu, question_type, content_type, level, selection_type, question, passage, passage_translation, general_explanation, skill_category, base_difficulty, tenant_id, is_active, is_deleted, created_at, created_by) VALUES (86200015, NULL, TRUE, FALSE, 'reading', 'keigo_dokkai_ukemi_shieki', NULL, 'single', '「企画部と営業部の責任者には...専任チーム体制を編成させていただくことを予定している」という表現で、「させていただく」が使われている理由として、正しいものは。

Tại sao ''させていただく'' (xin phép) được sử dụng trong câu này?', '8010604', 'Biên bản họp từ cuộc họp quyết định về dự án khẩn cấp. Sử dụng mix bị động trang trọng (られた、が取られた), させていただく (xin phép), và させられる (bị buộc, không tự nguyện).', 'させていただく là cách lịch sự để diễn đạt một hành động mà người nói (ban lãnh đạo) sẽ thực hiện với sự tôn trọng đối với người khác (trưởng phòng). Nó kết hợp xin phép và tôn trọng.', 'dokkai', 1, 'system', TRUE, FALSE, NOW(), 'system') ON CONFLICT (id) DO UPDATE SET question_type = EXCLUDED.question_type, content_type = EXCLUDED.content_type, level = EXCLUDED.level, question = EXCLUDED.question, passage = EXCLUDED.passage, passage_translation = EXCLUDED.passage_translation, general_explanation = EXCLUDED.general_explanation, skill_category = EXCLUDED.skill_category, base_difficulty = EXCLUDED.base_difficulty, is_active = EXCLUDED.is_active, is_deleted = EXCLUDED.is_deleted, updated_at = NOW(), updated_by = 'system';
DELETE FROM questions_answers WHERE question_id = 86200015;
INSERT INTO questions_answers (question_id, sentence, sentence_translation, is_correct, "order") VALUES (86200015, '責任者に対する敬意を示しつつ、チーム編成の実施を表現するため', NULL, TRUE, 1);
INSERT INTO questions_answers (question_id, sentence, sentence_translation, is_correct, "order") VALUES (86200015, '責任者が拒否する可能性があることを示唆するため', NULL, FALSE, 2);
INSERT INTO questions_answers (question_id, sentence, sentence_translation, is_correct, "order") VALUES (86200015, 'チーム編成が義務ではなく、自主的な提案であることを示すため', NULL, FALSE, 3);
INSERT INTO questions_answers (question_id, sentence, sentence_translation, is_correct, "order") VALUES (86200015, '企画部と営業部が全く協力できないことを示すため', NULL, FALSE, 4);
INSERT INTO questions (id, user_id, is_system, is_khoa_cu, question_type, content_type, level, selection_type, question, passage, passage_translation, general_explanation, skill_category, base_difficulty, tenant_id, is_active, is_deleted, created_at, created_by) VALUES (86200016, NULL, TRUE, FALSE, 'reading', 'keigo_dokkai_ukemi_shieki', NULL, 'single', '「他部門のスタッフについては...当プロジェクトへの参加を余儀なくされることになった」と「参加を強制されることになるスタッフには...説明がなされる」という二つの文で、どのような対比が表現されていますか。

Hai câu này thể hiện sự đối lập gì?', '8010604', 'Biên bản họp từ cuộc họp quyết định về dự án khẩn cấp. Sử dụng mix bị động trang trọng (られた、が取られた), させていただく (xin phép), và させられる (bị buộc, không tự nguyện).', 'Hai câu này tạo nên một sự cân bằng: mặc dù nhân viên bị buộc tham gia (余儀なくされ / 強制される), công ty sẽ cung cấp giải thích cẩn thận trước (しっかりと説明がなされる). Điều này thể hiện tôn trọng đối với nhân viên mặc dù tình huống bắt buộc.', 'dokkai', 1, 'system', TRUE, FALSE, NOW(), 'system') ON CONFLICT (id) DO UPDATE SET question_type = EXCLUDED.question_type, content_type = EXCLUDED.content_type, level = EXCLUDED.level, question = EXCLUDED.question, passage = EXCLUDED.passage, passage_translation = EXCLUDED.passage_translation, general_explanation = EXCLUDED.general_explanation, skill_category = EXCLUDED.skill_category, base_difficulty = EXCLUDED.base_difficulty, is_active = EXCLUDED.is_active, is_deleted = EXCLUDED.is_deleted, updated_at = NOW(), updated_by = 'system';
DELETE FROM questions_answers WHERE question_id = 86200016;
INSERT INTO questions_answers (question_id, sentence, sentence_translation, is_correct, "order") VALUES (86200016, '一部のスタッフは喜んで参加し、他のスタッフは強制される', NULL, FALSE, 1);
INSERT INTO questions_answers (question_id, sentence, sentence_translation, is_correct, "order") VALUES (86200016, 'スタッフが参加を余儀なくされる状況と、それに対する会社からの丁寧な説明の提供', NULL, TRUE, 2);
INSERT INTO questions_answers (question_id, sentence, sentence_translation, is_correct, "order") VALUES (86200016, '強制と自発性の完全な矛盾', NULL, FALSE, 3);
INSERT INTO questions_answers (question_id, sentence, sentence_translation, is_correct, "order") VALUES (86200016, '説明が全く不十分であることを強調している', NULL, FALSE, 4);
INSERT INTO questions (id, user_id, is_system, is_khoa_cu, question_type, content_type, level, selection_type, question, passage, passage_translation, general_explanation, skill_category, base_difficulty, tenant_id, is_active, is_deleted, created_at, created_by) VALUES (86200017, NULL, TRUE, FALSE, 'reading', 'keigo_dokkai_ukemi_shieki', NULL, 'single', 'この記事の主要なテーマとして、最も適切なものは。

Chủ đề chính của bài báo này là gì?', '8010605', 'Bài báo từ tạp chí ngành về xu hướng chuyển đổi số trong các doanh nghiệp Nhật Bản. Sử dụng bị động trang trọng phức tạp (によって、を通じて、に基づいて) và phân tích sắc thái ngôn ngữ chuyên sâu.', 'Bài báo lập luận rằng do sự thay đổi nhanh chóng của môi trường kinh doanh, các doanh nghiệp cần tái cấu trúc khả năng cạnh tranh của mình qua chuyển đổi số.', 'dokkai', 1, 'system', TRUE, FALSE, NOW(), 'system') ON CONFLICT (id) DO UPDATE SET question_type = EXCLUDED.question_type, content_type = EXCLUDED.content_type, level = EXCLUDED.level, question = EXCLUDED.question, passage = EXCLUDED.passage, passage_translation = EXCLUDED.passage_translation, general_explanation = EXCLUDED.general_explanation, skill_category = EXCLUDED.skill_category, base_difficulty = EXCLUDED.base_difficulty, is_active = EXCLUDED.is_active, is_deleted = EXCLUDED.is_deleted, updated_at = NOW(), updated_by = 'system';
DELETE FROM questions_answers WHERE question_id = 86200017;
INSERT INTO questions_answers (question_id, sentence, sentence_translation, is_correct, "order") VALUES (86200017, '企業のAI導入による利益増加', NULL, FALSE, 1);
INSERT INTO questions_answers (question_id, sentence, sentence_translation, is_correct, "order") VALUES (86200017, 'デジタル時代における企業競争力の維持と再構築の必要性', NULL, TRUE, 2);
INSERT INTO questions_answers (question_id, sentence, sentence_translation, is_correct, "order") VALUES (86200017, 'クラウドコンピューティング技術の詳細な説明', NULL, FALSE, 3);
INSERT INTO questions_answers (question_id, sentence, sentence_translation, is_correct, "order") VALUES (86200017, '従来型ビジネスモデルの優越性', NULL, FALSE, 4);
INSERT INTO questions (id, user_id, is_system, is_khoa_cu, question_type, content_type, level, selection_type, question, passage, passage_translation, general_explanation, skill_category, base_difficulty, tenant_id, is_active, is_deleted, created_at, created_by) VALUES (86200018, NULL, TRUE, FALSE, 'reading', 'keigo_dokkai_ukemi_shieki', NULL, 'single', '「クラウドコンピューティングやAI導入を通じて、経営効率化が図られている」という文で、「によって」ではなく「を通じて」が使われている理由として、最も適切なものは。

Tại sao ''を通じて'' được dùng thay vì ''によって''?', '8010605', 'Bài báo từ tạp chí ngành về xu hướng chuyển đổi số trong các doanh nghiệp Nhật Bản. Sử dụng bị động trang trọng phức tạp (によって、を通じて、に基づいて) và phân tích sắc thái ngôn ngữ chuyên sâu.', 'を通じて nhấn mạnh phương tiện / quá trình thực hiện, còn によって chỉ tác nhân trực tiếp. Ở đây, tác giả muốn nhấn mạnh rằng việc chuyển đổi số là một quá trình (を通じて) để đạt hiệu quả kinh doanh.', 'dokkai', 1, 'system', TRUE, FALSE, NOW(), 'system') ON CONFLICT (id) DO UPDATE SET question_type = EXCLUDED.question_type, content_type = EXCLUDED.content_type, level = EXCLUDED.level, question = EXCLUDED.question, passage = EXCLUDED.passage, passage_translation = EXCLUDED.passage_translation, general_explanation = EXCLUDED.general_explanation, skill_category = EXCLUDED.skill_category, base_difficulty = EXCLUDED.base_difficulty, is_active = EXCLUDED.is_active, is_deleted = EXCLUDED.is_deleted, updated_at = NOW(), updated_by = 'system';
DELETE FROM questions_answers WHERE question_id = 86200018;
INSERT INTO questions_answers (question_id, sentence, sentence_translation, is_correct, "order") VALUES (86200018, '「によって」より「を通じて」の方が敬意が高いため', NULL, FALSE, 1);
INSERT INTO questions_answers (question_id, sentence, sentence_translation, is_correct, "order") VALUES (86200018, '「を通じて」は手段や方法を強調し、プロセスの重要性を示すため', NULL, TRUE, 2);
INSERT INTO questions_answers (question_id, sentence, sentence_translation, is_correct, "order") VALUES (86200018, '「によって」は企業の努力を否定するため', NULL, FALSE, 3);
INSERT INTO questions_answers (question_id, sentence, sentence_translation, is_correct, "order") VALUES (86200018, '両方の表現は同じ意味なので、特に違いはない', NULL, FALSE, 4);
INSERT INTO questions (id, user_id, is_system, is_khoa_cu, question_type, content_type, level, selection_type, question, passage, passage_translation, general_explanation, skill_category, base_difficulty, tenant_id, is_active, is_deleted, created_at, created_by) VALUES (86200019, NULL, TRUE, FALSE, 'reading', 'keigo_dokkai_ukemi_shieki', NULL, 'single', '「従来型のビジネスモデルに基づいて構築されてきた組織体系は、新たな競争環境に対応させられることを強いられている」という複文の表現から、どのような実情が伝わってきますか。

Cấu trúc phức tạp này truyền đạt điều gì?', '8010605', 'Bài báo từ tạp chí ngành về xu hướng chuyển đổi số trong các doanh nghiệp Nhật Bản. Sử dụng bị động trang trọng phức tạp (によって、を通じて、に基づいて) và phân tích sắc thái ngôn ngữ chuyên sâu.', 'Cấu trúc ''させられることを強いられている'' (bị buộc phải được bắt buộc / bị ép phải thích nghi) chỉ ra rằng các tổ chức không tự nguyện mà bị buộc phải thích nghi với môi trường cạnh tranh mới do những hoàn cảnh bên ngoài.', 'dokkai', 1, 'system', TRUE, FALSE, NOW(), 'system') ON CONFLICT (id) DO UPDATE SET question_type = EXCLUDED.question_type, content_type = EXCLUDED.content_type, level = EXCLUDED.level, question = EXCLUDED.question, passage = EXCLUDED.passage, passage_translation = EXCLUDED.passage_translation, general_explanation = EXCLUDED.general_explanation, skill_category = EXCLUDED.skill_category, base_difficulty = EXCLUDED.base_difficulty, is_active = EXCLUDED.is_active, is_deleted = EXCLUDED.is_deleted, updated_at = NOW(), updated_by = 'system';
DELETE FROM questions_answers WHERE question_id = 86200019;
INSERT INTO questions_answers (question_id, sentence, sentence_translation, is_correct, "order") VALUES (86200019, '組織は自発的かつ主体的に新しい競争環境に対応している', NULL, FALSE, 1);
INSERT INTO questions_answers (question_id, sentence, sentence_translation, is_correct, "order") VALUES (86200019, '組織が旧モデルに基づいているため、新環境への対応を強制されている状況', NULL, TRUE, 2);
INSERT INTO questions_answers (question_id, sentence, sentence_translation, is_correct, "order") VALUES (86200019, '新しい競争環境が形成されていない', NULL, FALSE, 3);
INSERT INTO questions_answers (question_id, sentence, sentence_translation, is_correct, "order") VALUES (86200019, '組織体系の構築に失敗している', NULL, FALSE, 4);
INSERT INTO questions (id, user_id, is_system, is_khoa_cu, question_type, content_type, level, selection_type, question, passage, passage_translation, general_explanation, skill_category, base_difficulty, tenant_id, is_active, is_deleted, created_at, created_by) VALUES (86200020, NULL, TRUE, FALSE, 'reading', 'keigo_dokkai_ukemi_shieki', NULL, 'single', '「適切な対応を講じることができた企業のみが、成長を遂行させられ、グローバル市場での競争力を維持することが見込まれている」という文で、「させられ」が使われている理由として、最も適切な解釈は。

Tại sao ''させられ'' được sử dụng trong ngữ cảnh này?', '8010605', 'Bài báo từ tạp chí ngành về xu hướng chuyển đổi số trong các doanh nghiệp Nhật Bản. Sử dụng bị động trang trọng phức tạp (によって、を通じて、に基づいて) và phân tích sắc thái ngôn ngữ chuyên sâu.', '在此文脈中，「させられ」暗示了企業被市场力所迫而不得不實現成長——這是一種必然性而非自願選擇。這反映出市場競爭環境強制企業必須增長才能生存，而不是企業主動追求成長。Ở đây, させられ chỉ ra rằng sự tăng trưởng là do áp lực thị trường (không phải tự nguyện), thể hiện tính bắt buộc của môi trường cạnh tranh.', 'dokkai', 1, 'system', TRUE, FALSE, NOW(), 'system') ON CONFLICT (id) DO UPDATE SET question_type = EXCLUDED.question_type, content_type = EXCLUDED.content_type, level = EXCLUDED.level, question = EXCLUDED.question, passage = EXCLUDED.passage, passage_translation = EXCLUDED.passage_translation, general_explanation = EXCLUDED.general_explanation, skill_category = EXCLUDED.skill_category, base_difficulty = EXCLUDED.base_difficulty, is_active = EXCLUDED.is_active, is_deleted = EXCLUDED.is_deleted, updated_at = NOW(), updated_by = 'system';
DELETE FROM questions_answers WHERE question_id = 86200020;
INSERT INTO questions_answers (question_id, sentence, sentence_translation, is_correct, "order") VALUES (86200020, '成長が企業の強制的な義務であることを示すため', NULL, FALSE, 1);
INSERT INTO questions_answers (question_id, sentence, sentence_translation, is_correct, "order") VALUES (86200020, '企業が市場競争により成長を余儀なくされる（市場力の圧力）を示唆するため', NULL, TRUE, 2);
INSERT INTO questions_answers (question_id, sentence, sentence_translation, is_correct, "order") VALUES (86200020, '成長が失敗する可能性が高いことを示すため', NULL, FALSE, 3);
INSERT INTO questions_answers (question_id, sentence, sentence_translation, is_correct, "order") VALUES (86200020, '企業の成長努力が完全に無駄であることを示すため', NULL, FALSE, 4);

INSERT INTO study_question_sets (id, name, description, set_type, card_count, tenant_id, is_active, is_deleted, created_at, created_by) VALUES (80100620, '2.1.6 Mô Phỏng Đề Thi BJT Đọc Hiểu: 受動形・使役形・使役受動形 — Mô phỏng đề thi', 'Mô phỏng đề thi BJT đọc hiểu — 20 câu, 5 bài đọc.', 'reading', 20, 'system', TRUE, FALSE, NOW(), 'system') ON CONFLICT (id) DO UPDATE SET name = EXCLUDED.name, description = EXCLUDED.description, set_type = EXCLUDED.set_type, card_count = EXCLUDED.card_count, is_active = EXCLUDED.is_active, is_deleted = EXCLUDED.is_deleted, updated_at = NOW(), updated_by = 'system';
INSERT INTO study_question_set_questions (study_question_set_id, question_id, order_index, tenant_id, is_deleted, created_at, created_by) VALUES (80100620, 86200001, 1, 'system', FALSE, NOW(), 'system') ON CONFLICT (study_question_set_id, question_id) DO UPDATE SET order_index = EXCLUDED.order_index, is_deleted = FALSE;
INSERT INTO study_question_set_questions (study_question_set_id, question_id, order_index, tenant_id, is_deleted, created_at, created_by) VALUES (80100620, 86200002, 2, 'system', FALSE, NOW(), 'system') ON CONFLICT (study_question_set_id, question_id) DO UPDATE SET order_index = EXCLUDED.order_index, is_deleted = FALSE;
INSERT INTO study_question_set_questions (study_question_set_id, question_id, order_index, tenant_id, is_deleted, created_at, created_by) VALUES (80100620, 86200003, 3, 'system', FALSE, NOW(), 'system') ON CONFLICT (study_question_set_id, question_id) DO UPDATE SET order_index = EXCLUDED.order_index, is_deleted = FALSE;
INSERT INTO study_question_set_questions (study_question_set_id, question_id, order_index, tenant_id, is_deleted, created_at, created_by) VALUES (80100620, 86200004, 4, 'system', FALSE, NOW(), 'system') ON CONFLICT (study_question_set_id, question_id) DO UPDATE SET order_index = EXCLUDED.order_index, is_deleted = FALSE;
INSERT INTO study_question_set_questions (study_question_set_id, question_id, order_index, tenant_id, is_deleted, created_at, created_by) VALUES (80100620, 86200005, 5, 'system', FALSE, NOW(), 'system') ON CONFLICT (study_question_set_id, question_id) DO UPDATE SET order_index = EXCLUDED.order_index, is_deleted = FALSE;
INSERT INTO study_question_set_questions (study_question_set_id, question_id, order_index, tenant_id, is_deleted, created_at, created_by) VALUES (80100620, 86200006, 6, 'system', FALSE, NOW(), 'system') ON CONFLICT (study_question_set_id, question_id) DO UPDATE SET order_index = EXCLUDED.order_index, is_deleted = FALSE;
INSERT INTO study_question_set_questions (study_question_set_id, question_id, order_index, tenant_id, is_deleted, created_at, created_by) VALUES (80100620, 86200007, 7, 'system', FALSE, NOW(), 'system') ON CONFLICT (study_question_set_id, question_id) DO UPDATE SET order_index = EXCLUDED.order_index, is_deleted = FALSE;
INSERT INTO study_question_set_questions (study_question_set_id, question_id, order_index, tenant_id, is_deleted, created_at, created_by) VALUES (80100620, 86200008, 8, 'system', FALSE, NOW(), 'system') ON CONFLICT (study_question_set_id, question_id) DO UPDATE SET order_index = EXCLUDED.order_index, is_deleted = FALSE;
INSERT INTO study_question_set_questions (study_question_set_id, question_id, order_index, tenant_id, is_deleted, created_at, created_by) VALUES (80100620, 86200009, 9, 'system', FALSE, NOW(), 'system') ON CONFLICT (study_question_set_id, question_id) DO UPDATE SET order_index = EXCLUDED.order_index, is_deleted = FALSE;
INSERT INTO study_question_set_questions (study_question_set_id, question_id, order_index, tenant_id, is_deleted, created_at, created_by) VALUES (80100620, 86200010, 10, 'system', FALSE, NOW(), 'system') ON CONFLICT (study_question_set_id, question_id) DO UPDATE SET order_index = EXCLUDED.order_index, is_deleted = FALSE;
INSERT INTO study_question_set_questions (study_question_set_id, question_id, order_index, tenant_id, is_deleted, created_at, created_by) VALUES (80100620, 86200011, 11, 'system', FALSE, NOW(), 'system') ON CONFLICT (study_question_set_id, question_id) DO UPDATE SET order_index = EXCLUDED.order_index, is_deleted = FALSE;
INSERT INTO study_question_set_questions (study_question_set_id, question_id, order_index, tenant_id, is_deleted, created_at, created_by) VALUES (80100620, 86200012, 12, 'system', FALSE, NOW(), 'system') ON CONFLICT (study_question_set_id, question_id) DO UPDATE SET order_index = EXCLUDED.order_index, is_deleted = FALSE;
INSERT INTO study_question_set_questions (study_question_set_id, question_id, order_index, tenant_id, is_deleted, created_at, created_by) VALUES (80100620, 86200013, 13, 'system', FALSE, NOW(), 'system') ON CONFLICT (study_question_set_id, question_id) DO UPDATE SET order_index = EXCLUDED.order_index, is_deleted = FALSE;
INSERT INTO study_question_set_questions (study_question_set_id, question_id, order_index, tenant_id, is_deleted, created_at, created_by) VALUES (80100620, 86200014, 14, 'system', FALSE, NOW(), 'system') ON CONFLICT (study_question_set_id, question_id) DO UPDATE SET order_index = EXCLUDED.order_index, is_deleted = FALSE;
INSERT INTO study_question_set_questions (study_question_set_id, question_id, order_index, tenant_id, is_deleted, created_at, created_by) VALUES (80100620, 86200015, 15, 'system', FALSE, NOW(), 'system') ON CONFLICT (study_question_set_id, question_id) DO UPDATE SET order_index = EXCLUDED.order_index, is_deleted = FALSE;
INSERT INTO study_question_set_questions (study_question_set_id, question_id, order_index, tenant_id, is_deleted, created_at, created_by) VALUES (80100620, 86200016, 16, 'system', FALSE, NOW(), 'system') ON CONFLICT (study_question_set_id, question_id) DO UPDATE SET order_index = EXCLUDED.order_index, is_deleted = FALSE;
INSERT INTO study_question_set_questions (study_question_set_id, question_id, order_index, tenant_id, is_deleted, created_at, created_by) VALUES (80100620, 86200017, 17, 'system', FALSE, NOW(), 'system') ON CONFLICT (study_question_set_id, question_id) DO UPDATE SET order_index = EXCLUDED.order_index, is_deleted = FALSE;
INSERT INTO study_question_set_questions (study_question_set_id, question_id, order_index, tenant_id, is_deleted, created_at, created_by) VALUES (80100620, 86200018, 18, 'system', FALSE, NOW(), 'system') ON CONFLICT (study_question_set_id, question_id) DO UPDATE SET order_index = EXCLUDED.order_index, is_deleted = FALSE;
INSERT INTO study_question_set_questions (study_question_set_id, question_id, order_index, tenant_id, is_deleted, created_at, created_by) VALUES (80100620, 86200019, 19, 'system', FALSE, NOW(), 'system') ON CONFLICT (study_question_set_id, question_id) DO UPDATE SET order_index = EXCLUDED.order_index, is_deleted = FALSE;
INSERT INTO study_question_set_questions (study_question_set_id, question_id, order_index, tenant_id, is_deleted, created_at, created_by) VALUES (80100620, 86200020, 20, 'system', FALSE, NOW(), 'system') ON CONFLICT (study_question_set_id, question_id) DO UPDATE SET order_index = EXCLUDED.order_index, is_deleted = FALSE;
INSERT INTO study_resource_question_sets (resource_type, resource_id, study_question_set_id, position, context, tenant_id, is_active, is_deleted, created_at, created_by) VALUES ('module', 8014, 80100620, 5, '{"label": "2.1.6 Mô Phỏng Đề Thi BJT Đọc Hiểu: 受動形・使役形・使役受動形 — Mô phỏng đề thi"}'::jsonb, 'system', TRUE, FALSE, NOW(), 'system') ON CONFLICT (resource_type, resource_id, study_question_set_id) DO UPDATE SET position = EXCLUDED.position, context = EXCLUDED.context, is_active = TRUE, is_deleted = FALSE;

-- BaiTap file: 2.1.7_TongHop_LuyenTap.json
INSERT INTO questions (id, user_id, is_system, is_khoa_cu, question_type, content_type, level, selection_type, question, passage, passage_translation, general_explanation, skill_category, base_difficulty, tenant_id, is_active, is_deleted, created_at, created_by) VALUES (87100001, NULL, TRUE, FALSE, 'chon_dap_an', 'keigo_baitap_keigo_tong_hop', 'BJT-1', 'single', '「いらっしゃる」は何の敬語ですか？

「いらっしゃる」là loại kính ngữ gì?', NULL, NULL, '「いらっしゃる」là dạng Sonkeigo (Tôn kính ngữ) của các động từ いる (ở), 行く (đi), 来る (đến). Dùng khi mô tả hành động của người khác (khách hàng, cấp trên, đối tác) để thể hiện sự kính trọng.

💡 Nhớ công thức: いらっしゃる = 3 trong 1 → ở / đi / đến (Sonkeigo)', 'grammar', 1, 'system', TRUE, FALSE, NOW(), 'system') ON CONFLICT (id) DO UPDATE SET question_type = EXCLUDED.question_type, content_type = EXCLUDED.content_type, level = EXCLUDED.level, question = EXCLUDED.question, passage = EXCLUDED.passage, passage_translation = EXCLUDED.passage_translation, general_explanation = EXCLUDED.general_explanation, skill_category = EXCLUDED.skill_category, base_difficulty = EXCLUDED.base_difficulty, is_active = EXCLUDED.is_active, is_deleted = EXCLUDED.is_deleted, updated_at = NOW(), updated_by = 'system';
DELETE FROM questions_answers WHERE question_id = 87100001;
INSERT INTO questions_answers (question_id, sentence, sentence_translation, is_correct, "order") VALUES (87100001, '謙譲語', 'Khiêm nhường ngữ (Kenjougo)', FALSE, 1);
INSERT INTO questions_answers (question_id, sentence, sentence_translation, is_correct, "order") VALUES (87100001, '尊敬語', 'Tôn kính ngữ (Sonkeigo)', TRUE, 2);
INSERT INTO questions_answers (question_id, sentence, sentence_translation, is_correct, "order") VALUES (87100001, '丁寧語', 'Lịch sự ngữ (Teineigo)', FALSE, 3);
INSERT INTO questions_answers (question_id, sentence, sentence_translation, is_correct, "order") VALUES (87100001, '普通語', 'Ngôn ngữ thông thường', FALSE, 4);
INSERT INTO questions (id, user_id, is_system, is_khoa_cu, question_type, content_type, level, selection_type, question, passage, passage_translation, general_explanation, skill_category, base_difficulty, tenant_id, is_active, is_deleted, created_at, created_by) VALUES (87100002, NULL, TRUE, FALSE, 'chon_dap_an', 'keigo_baitap_keigo_tong_hop', 'BJT-1', 'single', '「参る（まいる）」は何の敬語ですか？

「参る（まいる）」là loại kính ngữ gì?', NULL, NULL, '「参る（まいる）」là dạng Kenjougo (Khiêm nhường ngữ) của 行く (đi) và 来る (đến). Dùng khi mô tả hành động của bản thân hoặc người trong nhóm (Uchi) để hạ thấp mình, qua đó tôn trọng đối phương.

💡 Kenjougo = hành động của MÌNH. 参る = tôi đi / tôi đến.', 'grammar', 1, 'system', TRUE, FALSE, NOW(), 'system') ON CONFLICT (id) DO UPDATE SET question_type = EXCLUDED.question_type, content_type = EXCLUDED.content_type, level = EXCLUDED.level, question = EXCLUDED.question, passage = EXCLUDED.passage, passage_translation = EXCLUDED.passage_translation, general_explanation = EXCLUDED.general_explanation, skill_category = EXCLUDED.skill_category, base_difficulty = EXCLUDED.base_difficulty, is_active = EXCLUDED.is_active, is_deleted = EXCLUDED.is_deleted, updated_at = NOW(), updated_by = 'system';
DELETE FROM questions_answers WHERE question_id = 87100002;
INSERT INTO questions_answers (question_id, sentence, sentence_translation, is_correct, "order") VALUES (87100002, '尊敬語', 'Tôn kính ngữ (Sonkeigo)', FALSE, 1);
INSERT INTO questions_answers (question_id, sentence, sentence_translation, is_correct, "order") VALUES (87100002, '丁寧語', 'Lịch sự ngữ (Teineigo)', FALSE, 2);
INSERT INTO questions_answers (question_id, sentence, sentence_translation, is_correct, "order") VALUES (87100002, '謙譲語', 'Khiêm nhường ngữ (Kenjougo)', TRUE, 3);
INSERT INTO questions_answers (question_id, sentence, sentence_translation, is_correct, "order") VALUES (87100002, '尊敬語と謙譲語の両方', 'Cả Sonkeigo lẫn Kenjougo', FALSE, 4);
INSERT INTO questions (id, user_id, is_system, is_khoa_cu, question_type, content_type, level, selection_type, question, passage, passage_translation, general_explanation, skill_category, base_difficulty, tenant_id, is_active, is_deleted, created_at, created_by) VALUES (87100003, NULL, TRUE, FALSE, 'chon_dap_an', 'keigo_baitap_keigo_tong_hop', 'BJT-1', 'single', '「食べます」は何の敬語ですか？

「食べます」là loại kính ngữ gì?', NULL, NULL, '「食べます」là dạng Teineigo (Lịch sự ngữ) — câu kết thúc bằng 〜ます là Teineigo tiêu chuẩn. Teineigo là nền tảng của mọi giao tiếp lịch sự, không phân biệt chủ ngữ là ai.

💡 Câu kết thúc bằng 〜ます hoặc 〜です → luôn là Teineigo.', 'grammar', 1, 'system', TRUE, FALSE, NOW(), 'system') ON CONFLICT (id) DO UPDATE SET question_type = EXCLUDED.question_type, content_type = EXCLUDED.content_type, level = EXCLUDED.level, question = EXCLUDED.question, passage = EXCLUDED.passage, passage_translation = EXCLUDED.passage_translation, general_explanation = EXCLUDED.general_explanation, skill_category = EXCLUDED.skill_category, base_difficulty = EXCLUDED.base_difficulty, is_active = EXCLUDED.is_active, is_deleted = EXCLUDED.is_deleted, updated_at = NOW(), updated_by = 'system';
DELETE FROM questions_answers WHERE question_id = 87100003;
INSERT INTO questions_answers (question_id, sentence, sentence_translation, is_correct, "order") VALUES (87100003, '謙譲語', 'Khiêm nhường ngữ (Kenjougo)', FALSE, 1);
INSERT INTO questions_answers (question_id, sentence, sentence_translation, is_correct, "order") VALUES (87100003, '尊敬語', 'Tôn kính ngữ (Sonkeigo)', FALSE, 2);
INSERT INTO questions_answers (question_id, sentence, sentence_translation, is_correct, "order") VALUES (87100003, '丁寧語', 'Lịch sự ngữ (Teineigo)', TRUE, 3);
INSERT INTO questions_answers (question_id, sentence, sentence_translation, is_correct, "order") VALUES (87100003, '敬語ではない', 'Không phải kính ngữ', FALSE, 4);
INSERT INTO questions (id, user_id, is_system, is_khoa_cu, question_type, content_type, level, selection_type, question, passage, passage_translation, general_explanation, skill_category, base_difficulty, tenant_id, is_active, is_deleted, created_at, created_by) VALUES (87100004, NULL, TRUE, FALSE, 'chon_dap_an', 'keigo_baitap_keigo_tong_hop', 'BJT-1', 'single', '「言う（いう）」の尊敬語は何ですか？

Dạng Sonkeigo của「言う（いう）」- nói - là gì?', NULL, NULL, '「おっしゃる」là Sonkeigo của 言う (nói). Dùng khi khách hàng hoặc cấp trên nói điều gì đó. Ngược lại, 「申す（もうす）」là Kenjougo — dùng khi chính mình nói.

💡 おっしゃる = người KHÁC nói | 申す = MÌNH nói', 'grammar', 1, 'system', TRUE, FALSE, NOW(), 'system') ON CONFLICT (id) DO UPDATE SET question_type = EXCLUDED.question_type, content_type = EXCLUDED.content_type, level = EXCLUDED.level, question = EXCLUDED.question, passage = EXCLUDED.passage, passage_translation = EXCLUDED.passage_translation, general_explanation = EXCLUDED.general_explanation, skill_category = EXCLUDED.skill_category, base_difficulty = EXCLUDED.base_difficulty, is_active = EXCLUDED.is_active, is_deleted = EXCLUDED.is_deleted, updated_at = NOW(), updated_by = 'system';
DELETE FROM questions_answers WHERE question_id = 87100004;
INSERT INTO questions_answers (question_id, sentence, sentence_translation, is_correct, "order") VALUES (87100004, '申す（もうす）', '申す（もうす）', FALSE, 1);
INSERT INTO questions_answers (question_id, sentence, sentence_translation, is_correct, "order") VALUES (87100004, 'おっしゃる', 'おっしゃる', TRUE, 2);
INSERT INTO questions_answers (question_id, sentence, sentence_translation, is_correct, "order") VALUES (87100004, '言います', '言います', FALSE, 3);
INSERT INTO questions_answers (question_id, sentence, sentence_translation, is_correct, "order") VALUES (87100004, '存じる（ぞんじる）', '存じる（ぞんじる）', FALSE, 4);
INSERT INTO questions (id, user_id, is_system, is_khoa_cu, question_type, content_type, level, selection_type, question, passage, passage_translation, general_explanation, skill_category, base_difficulty, tenant_id, is_active, is_deleted, created_at, created_by) VALUES (87100005, NULL, TRUE, FALSE, 'chon_dap_an', 'keigo_baitap_keigo_tong_hop', 'BJT-1', 'single', '「する」の謙譲語は何ですか？

Dạng Kenjougo của「する」- làm - là gì?', NULL, NULL, '「いたす」là Kenjougo của する (làm). Dùng khi bản thân mình làm việc gì đó cho đối phương. Còn 「なさる」là Sonkeigo — dùng khi đối phương (khách hàng, cấp trên) làm.

💡 いたす = MÌNH làm (khiêm nhường) | なさる = người KHÁC làm (tôn kính)', 'grammar', 1, 'system', TRUE, FALSE, NOW(), 'system') ON CONFLICT (id) DO UPDATE SET question_type = EXCLUDED.question_type, content_type = EXCLUDED.content_type, level = EXCLUDED.level, question = EXCLUDED.question, passage = EXCLUDED.passage, passage_translation = EXCLUDED.passage_translation, general_explanation = EXCLUDED.general_explanation, skill_category = EXCLUDED.skill_category, base_difficulty = EXCLUDED.base_difficulty, is_active = EXCLUDED.is_active, is_deleted = EXCLUDED.is_deleted, updated_at = NOW(), updated_by = 'system';
DELETE FROM questions_answers WHERE question_id = 87100005;
INSERT INTO questions_answers (question_id, sentence, sentence_translation, is_correct, "order") VALUES (87100005, 'なさる', 'なさる', FALSE, 1);
INSERT INTO questions_answers (question_id, sentence, sentence_translation, is_correct, "order") VALUES (87100005, 'します', 'します', FALSE, 2);
INSERT INTO questions_answers (question_id, sentence, sentence_translation, is_correct, "order") VALUES (87100005, 'いたす', 'いたす', TRUE, 3);
INSERT INTO questions_answers (question_id, sentence, sentence_translation, is_correct, "order") VALUES (87100005, 'される', 'される', FALSE, 4);
INSERT INTO questions (id, user_id, is_system, is_khoa_cu, question_type, content_type, level, selection_type, question, passage, passage_translation, general_explanation, skill_category, base_difficulty, tenant_id, is_active, is_deleted, created_at, created_by) VALUES (87100006, NULL, TRUE, FALSE, 'chon_dap_an', 'keigo_baitap_keigo_tong_hop', 'BJT-1', 'single', '「見る（みる）」の謙譲語は何ですか？

Dạng Kenjougo của「見る（みる）」- xem/nhìn - là gì?', NULL, NULL, '「拝見する（はいけんする）」là Kenjougo của 見る — dùng khi bản thân xem tài liệu, thư từ của đối phương. Còn 「ご覧になる（ごらんになる）」là Sonkeigo — dùng khi đề nghị khách hàng xem thứ gì đó.

💡 拝見する = MÌNH xem (khiêm nhường) | ご覧になる = mời người KHÁC xem (tôn kính)', 'grammar', 1, 'system', TRUE, FALSE, NOW(), 'system') ON CONFLICT (id) DO UPDATE SET question_type = EXCLUDED.question_type, content_type = EXCLUDED.content_type, level = EXCLUDED.level, question = EXCLUDED.question, passage = EXCLUDED.passage, passage_translation = EXCLUDED.passage_translation, general_explanation = EXCLUDED.general_explanation, skill_category = EXCLUDED.skill_category, base_difficulty = EXCLUDED.base_difficulty, is_active = EXCLUDED.is_active, is_deleted = EXCLUDED.is_deleted, updated_at = NOW(), updated_by = 'system';
DELETE FROM questions_answers WHERE question_id = 87100006;
INSERT INTO questions_answers (question_id, sentence, sentence_translation, is_correct, "order") VALUES (87100006, 'ご覧になる（ごらんになる）', 'ご覧になる', FALSE, 1);
INSERT INTO questions_answers (question_id, sentence, sentence_translation, is_correct, "order") VALUES (87100006, '拝見する（はいけんする）', '拝見する', TRUE, 2);
INSERT INTO questions_answers (question_id, sentence, sentence_translation, is_correct, "order") VALUES (87100006, '見ます', '見ます', FALSE, 3);
INSERT INTO questions_answers (question_id, sentence, sentence_translation, is_correct, "order") VALUES (87100006, 'お見になる', 'お見になる', FALSE, 4);
INSERT INTO questions (id, user_id, is_system, is_khoa_cu, question_type, content_type, level, selection_type, question, passage, passage_translation, general_explanation, skill_category, base_difficulty, tenant_id, is_active, is_deleted, created_at, created_by) VALUES (87100007, NULL, TRUE, FALSE, 'chon_dap_an', 'keigo_baitap_keigo_tong_hop', 'BJT-1', 'single', '取引先の会社を指す場合、どの言葉を使いますか？

Khi nhắc đến công ty của đối tác/khách hàng, dùng từ nào?', NULL, NULL, '「御社（おんしゃ）」dùng khi NÓI về công ty của đối phương (hội thoại). Khi VIẾT thư/email thì dùng 「貴社（きしゃ）」. Còn 弊社/当社 là để chỉ công ty của chính mình.

💡 御社 = công ty BẠN (nói miệng) | 貴社 = công ty BẠN (viết) | 弊社 = công ty TÔI', 'grammar', 1, 'system', TRUE, FALSE, NOW(), 'system') ON CONFLICT (id) DO UPDATE SET question_type = EXCLUDED.question_type, content_type = EXCLUDED.content_type, level = EXCLUDED.level, question = EXCLUDED.question, passage = EXCLUDED.passage, passage_translation = EXCLUDED.passage_translation, general_explanation = EXCLUDED.general_explanation, skill_category = EXCLUDED.skill_category, base_difficulty = EXCLUDED.base_difficulty, is_active = EXCLUDED.is_active, is_deleted = EXCLUDED.is_deleted, updated_at = NOW(), updated_by = 'system';
DELETE FROM questions_answers WHERE question_id = 87100007;
INSERT INTO questions_answers (question_id, sentence, sentence_translation, is_correct, "order") VALUES (87100007, '弊社（へいしゃ）', '弊社 (công ty tôi/chúng tôi)', FALSE, 1);
INSERT INTO questions_answers (question_id, sentence, sentence_translation, is_correct, "order") VALUES (87100007, '当社（とうしゃ）', '当社 (công ty chúng tôi)', FALSE, 2);
INSERT INTO questions_answers (question_id, sentence, sentence_translation, is_correct, "order") VALUES (87100007, '御社（おんしゃ）', '御社 (công ty ngài — dùng khi nói)', TRUE, 3);
INSERT INTO questions_answers (question_id, sentence, sentence_translation, is_correct, "order") VALUES (87100007, '会社（かいしゃ）', '会社 (công ty — thông thường)', FALSE, 4);
INSERT INTO questions (id, user_id, is_system, is_khoa_cu, question_type, content_type, level, selection_type, question, passage, passage_translation, general_explanation, skill_category, base_difficulty, tenant_id, is_active, is_deleted, created_at, created_by) VALUES (87100008, NULL, TRUE, FALSE, 'chon_dap_an', 'keigo_baitap_keigo_tong_hop', 'BJT-1', 'single', '「もらう（morau）」の謙譲語は何ですか？

Dạng Kenjougo của「もらう」- nhận - là gì?', NULL, NULL, '「いただく」là Kenjougo của もらう (nhận). Đặc biệt, いただく còn là Kenjougo của 食べる (ăn) và 飲む (uống). Còn 「くださる」là Sonkeigo của くれる — dùng khi đối phương cho mình thứ gì đó.

💡 いただく = 3 in 1: MÌNH nhận / MÌNH ăn / MÌNH uống (Kenjougo)', 'grammar', 1, 'system', TRUE, FALSE, NOW(), 'system') ON CONFLICT (id) DO UPDATE SET question_type = EXCLUDED.question_type, content_type = EXCLUDED.content_type, level = EXCLUDED.level, question = EXCLUDED.question, passage = EXCLUDED.passage, passage_translation = EXCLUDED.passage_translation, general_explanation = EXCLUDED.general_explanation, skill_category = EXCLUDED.skill_category, base_difficulty = EXCLUDED.base_difficulty, is_active = EXCLUDED.is_active, is_deleted = EXCLUDED.is_deleted, updated_at = NOW(), updated_by = 'system';
DELETE FROM questions_answers WHERE question_id = 87100008;
INSERT INTO questions_answers (question_id, sentence, sentence_translation, is_correct, "order") VALUES (87100008, 'くださる', 'くださる', FALSE, 1);
INSERT INTO questions_answers (question_id, sentence, sentence_translation, is_correct, "order") VALUES (87100008, 'いただく', 'いただく', TRUE, 2);
INSERT INTO questions_answers (question_id, sentence, sentence_translation, is_correct, "order") VALUES (87100008, 'さしあげる', 'さしあげる', FALSE, 3);
INSERT INTO questions_answers (question_id, sentence, sentence_translation, is_correct, "order") VALUES (87100008, '受け取る（うけとる）', '受け取る', FALSE, 4);
INSERT INTO questions (id, user_id, is_system, is_khoa_cu, question_type, content_type, level, selection_type, question, passage, passage_translation, general_explanation, skill_category, base_difficulty, tenant_id, is_active, is_deleted, created_at, created_by) VALUES (87100009, NULL, TRUE, FALSE, 'chon_dap_an', 'keigo_baitap_keigo_tong_hop', 'BJT-1', 'single', 'お〜になる はどんな場合に使いますか？

Cấu trúc「お〜になる」được dùng trong trường hợp nào?', NULL, NULL, '「お〜になる」là cấu trúc Sonkeigo (Tôn kính ngữ) dùng cho động từ gốc Nhật thuần túy (Wa-go). Ví dụ: お読みになる (ngài đọc), お書きになる (ngài viết). Dùng khi mô tả hành động của đối phương — khách hàng, cấp trên.

💡 お〜になる → Sonkeigo cho động từ Nhật thuần | ご〜になる → Sonkeigo cho động từ gốc Hán', 'grammar', 1, 'system', TRUE, FALSE, NOW(), 'system') ON CONFLICT (id) DO UPDATE SET question_type = EXCLUDED.question_type, content_type = EXCLUDED.content_type, level = EXCLUDED.level, question = EXCLUDED.question, passage = EXCLUDED.passage, passage_translation = EXCLUDED.passage_translation, general_explanation = EXCLUDED.general_explanation, skill_category = EXCLUDED.skill_category, base_difficulty = EXCLUDED.base_difficulty, is_active = EXCLUDED.is_active, is_deleted = EXCLUDED.is_deleted, updated_at = NOW(), updated_by = 'system';
DELETE FROM questions_answers WHERE question_id = 87100009;
INSERT INTO questions_answers (question_id, sentence, sentence_translation, is_correct, "order") VALUES (87100009, '自分の行動を謙虚に表す時', 'Khi diễn đạt hành động của bản thân một cách khiêm nhường', FALSE, 1);
INSERT INTO questions_answers (question_id, sentence, sentence_translation, is_correct, "order") VALUES (87100009, '相手の行動を丁寧に表す時（尊敬語）', 'Khi diễn đạt hành động của đối phương một cách tôn kính (Sonkeigo)', TRUE, 2);
INSERT INTO questions_answers (question_id, sentence, sentence_translation, is_correct, "order") VALUES (87100009, '普通の丁寧な表現として', 'Như một cách diễn đạt lịch sự thông thường (Teineigo)', FALSE, 3);
INSERT INTO questions_answers (question_id, sentence, sentence_translation, is_correct, "order") VALUES (87100009, '否定を丁寧に表す時', 'Khi diễn đạt phủ định một cách lịch sự', FALSE, 4);
INSERT INTO questions (id, user_id, is_system, is_khoa_cu, question_type, content_type, level, selection_type, question, passage, passage_translation, general_explanation, skill_category, base_difficulty, tenant_id, is_active, is_deleted, created_at, created_by) VALUES (87100010, NULL, TRUE, FALSE, 'chon_dap_an', 'keigo_baitap_keigo_tong_hop', 'BJT-1', 'single', 'お〜する はどんな場合に使いますか？

Cấu trúc「お〜する」được dùng trong trường hợp nào?', NULL, NULL, '「お〜する（いたす）」là cấu trúc Kenjougo (Khiêm nhường ngữ). Ví dụ: お送りする (tôi gửi cho ngài), お届けする (tôi giao cho ngài), お伝えする (tôi truyền đạt cho ngài). Chủ ngữ là BẢN THÂN người nói.

💡 お〜する = MÌNH làm cho người khác (Kenjougo) ↔ お〜になる = người KHÁC làm (Sonkeigo)', 'grammar', 1, 'system', TRUE, FALSE, NOW(), 'system') ON CONFLICT (id) DO UPDATE SET question_type = EXCLUDED.question_type, content_type = EXCLUDED.content_type, level = EXCLUDED.level, question = EXCLUDED.question, passage = EXCLUDED.passage, passage_translation = EXCLUDED.passage_translation, general_explanation = EXCLUDED.general_explanation, skill_category = EXCLUDED.skill_category, base_difficulty = EXCLUDED.base_difficulty, is_active = EXCLUDED.is_active, is_deleted = EXCLUDED.is_deleted, updated_at = NOW(), updated_by = 'system';
DELETE FROM questions_answers WHERE question_id = 87100010;
INSERT INTO questions_answers (question_id, sentence, sentence_translation, is_correct, "order") VALUES (87100010, '相手の行動を尊敬して表す時', 'Khi diễn đạt hành động của đối phương bằng thái độ tôn kính', FALSE, 1);
INSERT INTO questions_answers (question_id, sentence, sentence_translation, is_correct, "order") VALUES (87100010, '自分の行動を謙虚に表す時（謙譲語）', 'Khi diễn đạt hành động của bản thân một cách khiêm nhường (Kenjougo)', TRUE, 2);
INSERT INTO questions_answers (question_id, sentence, sentence_translation, is_correct, "order") VALUES (87100010, '丁寧な否定を表す時', 'Khi diễn đạt phủ định lịch sự', FALSE, 3);
INSERT INTO questions_answers (question_id, sentence, sentence_translation, is_correct, "order") VALUES (87100010, '命令を丁寧に表す時', 'Khi diễn đạt mệnh lệnh lịch sự', FALSE, 4);
INSERT INTO questions (id, user_id, is_system, is_khoa_cu, question_type, content_type, level, selection_type, question, passage, passage_translation, general_explanation, skill_category, base_difficulty, tenant_id, is_active, is_deleted, created_at, created_by) VALUES (87100011, NULL, TRUE, FALSE, 'chon_dap_an', 'keigo_baitap_keigo_tong_hop', 'BJT-2', 'single', 'お客様が会議室に（　　）ました。

Khách hàng đã _______ vào phòng họp. (Chọn từ kính ngữ phù hợp)', NULL, NULL, 'Chủ ngữ là 「お客様」(khách hàng) — người NGOÀI nhóm (Soto). Vì vậy phải dùng Sonkeigo. 「いらっしゃいました」là dạng quá khứ lịch sự của いらっしゃる (Sonkeigo của 来る). 「参り」là Kenjougo — chỉ dùng cho hành động của bản thân.

💡 Chủ ngữ là khách/đối tác → LUÔN dùng Sonkeigo', 'grammar', 2, 'system', TRUE, FALSE, NOW(), 'system') ON CONFLICT (id) DO UPDATE SET question_type = EXCLUDED.question_type, content_type = EXCLUDED.content_type, level = EXCLUDED.level, question = EXCLUDED.question, passage = EXCLUDED.passage, passage_translation = EXCLUDED.passage_translation, general_explanation = EXCLUDED.general_explanation, skill_category = EXCLUDED.skill_category, base_difficulty = EXCLUDED.base_difficulty, is_active = EXCLUDED.is_active, is_deleted = EXCLUDED.is_deleted, updated_at = NOW(), updated_by = 'system';
DELETE FROM questions_answers WHERE question_id = 87100011;
INSERT INTO questions_answers (question_id, sentence, sentence_translation, is_correct, "order") VALUES (87100011, '参り（まいり）', '参り (Kenjougo: tôi đến)', FALSE, 1);
INSERT INTO questions_answers (question_id, sentence, sentence_translation, is_correct, "order") VALUES (87100011, 'いらっしゃい', 'いらっしゃい (Sonkeigo: ngài đến)', TRUE, 2);
INSERT INTO questions_answers (question_id, sentence, sentence_translation, is_correct, "order") VALUES (87100011, '来（き）', '来 (thông thường: đến)', FALSE, 3);
INSERT INTO questions_answers (question_id, sentence, sentence_translation, is_correct, "order") VALUES (87100011, 'おり', 'おり (Kenjougo: tôi ở)', FALSE, 4);
INSERT INTO questions (id, user_id, is_system, is_khoa_cu, question_type, content_type, level, selection_type, question, passage, passage_translation, general_explanation, skill_category, base_difficulty, tenant_id, is_active, is_deleted, created_at, created_by) VALUES (87100012, NULL, TRUE, FALSE, 'chon_dap_an', 'keigo_baitap_keigo_tong_hop', 'BJT-2', 'single', '後ほど、私がそちらに（　　）します。

Lát nữa, tôi sẽ _______ đến chỗ quý vị. (Chọn từ kính ngữ phù hợp)', NULL, NULL, 'Chủ ngữ là 「私」(tôi) — bản thân người nói. Vì vậy phải dùng Kenjougo để hạ thấp mình. 「参ります（まいります）」là Kenjougo của 行く/来る. Câu đúng: 「後ほど、私がそちらに参ります。」

💡 Chủ ngữ là MÌNH → dùng Kenjougo (参る, いたす, 申す...)', 'grammar', 2, 'system', TRUE, FALSE, NOW(), 'system') ON CONFLICT (id) DO UPDATE SET question_type = EXCLUDED.question_type, content_type = EXCLUDED.content_type, level = EXCLUDED.level, question = EXCLUDED.question, passage = EXCLUDED.passage, passage_translation = EXCLUDED.passage_translation, general_explanation = EXCLUDED.general_explanation, skill_category = EXCLUDED.skill_category, base_difficulty = EXCLUDED.base_difficulty, is_active = EXCLUDED.is_active, is_deleted = EXCLUDED.is_deleted, updated_at = NOW(), updated_by = 'system';
DELETE FROM questions_answers WHERE question_id = 87100012;
INSERT INTO questions_answers (question_id, sentence, sentence_translation, is_correct, "order") VALUES (87100012, 'いらっしゃい', 'いらっしゃい (Sonkeigo)', FALSE, 1);
INSERT INTO questions_answers (question_id, sentence, sentence_translation, is_correct, "order") VALUES (87100012, '来（き）', '来 (thông thường)', FALSE, 2);
INSERT INTO questions_answers (question_id, sentence, sentence_translation, is_correct, "order") VALUES (87100012, '参り（まいり）', '参り (Kenjougo)', TRUE, 3);
INSERT INTO questions_answers (question_id, sentence, sentence_translation, is_correct, "order") VALUES (87100012, '行き（いき）', '行き (thông thường)', FALSE, 4);
INSERT INTO questions (id, user_id, is_system, is_khoa_cu, question_type, content_type, level, selection_type, question, passage, passage_translation, general_explanation, skill_category, base_difficulty, tenant_id, is_active, is_deleted, created_at, created_by) VALUES (87100013, NULL, TRUE, FALSE, 'chon_dap_an', 'keigo_baitap_keigo_tong_hop', 'BJT-2', 'single', '資料をご（　　）いただけますか？

Liệu quý vị có thể _______ tài liệu này không? (điền Kenjougo của 確認する)', NULL, NULL, 'Cấu trúc「ご〜いただけますか」dùng danh từ gốc Hán + いただく (Kenjougo của もらう) để yêu cầu đối phương làm gì đó một cách rất lịch sự. 「ご確認いただけますか」= Liệu quý vị có thể xác nhận giúp tôi không? Đây là mẫu câu cực kỳ phổ biến trong email kinh doanh.

💡 ご〜いただけますか = yêu cầu lịch sự nhất trong giao tiếp kinh doanh', 'grammar', 2, 'system', TRUE, FALSE, NOW(), 'system') ON CONFLICT (id) DO UPDATE SET question_type = EXCLUDED.question_type, content_type = EXCLUDED.content_type, level = EXCLUDED.level, question = EXCLUDED.question, passage = EXCLUDED.passage, passage_translation = EXCLUDED.passage_translation, general_explanation = EXCLUDED.general_explanation, skill_category = EXCLUDED.skill_category, base_difficulty = EXCLUDED.base_difficulty, is_active = EXCLUDED.is_active, is_deleted = EXCLUDED.is_deleted, updated_at = NOW(), updated_by = 'system';
DELETE FROM questions_answers WHERE question_id = 87100013;
INSERT INTO questions_answers (question_id, sentence, sentence_translation, is_correct, "order") VALUES (87100013, '確認（かくにん）', '確認 (xác nhận — thông thường)', FALSE, 1);
INSERT INTO questions_answers (question_id, sentence, sentence_translation, is_correct, "order") VALUES (87100013, '確認になって', '確認になって (sai cấu trúc)', FALSE, 2);
INSERT INTO questions_answers (question_id, sentence, sentence_translation, is_correct, "order") VALUES (87100013, '確認（かくにん）', 'ご確認 (xác nhận — lịch sự)', TRUE, 3);
INSERT INTO questions_answers (question_id, sentence, sentence_translation, is_correct, "order") VALUES (87100013, '見て（みて）', '見て (xem — thông thường)', FALSE, 4);
INSERT INTO questions (id, user_id, is_system, is_khoa_cu, question_type, content_type, level, selection_type, question, passage, passage_translation, general_explanation, skill_category, base_difficulty, tenant_id, is_active, is_deleted, created_at, created_by) VALUES (87100014, NULL, TRUE, FALSE, 'chon_dap_an', 'keigo_baitap_keigo_tong_hop', 'BJT-2', 'single', '部長はただいま外出（　　）おります。

Trưởng phòng hiện đang ra ngoài. (Điền từ thích hợp vào chỗ trống — đang nói chuyện với khách)', NULL, NULL, 'Khi nói với khách hàng về trưởng phòng (người TRONG công ty mình = Uchi), PHẢI dùng Kenjougo. Câu đúng: 「部長はただいま外出いたしております」. Dùng 「されて」(Sonkeigo) là sai vì đó áp dụng cho người ngoài nhóm.

💡 Sếp của mình + đang nói với khách → PHẢI dùng Kenjougo (quy tắc Uchi/Soto)', 'grammar', 2, 'system', TRUE, FALSE, NOW(), 'system') ON CONFLICT (id) DO UPDATE SET question_type = EXCLUDED.question_type, content_type = EXCLUDED.content_type, level = EXCLUDED.level, question = EXCLUDED.question, passage = EXCLUDED.passage, passage_translation = EXCLUDED.passage_translation, general_explanation = EXCLUDED.general_explanation, skill_category = EXCLUDED.skill_category, base_difficulty = EXCLUDED.base_difficulty, is_active = EXCLUDED.is_active, is_deleted = EXCLUDED.is_deleted, updated_at = NOW(), updated_by = 'system';
DELETE FROM questions_answers WHERE question_id = 87100014;
INSERT INTO questions_answers (question_id, sentence, sentence_translation, is_correct, "order") VALUES (87100014, 'されて', 'されて (Sonkeigo thụ động)', FALSE, 1);
INSERT INTO questions_answers (question_id, sentence, sentence_translation, is_correct, "order") VALUES (87100014, 'なさって', 'なさって (Sonkeigo của する)', FALSE, 2);
INSERT INTO questions_answers (question_id, sentence, sentence_translation, is_correct, "order") VALUES (87100014, 'いたして', 'いたして (Kenjougo của する)', TRUE, 3);
INSERT INTO questions_answers (question_id, sentence, sentence_translation, is_correct, "order") VALUES (87100014, 'して', 'して (thông thường)', FALSE, 4);
INSERT INTO questions (id, user_id, is_system, is_khoa_cu, question_type, content_type, level, selection_type, question, passage, passage_translation, general_explanation, skill_category, base_difficulty, tenant_id, is_active, is_deleted, created_at, created_by) VALUES (87100015, NULL, TRUE, FALSE, 'chon_dap_an', 'keigo_baitap_keigo_tong_hop', 'BJT-2', 'single', '一番丁寧な依頼表現はどれですか？

Cách diễn đạt yêu cầu lịch sự nhất là câu nào?', NULL, NULL, 'Thang độ lịch sự từ thấp đến cao: 見てください < 見てもらえますか < 見ていただけますか < ご覧いただけないでしょうか。Câu C kết hợp Sonkeigo (ご覧) + Kenjougo (いただく) + dạng phủ định nghi vấn (〜ないでしょうか) — cách lịch sự nhất trong tiếng Nhật thương mại.

💡 〜ていただけないでしょうか = đỉnh cao của yêu cầu lịch sự trong giao tiếp kinh doanh', 'grammar', 2, 'system', TRUE, FALSE, NOW(), 'system') ON CONFLICT (id) DO UPDATE SET question_type = EXCLUDED.question_type, content_type = EXCLUDED.content_type, level = EXCLUDED.level, question = EXCLUDED.question, passage = EXCLUDED.passage, passage_translation = EXCLUDED.passage_translation, general_explanation = EXCLUDED.general_explanation, skill_category = EXCLUDED.skill_category, base_difficulty = EXCLUDED.base_difficulty, is_active = EXCLUDED.is_active, is_deleted = EXCLUDED.is_deleted, updated_at = NOW(), updated_by = 'system';
DELETE FROM questions_answers WHERE question_id = 87100015;
INSERT INTO questions_answers (question_id, sentence, sentence_translation, is_correct, "order") VALUES (87100015, '見てください。', 'Xem đi. (Mệnh lệnh thông thường)', FALSE, 1);
INSERT INTO questions_answers (question_id, sentence, sentence_translation, is_correct, "order") VALUES (87100015, '見てもらえますか。', 'Bạn có thể xem cho tôi không?', FALSE, 2);
INSERT INTO questions_answers (question_id, sentence, sentence_translation, is_correct, "order") VALUES (87100015, 'ご覧いただけないでしょうか。', 'Không biết quý vị có thể xem giúp tôi không ạ?', TRUE, 3);
INSERT INTO questions_answers (question_id, sentence, sentence_translation, is_correct, "order") VALUES (87100015, '見ていただけますか。', 'Quý vị có thể xem giúp tôi không ạ?', FALSE, 4);
INSERT INTO questions (id, user_id, is_system, is_khoa_cu, question_type, content_type, level, selection_type, question, passage, passage_translation, general_explanation, skill_category, base_difficulty, tenant_id, is_active, is_deleted, created_at, created_by) VALUES (87100016, NULL, TRUE, FALSE, 'chon_dap_an', 'keigo_baitap_keigo_tong_hop', 'BJT-2', 'single', '田中部長がそのようにおっしゃいました。→ この文のどこが間違っていますか？（お客様との会話で）

「田中部長がそのようにおっしゃいました。」— Câu này sai ở điểm nào khi nói chuyện với khách hàng?', NULL, NULL, '「おっしゃる」là Sonkeigo của 言う — chỉ dùng cho người NGOÀI nhóm (Soto). Tuy nhiên 田中部長 là người TRONG công ty mình (Uchi). Khi nói với khách, câu đúng phải là: 「田中部長がそのように申しました」— dùng 「申す（もうす）」là Kenjougo của 言う.

💡 Sếp trong công ty = Uchi → khi nói với khách phải dùng Kenjougo, dù là sếp!', 'grammar', 2, 'system', TRUE, FALSE, NOW(), 'system') ON CONFLICT (id) DO UPDATE SET question_type = EXCLUDED.question_type, content_type = EXCLUDED.content_type, level = EXCLUDED.level, question = EXCLUDED.question, passage = EXCLUDED.passage, passage_translation = EXCLUDED.passage_translation, general_explanation = EXCLUDED.general_explanation, skill_category = EXCLUDED.skill_category, base_difficulty = EXCLUDED.base_difficulty, is_active = EXCLUDED.is_active, is_deleted = EXCLUDED.is_deleted, updated_at = NOW(), updated_by = 'system';
DELETE FROM questions_answers WHERE question_id = 87100016;
INSERT INTO questions_answers (question_id, sentence, sentence_translation, is_correct, "order") VALUES (87100016, '「田中部長」の部分が間違っている', 'Phần 「田中部長」sai', FALSE, 1);
INSERT INTO questions_answers (question_id, sentence, sentence_translation, is_correct, "order") VALUES (87100016, '「おっしゃいました」の部分が間違っている', 'Phần 「おっしゃいました」sai — nên dùng Kenjougo', TRUE, 2);
INSERT INTO questions_answers (question_id, sentence, sentence_translation, is_correct, "order") VALUES (87100016, '「そのように」の部分が間違っている', 'Phần 「そのように」sai', FALSE, 3);
INSERT INTO questions_answers (question_id, sentence, sentence_translation, is_correct, "order") VALUES (87100016, '何も間違っていない', 'Không có gì sai', FALSE, 4);
INSERT INTO questions (id, user_id, is_system, is_khoa_cu, question_type, content_type, level, selection_type, question, passage, passage_translation, general_explanation, skill_category, base_difficulty, tenant_id, is_active, is_deleted, created_at, created_by) VALUES (87100017, NULL, TRUE, FALSE, 'chon_dap_an', 'keigo_baitap_keigo_tong_hop', 'BJT-2', 'single', '電話で「少々お待ちください」の後、担当者が不在の場合、正しい表現はどれですか？

Trong cuộc gọi điện thoại, sau khi nói 「少々お待ちください」, nếu người phụ trách không có mặt, câu nào đúng?', NULL, NULL, '「ただいま席を外しております」là mẫu câu chuẩn trong điện thoại kinh doanh Nhật Bản khi người phụ trách không có mặt. Dùng Kenjougo (おります) vì đang nói về người trong nhóm (Uchi) với khách hàng (Soto). Câu C sai vì 「いらっしゃいません」là Sonkeigo — không dùng cho người trong nhóm.

💡 席を外しております = cách nói chuẩn khi nhân viên/sếp không có mặt (điện thoại)', 'grammar', 2, 'system', TRUE, FALSE, NOW(), 'system') ON CONFLICT (id) DO UPDATE SET question_type = EXCLUDED.question_type, content_type = EXCLUDED.content_type, level = EXCLUDED.level, question = EXCLUDED.question, passage = EXCLUDED.passage, passage_translation = EXCLUDED.passage_translation, general_explanation = EXCLUDED.general_explanation, skill_category = EXCLUDED.skill_category, base_difficulty = EXCLUDED.base_difficulty, is_active = EXCLUDED.is_active, is_deleted = EXCLUDED.is_deleted, updated_at = NOW(), updated_by = 'system';
DELETE FROM questions_answers WHERE question_id = 87100017;
INSERT INTO questions_answers (question_id, sentence, sentence_translation, is_correct, "order") VALUES (87100017, '担当者がいません。', 'Người phụ trách không có mặt.', FALSE, 1);
INSERT INTO questions_answers (question_id, sentence, sentence_translation, is_correct, "order") VALUES (87100017, '担当者はただいま席を外しております。', 'Người phụ trách hiện đang vắng chỗ.', TRUE, 2);
INSERT INTO questions_answers (question_id, sentence, sentence_translation, is_correct, "order") VALUES (87100017, '担当者はいらっしゃいません。', 'Người phụ trách không có ở đây.', FALSE, 3);
INSERT INTO questions_answers (question_id, sentence, sentence_translation, is_correct, "order") VALUES (87100017, '担当者は外出されております。', 'Người phụ trách đã ra ngoài (Sonkeigo).', FALSE, 4);
INSERT INTO questions (id, user_id, is_system, is_khoa_cu, question_type, content_type, level, selection_type, question, passage, passage_translation, general_explanation, skill_category, base_difficulty, tenant_id, is_active, is_deleted, created_at, created_by) VALUES (87100018, NULL, TRUE, FALSE, 'chon_dap_an', 'keigo_baitap_keigo_tong_hop', 'BJT-2', 'single', '「ご確認（　　）、ありがとうございます。」— 主語がお客様の場合、（　　）に入る正しい語は？

「ご確認______、ありがとうございます。」— Khi chủ ngữ là khách hàng (người đã xác nhận), điền từ nào?', NULL, NULL, 'Khi chủ ngữ là khách hàng (người đã làm ơn cho mình): dùng 「〜てくださる」(Sonkeigo của くれる). Câu: 「ご確認くださり、ありがとうございます」. Nếu muốn dùng 「いただく」thì chủ ngữ phải là TÔI: 「ご確認いただき、ありがとうございます」(= được ngài xác nhận, xin cảm ơn). Cả hai đều đúng nhưng chủ ngữ khác nhau!

💡 くださる: chủ ngữ = ĐỐI PHƯƠNG | いただく: chủ ngữ = MÌNH (được phép/được nhận)', 'grammar', 2, 'system', TRUE, FALSE, NOW(), 'system') ON CONFLICT (id) DO UPDATE SET question_type = EXCLUDED.question_type, content_type = EXCLUDED.content_type, level = EXCLUDED.level, question = EXCLUDED.question, passage = EXCLUDED.passage, passage_translation = EXCLUDED.passage_translation, general_explanation = EXCLUDED.general_explanation, skill_category = EXCLUDED.skill_category, base_difficulty = EXCLUDED.base_difficulty, is_active = EXCLUDED.is_active, is_deleted = EXCLUDED.is_deleted, updated_at = NOW(), updated_by = 'system';
DELETE FROM questions_answers WHERE question_id = 87100018;
INSERT INTO questions_answers (question_id, sentence, sentence_translation, is_correct, "order") VALUES (87100018, 'いただき', 'いただき (Kenjougo: tôi được nhận)', FALSE, 1);
INSERT INTO questions_answers (question_id, sentence, sentence_translation, is_correct, "order") VALUES (87100018, 'くださり', 'くださり (Sonkeigo: ngài đã cho/làm ơn)', TRUE, 2);
INSERT INTO questions_answers (question_id, sentence, sentence_translation, is_correct, "order") VALUES (87100018, 'なさり', 'なさり (Sonkeigo của する)', FALSE, 3);
INSERT INTO questions_answers (question_id, sentence, sentence_translation, is_correct, "order") VALUES (87100018, 'され', 'され (thụ động lịch sự)', FALSE, 4);
INSERT INTO questions (id, user_id, is_system, is_khoa_cu, question_type, content_type, level, selection_type, question, passage, passage_translation, general_explanation, skill_category, base_difficulty, tenant_id, is_active, is_deleted, created_at, created_by) VALUES (87100019, NULL, TRUE, FALSE, 'chon_dap_an', 'keigo_baitap_keigo_tong_hop', 'BJT-2', 'single', '「申し訳ありませんが、ただいま（　　）おります」— 「できない」の謙譲語は？

「申し訳ありませんが、ただいま______おります」— điền dạng từ chối khéo léo (ý nghĩa: ''khó có thể thực hiện'')', NULL, NULL, '「〜いたしかねる」= いたす (Kenjougo của する) + かねる (khó/không thể). Đây là cách từ chối lịch sự nhất trong tiếng Nhật thương mại. Không nói thẳng「できない」mà dùng「いたしかねます」để giữ thể diện cho đối phương. Câu hoàn chỉnh: 「申し訳ありませんが、ただいまいたしかねております」

💡 いたしかねます = từ chối khéo (không thể) — mẫu câu bắt buộc phải biết trong BJT!', 'grammar', 2, 'system', TRUE, FALSE, NOW(), 'system') ON CONFLICT (id) DO UPDATE SET question_type = EXCLUDED.question_type, content_type = EXCLUDED.content_type, level = EXCLUDED.level, question = EXCLUDED.question, passage = EXCLUDED.passage, passage_translation = EXCLUDED.passage_translation, general_explanation = EXCLUDED.general_explanation, skill_category = EXCLUDED.skill_category, base_difficulty = EXCLUDED.base_difficulty, is_active = EXCLUDED.is_active, is_deleted = EXCLUDED.is_deleted, updated_at = NOW(), updated_by = 'system';
DELETE FROM questions_answers WHERE question_id = 87100019;
INSERT INTO questions_answers (question_id, sentence, sentence_translation, is_correct, "order") VALUES (87100019, 'できなくて', 'できなくて (không thể — thô)', FALSE, 1);
INSERT INTO questions_answers (question_id, sentence, sentence_translation, is_correct, "order") VALUES (87100019, 'いたしかねて', 'いたしかねて (e rằng khó có thể — lịch sự)', TRUE, 2);
INSERT INTO questions_answers (question_id, sentence, sentence_translation, is_correct, "order") VALUES (87100019, 'しないで', 'しないで (không làm — thô)', FALSE, 3);
INSERT INTO questions_answers (question_id, sentence, sentence_translation, is_correct, "order") VALUES (87100019, 'なさらなくて', 'なさらなくて (Sonkeigo: ngài không làm)', FALSE, 4);
INSERT INTO questions (id, user_id, is_system, is_khoa_cu, question_type, content_type, level, selection_type, question, passage, passage_translation, general_explanation, skill_category, base_difficulty, tenant_id, is_active, is_deleted, created_at, created_by) VALUES (87100020, NULL, TRUE, FALSE, 'chon_dap_an', 'keigo_baitap_keigo_tong_hop', 'BJT-2', 'single', '社長のことをお客様に伝える時、「社長のお（　　）をお伝えします」— 正しい語は？

Khi truyền đạt điều gì đó của giám đốc đến khách hàng: 「社長のお______をお伝えします」— điền từ nào? (ý: ''lời nhắn'')', NULL, NULL, '「お言葉（おことば）」= lời nói/lời nhắn (có tiền tố お để thêm lịch sự). Câu hoàn chỉnh: 「社長のお言葉をお伝えします」. Tuy nhiên, vì giám đốc là Uchi (người trong nhóm), khi nói với khách thì câu chuẩn hơn là: 「社長から申し伝えます」— dùng Kenjougo.

💡 Truyền lời sếp đến khách → 申し伝えます là chuẩn nhất (mẫu điện thoại)', 'grammar', 2, 'system', TRUE, FALSE, NOW(), 'system') ON CONFLICT (id) DO UPDATE SET question_type = EXCLUDED.question_type, content_type = EXCLUDED.content_type, level = EXCLUDED.level, question = EXCLUDED.question, passage = EXCLUDED.passage, passage_translation = EXCLUDED.passage_translation, general_explanation = EXCLUDED.general_explanation, skill_category = EXCLUDED.skill_category, base_difficulty = EXCLUDED.base_difficulty, is_active = EXCLUDED.is_active, is_deleted = EXCLUDED.is_deleted, updated_at = NOW(), updated_by = 'system';
DELETE FROM questions_answers WHERE question_id = 87100020;
INSERT INTO questions_answers (question_id, sentence, sentence_translation, is_correct, "order") VALUES (87100020, '言葉（ことば）', '言葉 (lời nói — thông thường)', FALSE, 1);
INSERT INTO questions_answers (question_id, sentence, sentence_translation, is_correct, "order") VALUES (87100020, '話（はなし）', '話 (câu chuyện)', FALSE, 2);
INSERT INTO questions_answers (question_id, sentence, sentence_translation, is_correct, "order") VALUES (87100020, '伝言（でんごん）', '伝言 (lời nhắn — thông thường)', FALSE, 3);
INSERT INTO questions_answers (question_id, sentence, sentence_translation, is_correct, "order") VALUES (87100020, '言葉（ことば）', 'お言葉 (lời — có tiền tố お lịch sự)', TRUE, 4);
INSERT INTO questions (id, user_id, is_system, is_khoa_cu, question_type, content_type, level, selection_type, question, passage, passage_translation, general_explanation, skill_category, base_difficulty, tenant_id, is_active, is_deleted, created_at, created_by) VALUES (87100021, NULL, TRUE, FALSE, 'chon_dap_an', 'keigo_baitap_keigo_tong_hop', 'BJT-3', 'single', 'お客様から「社長はいらっしゃいますか」と聞かれました。社長が席にいる場合、正しい答えはどれですか？

Khách hàng hỏi:「社長はいらっしゃいますか」(Giám đốc có ở đó không?). Khi giám đốc đang có mặt, câu trả lời đúng là gì?', NULL, NULL, 'Quy tắc Uchi/Soto: Giám đốc là người TRONG công ty mình (Uchi). Khi nói chuyện với khách hàng (Soto) về Uchi, PHẢI dùng Kenjougo. 「おります」là Kenjougo của いる. Dù giám đốc là sếp của bạn, trước mặt khách bạn phải ''hạ thấp'' cả sếp lẫn bản thân. Đây là lỗi cực phổ biến trong BJT!

💡 Uchi trước mặt Soto = luôn dùng Kenjougo, kể cả cho giám đốc/chủ tịch!', 'grammar', 3, 'system', TRUE, FALSE, NOW(), 'system') ON CONFLICT (id) DO UPDATE SET question_type = EXCLUDED.question_type, content_type = EXCLUDED.content_type, level = EXCLUDED.level, question = EXCLUDED.question, passage = EXCLUDED.passage, passage_translation = EXCLUDED.passage_translation, general_explanation = EXCLUDED.general_explanation, skill_category = EXCLUDED.skill_category, base_difficulty = EXCLUDED.base_difficulty, is_active = EXCLUDED.is_active, is_deleted = EXCLUDED.is_deleted, updated_at = NOW(), updated_by = 'system';
DELETE FROM questions_answers WHERE question_id = 87100021;
INSERT INTO questions_answers (question_id, sentence, sentence_translation, is_correct, "order") VALUES (87100021, 'はい、社長はいらっしゃいます。', 'Vâng, giám đốc đang có ở đây ạ. (Sonkeigo)', FALSE, 1);
INSERT INTO questions_answers (question_id, sentence, sentence_translation, is_correct, "order") VALUES (87100021, 'はい、社長はおります。', 'Vâng, giám đốc đang có mặt. (Kenjougo)', TRUE, 2);
INSERT INTO questions_answers (question_id, sentence, sentence_translation, is_correct, "order") VALUES (87100021, 'はい、社長はいます。', 'Vâng, giám đốc đang có ở đây. (thông thường)', FALSE, 3);
INSERT INTO questions_answers (question_id, sentence, sentence_translation, is_correct, "order") VALUES (87100021, 'はい、社長はございます。', 'Vâng, giám đốc đang có ở đây. (sai — ございます cho đồ vật)', FALSE, 4);
INSERT INTO questions (id, user_id, is_system, is_khoa_cu, question_type, content_type, level, selection_type, question, passage, passage_translation, general_explanation, skill_category, base_difficulty, tenant_id, is_active, is_deleted, created_at, created_by) VALUES (87100022, NULL, TRUE, FALSE, 'chon_dap_an', 'keigo_baitap_keigo_tong_hop', 'BJT-3', 'single', '取引先に電話して、先方の担当者を呼ぶ時、正しい表現はどれですか？

Khi gọi điện đến công ty đối tác và nhờ gặp người phụ trách của họ, câu nào đúng?', NULL, NULL, 'Khi gọi điện đến công ty đối tác (Soto), người phụ trách của họ là người NGOÀI nhóm — phải dùng 「様（さま）」thay vì 「さん」và kết thúc bằng「お願いいたします」(Kenjougo của お願いします). Câu B thể hiện đúng mức kính trọng và khiêm nhường của người gọi.

💡 Gọi điện sang công ty khác → dùng 〜様 + お願いいたします — chuẩn mực kinh doanh Nhật', 'grammar', 3, 'system', TRUE, FALSE, NOW(), 'system') ON CONFLICT (id) DO UPDATE SET question_type = EXCLUDED.question_type, content_type = EXCLUDED.content_type, level = EXCLUDED.level, question = EXCLUDED.question, passage = EXCLUDED.passage, passage_translation = EXCLUDED.passage_translation, general_explanation = EXCLUDED.general_explanation, skill_category = EXCLUDED.skill_category, base_difficulty = EXCLUDED.base_difficulty, is_active = EXCLUDED.is_active, is_deleted = EXCLUDED.is_deleted, updated_at = NOW(), updated_by = 'system';
DELETE FROM questions_answers WHERE question_id = 87100022;
INSERT INTO questions_answers (question_id, sentence, sentence_translation, is_correct, "order") VALUES (87100022, '山田さんをお願いします。', 'Cho tôi gặp anh Yamada. (bình thường)', FALSE, 1);
INSERT INTO questions_answers (question_id, sentence, sentence_translation, is_correct, "order") VALUES (87100022, '山田様をお願いいたします。', 'Xin cho tôi gặp quý ông Yamada. (lịch sự)', TRUE, 2);
INSERT INTO questions_answers (question_id, sentence, sentence_translation, is_correct, "order") VALUES (87100022, '山田さんに来ていただけますか。', 'Anh Yamada có thể đến được không?', FALSE, 3);
INSERT INTO questions_answers (question_id, sentence, sentence_translation, is_correct, "order") VALUES (87100022, '山田様がいらっしゃいますか、お呼びします。', 'Quý ông Yamada có ở đó không, tôi sẽ gọi.', FALSE, 4);
INSERT INTO questions (id, user_id, is_system, is_khoa_cu, question_type, content_type, level, selection_type, question, passage, passage_translation, general_explanation, skill_category, base_difficulty, tenant_id, is_active, is_deleted, created_at, created_by) VALUES (87100023, NULL, TRUE, FALSE, 'chon_dap_an', 'keigo_baitap_keigo_tong_hop', 'BJT-3', 'single', '「先生が書いた本を読んだ」を最も丁寧な敬語にしてください。

Hãy chuyển câu 「先生が書いた本を読んだ」(Tôi đọc cuốn sách thầy viết) sang dạng kính ngữ lịch sự nhất.', NULL, NULL, 'Câu B kết hợp hoàn hảo: 「お書きになった」(Sonkeigo — hành động viết của thầy) + 「拝読いたしました」(Kenjougo — hành động đọc của mình). 拝読する (はいどくする) là Kenjougo của 読む. Đây là cách viết chuẩn trong thư cảm ơn giáo sư hoặc đối tác.

💡 Kết hợp Sonkeigo (cho người khác) + Kenjougo (cho bản thân) trong cùng một câu = chuẩn mực!', 'grammar', 3, 'system', TRUE, FALSE, NOW(), 'system') ON CONFLICT (id) DO UPDATE SET question_type = EXCLUDED.question_type, content_type = EXCLUDED.content_type, level = EXCLUDED.level, question = EXCLUDED.question, passage = EXCLUDED.passage, passage_translation = EXCLUDED.passage_translation, general_explanation = EXCLUDED.general_explanation, skill_category = EXCLUDED.skill_category, base_difficulty = EXCLUDED.base_difficulty, is_active = EXCLUDED.is_active, is_deleted = EXCLUDED.is_deleted, updated_at = NOW(), updated_by = 'system';
DELETE FROM questions_answers WHERE question_id = 87100023;
INSERT INTO questions_answers (question_id, sentence, sentence_translation, is_correct, "order") VALUES (87100023, '先生がお書きになった本を読みました。', 'Thầy đã viết cuốn sách, tôi đã đọc. (Sonkeigo cho thầy, thường cho mình)', FALSE, 1);
INSERT INTO questions_answers (question_id, sentence, sentence_translation, is_correct, "order") VALUES (87100023, '先生がお書きになった本を拝読いたしました。', 'Thầy đã viết cuốn sách, tôi đã kính đọc. (Sonkeigo + Kenjougo)', TRUE, 2);
INSERT INTO questions_answers (question_id, sentence, sentence_translation, is_correct, "order") VALUES (87100023, '先生が書かれた本をお読みいたしました。', 'Thầy đã viết (thụ động lịch sự), tôi đã đọc. (hỗn hợp)', FALSE, 3);
INSERT INTO questions_answers (question_id, sentence, sentence_translation, is_correct, "order") VALUES (87100023, '先生がお書きになった本を拝読なさいました。', 'Thầy đã đọc cuốn sách thầy viết. (sai chủ ngữ)', FALSE, 4);
INSERT INTO questions (id, user_id, is_system, is_khoa_cu, question_type, content_type, level, selection_type, question, passage, passage_translation, general_explanation, skill_category, base_difficulty, tenant_id, is_active, is_deleted, created_at, created_by) VALUES (87100024, NULL, TRUE, FALSE, 'chon_dap_an', 'keigo_baitap_keigo_tong_hop', 'BJT-3', 'single', 'メールの書き出しとして最も適切な表現はどれですか？

Câu mở đầu email kinh doanh phù hợp nhất là câu nào?', NULL, NULL, '「お世話になっております」là câu mở đầu chuẩn mực trong email kinh doanh Nhật Bản khi đã có quan hệ từ trước — tương đương với ''Cảm ơn sự quan tâm của quý vị''. Kết hợp với 「〜でございます」(Teineigo trang trọng nhất của 〜です) để giới thiệu bản thân. Câu D (突然のメール) dùng khi lần đầu liên hệ với người chưa quen.

💡 お世話になっております = câu mở đầu VÀNG trong email kinh doanh Nhật (đã quen biết)', 'grammar', 3, 'system', TRUE, FALSE, NOW(), 'system') ON CONFLICT (id) DO UPDATE SET question_type = EXCLUDED.question_type, content_type = EXCLUDED.content_type, level = EXCLUDED.level, question = EXCLUDED.question, passage = EXCLUDED.passage, passage_translation = EXCLUDED.passage_translation, general_explanation = EXCLUDED.general_explanation, skill_category = EXCLUDED.skill_category, base_difficulty = EXCLUDED.base_difficulty, is_active = EXCLUDED.is_active, is_deleted = EXCLUDED.is_deleted, updated_at = NOW(), updated_by = 'system';
DELETE FROM questions_answers WHERE question_id = 87100024;
INSERT INTO questions_answers (question_id, sentence, sentence_translation, is_correct, "order") VALUES (87100024, 'こんにちは。田中です。', 'Xin chào. Tôi là Tanaka.', FALSE, 1);
INSERT INTO questions_answers (question_id, sentence, sentence_translation, is_correct, "order") VALUES (87100024, 'お世話になっております。株式会社〇〇の田中でございます。', 'Cảm ơn sự quan tâm của quý vị. Tôi là Tanaka, công ty 〇〇.', TRUE, 2);
INSERT INTO questions_answers (question_id, sentence, sentence_translation, is_correct, "order") VALUES (87100024, 'はじめまして。田中と申します。', 'Rất vui được gặp lần đầu. Tôi tên là Tanaka.', FALSE, 3);
INSERT INTO questions_answers (question_id, sentence, sentence_translation, is_correct, "order") VALUES (87100024, '突然のメール失礼いたします。', 'Xin lỗi vì đã gửi email đột ngột.', FALSE, 4);
INSERT INTO questions (id, user_id, is_system, is_khoa_cu, question_type, content_type, level, selection_type, question, passage, passage_translation, general_explanation, skill_category, base_difficulty, tenant_id, is_active, is_deleted, created_at, created_by) VALUES (87100025, NULL, TRUE, FALSE, 'chon_dap_an', 'keigo_baitap_keigo_tong_hop', 'BJT-3', 'single', '電話を受けた時、相手の名前を確認する正しい表現はどれですか？

Khi nhận điện thoại, câu xác nhận tên người gọi lịch sự nhất là câu nào?', NULL, NULL, 'Câu C là chuẩn mực: 「失礼ですが」(xin lỗi — rào đón lịch sự) + 「お名前」(Teineigo của 名前) + 「お聞かせいただけますか」(Kenjougo — xin được phép nghe/biết). Câu D sai vì ございます dùng cho sự tồn tại của đồ vật, không dùng cho con người.

💡 失礼ですが + お名前をお聞かせいただけますか = combo chuẩn khi hỏi tên qua điện thoại', 'grammar', 3, 'system', TRUE, FALSE, NOW(), 'system') ON CONFLICT (id) DO UPDATE SET question_type = EXCLUDED.question_type, content_type = EXCLUDED.content_type, level = EXCLUDED.level, question = EXCLUDED.question, passage = EXCLUDED.passage, passage_translation = EXCLUDED.passage_translation, general_explanation = EXCLUDED.general_explanation, skill_category = EXCLUDED.skill_category, base_difficulty = EXCLUDED.base_difficulty, is_active = EXCLUDED.is_active, is_deleted = EXCLUDED.is_deleted, updated_at = NOW(), updated_by = 'system';
DELETE FROM questions_answers WHERE question_id = 87100025;
INSERT INTO questions_answers (question_id, sentence, sentence_translation, is_correct, "order") VALUES (87100025, '名前は何ですか？', 'Tên bạn là gì?', FALSE, 1);
INSERT INTO questions_answers (question_id, sentence, sentence_translation, is_correct, "order") VALUES (87100025, 'あなたの名前を教えてください。', 'Hãy cho tôi biết tên bạn.', FALSE, 2);
INSERT INTO questions_answers (question_id, sentence, sentence_translation, is_correct, "order") VALUES (87100025, '失礼ですが、お名前をお聞かせいただけますか。', 'Xin lỗi, liệu quý vị có thể cho biết tên không ạ?', TRUE, 3);
INSERT INTO questions_answers (question_id, sentence, sentence_translation, is_correct, "order") VALUES (87100025, 'お名前はございますか。', 'Quý vị có tên không ạ? (sai ngữ nghĩa)', FALSE, 4);
INSERT INTO questions (id, user_id, is_system, is_khoa_cu, question_type, content_type, level, selection_type, question, passage, passage_translation, general_explanation, skill_category, base_difficulty, tenant_id, is_active, is_deleted, created_at, created_by) VALUES (87100026, NULL, TRUE, FALSE, 'chon_dap_an', 'keigo_baitap_keigo_tong_hop', 'BJT-3', 'single', '（　）に入る正しい語を選んでください。「明日、御社に（　）してもよろしいでしょうか。」

Điền từ đúng vào chỗ trống: 「明日、御社に______してもよろしいでしょうか。」(Ngày mai tôi có thể _______ đến công ty quý vị không?)', NULL, NULL, '「伺う（うかがう）」là Kenjougo của 訪ねる (thăm) và 聞く (hỏi). Khi mình đến thăm công ty đối tác → chủ ngữ là MÌNH → dùng Kenjougo. Câu hoàn chỉnh: 「明日、御社に伺ってもよろしいでしょうか」. Không dùng 「お邪魔する」trong văn viết trang trọng.

💡 伺う = Kenjougo của thăm + hỏi — dùng khi MÌNH đến thăm công ty đối tác', 'grammar', 3, 'system', TRUE, FALSE, NOW(), 'system') ON CONFLICT (id) DO UPDATE SET question_type = EXCLUDED.question_type, content_type = EXCLUDED.content_type, level = EXCLUDED.level, question = EXCLUDED.question, passage = EXCLUDED.passage, passage_translation = EXCLUDED.passage_translation, general_explanation = EXCLUDED.general_explanation, skill_category = EXCLUDED.skill_category, base_difficulty = EXCLUDED.base_difficulty, is_active = EXCLUDED.is_active, is_deleted = EXCLUDED.is_deleted, updated_at = NOW(), updated_by = 'system';
DELETE FROM questions_answers WHERE question_id = 87100026;
INSERT INTO questions_answers (question_id, sentence, sentence_translation, is_correct, "order") VALUES (87100026, '訪問（ほうもん）', '訪問 (thăm — thông thường)', FALSE, 1);
INSERT INTO questions_answers (question_id, sentence, sentence_translation, is_correct, "order") VALUES (87100026, '伺い（うかがい）', '伺い (thăm/hỏi — Kenjougo)', TRUE, 2);
INSERT INTO questions_answers (question_id, sentence, sentence_translation, is_correct, "order") VALUES (87100026, 'お邪魔（おじゃま）', 'お邪魔 (làm phiền — thân mật)', FALSE, 3);
INSERT INTO questions_answers (question_id, sentence, sentence_translation, is_correct, "order") VALUES (87100026, 'いらっしゃい', 'いらっしゃい (Sonkeigo — sai chủ ngữ)', FALSE, 4);
INSERT INTO questions (id, user_id, is_system, is_khoa_cu, question_type, content_type, level, selection_type, question, passage, passage_translation, general_explanation, skill_category, base_difficulty, tenant_id, is_active, is_deleted, created_at, created_by) VALUES (87100027, NULL, TRUE, FALSE, 'chon_dap_an', 'keigo_baitap_keigo_tong_hop', 'BJT-3', 'single', '上司から食事に誘われた時、承諾する丁寧な表現はどれですか？

Khi cấp trên mời đi ăn, câu nhận lời lịch sự nhất là câu nào?', NULL, NULL, '「ご一緒させていただく」= ご一緒する (đi cùng) + させていただく (Kenjougo — được phép làm). Đây là cách nhận lời mời cực kỳ lịch sự, thể hiện sự khiêm nhường của người được mời. Cấu trúc「〜させていただく」là một trong những mẫu Kenjougo quan trọng nhất trong giao tiếp kinh doanh.

💡 〜させていただく = được phép làm (Kenjougo) — cực kỳ lịch sự và thông dụng', 'grammar', 3, 'system', TRUE, FALSE, NOW(), 'system') ON CONFLICT (id) DO UPDATE SET question_type = EXCLUDED.question_type, content_type = EXCLUDED.content_type, level = EXCLUDED.level, question = EXCLUDED.question, passage = EXCLUDED.passage, passage_translation = EXCLUDED.passage_translation, general_explanation = EXCLUDED.general_explanation, skill_category = EXCLUDED.skill_category, base_difficulty = EXCLUDED.base_difficulty, is_active = EXCLUDED.is_active, is_deleted = EXCLUDED.is_deleted, updated_at = NOW(), updated_by = 'system';
DELETE FROM questions_answers WHERE question_id = 87100027;
INSERT INTO questions_answers (question_id, sentence, sentence_translation, is_correct, "order") VALUES (87100027, 'はい、行きます！', 'Vâng, tôi đi!', FALSE, 1);
INSERT INTO questions_answers (question_id, sentence, sentence_translation, is_correct, "order") VALUES (87100027, 'ありがとう、行くよ。', 'Cảm ơn, tôi đi nhé.', FALSE, 2);
INSERT INTO questions_answers (question_id, sentence, sentence_translation, is_correct, "order") VALUES (87100027, 'ぜひ、ご一緒させていただきます。', 'Nhất định rồi, tôi xin được đi cùng ạ.', TRUE, 3);
INSERT INTO questions_answers (question_id, sentence, sentence_translation, is_correct, "order") VALUES (87100027, '行ければと思います。', 'Tôi nghĩ có thể đi được.', FALSE, 4);
INSERT INTO questions (id, user_id, is_system, is_khoa_cu, question_type, content_type, level, selection_type, question, passage, passage_translation, general_explanation, skill_category, base_difficulty, tenant_id, is_active, is_deleted, created_at, created_by) VALUES (87100028, NULL, TRUE, FALSE, 'chon_dap_an', 'keigo_baitap_keigo_tong_hop', 'BJT-3', 'single', '「〜させていただく」の正しい使い方はどれですか？

Câu nào sử dụng đúng cấu trúc「〜させていただく」?', NULL, NULL, '「〜させていただく」diễn đạt hành động mà bản thân được phép thực hiện nhờ sự cho phép/hỗ trợ của người khác. Câu C: 「社長に確認させていただきます」= Tôi xin phép được nhờ giám đốc xác nhận. Câu A cũng đúng về ngữ pháp. Câu B sai vì chủ ngữ phải là MÌNH, không phải khách hàng.

💡 させていただく = tôi xin phép được làm — luôn phải có sự đồng ý (ngầm) của ai đó', 'grammar', 3, 'system', TRUE, FALSE, NOW(), 'system') ON CONFLICT (id) DO UPDATE SET question_type = EXCLUDED.question_type, content_type = EXCLUDED.content_type, level = EXCLUDED.level, question = EXCLUDED.question, passage = EXCLUDED.passage, passage_translation = EXCLUDED.passage_translation, general_explanation = EXCLUDED.general_explanation, skill_category = EXCLUDED.skill_category, base_difficulty = EXCLUDED.base_difficulty, is_active = EXCLUDED.is_active, is_deleted = EXCLUDED.is_deleted, updated_at = NOW(), updated_by = 'system';
DELETE FROM questions_answers WHERE question_id = 87100028;
INSERT INTO questions_answers (question_id, sentence, sentence_translation, is_correct, "order") VALUES (87100028, '資料を確認させていただきました。', 'Tôi đã được phép xác nhận tài liệu ạ.', FALSE, 1);
INSERT INTO questions_answers (question_id, sentence, sentence_translation, is_correct, "order") VALUES (87100028, 'お客様に確認させていただきます。', 'Tôi sẽ để khách hàng xác nhận.', FALSE, 2);
INSERT INTO questions_answers (question_id, sentence, sentence_translation, is_correct, "order") VALUES (87100028, '社長に確認させていただきます。', 'Tôi sẽ xin phép được hỏi giám đốc xác nhận.', TRUE, 3);
INSERT INTO questions_answers (question_id, sentence, sentence_translation, is_correct, "order") VALUES (87100028, '確認させていただいてください。', 'Hãy để tôi được xác nhận. (mệnh lệnh — sai)', FALSE, 4);
INSERT INTO questions (id, user_id, is_system, is_khoa_cu, question_type, content_type, level, selection_type, question, passage, passage_translation, general_explanation, skill_category, base_difficulty, tenant_id, is_active, is_deleted, created_at, created_by) VALUES (87100029, NULL, TRUE, FALSE, 'chon_dap_an', 'keigo_baitap_keigo_tong_hop', 'BJT-3', 'single', '「あいにく」を使って断る時、最も自然な表現はどれですか？（日程の変更を断る場面）

Dùng「あいにく」để từ chối thay đổi lịch trình, câu nào tự nhiên nhất?', NULL, NULL, '「あいにく」(tiếc thay) + 「〜かねます」(khó có thể) tạo ra cách từ chối cực kỳ lịch sự mà không nói thẳng. 「都合がつきかねます」= không thể sắp xếp được (lịch của mình). Đây là biểu đạt thương mại chuẩn khi phải từ chối về thời gian/lịch trình.

💡 あいにく + 〜かねます = công thức từ chối lịch sự, không mất lòng — phổ biến trong BJT', 'grammar', 3, 'system', TRUE, FALSE, NOW(), 'system') ON CONFLICT (id) DO UPDATE SET question_type = EXCLUDED.question_type, content_type = EXCLUDED.content_type, level = EXCLUDED.level, question = EXCLUDED.question, passage = EXCLUDED.passage, passage_translation = EXCLUDED.passage_translation, general_explanation = EXCLUDED.general_explanation, skill_category = EXCLUDED.skill_category, base_difficulty = EXCLUDED.base_difficulty, is_active = EXCLUDED.is_active, is_deleted = EXCLUDED.is_deleted, updated_at = NOW(), updated_by = 'system';
DELETE FROM questions_answers WHERE question_id = 87100029;
INSERT INTO questions_answers (question_id, sentence, sentence_translation, is_correct, "order") VALUES (87100029, 'あいにく、ダメです。', 'Tiếc là không được.', FALSE, 1);
INSERT INTO questions_answers (question_id, sentence, sentence_translation, is_correct, "order") VALUES (87100029, 'あいにく、その日は都合がつきかねます。', 'Thật tiếc, ngày đó tôi e rằng không thể sắp xếp được.', TRUE, 2);
INSERT INTO questions_answers (question_id, sentence, sentence_translation, is_correct, "order") VALUES (87100029, 'あいにく、行けません。', 'Tiếc là tôi không đi được.', FALSE, 3);
INSERT INTO questions_answers (question_id, sentence, sentence_translation, is_correct, "order") VALUES (87100029, 'あいにくですが、行かないです。', 'Thật tiếc nhưng tôi sẽ không đi.', FALSE, 4);
INSERT INTO questions (id, user_id, is_system, is_khoa_cu, question_type, content_type, level, selection_type, question, passage, passage_translation, general_explanation, skill_category, base_difficulty, tenant_id, is_active, is_deleted, created_at, created_by) VALUES (87100030, NULL, TRUE, FALSE, 'chon_dap_an', 'keigo_baitap_keigo_tong_hop', 'BJT-3', 'single', '会議の後、お客様に資料を渡す時、正しい表現はどれですか？

Sau cuộc họp, khi trao tài liệu cho khách hàng, câu nào đúng?', NULL, NULL, 'Câu C sử dụng 「でございます」(Teineigo trang trọng nhất) để giới thiệu tài liệu, và 「どうぞお持ちください」để mời khách lịch sự. Câu D không sai nhưng nghe như đang ''nhờ'' khách mang hộ, không phải trao tặng. Câu A và B quá thô trong ngữ cảnh thương mại.

💡 こちら〜でございます + どうぞ〜ください = công thức trao/mời vật thông dụng trong kinh doanh', 'grammar', 3, 'system', TRUE, FALSE, NOW(), 'system') ON CONFLICT (id) DO UPDATE SET question_type = EXCLUDED.question_type, content_type = EXCLUDED.content_type, level = EXCLUDED.level, question = EXCLUDED.question, passage = EXCLUDED.passage, passage_translation = EXCLUDED.passage_translation, general_explanation = EXCLUDED.general_explanation, skill_category = EXCLUDED.skill_category, base_difficulty = EXCLUDED.base_difficulty, is_active = EXCLUDED.is_active, is_deleted = EXCLUDED.is_deleted, updated_at = NOW(), updated_by = 'system';
DELETE FROM questions_answers WHERE question_id = 87100030;
INSERT INTO questions_answers (question_id, sentence, sentence_translation, is_correct, "order") VALUES (87100030, 'これ、持って行ってください。', 'Cầm cái này đi.', FALSE, 1);
INSERT INTO questions_answers (question_id, sentence, sentence_translation, is_correct, "order") VALUES (87100030, '資料をあげます。', 'Tôi cho anh tài liệu này.', FALSE, 2);
INSERT INTO questions_answers (question_id, sentence, sentence_translation, is_correct, "order") VALUES (87100030, 'こちら、資料でございます。どうぞお持ちください。', 'Đây là tài liệu ạ. Xin mời quý vị cầm về.', TRUE, 3);
INSERT INTO questions_answers (question_id, sentence, sentence_translation, is_correct, "order") VALUES (87100030, '資料を持って行っていただけますか。', 'Quý vị có thể mang tài liệu này đi không?', FALSE, 4);
INSERT INTO questions (id, user_id, is_system, is_khoa_cu, question_type, content_type, level, selection_type, question, passage, passage_translation, general_explanation, skill_category, base_difficulty, tenant_id, is_active, is_deleted, created_at, created_by) VALUES (87100031, NULL, TRUE, FALSE, 'chon_dap_an', 'keigo_baitap_keigo_tong_hop', 'BJT-4', 'single', '次の文の中で、敬語の使い方が正しいものはどれですか？（全てお客様との会話）

Trong các câu sau (đều là hội thoại với khách hàng), câu nào dùng kính ngữ ĐÚNG?', NULL, NULL, 'Câu C đúng: 「弊社の山田が担当いたします」— 弊社 (công ty tôi = Kenjougo), 山田 (tên không thêm さん/様 khi nhắc với khách), いたします (Kenjougo của します). Câu A: 参る không dùng cho sếp. Câu B: いらっしゃいます là Sonkeigo — sai khi nói về người trong nhóm. Câu D: 申し上げる chỉ dùng cho hành động của chính mình, không phải sếp.

💡 Nhắc người trong công ty với khách: Tên không kèm さん + Kenjougo là chuẩn nhất', 'grammar', 4, 'system', TRUE, FALSE, NOW(), 'system') ON CONFLICT (id) DO UPDATE SET question_type = EXCLUDED.question_type, content_type = EXCLUDED.content_type, level = EXCLUDED.level, question = EXCLUDED.question, passage = EXCLUDED.passage, passage_translation = EXCLUDED.passage_translation, general_explanation = EXCLUDED.general_explanation, skill_category = EXCLUDED.skill_category, base_difficulty = EXCLUDED.base_difficulty, is_active = EXCLUDED.is_active, is_deleted = EXCLUDED.is_deleted, updated_at = NOW(), updated_by = 'system';
DELETE FROM questions_answers WHERE question_id = 87100031;
INSERT INTO questions_answers (question_id, sentence, sentence_translation, is_correct, "order") VALUES (87100031, '社長は今、参っております。', 'Giám đốc hiện đang ở đây. (Kenjougo cho người trong nhóm)', FALSE, 1);
INSERT INTO questions_answers (question_id, sentence, sentence_translation, is_correct, "order") VALUES (87100031, '田中部長がいらっしゃいます。', 'Trưởng phòng Tanaka đang có mặt. (Sonkeigo cho người trong nhóm — SAI)', FALSE, 2);
INSERT INTO questions_answers (question_id, sentence, sentence_translation, is_correct, "order") VALUES (87100031, '弊社の山田が担当いたします。', 'Yamada bên tôi sẽ phụ trách. (Kenjougo — đúng)', TRUE, 3);
INSERT INTO questions_answers (question_id, sentence, sentence_translation, is_correct, "order") VALUES (87100031, '私どもの社長が申し上げました。', 'Giám đốc chúng tôi đã trình bày. (sai — 申し上げる dùng cho bản thân, không phải sếp)', FALSE, 4);
INSERT INTO questions (id, user_id, is_system, is_khoa_cu, question_type, content_type, level, selection_type, question, passage, passage_translation, general_explanation, skill_category, base_difficulty, tenant_id, is_active, is_deleted, created_at, created_by) VALUES (87100032, NULL, TRUE, FALSE, 'chon_dap_an', 'keigo_baitap_keigo_tong_hop', 'BJT-4', 'single', '「先生が書かれた論文を拝読なさいました」— この文の問題点は何ですか？

Câu 「先生が書かれた論文を拝読なさいました」— Vấn đề trong câu này là gì?', NULL, NULL, '「拝読する（はいどくする）」là Kenjougo — chủ ngữ phải là MÌNH (người nói). Nhưng「なさいました」là Sonkeigo của する — chủ ngữ phải là người khác. Hai từ này mâu thuẫn nhau. Câu đúng phải là: 「先生がお書きになった論文を拝読いたしました」— お書きになった (Sonkeigo cho hành động của thầy) + 拝読いたしました (Kenjougo cho hành động đọc của mình).

💡 拝読する = Kenjougo → chủ ngữ PHẢI là mình. Không được gắn なさる (Sonkeigo) vào sau!', 'grammar', 4, 'system', TRUE, FALSE, NOW(), 'system') ON CONFLICT (id) DO UPDATE SET question_type = EXCLUDED.question_type, content_type = EXCLUDED.content_type, level = EXCLUDED.level, question = EXCLUDED.question, passage = EXCLUDED.passage, passage_translation = EXCLUDED.passage_translation, general_explanation = EXCLUDED.general_explanation, skill_category = EXCLUDED.skill_category, base_difficulty = EXCLUDED.base_difficulty, is_active = EXCLUDED.is_active, is_deleted = EXCLUDED.is_deleted, updated_at = NOW(), updated_by = 'system';
DELETE FROM questions_answers WHERE question_id = 87100032;
INSERT INTO questions_answers (question_id, sentence, sentence_translation, is_correct, "order") VALUES (87100032, '「書かれた」が間違っている', '「書かれた」sai', FALSE, 1);
INSERT INTO questions_answers (question_id, sentence, sentence_translation, is_correct, "order") VALUES (87100032, '「拝読なさいました」の部分が間違っている — 主語の矛盾', '「拝読なさいました」sai — mâu thuẫn chủ ngữ', TRUE, 2);
INSERT INTO questions_answers (question_id, sentence, sentence_translation, is_correct, "order") VALUES (87100032, '「論文」の前に「ご」が必要', 'Cần thêm「ご」trước「論文」', FALSE, 3);
INSERT INTO questions_answers (question_id, sentence, sentence_translation, is_correct, "order") VALUES (87100032, '「先生」の後に「が」でなく「の」が正しい', 'Sau「先生」phải dùng「の」không phải「が」', FALSE, 4);
INSERT INTO questions (id, user_id, is_system, is_khoa_cu, question_type, content_type, level, selection_type, question, passage, passage_translation, general_explanation, skill_category, base_difficulty, tenant_id, is_active, is_deleted, created_at, created_by) VALUES (87100033, NULL, TRUE, FALSE, 'chon_dap_an', 'keigo_baitap_keigo_tong_hop', 'BJT-4', 'single', 'あなたはA社の社員です。B社のお客様に、自社の田中課長（あなたの上司）について話しています。正しい表現はどれですか？

Bạn là nhân viên công ty A. Bạn đang nói chuyện với khách hàng công ty B về trưởng phòng Tanaka (cấp trên của bạn). Câu nào đúng?', NULL, NULL, 'Đây là tình huống điển hình trong BJT: Khi nói với khách (Soto) về cấp trên của mình (Uchi), PHẢI: (1) Bỏ chức danh hoặc chỉ nói ''Tanaka'' không thêm 課長, (2) Dùng Kenjougo. Câu B đúng: 「田中はただいま外出しております」. Câu A, C, D đều dùng Sonkeigo cho người Uchi — lỗi cơ bản nhất trong BJT!

💡 Với khách về sếp: bỏ chức danh kính trọng + dùng Kenjougo — đây là điểm BJT thường ra đề!', 'grammar', 4, 'system', TRUE, FALSE, NOW(), 'system') ON CONFLICT (id) DO UPDATE SET question_type = EXCLUDED.question_type, content_type = EXCLUDED.content_type, level = EXCLUDED.level, question = EXCLUDED.question, passage = EXCLUDED.passage, passage_translation = EXCLUDED.passage_translation, general_explanation = EXCLUDED.general_explanation, skill_category = EXCLUDED.skill_category, base_difficulty = EXCLUDED.base_difficulty, is_active = EXCLUDED.is_active, is_deleted = EXCLUDED.is_deleted, updated_at = NOW(), updated_by = 'system';
DELETE FROM questions_answers WHERE question_id = 87100033;
INSERT INTO questions_answers (question_id, sentence, sentence_translation, is_correct, "order") VALUES (87100033, '田中課長はただいまいらっしゃいません。', 'Trưởng phòng Tanaka hiện không có ở đây. (Sonkeigo — SAI)', FALSE, 1);
INSERT INTO questions_answers (question_id, sentence, sentence_translation, is_correct, "order") VALUES (87100033, '田中はただいま外出しております。', 'Tanaka hiện đang ra ngoài. (Kenjougo — ĐÚNG)', TRUE, 2);
INSERT INTO questions_answers (question_id, sentence, sentence_translation, is_correct, "order") VALUES (87100033, '田中課長はただいま外出されております。', 'Trưởng phòng Tanaka hiện đang ra ngoài. (Sonkeigo thụ động — SAI)', FALSE, 3);
INSERT INTO questions_answers (question_id, sentence, sentence_translation, is_correct, "order") VALUES (87100033, 'うちの田中課長は今外出なさっています。', 'Trưởng phòng Tanaka nhà tôi đang ra ngoài. (Sonkeigo — SAI)', FALSE, 4);
INSERT INTO questions (id, user_id, is_system, is_khoa_cu, question_type, content_type, level, selection_type, question, passage, passage_translation, general_explanation, skill_category, base_difficulty, tenant_id, is_active, is_deleted, created_at, created_by) VALUES (87100034, NULL, TRUE, FALSE, 'chon_dap_an', 'keigo_baitap_keigo_tong_hop', 'BJT-4', 'single', 'メールで「ご確認のほど、よろしくお願い申し上げます」と書く。この表現について正しい説明はどれですか？

Email viết:「ご確認のほど、よろしくお願い申し上げます」. Giải thích nào đúng về câu này?', NULL, NULL, 'Phân tích câu: 「ご確認」= ご + 確認 (Sonkeigo — hành động của đối phương xác nhận) + 「のほど」= trạng từ làm mềm yêu cầu (không bắt buộc nhưng tăng sự lịch sự) + 「よろしくお願い申し上げます」= 申し上げる là Kenjougo của 言う — hành động của mình (tôi kính nhờ). Đây là câu kết thúc email chuẩn mực, kết hợp Sonkeigo + Kenjougo.

💡 ご確認のほど よろしくお願い申し上げます = kết thúc email chuẩn nhất trong kinh doanh Nhật', 'grammar', 4, 'system', TRUE, FALSE, NOW(), 'system') ON CONFLICT (id) DO UPDATE SET question_type = EXCLUDED.question_type, content_type = EXCLUDED.content_type, level = EXCLUDED.level, question = EXCLUDED.question, passage = EXCLUDED.passage, passage_translation = EXCLUDED.passage_translation, general_explanation = EXCLUDED.general_explanation, skill_category = EXCLUDED.skill_category, base_difficulty = EXCLUDED.base_difficulty, is_active = EXCLUDED.is_active, is_deleted = EXCLUDED.is_deleted, updated_at = NOW(), updated_by = 'system';
DELETE FROM questions_answers WHERE question_id = 87100034;
INSERT INTO questions_answers (question_id, sentence, sentence_translation, is_correct, "order") VALUES (87100034, '「ご確認」はKenjougo、「申し上げます」はSonkeigo', '「ご確認」là Kenjougo, 「申し上げます」là Sonkeigo', FALSE, 1);
INSERT INTO questions_answers (question_id, sentence, sentence_translation, is_correct, "order") VALUES (87100034, '「ご確認」はSonkeigo、「申し上げます」はKenjougo、全体として非常に丁寧な依頼表現', '「ご確認」là Sonkeigo, 「申し上げます」là Kenjougo — toàn câu là yêu cầu rất lịch sự', TRUE, 2);
INSERT INTO questions_answers (question_id, sentence, sentence_translation, is_correct, "order") VALUES (87100034, '「のほど」は不要で、省略できる', '「のほど」không cần thiết, có thể bỏ đi', FALSE, 3);
INSERT INTO questions_answers (question_id, sentence, sentence_translation, is_correct, "order") VALUES (87100034, '「申し上げます」はTeineigo', '「申し上げます」là Teineigo', FALSE, 4);
INSERT INTO questions (id, user_id, is_system, is_khoa_cu, question_type, content_type, level, selection_type, question, passage, passage_translation, general_explanation, skill_category, base_difficulty, tenant_id, is_active, is_deleted, created_at, created_by) VALUES (87100035, NULL, TRUE, FALSE, 'chon_dap_an', 'keigo_baitap_keigo_tong_hop', 'BJT-4', 'single', '電話中、相手が「田中部長はいますか？」と聞きました。田中部長は外出中です。最も適切な対応はどれですか？

Trong cuộc gọi, người gọi hỏi:「田中部長はいますか？」(Trưởng phòng Tanaka có ở đó không?). Trưởng phòng đang ra ngoài. Cách xử lý đúng nhất là gì?', NULL, NULL, 'Câu B chuẩn hoàn toàn: (1) 「田中」không có 部長 — khi nói với khách về sếp không thêm chức danh kính trọng, (2) 「外出しております」— Kenjougo đúng, (3) 「ご伝言を承りましょうか」— ご伝言 (lời nhắn) + 承る (うけたまわる) là Kenjougo của 聞く/もらう — hỏi xem khách có muốn nhắn gì không theo cách lịch sự nhất.

💡 承る（うけたまわる）= Kenjougo cực trang trọng của 受ける/聞く — dùng nhiều trong điện thoại kinh doanh', 'grammar', 4, 'system', TRUE, FALSE, NOW(), 'system') ON CONFLICT (id) DO UPDATE SET question_type = EXCLUDED.question_type, content_type = EXCLUDED.content_type, level = EXCLUDED.level, question = EXCLUDED.question, passage = EXCLUDED.passage, passage_translation = EXCLUDED.passage_translation, general_explanation = EXCLUDED.general_explanation, skill_category = EXCLUDED.skill_category, base_difficulty = EXCLUDED.base_difficulty, is_active = EXCLUDED.is_active, is_deleted = EXCLUDED.is_deleted, updated_at = NOW(), updated_by = 'system';
DELETE FROM questions_answers WHERE question_id = 87100035;
INSERT INTO questions_answers (question_id, sentence, sentence_translation, is_correct, "order") VALUES (87100035, '「田中部長はただいま外出されております。よろしければ、折り返しご連絡いただけますか。」', '(Sonkeigo cho sếp — SAI) + yêu cầu khách gọi lại', FALSE, 1);
INSERT INTO questions_answers (question_id, sentence, sentence_translation, is_correct, "order") VALUES (87100035, '「田中はただいま外出しております。よろしければ、ご伝言を承りましょうか。」', '(Kenjougo cho sếp — đúng) + hỏi có muốn nhắn lại không', TRUE, 2);
INSERT INTO questions_answers (question_id, sentence, sentence_translation, is_correct, "order") VALUES (87100035, '「田中はいません。後でかけ直してください。」', 'Tanaka không có. Vui lòng gọi lại sau.', FALSE, 3);
INSERT INTO questions_answers (question_id, sentence, sentence_translation, is_correct, "order") VALUES (87100035, '「田中部長はお出かけになっています。メッセージを残しますか？」', '(Sonkeigo cho sếp — SAI) + hỏi muốn để lại tin nhắn không', FALSE, 4);
INSERT INTO questions (id, user_id, is_system, is_khoa_cu, question_type, content_type, level, selection_type, question, passage, passage_translation, general_explanation, skill_category, base_difficulty, tenant_id, is_active, is_deleted, created_at, created_by) VALUES (87100036, NULL, TRUE, FALSE, 'chon_dap_an', 'keigo_baitap_keigo_tong_hop', 'BJT-4', 'single', '接待でお客様に食事をすすめる時、正しい表現はどれですか？

Khi mời khách hàng dùng bữa trong tiệc tiếp khách, câu nào đúng?', NULL, NULL, '「召し上がる（めしあがる）」là Sonkeigo của 食べる và 飲む — dùng khi đề nghị/mô tả hành động ăn uống của đối phương (khách hàng). 「いただく」là Kenjougo — chỉ dùng khi MÌNH ăn/uống. Câu D: お食べになる không tự nhiên, người Nhật không nói vậy. Câu chuẩn: 「どうぞ、召し上がってください」

💡 召し上がる = mời người KHÁC ăn/uống | いただく = MÌNH ăn/uống (thụ ơn)', 'grammar', 4, 'system', TRUE, FALSE, NOW(), 'system') ON CONFLICT (id) DO UPDATE SET question_type = EXCLUDED.question_type, content_type = EXCLUDED.content_type, level = EXCLUDED.level, question = EXCLUDED.question, passage = EXCLUDED.passage, passage_translation = EXCLUDED.passage_translation, general_explanation = EXCLUDED.general_explanation, skill_category = EXCLUDED.skill_category, base_difficulty = EXCLUDED.base_difficulty, is_active = EXCLUDED.is_active, is_deleted = EXCLUDED.is_deleted, updated_at = NOW(), updated_by = 'system';
DELETE FROM questions_answers WHERE question_id = 87100036;
INSERT INTO questions_answers (question_id, sentence, sentence_translation, is_correct, "order") VALUES (87100036, 'どうぞ、いただいてください。', 'Mời anh/chị dùng ạ. (いただく = Kenjougo — sai chủ ngữ)', FALSE, 1);
INSERT INTO questions_answers (question_id, sentence, sentence_translation, is_correct, "order") VALUES (87100036, 'どうぞ、召し上がってください。', 'Mời quý vị dùng ạ. (召し上がる = Sonkeigo — đúng)', TRUE, 2);
INSERT INTO questions_answers (question_id, sentence, sentence_translation, is_correct, "order") VALUES (87100036, 'どうぞ、食べてください。', 'Mời ăn nhé. (thông thường — không phù hợp)', FALSE, 3);
INSERT INTO questions_answers (question_id, sentence, sentence_translation, is_correct, "order") VALUES (87100036, 'どうぞ、お食べになってください。', 'Mời ngài ăn ạ. (cấu trúc sai — お食べになる không tự nhiên)', FALSE, 4);
INSERT INTO questions (id, user_id, is_system, is_khoa_cu, question_type, content_type, level, selection_type, question, passage, passage_translation, general_explanation, skill_category, base_difficulty, tenant_id, is_active, is_deleted, created_at, created_by) VALUES (87100037, NULL, TRUE, FALSE, 'chon_dap_an', 'keigo_baitap_keigo_tong_hop', 'BJT-4', 'single', 'メールで「先日お送りした資料、確認してもらえましたか？」を最も丁寧なビジネス敬語に直すと？

Chuyển câu 「先日お送りした資料、確認してもらえましたか？」thành tiếng Nhật kinh doanh lịch sự nhất. Câu nào đúng?', NULL, NULL, 'Câu B chuẩn nhất: 「お送りいたしました」= Kenjougo kép (お〜いたす) cho hành động gửi của mình + 「ご確認いただけましたでしょうか」= ご確認 (Sonkeigo) + いただく (Kenjougo) + でしょうか (hỏi lịch sự). Câu D dùng「お確認なさいました」là Sonkeigo nhưng kết hợp với ご送付 — nghe quá cứng nhắc và ít tự nhiên hơn B.

💡 お〜いたしました (hành động của mình) + ご〜いただけましたでしょうか (hỏi hành động của đối phương) = combo email hoàn hảo', 'grammar', 4, 'system', TRUE, FALSE, NOW(), 'system') ON CONFLICT (id) DO UPDATE SET question_type = EXCLUDED.question_type, content_type = EXCLUDED.content_type, level = EXCLUDED.level, question = EXCLUDED.question, passage = EXCLUDED.passage, passage_translation = EXCLUDED.passage_translation, general_explanation = EXCLUDED.general_explanation, skill_category = EXCLUDED.skill_category, base_difficulty = EXCLUDED.base_difficulty, is_active = EXCLUDED.is_active, is_deleted = EXCLUDED.is_deleted, updated_at = NOW(), updated_by = 'system';
DELETE FROM questions_answers WHERE question_id = 87100037;
INSERT INTO questions_answers (question_id, sentence, sentence_translation, is_correct, "order") VALUES (87100037, '先日送った資料、確認していただけましたか？', 'Tài liệu tôi gửi hôm trước, quý vị đã xem chưa?', FALSE, 1);
INSERT INTO questions_answers (question_id, sentence, sentence_translation, is_correct, "order") VALUES (87100037, '先日お送りいたしました資料は、ご確認いただけましたでしょうか。', 'Tài liệu tôi kính gửi hôm trước, quý vị đã xem qua chưa ạ?', TRUE, 2);
INSERT INTO questions_answers (question_id, sentence, sentence_translation, is_correct, "order") VALUES (87100037, '先日お送りした資料を、ご覧いただけましたでしょうか。', 'Tài liệu tôi gửi hôm trước, quý vị đã ngó qua chưa ạ?', FALSE, 3);
INSERT INTO questions_answers (question_id, sentence, sentence_translation, is_correct, "order") VALUES (87100037, '先日ご送付いたしました資料は、お確認なさいましたでしょうか。', 'Tài liệu tôi kính gửi hôm trước, quý vị đã xác nhận chưa ạ?', FALSE, 4);
INSERT INTO questions (id, user_id, is_system, is_khoa_cu, question_type, content_type, level, selection_type, question, passage, passage_translation, general_explanation, skill_category, base_difficulty, tenant_id, is_active, is_deleted, created_at, created_by) VALUES (87100038, NULL, TRUE, FALSE, 'chon_dap_an', 'keigo_baitap_keigo_tong_hop', 'BJT-4', 'single', '次の4つの表現を丁寧さの低い順に並べてください。「①いただけますか ②いただけないでしょうか ③てもらえますか ④てもらえない」

Sắp xếp 4 câu sau theo thứ tự từ ÍT lịch sự đến NHIỀU lịch sự nhất: ①いただけますか ②いただけないでしょうか ③もらえますか ④もらえない', NULL, NULL, 'Thang độ lịch sự (từ thô đến chuẩn): ④ もらえない (thân mật/thô, câu hỏi phủ định trống không) → ③ もらえますか (thông thường) → ① いただけますか (Kenjougo — lịch sự) → ② いただけないでしょうか (Kenjougo + phủ định + でしょうか — lịch sự nhất). Trong kinh doanh Nhật, câu hỏi phủ định nghi vấn (〜ないでしょうか) nghe khiêm nhường hơn câu hỏi khẳng định.

💡 〜ないでしょうか > 〜ますか trong mức độ lịch sự — người Nhật thích ''giả sử'' hơn là đòi hỏi thẳng', 'grammar', 4, 'system', TRUE, FALSE, NOW(), 'system') ON CONFLICT (id) DO UPDATE SET question_type = EXCLUDED.question_type, content_type = EXCLUDED.content_type, level = EXCLUDED.level, question = EXCLUDED.question, passage = EXCLUDED.passage, passage_translation = EXCLUDED.passage_translation, general_explanation = EXCLUDED.general_explanation, skill_category = EXCLUDED.skill_category, base_difficulty = EXCLUDED.base_difficulty, is_active = EXCLUDED.is_active, is_deleted = EXCLUDED.is_deleted, updated_at = NOW(), updated_by = 'system';
DELETE FROM questions_answers WHERE question_id = 87100038;
INSERT INTO questions_answers (question_id, sentence, sentence_translation, is_correct, "order") VALUES (87100038, '④→③→①→②', '④ (thô nhất) → ③ → ① → ② (lịch sự nhất)', TRUE, 1);
INSERT INTO questions_answers (question_id, sentence, sentence_translation, is_correct, "order") VALUES (87100038, '③→④→①→②', '③ → ④ → ① → ②', FALSE, 2);
INSERT INTO questions_answers (question_id, sentence, sentence_translation, is_correct, "order") VALUES (87100038, '②→①→③→④', '② (lịch sự nhất) → ① → ③ → ④', FALSE, 3);
INSERT INTO questions_answers (question_id, sentence, sentence_translation, is_correct, "order") VALUES (87100038, '①→②→③→④', '① → ② → ③ → ④ (thô nhất)', FALSE, 4);
INSERT INTO questions (id, user_id, is_system, is_khoa_cu, question_type, content_type, level, selection_type, question, passage, passage_translation, general_explanation, skill_category, base_difficulty, tenant_id, is_active, is_deleted, created_at, created_by) VALUES (87100039, NULL, TRUE, FALSE, 'chon_dap_an', 'keigo_baitap_keigo_tong_hop', 'BJT-4', 'single', '会議中、上司の意見に同意する時、最も適切なビジネス表現はどれですか？

Trong cuộc họp, khi đồng ý với ý kiến của cấp trên, câu nào phù hợp nhất trong môi trường kinh doanh?', NULL, NULL, '「おっしゃる通りでございます」= おっしゃる (Sonkeigo của 言う — lời ngài nói) + 通り (đúng như) + でございます (Teineigo trang trọng nhất). Đây là cách đồng ý lịch sự nhất với cấp trên trong môi trường kinh doanh Nhật. Câu D (いい考えですね) nghe như bạn đang ''đánh giá'' cấp trên — không phù hợp về vị thứ.

💡 おっしゃる通りでございます = đồng ý trang trọng nhất với cấp trên — không bao giờ đánh giá sếp!', 'grammar', 4, 'system', TRUE, FALSE, NOW(), 'system') ON CONFLICT (id) DO UPDATE SET question_type = EXCLUDED.question_type, content_type = EXCLUDED.content_type, level = EXCLUDED.level, question = EXCLUDED.question, passage = EXCLUDED.passage, passage_translation = EXCLUDED.passage_translation, general_explanation = EXCLUDED.general_explanation, skill_category = EXCLUDED.skill_category, base_difficulty = EXCLUDED.base_difficulty, is_active = EXCLUDED.is_active, is_deleted = EXCLUDED.is_deleted, updated_at = NOW(), updated_by = 'system';
DELETE FROM questions_answers WHERE question_id = 87100039;
INSERT INTO questions_answers (question_id, sentence, sentence_translation, is_correct, "order") VALUES (87100039, 'そうですね！全然いいと思います。', 'Đúng rồi! Tôi hoàn toàn thấy ổn.', FALSE, 1);
INSERT INTO questions_answers (question_id, sentence, sentence_translation, is_correct, "order") VALUES (87100039, 'おっしゃる通りでございます。', 'Đúng như ngài đã nói ạ.', TRUE, 2);
INSERT INTO questions_answers (question_id, sentence, sentence_translation, is_correct, "order") VALUES (87100039, '私もそう思います。', 'Tôi cũng nghĩ vậy.', FALSE, 3);
INSERT INTO questions_answers (question_id, sentence, sentence_translation, is_correct, "order") VALUES (87100039, 'それはいい考えですね。', 'Đó là ý kiến hay đấy nhỉ.', FALSE, 4);
INSERT INTO questions (id, user_id, is_system, is_khoa_cu, question_type, content_type, level, selection_type, question, passage, passage_translation, general_explanation, skill_category, base_difficulty, tenant_id, is_active, is_deleted, created_at, created_by) VALUES (87100040, NULL, TRUE, FALSE, 'chon_dap_an', 'keigo_baitap_keigo_tong_hop', 'BJT-4', 'single', '次の会話で、（　）に入る最も適切な表現はどれですか？
お客様：「御社の新製品について詳しく教えていただけますか。」
あなた：「はい、（　）。」

Khách hàng: 「御社の新製品について詳しく教えていただけますか。」(Quý vị có thể cho biết chi tiết về sản phẩm mới của công ty không?)
Bạn: 「はい、______。」— Điền câu trả lời phù hợp nhất.', NULL, NULL, '「ご説明いたします」= ご + 説明 (danh từ gốc Hán) + いたします (Kenjougo của します). Đây là cách phản hồi chuẩn nhất khi khách hàng yêu cầu thông tin. Câu D cực kỳ thô lỗ vì「あげる」ngụ ý ''ban ơn'' cho đối phương — tuyệt đối không dùng trong kinh doanh. Câu C 「させてもらいます」nghe hơi thiếu tự tin so với「いたします」.

💡 ご〜いたします = phản hồi chuẩn khi nhận yêu cầu từ khách. Tuyệt đối không dùng あげる với khách hàng!', 'grammar', 4, 'system', TRUE, FALSE, NOW(), 'system') ON CONFLICT (id) DO UPDATE SET question_type = EXCLUDED.question_type, content_type = EXCLUDED.content_type, level = EXCLUDED.level, question = EXCLUDED.question, passage = EXCLUDED.passage, passage_translation = EXCLUDED.passage_translation, general_explanation = EXCLUDED.general_explanation, skill_category = EXCLUDED.skill_category, base_difficulty = EXCLUDED.base_difficulty, is_active = EXCLUDED.is_active, is_deleted = EXCLUDED.is_deleted, updated_at = NOW(), updated_by = 'system';
DELETE FROM questions_answers WHERE question_id = 87100040;
INSERT INTO questions_answers (question_id, sentence, sentence_translation, is_correct, "order") VALUES (87100040, '説明します。', 'Tôi sẽ giải thích.', FALSE, 1);
INSERT INTO questions_answers (question_id, sentence, sentence_translation, is_correct, "order") VALUES (87100040, 'ご説明いたします。', 'Tôi xin được giải thích ạ.', TRUE, 2);
INSERT INTO questions_answers (question_id, sentence, sentence_translation, is_correct, "order") VALUES (87100040, '説明させてもらいます。', 'Để tôi giải thích nhé.', FALSE, 3);
INSERT INTO questions_answers (question_id, sentence, sentence_translation, is_correct, "order") VALUES (87100040, 'ご説明してあげます。', 'Tôi sẽ giải thích cho ngài. (あげる — kiêu ngạo)', FALSE, 4);

INSERT INTO study_question_sets (id, name, description, set_type, card_count, tenant_id, is_active, is_deleted, created_at, created_by) VALUES (80100711, '2.1.8 Bài Tập Tổng Hợp Kính Ngữ (Keigo) — Toàn Bộ Hệ Thống — Cơ bản', 'Bài tập cấp 1 (Cơ bản) — 10 câu.', 'practice', 10, 'system', TRUE, FALSE, NOW(), 'system') ON CONFLICT (id) DO UPDATE SET name = EXCLUDED.name, description = EXCLUDED.description, set_type = EXCLUDED.set_type, card_count = EXCLUDED.card_count, is_active = EXCLUDED.is_active, is_deleted = EXCLUDED.is_deleted, updated_at = NOW(), updated_by = 'system';
INSERT INTO study_question_set_questions (study_question_set_id, question_id, order_index, tenant_id, is_deleted, created_at, created_by) VALUES (80100711, 87100001, 1, 'system', FALSE, NOW(), 'system') ON CONFLICT (study_question_set_id, question_id) DO UPDATE SET order_index = EXCLUDED.order_index, is_deleted = FALSE;
INSERT INTO study_question_set_questions (study_question_set_id, question_id, order_index, tenant_id, is_deleted, created_at, created_by) VALUES (80100711, 87100002, 2, 'system', FALSE, NOW(), 'system') ON CONFLICT (study_question_set_id, question_id) DO UPDATE SET order_index = EXCLUDED.order_index, is_deleted = FALSE;
INSERT INTO study_question_set_questions (study_question_set_id, question_id, order_index, tenant_id, is_deleted, created_at, created_by) VALUES (80100711, 87100003, 3, 'system', FALSE, NOW(), 'system') ON CONFLICT (study_question_set_id, question_id) DO UPDATE SET order_index = EXCLUDED.order_index, is_deleted = FALSE;
INSERT INTO study_question_set_questions (study_question_set_id, question_id, order_index, tenant_id, is_deleted, created_at, created_by) VALUES (80100711, 87100004, 4, 'system', FALSE, NOW(), 'system') ON CONFLICT (study_question_set_id, question_id) DO UPDATE SET order_index = EXCLUDED.order_index, is_deleted = FALSE;
INSERT INTO study_question_set_questions (study_question_set_id, question_id, order_index, tenant_id, is_deleted, created_at, created_by) VALUES (80100711, 87100005, 5, 'system', FALSE, NOW(), 'system') ON CONFLICT (study_question_set_id, question_id) DO UPDATE SET order_index = EXCLUDED.order_index, is_deleted = FALSE;
INSERT INTO study_question_set_questions (study_question_set_id, question_id, order_index, tenant_id, is_deleted, created_at, created_by) VALUES (80100711, 87100006, 6, 'system', FALSE, NOW(), 'system') ON CONFLICT (study_question_set_id, question_id) DO UPDATE SET order_index = EXCLUDED.order_index, is_deleted = FALSE;
INSERT INTO study_question_set_questions (study_question_set_id, question_id, order_index, tenant_id, is_deleted, created_at, created_by) VALUES (80100711, 87100007, 7, 'system', FALSE, NOW(), 'system') ON CONFLICT (study_question_set_id, question_id) DO UPDATE SET order_index = EXCLUDED.order_index, is_deleted = FALSE;
INSERT INTO study_question_set_questions (study_question_set_id, question_id, order_index, tenant_id, is_deleted, created_at, created_by) VALUES (80100711, 87100008, 8, 'system', FALSE, NOW(), 'system') ON CONFLICT (study_question_set_id, question_id) DO UPDATE SET order_index = EXCLUDED.order_index, is_deleted = FALSE;
INSERT INTO study_question_set_questions (study_question_set_id, question_id, order_index, tenant_id, is_deleted, created_at, created_by) VALUES (80100711, 87100009, 9, 'system', FALSE, NOW(), 'system') ON CONFLICT (study_question_set_id, question_id) DO UPDATE SET order_index = EXCLUDED.order_index, is_deleted = FALSE;
INSERT INTO study_question_set_questions (study_question_set_id, question_id, order_index, tenant_id, is_deleted, created_at, created_by) VALUES (80100711, 87100010, 10, 'system', FALSE, NOW(), 'system') ON CONFLICT (study_question_set_id, question_id) DO UPDATE SET order_index = EXCLUDED.order_index, is_deleted = FALSE;
INSERT INTO study_resource_question_sets (resource_type, resource_id, study_question_set_id, position, context, tenant_id, is_active, is_deleted, created_at, created_by) VALUES ('module', 8015, 80100711, 1, '{"label": "2.1.8 Bài Tập Tổng Hợp Kính Ngữ (Keigo) — Toàn Bộ Hệ Thống — Cơ bản"}'::jsonb, 'system', TRUE, FALSE, NOW(), 'system') ON CONFLICT (resource_type, resource_id, study_question_set_id) DO UPDATE SET position = EXCLUDED.position, context = EXCLUDED.context, is_active = TRUE, is_deleted = FALSE;

INSERT INTO study_question_sets (id, name, description, set_type, card_count, tenant_id, is_active, is_deleted, created_at, created_by) VALUES (80100712, '2.1.8 Bài Tập Tổng Hợp Kính Ngữ (Keigo) — Toàn Bộ Hệ Thống — Trung bình', 'Bài tập cấp 2 (Trung bình) — 10 câu.', 'practice', 10, 'system', TRUE, FALSE, NOW(), 'system') ON CONFLICT (id) DO UPDATE SET name = EXCLUDED.name, description = EXCLUDED.description, set_type = EXCLUDED.set_type, card_count = EXCLUDED.card_count, is_active = EXCLUDED.is_active, is_deleted = EXCLUDED.is_deleted, updated_at = NOW(), updated_by = 'system';
INSERT INTO study_question_set_questions (study_question_set_id, question_id, order_index, tenant_id, is_deleted, created_at, created_by) VALUES (80100712, 87100011, 1, 'system', FALSE, NOW(), 'system') ON CONFLICT (study_question_set_id, question_id) DO UPDATE SET order_index = EXCLUDED.order_index, is_deleted = FALSE;
INSERT INTO study_question_set_questions (study_question_set_id, question_id, order_index, tenant_id, is_deleted, created_at, created_by) VALUES (80100712, 87100012, 2, 'system', FALSE, NOW(), 'system') ON CONFLICT (study_question_set_id, question_id) DO UPDATE SET order_index = EXCLUDED.order_index, is_deleted = FALSE;
INSERT INTO study_question_set_questions (study_question_set_id, question_id, order_index, tenant_id, is_deleted, created_at, created_by) VALUES (80100712, 87100013, 3, 'system', FALSE, NOW(), 'system') ON CONFLICT (study_question_set_id, question_id) DO UPDATE SET order_index = EXCLUDED.order_index, is_deleted = FALSE;
INSERT INTO study_question_set_questions (study_question_set_id, question_id, order_index, tenant_id, is_deleted, created_at, created_by) VALUES (80100712, 87100014, 4, 'system', FALSE, NOW(), 'system') ON CONFLICT (study_question_set_id, question_id) DO UPDATE SET order_index = EXCLUDED.order_index, is_deleted = FALSE;
INSERT INTO study_question_set_questions (study_question_set_id, question_id, order_index, tenant_id, is_deleted, created_at, created_by) VALUES (80100712, 87100015, 5, 'system', FALSE, NOW(), 'system') ON CONFLICT (study_question_set_id, question_id) DO UPDATE SET order_index = EXCLUDED.order_index, is_deleted = FALSE;
INSERT INTO study_question_set_questions (study_question_set_id, question_id, order_index, tenant_id, is_deleted, created_at, created_by) VALUES (80100712, 87100016, 6, 'system', FALSE, NOW(), 'system') ON CONFLICT (study_question_set_id, question_id) DO UPDATE SET order_index = EXCLUDED.order_index, is_deleted = FALSE;
INSERT INTO study_question_set_questions (study_question_set_id, question_id, order_index, tenant_id, is_deleted, created_at, created_by) VALUES (80100712, 87100017, 7, 'system', FALSE, NOW(), 'system') ON CONFLICT (study_question_set_id, question_id) DO UPDATE SET order_index = EXCLUDED.order_index, is_deleted = FALSE;
INSERT INTO study_question_set_questions (study_question_set_id, question_id, order_index, tenant_id, is_deleted, created_at, created_by) VALUES (80100712, 87100018, 8, 'system', FALSE, NOW(), 'system') ON CONFLICT (study_question_set_id, question_id) DO UPDATE SET order_index = EXCLUDED.order_index, is_deleted = FALSE;
INSERT INTO study_question_set_questions (study_question_set_id, question_id, order_index, tenant_id, is_deleted, created_at, created_by) VALUES (80100712, 87100019, 9, 'system', FALSE, NOW(), 'system') ON CONFLICT (study_question_set_id, question_id) DO UPDATE SET order_index = EXCLUDED.order_index, is_deleted = FALSE;
INSERT INTO study_question_set_questions (study_question_set_id, question_id, order_index, tenant_id, is_deleted, created_at, created_by) VALUES (80100712, 87100020, 10, 'system', FALSE, NOW(), 'system') ON CONFLICT (study_question_set_id, question_id) DO UPDATE SET order_index = EXCLUDED.order_index, is_deleted = FALSE;
INSERT INTO study_resource_question_sets (resource_type, resource_id, study_question_set_id, position, context, tenant_id, is_active, is_deleted, created_at, created_by) VALUES ('module', 8015, 80100712, 2, '{"label": "2.1.8 Bài Tập Tổng Hợp Kính Ngữ (Keigo) — Toàn Bộ Hệ Thống — Trung bình"}'::jsonb, 'system', TRUE, FALSE, NOW(), 'system') ON CONFLICT (resource_type, resource_id, study_question_set_id) DO UPDATE SET position = EXCLUDED.position, context = EXCLUDED.context, is_active = TRUE, is_deleted = FALSE;

INSERT INTO study_question_sets (id, name, description, set_type, card_count, tenant_id, is_active, is_deleted, created_at, created_by) VALUES (80100713, '2.1.8 Bài Tập Tổng Hợp Kính Ngữ (Keigo) — Toàn Bộ Hệ Thống — Khá', 'Bài tập cấp 3 (Khá) — 10 câu.', 'practice', 10, 'system', TRUE, FALSE, NOW(), 'system') ON CONFLICT (id) DO UPDATE SET name = EXCLUDED.name, description = EXCLUDED.description, set_type = EXCLUDED.set_type, card_count = EXCLUDED.card_count, is_active = EXCLUDED.is_active, is_deleted = EXCLUDED.is_deleted, updated_at = NOW(), updated_by = 'system';
INSERT INTO study_question_set_questions (study_question_set_id, question_id, order_index, tenant_id, is_deleted, created_at, created_by) VALUES (80100713, 87100021, 1, 'system', FALSE, NOW(), 'system') ON CONFLICT (study_question_set_id, question_id) DO UPDATE SET order_index = EXCLUDED.order_index, is_deleted = FALSE;
INSERT INTO study_question_set_questions (study_question_set_id, question_id, order_index, tenant_id, is_deleted, created_at, created_by) VALUES (80100713, 87100022, 2, 'system', FALSE, NOW(), 'system') ON CONFLICT (study_question_set_id, question_id) DO UPDATE SET order_index = EXCLUDED.order_index, is_deleted = FALSE;
INSERT INTO study_question_set_questions (study_question_set_id, question_id, order_index, tenant_id, is_deleted, created_at, created_by) VALUES (80100713, 87100023, 3, 'system', FALSE, NOW(), 'system') ON CONFLICT (study_question_set_id, question_id) DO UPDATE SET order_index = EXCLUDED.order_index, is_deleted = FALSE;
INSERT INTO study_question_set_questions (study_question_set_id, question_id, order_index, tenant_id, is_deleted, created_at, created_by) VALUES (80100713, 87100024, 4, 'system', FALSE, NOW(), 'system') ON CONFLICT (study_question_set_id, question_id) DO UPDATE SET order_index = EXCLUDED.order_index, is_deleted = FALSE;
INSERT INTO study_question_set_questions (study_question_set_id, question_id, order_index, tenant_id, is_deleted, created_at, created_by) VALUES (80100713, 87100025, 5, 'system', FALSE, NOW(), 'system') ON CONFLICT (study_question_set_id, question_id) DO UPDATE SET order_index = EXCLUDED.order_index, is_deleted = FALSE;
INSERT INTO study_question_set_questions (study_question_set_id, question_id, order_index, tenant_id, is_deleted, created_at, created_by) VALUES (80100713, 87100026, 6, 'system', FALSE, NOW(), 'system') ON CONFLICT (study_question_set_id, question_id) DO UPDATE SET order_index = EXCLUDED.order_index, is_deleted = FALSE;
INSERT INTO study_question_set_questions (study_question_set_id, question_id, order_index, tenant_id, is_deleted, created_at, created_by) VALUES (80100713, 87100027, 7, 'system', FALSE, NOW(), 'system') ON CONFLICT (study_question_set_id, question_id) DO UPDATE SET order_index = EXCLUDED.order_index, is_deleted = FALSE;
INSERT INTO study_question_set_questions (study_question_set_id, question_id, order_index, tenant_id, is_deleted, created_at, created_by) VALUES (80100713, 87100028, 8, 'system', FALSE, NOW(), 'system') ON CONFLICT (study_question_set_id, question_id) DO UPDATE SET order_index = EXCLUDED.order_index, is_deleted = FALSE;
INSERT INTO study_question_set_questions (study_question_set_id, question_id, order_index, tenant_id, is_deleted, created_at, created_by) VALUES (80100713, 87100029, 9, 'system', FALSE, NOW(), 'system') ON CONFLICT (study_question_set_id, question_id) DO UPDATE SET order_index = EXCLUDED.order_index, is_deleted = FALSE;
INSERT INTO study_question_set_questions (study_question_set_id, question_id, order_index, tenant_id, is_deleted, created_at, created_by) VALUES (80100713, 87100030, 10, 'system', FALSE, NOW(), 'system') ON CONFLICT (study_question_set_id, question_id) DO UPDATE SET order_index = EXCLUDED.order_index, is_deleted = FALSE;
INSERT INTO study_resource_question_sets (resource_type, resource_id, study_question_set_id, position, context, tenant_id, is_active, is_deleted, created_at, created_by) VALUES ('module', 8015, 80100713, 3, '{"label": "2.1.8 Bài Tập Tổng Hợp Kính Ngữ (Keigo) — Toàn Bộ Hệ Thống — Khá"}'::jsonb, 'system', TRUE, FALSE, NOW(), 'system') ON CONFLICT (resource_type, resource_id, study_question_set_id) DO UPDATE SET position = EXCLUDED.position, context = EXCLUDED.context, is_active = TRUE, is_deleted = FALSE;

INSERT INTO study_question_sets (id, name, description, set_type, card_count, tenant_id, is_active, is_deleted, created_at, created_by) VALUES (80100714, '2.1.8 Bài Tập Tổng Hợp Kính Ngữ (Keigo) — Toàn Bộ Hệ Thống — Khó', 'Bài tập cấp 4 (Khó) — 10 câu.', 'practice', 10, 'system', TRUE, FALSE, NOW(), 'system') ON CONFLICT (id) DO UPDATE SET name = EXCLUDED.name, description = EXCLUDED.description, set_type = EXCLUDED.set_type, card_count = EXCLUDED.card_count, is_active = EXCLUDED.is_active, is_deleted = EXCLUDED.is_deleted, updated_at = NOW(), updated_by = 'system';
INSERT INTO study_question_set_questions (study_question_set_id, question_id, order_index, tenant_id, is_deleted, created_at, created_by) VALUES (80100714, 87100031, 1, 'system', FALSE, NOW(), 'system') ON CONFLICT (study_question_set_id, question_id) DO UPDATE SET order_index = EXCLUDED.order_index, is_deleted = FALSE;
INSERT INTO study_question_set_questions (study_question_set_id, question_id, order_index, tenant_id, is_deleted, created_at, created_by) VALUES (80100714, 87100032, 2, 'system', FALSE, NOW(), 'system') ON CONFLICT (study_question_set_id, question_id) DO UPDATE SET order_index = EXCLUDED.order_index, is_deleted = FALSE;
INSERT INTO study_question_set_questions (study_question_set_id, question_id, order_index, tenant_id, is_deleted, created_at, created_by) VALUES (80100714, 87100033, 3, 'system', FALSE, NOW(), 'system') ON CONFLICT (study_question_set_id, question_id) DO UPDATE SET order_index = EXCLUDED.order_index, is_deleted = FALSE;
INSERT INTO study_question_set_questions (study_question_set_id, question_id, order_index, tenant_id, is_deleted, created_at, created_by) VALUES (80100714, 87100034, 4, 'system', FALSE, NOW(), 'system') ON CONFLICT (study_question_set_id, question_id) DO UPDATE SET order_index = EXCLUDED.order_index, is_deleted = FALSE;
INSERT INTO study_question_set_questions (study_question_set_id, question_id, order_index, tenant_id, is_deleted, created_at, created_by) VALUES (80100714, 87100035, 5, 'system', FALSE, NOW(), 'system') ON CONFLICT (study_question_set_id, question_id) DO UPDATE SET order_index = EXCLUDED.order_index, is_deleted = FALSE;
INSERT INTO study_question_set_questions (study_question_set_id, question_id, order_index, tenant_id, is_deleted, created_at, created_by) VALUES (80100714, 87100036, 6, 'system', FALSE, NOW(), 'system') ON CONFLICT (study_question_set_id, question_id) DO UPDATE SET order_index = EXCLUDED.order_index, is_deleted = FALSE;
INSERT INTO study_question_set_questions (study_question_set_id, question_id, order_index, tenant_id, is_deleted, created_at, created_by) VALUES (80100714, 87100037, 7, 'system', FALSE, NOW(), 'system') ON CONFLICT (study_question_set_id, question_id) DO UPDATE SET order_index = EXCLUDED.order_index, is_deleted = FALSE;
INSERT INTO study_question_set_questions (study_question_set_id, question_id, order_index, tenant_id, is_deleted, created_at, created_by) VALUES (80100714, 87100038, 8, 'system', FALSE, NOW(), 'system') ON CONFLICT (study_question_set_id, question_id) DO UPDATE SET order_index = EXCLUDED.order_index, is_deleted = FALSE;
INSERT INTO study_question_set_questions (study_question_set_id, question_id, order_index, tenant_id, is_deleted, created_at, created_by) VALUES (80100714, 87100039, 9, 'system', FALSE, NOW(), 'system') ON CONFLICT (study_question_set_id, question_id) DO UPDATE SET order_index = EXCLUDED.order_index, is_deleted = FALSE;
INSERT INTO study_question_set_questions (study_question_set_id, question_id, order_index, tenant_id, is_deleted, created_at, created_by) VALUES (80100714, 87100040, 10, 'system', FALSE, NOW(), 'system') ON CONFLICT (study_question_set_id, question_id) DO UPDATE SET order_index = EXCLUDED.order_index, is_deleted = FALSE;
INSERT INTO study_resource_question_sets (resource_type, resource_id, study_question_set_id, position, context, tenant_id, is_active, is_deleted, created_at, created_by) VALUES ('module', 8015, 80100714, 4, '{"label": "2.1.8 Bài Tập Tổng Hợp Kính Ngữ (Keigo) — Toàn Bộ Hệ Thống — Khó"}'::jsonb, 'system', TRUE, FALSE, NOW(), 'system') ON CONFLICT (resource_type, resource_id, study_question_set_id) DO UPDATE SET position = EXCLUDED.position, context = EXCLUDED.context, is_active = TRUE, is_deleted = FALSE;

-- Mogishiken file: 2.1.7_TongHop_Mogishiken.json
INSERT INTO reading_passages (id, user_id, is_system, is_public, title, content, translation, jlpt_level, category, difficulty, word_count, tenant_id, is_active, is_deleted, created_at, created_by) VALUES (8010701, NULL, TRUE, TRUE, 'ビジネスメール', '田中課長へ

いつもお世話になっております。先日は、重要な資料をご送付いただき、ありがとうございます。

早速、その資料を参考にさせていただき、新しい企画案を作成いたしました。ご指導いただきたいので、明日の会議でご報告させていただきたく存じます。

よろしくお願いいたします。', 'Nhân viên mới gửi email cảm ơn sếp vì được nhận tài liệu hướng dẫn và được phép sử dụng nó.', 'BJT', 'business_keigo', 1, 95, 'system', TRUE, FALSE, NOW(), 'system') ON CONFLICT (id) DO UPDATE SET title = EXCLUDED.title, content = EXCLUDED.content, translation = EXCLUDED.translation, category = EXCLUDED.category, difficulty = EXCLUDED.difficulty, word_count = EXCLUDED.word_count, is_active = EXCLUDED.is_active, is_deleted = EXCLUDED.is_deleted, updated_at = NOW(), updated_by = 'system';
INSERT INTO reading_passages (id, user_id, is_system, is_public, title, content, translation, jlpt_level, category, difficulty, word_count, tenant_id, is_active, is_deleted, created_at, created_by) VALUES (8010702, NULL, TRUE, TRUE, '電話応対記録', '【電話記録】日時：2月15日 14:30
顧客「納期を1週間早めてもらえますか？」
営業「申し訳ございませんが、その期限は難しいです。ただし、特別に対応させていただきたいのですが、5日前倒しでしたら対応できます。」
お客様「5日であれば大丈夫です。その代わり、金額の値引きをしていただけますか？」
営業「かしこまりました。金額については、10%の値引きでさせていただくことができます。ご迷惑をおかけいたしました。」', 'Ghi chép cuộc điện thoại giữa nhân viên bán hàng và khách hàng về yêu cầu thay đổi thời hạn giao hàng.', 'BJT', 'business_keigo', 2, 152, 'system', TRUE, FALSE, NOW(), 'system') ON CONFLICT (id) DO UPDATE SET title = EXCLUDED.title, content = EXCLUDED.content, translation = EXCLUDED.translation, category = EXCLUDED.category, difficulty = EXCLUDED.difficulty, word_count = EXCLUDED.word_count, is_active = EXCLUDED.is_active, is_deleted = EXCLUDED.is_deleted, updated_at = NOW(), updated_by = 'system';
INSERT INTO reading_passages (id, user_id, is_system, is_public, title, content, translation, jlpt_level, category, difficulty, word_count, tenant_id, is_active, is_deleted, created_at, created_by) VALUES (8010703, NULL, TRUE, TRUE, '業務報告書', '【業務報告書】
プロジェクト名：新製品開発システム
報告日：2月16日

先週の活動として、システム設計の問題点が発見されました。そのため、外部のコンサルタントに相談させていただき、改善案をいただきました。

改善案に基づいて、チーム内で検討させていただくことになりました。なお、テスト期間については、管理者の許可を得て、2週間延長させていただきたく存じます。

以上、よろしくお願いいたします。', 'Nhân viên dự án gửi báo cáo tiến độ hàng tuần cho quản lý dự án, chi tiết về các vấn đề gặp phải và hành động được thực hiện.', 'BJT', 'business_keigo', 3, 127, 'system', TRUE, FALSE, NOW(), 'system') ON CONFLICT (id) DO UPDATE SET title = EXCLUDED.title, content = EXCLUDED.content, translation = EXCLUDED.translation, category = EXCLUDED.category, difficulty = EXCLUDED.difficulty, word_count = EXCLUDED.word_count, is_active = EXCLUDED.is_active, is_deleted = EXCLUDED.is_deleted, updated_at = NOW(), updated_by = 'system';
INSERT INTO reading_passages (id, user_id, is_system, is_public, title, content, translation, jlpt_level, category, difficulty, word_count, tenant_id, is_active, is_deleted, created_at, created_by) VALUES (8010704, NULL, TRUE, TRUE, '会議議事録', '【会議議事録】2月17日 会議名：人事配置検討会議

議題：新プロジェクトの人事配置と責任体制
出席者：田中管理職、鈴木課長、佐藤チームリーダー

1. プロジェクト管理者の選出について
田中「新しいプロジェクトマネージャーを一人置きたいのですが、誰か担当させていただける人はいますか。」
佐藤「私が担当させてもらえますか。」
田中「そうですね。では、佐藤さんにプロジェクト管理を任させていただきたく思います。ただし、重大な決定については、私に相談していただくことを希望します。」

2. チーム体制の再編成
鈴木「各チームの権限についても、管理者から明確な指示をしていただきたいです。」
田中「わかりました。明確な権限設定をさせていただくことを約束いたします。」

以上', 'Biên bản họp của một cuộc họp quản lý dự án, thảo luận về tuyển dụng nhân sự và phân công trách nhiệm quản lý.', 'BJT', 'business_keigo', 4, 226, 'system', TRUE, FALSE, NOW(), 'system') ON CONFLICT (id) DO UPDATE SET title = EXCLUDED.title, content = EXCLUDED.content, translation = EXCLUDED.translation, category = EXCLUDED.category, difficulty = EXCLUDED.difficulty, word_count = EXCLUDED.word_count, is_active = EXCLUDED.is_active, is_deleted = EXCLUDED.is_deleted, updated_at = NOW(), updated_by = 'system';
INSERT INTO reading_passages (id, user_id, is_system, is_public, title, content, translation, jlpt_level, category, difficulty, word_count, tenant_id, is_active, is_deleted, created_at, created_by) VALUES (8010705, NULL, TRUE, TRUE, '複合資料（FAX＋返信メール）', '【FAX】送信日：2月18日 11:45
To: 営業部長 様
From: ABC Marketing Ltd. 企画担当

平素よりお世話になっております。

今回のご提案として、貴社の新製品を弊社のマーケティングキャンペーンで紹介していただきたく、以下の内容でご検討をいただきたく存じます。

【提案内容】
・メディア掲載期間：3ヶ月
・広告費用：月額50万円
・弊社の営業チームに、製品説明の機会をしていただけますか。

※ご不明な点がございましたら、お気軽にお電話をしていただきたく存じます。

---

【返信メール】送信日：2月19日 09:30
To: ABC Marketing Ltd. 企画担当 様
From: 営業部長

お世話になっております。

ご提案ありがとうございます。ご提案の内容については、深く検討させていただき、来週までに最終決定の連絡をさせていただきたく存じます。

なお、製品説明については、当社が御社の営業チームに詳しく説明させていただくことは可能です。ただし、機会を設定させていただく前に、より詳細な提案書をいただきたいと存じます。

それでは、今後ともよろしくお願いいたします。', 'FAX từ khách hàng đề xuất hợp tác + Email trả lời từ công ty. Cần phân tích cả hai tài liệu cùng lúc để hiểu sắc thái.', 'BJT', 'business_keigo', 5, 289, 'system', TRUE, FALSE, NOW(), 'system') ON CONFLICT (id) DO UPDATE SET title = EXCLUDED.title, content = EXCLUDED.content, translation = EXCLUDED.translation, category = EXCLUDED.category, difficulty = EXCLUDED.difficulty, word_count = EXCLUDED.word_count, is_active = EXCLUDED.is_active, is_deleted = EXCLUDED.is_deleted, updated_at = NOW(), updated_by = 'system';
INSERT INTO questions (id, user_id, is_system, is_khoa_cu, question_type, content_type, level, selection_type, question, passage, passage_translation, general_explanation, skill_category, base_difficulty, tenant_id, is_active, is_deleted, created_at, created_by) VALUES (87200001, NULL, TRUE, FALSE, 'reading', 'keigo_dokkai_keigo_tong_hop', NULL, 'single', '「資料を参考にさせていただき」の表現として最も適切な説明は？

Cấu trúc 「資料を参考にさせていただき」có ý nghĩa gì?', '8010701', 'Nhân viên mới gửi email cảm ơn sếp vì được nhận tài liệu hướng dẫn và được phép sử dụng nó.', '「させていただく」thể hiện người nói (私) thực hiện hành động nhưng xin phép/được phép từ đối phương (課長). Nghĩa: ''tôi được xin phép tham khảo tài liệu''. A sai vì 課長 không phải người chỉ thị. C sai vì không phải bị động thực sự. D sai vì không phải cấu trúc giúp đỡ.', 'dokkai', 1, 'system', TRUE, FALSE, NOW(), 'system') ON CONFLICT (id) DO UPDATE SET question_type = EXCLUDED.question_type, content_type = EXCLUDED.content_type, level = EXCLUDED.level, question = EXCLUDED.question, passage = EXCLUDED.passage, passage_translation = EXCLUDED.passage_translation, general_explanation = EXCLUDED.general_explanation, skill_category = EXCLUDED.skill_category, base_difficulty = EXCLUDED.base_difficulty, is_active = EXCLUDED.is_active, is_deleted = EXCLUDED.is_deleted, updated_at = NOW(), updated_by = 'system';
DELETE FROM questions_answers WHERE question_id = 87200001;
INSERT INTO questions_answers (question_id, sentence, sentence_translation, is_correct, "order") VALUES (87200001, '課長が私に資料を参考にするよう指示した', NULL, FALSE, 1);
INSERT INTO questions_answers (question_id, sentence, sentence_translation, is_correct, "order") VALUES (87200001, '私が資料を参考にしたことを課長に許可をもらった', NULL, TRUE, 2);
INSERT INTO questions_answers (question_id, sentence, sentence_translation, is_correct, "order") VALUES (87200001, '資料は私に参考にされてしまった', NULL, FALSE, 3);
INSERT INTO questions_answers (question_id, sentence, sentence_translation, is_correct, "order") VALUES (87200001, '課長が資料を参考にするのを手伝った', NULL, FALSE, 4);
INSERT INTO questions (id, user_id, is_system, is_khoa_cu, question_type, content_type, level, selection_type, question, passage, passage_translation, general_explanation, skill_category, base_difficulty, tenant_id, is_active, is_deleted, created_at, created_by) VALUES (87200002, NULL, TRUE, FALSE, 'reading', 'keigo_dokkai_keigo_tong_hop', NULL, 'single', '「ご送付いただき」と「を送ってもらい」を比較した場合、正しい説明は？

So sánh 「ご送付いただき」và 「を送ってもらい」, nhận xét nào đúng?', '8010701', 'Nhân viên mới gửi email cảm ơn sếp vì được nhận tài liệu hướng dẫn và được phép sử dụng nó.', 'Cả 「いただく」và 「もらう」đều thể hiện ''nhận được'' từ người khác. Sự khác biệt là: いただく là cách nói lịch sự, tôn trọng (敬語), thường dùng trong kinh doanh; もらう là bình thường. Cơ bản về ý nghĩa, cả hai đều thể hiện người nói nhận hành động. A sai vì không phải sự khác biệt chủ thể.', 'dokkai', 1, 'system', TRUE, FALSE, NOW(), 'system') ON CONFLICT (id) DO UPDATE SET question_type = EXCLUDED.question_type, content_type = EXCLUDED.content_type, level = EXCLUDED.level, question = EXCLUDED.question, passage = EXCLUDED.passage, passage_translation = EXCLUDED.passage_translation, general_explanation = EXCLUDED.general_explanation, skill_category = EXCLUDED.skill_category, base_difficulty = EXCLUDED.base_difficulty, is_active = EXCLUDED.is_active, is_deleted = EXCLUDED.is_deleted, updated_at = NOW(), updated_by = 'system';
DELETE FROM questions_answers WHERE question_id = 87200002;
INSERT INTO questions_answers (question_id, sentence, sentence_translation, is_correct, "order") VALUES (87200002, 'いただくは課長が主体で、もらうは私が主体で受け取る', NULL, FALSE, 1);
INSERT INTO questions_answers (question_id, sentence, sentence_translation, is_correct, "order") VALUES (87200002, '意味は同じだが、いただくはより敬語で丁寧な言い方である', NULL, TRUE, 2);
INSERT INTO questions_answers (question_id, sentence, sentence_translation, is_correct, "order") VALUES (87200002, 'いただくは過去完了で、もらうは現在進行である', NULL, FALSE, 3);
INSERT INTO questions_answers (question_id, sentence, sentence_translation, is_correct, "order") VALUES (87200002, '両方とも同じで、文法的に区別する必要がない', NULL, FALSE, 4);
INSERT INTO questions (id, user_id, is_system, is_khoa_cu, question_type, content_type, level, selection_type, question, passage, passage_translation, general_explanation, skill_category, base_difficulty, tenant_id, is_active, is_deleted, created_at, created_by) VALUES (87200003, NULL, TRUE, FALSE, 'reading', 'keigo_dokkai_keigo_tong_hop', NULL, 'single', '下線部「ご報告させていただきたく存じます」は「報告させられたく存じます」に置き換えられますか。その理由は？

Có thể thay 「ご報告させていただきたく存じます」bằng 「報告させられたく存じます」không? Tại sao?', '8010701', 'Nhân viên mới gửi email cảm ơn sếp vì được nhận tài liệu hướng dẫn và được phép sử dụng nó.', '「させていただく」= được phép/xin phép thực hiện (tôn trọng, nhân từ); 「させられる」= bị sai khiến, bị ép buộc (không tự nguyện). Email này thể hiện ý muốn báo cáo và xin phép, không phải bị ép. Nên không thể thay thế.', 'dokkai', 1, 'system', TRUE, FALSE, NOW(), 'system') ON CONFLICT (id) DO UPDATE SET question_type = EXCLUDED.question_type, content_type = EXCLUDED.content_type, level = EXCLUDED.level, question = EXCLUDED.question, passage = EXCLUDED.passage, passage_translation = EXCLUDED.passage_translation, general_explanation = EXCLUDED.general_explanation, skill_category = EXCLUDED.skill_category, base_difficulty = EXCLUDED.base_difficulty, is_active = EXCLUDED.is_active, is_deleted = EXCLUDED.is_deleted, updated_at = NOW(), updated_by = 'system';
DELETE FROM questions_answers WHERE question_id = 87200003;
INSERT INTO questions_answers (question_id, sentence, sentence_translation, is_correct, "order") VALUES (87200003, 'できない。なぜなら「させられる」は不本意な強制を表すが、ここは「許可を求める」意味だから', NULL, TRUE, 1);
INSERT INTO questions_answers (question_id, sentence, sentence_translation, is_correct, "order") VALUES (87200003, 'できる。両方とも同じ意味である', NULL, FALSE, 2);
INSERT INTO questions_answers (question_id, sentence, sentence_translation, is_correct, "order") VALUES (87200003, 'できない。なぜなら「させられる」は過去形で、「させていただく」は未来形だから', NULL, FALSE, 3);
INSERT INTO questions_answers (question_id, sentence, sentence_translation, is_correct, "order") VALUES (87200003, 'できる。「させられる」はより丁寧な表現だから', NULL, FALSE, 4);
INSERT INTO questions (id, user_id, is_system, is_khoa_cu, question_type, content_type, level, selection_type, question, passage, passage_translation, general_explanation, skill_category, base_difficulty, tenant_id, is_active, is_deleted, created_at, created_by) VALUES (87200004, NULL, TRUE, FALSE, 'reading', 'keigo_dokkai_keigo_tong_hop', NULL, 'single', 'メール全体の送信者の態度として最も正確なものは？

Dựa vào cách dùng từ ngữ, thái độ của người gửi là gì?', '8010701', 'Nhân viên mới gửi email cảm ơn sếp vì được nhận tài liệu hướng dẫn và được phép sử dụng nó.', 'Email sử dụng: 「いただき」(cảm ơn), 「参考にさせていただき」(cảm ơn được sử dụng), 「ご指導いただきたい」(mong nhận hướng dẫn), 「報告させていただきたく」(sẵn sàng báo cáo). Tất cả đều thể hiện biết ơn, tôn trọng, và hợp tác tích cực. A, C, D đều sai.', 'dokkai', 1, 'system', TRUE, FALSE, NOW(), 'system') ON CONFLICT (id) DO UPDATE SET question_type = EXCLUDED.question_type, content_type = EXCLUDED.content_type, level = EXCLUDED.level, question = EXCLUDED.question, passage = EXCLUDED.passage, passage_translation = EXCLUDED.passage_translation, general_explanation = EXCLUDED.general_explanation, skill_category = EXCLUDED.skill_category, base_difficulty = EXCLUDED.base_difficulty, is_active = EXCLUDED.is_active, is_deleted = EXCLUDED.is_deleted, updated_at = NOW(), updated_by = 'system';
DELETE FROM questions_answers WHERE question_id = 87200004;
INSERT INTO questions_answers (question_id, sentence, sentence_translation, is_correct, "order") VALUES (87200004, '課長に不満があり、資料の品質に疑問を持っている', NULL, FALSE, 1);
INSERT INTO questions_answers (question_id, sentence, sentence_translation, is_correct, "order") VALUES (87200004, '課長に感謝し、資料を活用できたことを報告し、さらに指導を希望している', NULL, TRUE, 2);
INSERT INTO questions_answers (question_id, sentence, sentence_translation, is_correct, "order") VALUES (87200004, '課長の指示が複雑で、理解するのに困っている', NULL, FALSE, 3);
INSERT INTO questions_answers (question_id, sentence, sentence_translation, is_correct, "order") VALUES (87200004, '会議に参加したくないので、別の提案を考えている', NULL, FALSE, 4);
INSERT INTO questions (id, user_id, is_system, is_khoa_cu, question_type, content_type, level, selection_type, question, passage, passage_translation, general_explanation, skill_category, base_difficulty, tenant_id, is_active, is_deleted, created_at, created_by) VALUES (87200005, NULL, TRUE, FALSE, 'reading', 'keigo_dokkai_keigo_tong_hop', NULL, 'single', '営業が「特別に対応させていただきたい」と言った最も適切な理由は？

Tại sao nhân viên kinh doanh nói 「特別に対応させていただきたい」?', '8010702', 'Ghi chép cuộc điện thoại giữa nhân viên bán hàng và khách hàng về yêu cầu thay đổi thời hạn giao hàng.', '「させていただく」= tôi được/xin phép thực hiện. Nhân viên bán hàng muốn đề xuất giải pháp khác (5 ngày thay vì 7 ngày) và xin phép khách hàng chấp thuận. A sai vì không phải bị ép buộc. C sai vì hoàn toàn ngược lại. D sai vì không liên quan.', 'dokkai', 1, 'system', TRUE, FALSE, NOW(), 'system') ON CONFLICT (id) DO UPDATE SET question_type = EXCLUDED.question_type, content_type = EXCLUDED.content_type, level = EXCLUDED.level, question = EXCLUDED.question, passage = EXCLUDED.passage, passage_translation = EXCLUDED.passage_translation, general_explanation = EXCLUDED.general_explanation, skill_category = EXCLUDED.skill_category, base_difficulty = EXCLUDED.base_difficulty, is_active = EXCLUDED.is_active, is_deleted = EXCLUDED.is_deleted, updated_at = NOW(), updated_by = 'system';
DELETE FROM questions_answers WHERE question_id = 87200005;
INSERT INTO questions_answers (question_id, sentence, sentence_translation, is_correct, "order") VALUES (87200005, '顧客が営業に対応するよう強制しようとしている', NULL, FALSE, 1);
INSERT INTO questions_answers (question_id, sentence, sentence_translation, is_correct, "order") VALUES (87200005, '営業が特別な対応をしたいことを顧客に提案し、許可を求めている', NULL, TRUE, 2);
INSERT INTO questions_answers (question_id, sentence, sentence_translation, is_correct, "order") VALUES (87200005, '営業は顧客の要求に全く応じたくない', NULL, FALSE, 3);
INSERT INTO questions_answers (question_id, sentence, sentence_translation, is_correct, "order") VALUES (87200005, '過去に同じ対応をさせられたことがある', NULL, FALSE, 4);
INSERT INTO questions (id, user_id, is_system, is_khoa_cu, question_type, content_type, level, selection_type, question, passage, passage_translation, general_explanation, skill_category, base_difficulty, tenant_id, is_active, is_deleted, created_at, created_by) VALUES (87200006, NULL, TRUE, FALSE, 'reading', 'keigo_dokkai_keigo_tong_hop', NULL, 'single', '「金額の値引きをしていただけますか」と「金額の値引きをさせていただけますか」の意味の違いは？

Khác biệt giữa 「をしていただけますか」và 「をさせていただけますか」là gì?', '8010702', 'Ghi chép cuộc điện thoại giữa nhân viên bán hàng và khách hàng về yêu cầu thay đổi thời hạn giao hàng.', '「していただける」= yêu cầu ai đó thực hiện (người nói là người nhận lợi ích). 「させていただける」= được phép tôi thực hiện (người nói là chủ thể hành động). Trong cuộc gọi, khách hàng yêu cầu giảm giá (A tương ứng với 「していただけますか」), sau đó nhân viên bán hàng đồng ý thực hiện nó (B tương ứng với 「させていただける」).', 'dokkai', 1, 'system', TRUE, FALSE, NOW(), 'system') ON CONFLICT (id) DO UPDATE SET question_type = EXCLUDED.question_type, content_type = EXCLUDED.content_type, level = EXCLUDED.level, question = EXCLUDED.question, passage = EXCLUDED.passage, passage_translation = EXCLUDED.passage_translation, general_explanation = EXCLUDED.general_explanation, skill_category = EXCLUDED.skill_category, base_difficulty = EXCLUDED.base_difficulty, is_active = EXCLUDED.is_active, is_deleted = EXCLUDED.is_deleted, updated_at = NOW(), updated_by = 'system';
DELETE FROM questions_answers WHERE question_id = 87200006;
INSERT INTO questions_answers (question_id, sentence, sentence_translation, is_correct, "order") VALUES (87200006, '意味は全く同じで、使い分ける必要がない', NULL, FALSE, 1);
INSERT INTO questions_answers (question_id, sentence, sentence_translation, is_correct, "order") VALUES (87200006, '前者は顧客が営業に値引きしてほしいと依頼する；後者は営業が値引きしたいことを顧客に許可を求める', NULL, TRUE, 2);
INSERT INTO questions_answers (question_id, sentence, sentence_translation, is_correct, "order") VALUES (87200006, '前者は敬語で、後者は普通語である', NULL, FALSE, 3);
INSERT INTO questions_answers (question_id, sentence, sentence_translation, is_correct, "order") VALUES (87200006, '前者は過去形で、後者は未来形である', NULL, FALSE, 4);
INSERT INTO questions (id, user_id, is_system, is_khoa_cu, question_type, content_type, level, selection_type, question, passage, passage_translation, general_explanation, skill_category, base_difficulty, tenant_id, is_active, is_deleted, created_at, created_by) VALUES (87200007, NULL, TRUE, FALSE, 'reading', 'keigo_dokkai_keigo_tong_hop', NULL, 'single', '「金額については、10%の値引きでさせていただく」の表現から、営業の気持ちとして最も正確なものは？

Từ cấu trúc 「值引きでさせていただく」, cảm giác/thái độ của nhân viên là gì?', '8010702', 'Ghi chép cuộc điện thoại giữa nhân viên bán hàng và khách hàng về yêu cầu thay đổi thời hạn giao hàng.', '「させていただく」thể hiện người nói có quyền/trách nhiệm thực hiện hành động và tôn trọng đối phương. Nhân viên bán hàng có thẩm quyền quyết định giảm giá, và cách nói này thể hiện sự tôn trọng khách hàng. A, B, D đều hiểu sai ý nghĩa của cấu trúc.', 'dokkai', 1, 'system', TRUE, FALSE, NOW(), 'system') ON CONFLICT (id) DO UPDATE SET question_type = EXCLUDED.question_type, content_type = EXCLUDED.content_type, level = EXCLUDED.level, question = EXCLUDED.question, passage = EXCLUDED.passage, passage_translation = EXCLUDED.passage_translation, general_explanation = EXCLUDED.general_explanation, skill_category = EXCLUDED.skill_category, base_difficulty = EXCLUDED.base_difficulty, is_active = EXCLUDED.is_active, is_deleted = EXCLUDED.is_deleted, updated_at = NOW(), updated_by = 'system';
DELETE FROM questions_answers WHERE question_id = 87200007;
INSERT INTO questions_answers (question_id, sentence, sentence_translation, is_correct, "order") VALUES (87200007, '顧客を支配したいという意図が強い', NULL, FALSE, 1);
INSERT INTO questions_answers (question_id, sentence, sentence_translation, is_correct, "order") VALUES (87200007, '10%の値引きが最高だと顧客に強制している', NULL, FALSE, 2);
INSERT INTO questions_answers (question_id, sentence, sentence_translation, is_correct, "order") VALUES (87200007, '値引きの提案をする権利と責任を持ち、顧客に敬意を表しながら提供する準備がある', NULL, TRUE, 3);
INSERT INTO questions_answers (question_id, sentence, sentence_translation, is_correct, "order") VALUES (87200007, '顧客は強制的に値引きを受けなければならない', NULL, FALSE, 4);
INSERT INTO questions (id, user_id, is_system, is_khoa_cu, question_type, content_type, level, selection_type, question, passage, passage_translation, general_explanation, skill_category, base_difficulty, tenant_id, is_active, is_deleted, created_at, created_by) VALUES (87200008, NULL, TRUE, FALSE, 'reading', 'keigo_dokkai_keigo_tong_hop', NULL, 'single', '全体の通話記録から見ると、顧客と営業の関係において最も正確な説明は？

Từ toàn bộ ghi chép, mối quan hệ giữa khách hàng và nhân viên bán hàng là gì?', '8010702', 'Ghi chép cuộc điện thoại giữa nhân viên bán hàng và khách hàng về yêu cầu thay đổi thời hạn giao hàng.', 'Cuộc gọi cho thấy: khách hàng đề nghị (1 tuần), nhân viên bán hàng đề xuất giải pháp thay thế (5 ngày) và được khách hàng chấp thuận. Sau đó, cả hai đồng ý về giảm giá (10%). Cả hai bên đều thể hiện sự hợp tác và thỏa thuận. A sai (không có mâu thuẫn), C sai (có thương lượng), D sai (có đồng ý).', 'dokkai', 1, 'system', TRUE, FALSE, NOW(), 'system') ON CONFLICT (id) DO UPDATE SET question_type = EXCLUDED.question_type, content_type = EXCLUDED.content_type, level = EXCLUDED.level, question = EXCLUDED.question, passage = EXCLUDED.passage, passage_translation = EXCLUDED.passage_translation, general_explanation = EXCLUDED.general_explanation, skill_category = EXCLUDED.skill_category, base_difficulty = EXCLUDED.base_difficulty, is_active = EXCLUDED.is_active, is_deleted = EXCLUDED.is_deleted, updated_at = NOW(), updated_by = 'system';
DELETE FROM questions_answers WHERE question_id = 87200008;
INSERT INTO questions_answers (question_id, sentence, sentence_translation, is_correct, "order") VALUES (87200008, '顧客は営業に不満を持ち、別の会社に変える準備をしている', NULL, FALSE, 1);
INSERT INTO questions_answers (question_id, sentence, sentence_translation, is_correct, "order") VALUES (87200008, '営業は顧客の要求に応じるために、最善の努力をしていて、顧客も合意している', NULL, TRUE, 2);
INSERT INTO questions_answers (question_id, sentence, sentence_translation, is_correct, "order") VALUES (87200008, '顧客は営業を完全に支配している', NULL, FALSE, 3);
INSERT INTO questions_answers (question_id, sentence, sentence_translation, is_correct, "order") VALUES (87200008, '営業は顧客に逆らい、値引きを拒否している', NULL, FALSE, 4);
INSERT INTO questions (id, user_id, is_system, is_khoa_cu, question_type, content_type, level, selection_type, question, passage, passage_translation, general_explanation, skill_category, base_difficulty, tenant_id, is_active, is_deleted, created_at, created_by) VALUES (87200009, NULL, TRUE, FALSE, 'reading', 'keigo_dokkai_keigo_tong_hop', NULL, 'single', '「外部のコンサルタントに相談させていただき」の表現に見られる、報告者の態度は？

Từ cấu trúc 「相談させていただき」, thái độ của người báo cáo là gì?', '8010703', 'Nhân viên dự án gửi báo cáo tiến độ hàng tuần cho quản lý dự án, chi tiết về các vấn đề gặp phải và hành động được thực hiện.', '「させていただく」trong báo cáo kinh doanh thể hiện hành động chủ động của người nói (chúng tôi quyết định) nhưng xin phép/báo cáo cho cấp trên. Người báo cáo thực hiện hành động (tham vấn) và xin phép với quản lý.', 'dokkai', 1, 'system', TRUE, FALSE, NOW(), 'system') ON CONFLICT (id) DO UPDATE SET question_type = EXCLUDED.question_type, content_type = EXCLUDED.content_type, level = EXCLUDED.level, question = EXCLUDED.question, passage = EXCLUDED.passage, passage_translation = EXCLUDED.passage_translation, general_explanation = EXCLUDED.general_explanation, skill_category = EXCLUDED.skill_category, base_difficulty = EXCLUDED.base_difficulty, is_active = EXCLUDED.is_active, is_deleted = EXCLUDED.is_deleted, updated_at = NOW(), updated_by = 'system';
DELETE FROM questions_answers WHERE question_id = 87200009;
INSERT INTO questions_answers (question_id, sentence, sentence_translation, is_correct, "order") VALUES (87200009, 'コンサルタントに強制的に相談させた', NULL, FALSE, 1);
INSERT INTO questions_answers (question_id, sentence, sentence_translation, is_correct, "order") VALUES (87200009, '自分たちが外部の専門家に相談することを決定し、その判断を管理者に報告している', NULL, TRUE, 2);
INSERT INTO questions_answers (question_id, sentence, sentence_translation, is_correct, "order") VALUES (87200009, 'コンサルタントは必ず相談に応じなければならない', NULL, FALSE, 3);
INSERT INTO questions_answers (question_id, sentence, sentence_translation, is_correct, "order") VALUES (87200009, '報告者はコンサルタントを支配している', NULL, FALSE, 4);
INSERT INTO questions (id, user_id, is_system, is_khoa_cu, question_type, content_type, level, selection_type, question, passage, passage_translation, general_explanation, skill_category, base_difficulty, tenant_id, is_active, is_deleted, created_at, created_by) VALUES (87200010, NULL, TRUE, FALSE, 'reading', 'keigo_dokkai_keigo_tong_hop', NULL, 'single', '「改善案に基づいて、チーム内で検討させていただく」の表現において、最も適切な説明は？

Cấu trúc 「検討させていただく」trong báo cáo có ý nào?', '8010703', 'Nhân viên dự án gửi báo cáo tiến độ hàng tuần cho quản lý dự án, chi tiết về các vấn đề gặp phải và hành động được thực hiện.', 'Trong báo cáo, 「させていただく」thể hiện: nhóm dự án sẽ thực hiện hành động (検討) và xin phép với quản lý. Đây là cách lịch sự để báo cáo hành động kế tiếp. C sai vì không phải bị chỉ thị. D sai vì 「する」là hiện tại/tương lai, không phải hoàn thành.', 'dokkai', 1, 'system', TRUE, FALSE, NOW(), 'system') ON CONFLICT (id) DO UPDATE SET question_type = EXCLUDED.question_type, content_type = EXCLUDED.content_type, level = EXCLUDED.level, question = EXCLUDED.question, passage = EXCLUDED.passage, passage_translation = EXCLUDED.passage_translation, general_explanation = EXCLUDED.general_explanation, skill_category = EXCLUDED.skill_category, base_difficulty = EXCLUDED.base_difficulty, is_active = EXCLUDED.is_active, is_deleted = EXCLUDED.is_deleted, updated_at = NOW(), updated_by = 'system';
DELETE FROM questions_answers WHERE question_id = 87200010;
INSERT INTO questions_answers (question_id, sentence, sentence_translation, is_correct, "order") VALUES (87200010, 'チームに検討することを強制している', NULL, FALSE, 1);
INSERT INTO questions_answers (question_id, sentence, sentence_translation, is_correct, "order") VALUES (87200010, 'チームが改善案を検討することを決定し、それを管理者に報告・許可を求めている', NULL, TRUE, 2);
INSERT INTO questions_answers (question_id, sentence, sentence_translation, is_correct, "order") VALUES (87200010, '管理者が検討するよう指示した', NULL, FALSE, 3);
INSERT INTO questions_answers (question_id, sentence, sentence_translation, is_correct, "order") VALUES (87200010, '検討は既に完了している', NULL, FALSE, 4);
INSERT INTO questions (id, user_id, is_system, is_khoa_cu, question_type, content_type, level, selection_type, question, passage, passage_translation, general_explanation, skill_category, base_difficulty, tenant_id, is_active, is_deleted, created_at, created_by) VALUES (87200011, NULL, TRUE, FALSE, 'reading', 'keigo_dokkai_keigo_tong_hop', NULL, 'single', '「テスト期間については、管理者の許可を得て、2週間延長させていただきたく存じます」は「2週間延長してもらいたく存じます」に置き換えられますか。その理由は？

Có thể thay 「延長させていただきたく」bằng 「延長してもらいたく」không?', '8010703', 'Nhân viên dự án gửi báo cáo tiến độ hàng tuần cho quản lý dự án, chi tiết về các vấn đề gặp phải và hành động được thực hiện.', '「延長させていただく」= chúng tôi được phép/xin phép kéo dài (chúng tôi là chủ thể); 「延長してもらう」= nhận hành động kéo dài từ ai (quản lý là chủ thể). Báo cáo này thể hiện nhóm dự án muốn kéo dài kỳ hạn, nên cần dùng 「させていただく」.', 'dokkai', 1, 'system', TRUE, FALSE, NOW(), 'system') ON CONFLICT (id) DO UPDATE SET question_type = EXCLUDED.question_type, content_type = EXCLUDED.content_type, level = EXCLUDED.level, question = EXCLUDED.question, passage = EXCLUDED.passage, passage_translation = EXCLUDED.passage_translation, general_explanation = EXCLUDED.general_explanation, skill_category = EXCLUDED.skill_category, base_difficulty = EXCLUDED.base_difficulty, is_active = EXCLUDED.is_active, is_deleted = EXCLUDED.is_deleted, updated_at = NOW(), updated_by = 'system';
DELETE FROM questions_answers WHERE question_id = 87200011;
INSERT INTO questions_answers (question_id, sentence, sentence_translation, is_correct, "order") VALUES (87200011, 'できない。「させていただく」は報告者（チーム）が延長を実行する主体であり、「してもらう」は管理者が延長を実行する意味だから', NULL, TRUE, 1);
INSERT INTO questions_answers (question_id, sentence, sentence_translation, is_correct, "order") VALUES (87200011, 'できる。両方とも同じ意味である', NULL, FALSE, 2);
INSERT INTO questions_answers (question_id, sentence, sentence_translation, is_correct, "order") VALUES (87200011, 'できない。「してもらう」はより敬語だから', NULL, FALSE, 3);
INSERT INTO questions_answers (question_id, sentence, sentence_translation, is_correct, "order") VALUES (87200011, 'できる。後者のほうが自然である', NULL, FALSE, 4);
INSERT INTO questions (id, user_id, is_system, is_khoa_cu, question_type, content_type, level, selection_type, question, passage, passage_translation, general_explanation, skill_category, base_difficulty, tenant_id, is_active, is_deleted, created_at, created_by) VALUES (87200012, NULL, TRUE, FALSE, 'reading', 'keigo_dokkai_keigo_tong_hop', NULL, 'single', 'この業務報告書から見ると、報告者の目的として最も正確なものは？

Từ báo cáo này, mục đích chính của người báo cáo là gì?', '8010703', 'Nhân viên dự án gửi báo cáo tiến độ hàng tuần cho quản lý dự án, chi tiết về các vấn đề gặp phải và hành động được thực hiện.', 'Báo cáo chi tiết: (1) phát hiện vấn đề, (2) tham vấn chuyên gia bên ngoài, (3) đưa ra giải pháp, (4) xin phép kéo dài thời gian kiểm tra. Mục đích là minh bạch về tình hình và xin sự hỗ trợ của quản lý. A sai (không ẩu), C sai (chủ động), D sai (cần lý do cụ thể).', 'dokkai', 1, 'system', TRUE, FALSE, NOW(), 'system') ON CONFLICT (id) DO UPDATE SET question_type = EXCLUDED.question_type, content_type = EXCLUDED.content_type, level = EXCLUDED.level, question = EXCLUDED.question, passage = EXCLUDED.passage, passage_translation = EXCLUDED.passage_translation, general_explanation = EXCLUDED.general_explanation, skill_category = EXCLUDED.skill_category, base_difficulty = EXCLUDED.base_difficulty, is_active = EXCLUDED.is_active, is_deleted = EXCLUDED.is_deleted, updated_at = NOW(), updated_by = 'system';
DELETE FROM questions_answers WHERE question_id = 87200012;
INSERT INTO questions_answers (question_id, sentence, sentence_translation, is_correct, "order") VALUES (87200012, '問題点を隠そうとしている', NULL, FALSE, 1);
INSERT INTO questions_answers (question_id, sentence, sentence_translation, is_correct, "order") VALUES (87200012, '問題点を認識し、既に対応を開始していることを報告し、その後の管理者の支援や許可を求めている', NULL, TRUE, 2);
INSERT INTO questions_answers (question_id, sentence, sentence_translation, is_correct, "order") VALUES (87200012, '管理者に責任を転嫁しようとしている', NULL, FALSE, 3);
INSERT INTO questions_answers (question_id, sentence, sentence_translation, is_correct, "order") VALUES (87200012, 'テスト期間を無限に延長したい', NULL, FALSE, 4);
INSERT INTO questions (id, user_id, is_system, is_khoa_cu, question_type, content_type, level, selection_type, question, passage, passage_translation, general_explanation, skill_category, base_difficulty, tenant_id, is_active, is_deleted, created_at, created_by) VALUES (87200013, NULL, TRUE, FALSE, 'reading', 'keigo_dokkai_keigo_tong_hop', NULL, 'single', '田中が「誰か担当させていただける人はいますか」と言った時点での、最も適切な解釈は？

Khi Tanaka nói 「担当させていただける」, ý định của anh ấy là gì?', '8010704', 'Biên bản họp của một cuộc họp quản lý dự án, thảo luận về tuyển dụng nhân sự và phân công trách nhiệm quản lý.', '「させていただける」= Tanaka có thẩm quyền tiến hành (「させる」) nhưng xin phép/tham vấn với bộ phận (「いただく」). Anh ta không tuyên bố quyết định cuối cùng, mà hỏi 「いますか」để tìm người sẵn sàng. Chứng tỏ sự tôn trọng quyết định của nhân viên.', 'dokkai', 1, 'system', TRUE, FALSE, NOW(), 'system') ON CONFLICT (id) DO UPDATE SET question_type = EXCLUDED.question_type, content_type = EXCLUDED.content_type, level = EXCLUDED.level, question = EXCLUDED.question, passage = EXCLUDED.passage, passage_translation = EXCLUDED.passage_translation, general_explanation = EXCLUDED.general_explanation, skill_category = EXCLUDED.skill_category, base_difficulty = EXCLUDED.base_difficulty, is_active = EXCLUDED.is_active, is_deleted = EXCLUDED.is_deleted, updated_at = NOW(), updated_by = 'system';
DELETE FROM questions_answers WHERE question_id = 87200013;
INSERT INTO questions_answers (question_id, sentence, sentence_translation, is_correct, "order") VALUES (87200013, '田中が誰かに担当させる決定をした', NULL, FALSE, 1);
INSERT INTO questions_answers (question_id, sentence, sentence_translation, is_correct, "order") VALUES (87200013, '田中がマネージャーを配置する権限を持ち、その配置に関して参加者の同意を求めている', NULL, TRUE, 2);
INSERT INTO questions_answers (question_id, sentence, sentence_translation, is_correct, "order") VALUES (87200013, '部下は必ず任務を受け入れなければならない', NULL, FALSE, 3);
INSERT INTO questions_answers (question_id, sentence, sentence_translation, is_correct, "order") VALUES (87200013, '田中は決定を放棄し、完全に部下に委ねている', NULL, FALSE, 4);
INSERT INTO questions (id, user_id, is_system, is_khoa_cu, question_type, content_type, level, selection_type, question, passage, passage_translation, general_explanation, skill_category, base_difficulty, tenant_id, is_active, is_deleted, created_at, created_by) VALUES (87200014, NULL, TRUE, FALSE, 'reading', 'keigo_dokkai_keigo_tong_hop', NULL, 'single', '佐藤が「私が担当させてもらえますか」と言ったのに対して、田中が「では、佐藤さんにプロジェクト管理を任させていただきたく思います」と答えた理由として正確なものは？

Tại sao Tanaka trả lời 「任させていただきたく」thay vì 「任せます」?', '8010704', 'Biên bản họp của một cuộc họp quản lý dự án, thảo luận về tuyển dụng nhân sự và phân công trách nhiệm quản lý.', '「任させていただく」= tôi được phép/xin phép giao nhiệm vụ. Mặc dù Tanaka là người quản lý có quyền quyết định, cách nói này thể hiện sự tôn trọng, lịch sự và nhận thức rằng các quyết định trong cuộc họp nên được toàn thể tham dự chấp thuận.', 'dokkai', 1, 'system', TRUE, FALSE, NOW(), 'system') ON CONFLICT (id) DO UPDATE SET question_type = EXCLUDED.question_type, content_type = EXCLUDED.content_type, level = EXCLUDED.level, question = EXCLUDED.question, passage = EXCLUDED.passage, passage_translation = EXCLUDED.passage_translation, general_explanation = EXCLUDED.general_explanation, skill_category = EXCLUDED.skill_category, base_difficulty = EXCLUDED.base_difficulty, is_active = EXCLUDED.is_active, is_deleted = EXCLUDED.is_deleted, updated_at = NOW(), updated_by = 'system';
DELETE FROM questions_answers WHERE question_id = 87200014;
INSERT INTO questions_answers (question_id, sentence, sentence_translation, is_correct, "order") VALUES (87200014, 'Tanaka không muốn để Satoh quản lý dự án', NULL, FALSE, 1);
INSERT INTO questions_answers (question_id, sentence, sentence_translation, is_correct, "order") VALUES (87200014, 'Tanaka có quyền quyết định, nhưng cách nói này thể hiện tôn trọng Satoh và xin cấp trên (nếu có) hoặc những người tham dự họp chấp thuận', NULL, TRUE, 2);
INSERT INTO questions_answers (question_id, sentence, sentence_translation, is_correct, "order") VALUES (87200014, 'Satoh đã từ chối yêu cầu', NULL, FALSE, 3);
INSERT INTO questions_answers (question_id, sentence, sentence_translation, is_correct, "order") VALUES (87200014, 'Tanaka không có quyền đưa ra quyết định này', NULL, FALSE, 4);
INSERT INTO questions (id, user_id, is_system, is_khoa_cu, question_type, content_type, level, selection_type, question, passage, passage_translation, general_explanation, skill_category, base_difficulty, tenant_id, is_active, is_deleted, created_at, created_by) VALUES (87200015, NULL, TRUE, FALSE, 'reading', 'keigo_dokkai_keigo_tong_hop', NULL, 'single', '「重大な決定については、私に相談していただくことを希望します」の表現で、Tanaka の意図として最も適切なものは？

Khi Tanaka nói 「相談していただく」, ý định của anh ấy là gì?', '8010704', 'Biên bản họp của một cuộc họp quản lý dự án, thảo luận về tuyển dụng nhân sự và phân công trách nhiệm quản lý.', '「していただく」= yêu cầu ai đó thực hiện hành động. Tanaka mong muốn (「希望」) Satoh liên hệ với anh ấy trước khi đưa ra quyết định quan trọng. Đây không phải bị động, mà là yêu cầu/mong đợi lịch sự. A sai (có ràng buộc), C sai (ngược lại), D sai (không phải tùy chọn).', 'dokkai', 1, 'system', TRUE, FALSE, NOW(), 'system') ON CONFLICT (id) DO UPDATE SET question_type = EXCLUDED.question_type, content_type = EXCLUDED.content_type, level = EXCLUDED.level, question = EXCLUDED.question, passage = EXCLUDED.passage, passage_translation = EXCLUDED.passage_translation, general_explanation = EXCLUDED.general_explanation, skill_category = EXCLUDED.skill_category, base_difficulty = EXCLUDED.base_difficulty, is_active = EXCLUDED.is_active, is_deleted = EXCLUDED.is_deleted, updated_at = NOW(), updated_by = 'system';
DELETE FROM questions_answers WHERE question_id = 87200015;
INSERT INTO questions_answers (question_id, sentence, sentence_translation, is_correct, "order") VALUES (87200015, 'Satoh は相談せず、独自に決定する権利がある', NULL, FALSE, 1);
INSERT INTO questions_answers (question_id, sentence, sentence_translation, is_correct, "order") VALUES (87200015, '重大な決定について、Satoh が Tanaka に相談することを義務として期待している', NULL, TRUE, 2);
INSERT INTO questions_answers (question_id, sentence, sentence_translation, is_correct, "order") VALUES (87200015, 'Tanaka は完全に Satoh に支配される', NULL, FALSE, 3);
INSERT INTO questions_answers (question_id, sentence, sentence_translation, is_correct, "order") VALUES (87200015, '相談することは任意で、Satoh が決めることができる', NULL, FALSE, 4);
INSERT INTO questions (id, user_id, is_system, is_khoa_cu, question_type, content_type, level, selection_type, question, passage, passage_translation, general_explanation, skill_category, base_difficulty, tenant_id, is_active, is_deleted, created_at, created_by) VALUES (87200016, NULL, TRUE, FALSE, 'reading', 'keigo_dokkai_keigo_tong_hop', NULL, 'single', '鈴木の「管理者から明確な指示をしていただきたいです」に対して、田中が「明確な権限設定をさせていただくことを約束」と答えた意味として最も正確なものは？

Tanaka trả lời bằng 「させていただく」thay vì 「します」, có ý gì?', '8010704', 'Biên bản họp của một cuộc họp quản lý dự án, thảo luận về tuyển dụng nhân sự và phân công trách nhiệm quản lý.', '「させていただく」trong bối cảnh này = tôi có trách nhiệm/quyền thực hiện (「させる」) nhưng cam kết với sự tôn trọng và tính bằng (「いただく」). Tanaka cam kết thực hiện, nhưng cách nói thể hiện anh ấy mong muốn sự tin tưởng từ nhân viên. A sai (hoàn toàn ngược lại), C sai (Tanaka có trách nhiệm), D sai (không phải hoàn toàn tuân phục).', 'dokkai', 1, 'system', TRUE, FALSE, NOW(), 'system') ON CONFLICT (id) DO UPDATE SET question_type = EXCLUDED.question_type, content_type = EXCLUDED.content_type, level = EXCLUDED.level, question = EXCLUDED.question, passage = EXCLUDED.passage, passage_translation = EXCLUDED.passage_translation, general_explanation = EXCLUDED.general_explanation, skill_category = EXCLUDED.skill_category, base_difficulty = EXCLUDED.base_difficulty, is_active = EXCLUDED.is_active, is_deleted = EXCLUDED.is_deleted, updated_at = NOW(), updated_by = 'system';
DELETE FROM questions_answers WHERE question_id = 87200016;
INSERT INTO questions_answers (question_id, sentence, sentence_translation, is_correct, "order") VALUES (87200016, 'Tanaka は権限設定をしたくない', NULL, FALSE, 1);
INSERT INTO questions_answers (question_id, sentence, sentence_translation, is_correct, "order") VALUES (87200016, 'Tanaka は権限設定をする責任と権限を持ち、それを実行することを約束し、かつ参加者の信頼を求めている', NULL, TRUE, 2);
INSERT INTO questions_answers (question_id, sentence, sentence_translation, is_correct, "order") VALUES (87200016, '権限設定は Suzuki の責任である', NULL, FALSE, 3);
INSERT INTO questions_answers (question_id, sentence, sentence_translation, is_correct, "order") VALUES (87200016, 'Tanaka は完全に Suzuki に従う', NULL, FALSE, 4);
INSERT INTO questions (id, user_id, is_system, is_khoa_cu, question_type, content_type, level, selection_type, question, passage, passage_translation, general_explanation, skill_category, base_difficulty, tenant_id, is_active, is_deleted, created_at, created_by) VALUES (87200017, NULL, TRUE, FALSE, 'reading', 'keigo_dokkai_keigo_tong_hop', NULL, 'single', 'FAXで「貴社の新製品を弊社のマーケティングキャンペーンで紹介していただきたく」と書かれた理由として最も適切なものは？

FAX nói 「紹介していただきたく」, ý tưởng là gì?', '8010705', 'FAX từ khách hàng đề xuất hợp tác + Email trả lời từ công ty. Cần phân tích cả hai tài liệu cùng lúc để hiểu sắc thái.', '「していただきたく」= tôi yêu cầu/mong bạn thực hiện. ABC Marketing muốn công ty (貴社) giúp giới thiệu sản phẩm của họ và xin phép. Đây là lời đề nghị lịch sự, không phải yêu cầu bắt buộc. A sai (ABC Marketing không phải người giới thiệu). C, D sai (có quyền từ chối).', 'dokkai', 1, 'system', TRUE, FALSE, NOW(), 'system') ON CONFLICT (id) DO UPDATE SET question_type = EXCLUDED.question_type, content_type = EXCLUDED.content_type, level = EXCLUDED.level, question = EXCLUDED.question, passage = EXCLUDED.passage, passage_translation = EXCLUDED.passage_translation, general_explanation = EXCLUDED.general_explanation, skill_category = EXCLUDED.skill_category, base_difficulty = EXCLUDED.base_difficulty, is_active = EXCLUDED.is_active, is_deleted = EXCLUDED.is_deleted, updated_at = NOW(), updated_by = 'system';
DELETE FROM questions_answers WHERE question_id = 87200017;
INSERT INTO questions_answers (question_id, sentence, sentence_translation, is_correct, "order") VALUES (87200017, 'ABC Marketing が自社の製品を紹介する', NULL, FALSE, 1);
INSERT INTO questions_answers (question_id, sentence, sentence_translation, is_correct, "order") VALUES (87200017, 'ABC Marketing は貴社に紹介することを要求し、許可を求めている', NULL, TRUE, 2);
INSERT INTO questions_answers (question_id, sentence, sentence_translation, is_correct, "order") VALUES (87200017, '貴社は紹介することを強制させられている', NULL, FALSE, 3);
INSERT INTO questions_answers (question_id, sentence, sentence_translation, is_correct, "order") VALUES (87200017, '貴社は紹介を拒否する権利がない', NULL, FALSE, 4);
INSERT INTO questions (id, user_id, is_system, is_khoa_cu, question_type, content_type, level, selection_type, question, passage, passage_translation, general_explanation, skill_category, base_difficulty, tenant_id, is_active, is_deleted, created_at, created_by) VALUES (87200018, NULL, TRUE, FALSE, 'reading', 'keigo_dokkai_keigo_tong_hop', NULL, 'single', 'FAXの「弊社の営業チームに、製品説明の機会をしていただけますか」と、返信メールの「当社が御社の営業チームに詳しく説明させていただくことは可能です」の関係として正確な説明は？

Khác biệt giữa 「機会をしていただけますか」(FAX) và 「説明させていただく」(Email) là gì?', '8010705', 'FAX từ khách hàng đề xuất hợp tác + Email trả lời từ công ty. Cần phân tích cả hai tài liệu cùng lúc để hiểu sắc thái.', 'FAX: 「機会をしていただけますか」= yêu cầu công ty tạo cơ hội cho nhóm kinh doanh của họ. Email: 「説明させていただく」= công ty sẽ tự mình giải thích cho nhóm của ABC Marketing. Đây là sự thay đổi: từ yêu cầu (FAX) thành điều kiện/đề nghị khác (Email - yêu cầu thêm tài liệu chi tiết).', 'dokkai', 1, 'system', TRUE, FALSE, NOW(), 'system') ON CONFLICT (id) DO UPDATE SET question_type = EXCLUDED.question_type, content_type = EXCLUDED.content_type, level = EXCLUDED.level, question = EXCLUDED.question, passage = EXCLUDED.passage, passage_translation = EXCLUDED.passage_translation, general_explanation = EXCLUDED.general_explanation, skill_category = EXCLUDED.skill_category, base_difficulty = EXCLUDED.base_difficulty, is_active = EXCLUDED.is_active, is_deleted = EXCLUDED.is_deleted, updated_at = NOW(), updated_by = 'system';
DELETE FROM questions_answers WHERE question_id = 87200018;
INSERT INTO questions_answers (question_id, sentence, sentence_translation, is_correct, "order") VALUES (87200018, '両方とも同じ意味で、同じ内容を指している', NULL, FALSE, 1);
INSERT INTO questions_answers (question_id, sentence, sentence_translation, is_correct, "order") VALUES (87200018, 'FAXは機会を与えることを要求し、Emailは説明することを提供する。つまり、FAXは一方的な要求だが、Emailは相手の要求に応じながら、自社の条件を追加している', NULL, TRUE, 2);
INSERT INTO questions_answers (question_id, sentence, sentence_translation, is_correct, "order") VALUES (87200018, 'FAXは決定であり、Emailは提案である', NULL, FALSE, 3);
INSERT INTO questions_answers (question_id, sentence, sentence_translation, is_correct, "order") VALUES (87200018, 'FAXは敬語で、Emailは普通語である', NULL, FALSE, 4);
INSERT INTO questions (id, user_id, is_system, is_khoa_cu, question_type, content_type, level, selection_type, question, passage, passage_translation, general_explanation, skill_category, base_difficulty, tenant_id, is_active, is_deleted, created_at, created_by) VALUES (87200019, NULL, TRUE, FALSE, 'reading', 'keigo_dokkai_keigo_tong_hop', NULL, 'single', '返信メールの「機会を設定させていただく前に、より詳細な提案書をいただきたいと存じます」という表現に見られる、営業部長の立場として最も適切なものは？

Từ cấu trúc 「機会を設定させていただく前に」, vị trí của Phó giám đốc kinh doanh là gì?', '8010705', 'FAX từ khách hàng đề xuất hợp tác + Email trả lời từ công ty. Cần phân tích cả hai tài liệu cùng lúc để hiểu sắc thái.', '「設定させていただく」= công ty sẽ tạo cơ hội (có quyền/trách nhiệm). Bằng cách nói 「前に」, Phó giám đốc kinh doanh thiết lập điều kiện: trước khi tạo cơ hội, họ cần thông tin chi tiết hơn. Đây là cách thương lượng có tact, không phải từ chối hoàn toàn.', 'dokkai', 1, 'system', TRUE, FALSE, NOW(), 'system') ON CONFLICT (id) DO UPDATE SET question_type = EXCLUDED.question_type, content_type = EXCLUDED.content_type, level = EXCLUDED.level, question = EXCLUDED.question, passage = EXCLUDED.passage, passage_translation = EXCLUDED.passage_translation, general_explanation = EXCLUDED.general_explanation, skill_category = EXCLUDED.skill_category, base_difficulty = EXCLUDED.base_difficulty, is_active = EXCLUDED.is_active, is_deleted = EXCLUDED.is_deleted, updated_at = NOW(), updated_by = 'system';
DELETE FROM questions_answers WHERE question_id = 87200019;
INSERT INTO questions_answers (question_id, sentence, sentence_translation, is_correct, "order") VALUES (87200019, 'ABC Marketing の要求に従うしかない', NULL, FALSE, 1);
INSERT INTO questions_answers (question_id, sentence, sentence_translation, is_correct, "order") VALUES (87200019, 'ABC Marketing の申し出を検討する力を持ち、追加の条件を提出している', NULL, TRUE, 2);
INSERT INTO questions_answers (question_id, sentence, sentence_translation, is_correct, "order") VALUES (87200019, '会議をキャンセルしたい', NULL, FALSE, 3);
INSERT INTO questions_answers (question_id, sentence, sentence_translation, is_correct, "order") VALUES (87200019, 'ABC Marketing に完全に支配されている', NULL, FALSE, 4);
INSERT INTO questions (id, user_id, is_system, is_khoa_cu, question_type, content_type, level, selection_type, question, passage, passage_translation, general_explanation, skill_category, base_difficulty, tenant_id, is_active, is_deleted, created_at, created_by) VALUES (87200020, NULL, TRUE, FALSE, 'reading', 'keigo_dokkai_keigo_tong_hop', NULL, 'single', 'FAXの「お気軽にお電話をしていただきたく存じます」と、Emailの「深く検討させていただき、来週までに最終決定の連絡をさせていただきたく存じます」を比較した場合、送信者の気持ちとして最も正確なものは？

So sánh 「電話をしていただきたく」(FAX) và 「検討させていただきたく」(Email), cảm xúc của người gửi là gì?', '8010705', 'FAX từ khách hàng đề xuất hợp tác + Email trả lời từ công ty. Cần phân tích cả hai tài liệu cùng lúc để hiểu sắc thái.', 'FAX: 「電話をしていただきたく」= ABC Marketing mong công ty liên lạc nếu có thắc mắc (chờ động thái từ phía bên kia). Email: 「検討させていただき」= công ty sẽ chủ động xem xét, 「連絡をさせていただきたく」= cam kết báo cáo kết quả. Ngôn ngữ cho thấy: phía ABC Marketing chủ động đề xuất và chờ đợi; phía công ty chủ động xem xét và cam kết cập nhật tiến độ.', 'dokkai', 1, 'system', TRUE, FALSE, NOW(), 'system') ON CONFLICT (id) DO UPDATE SET question_type = EXCLUDED.question_type, content_type = EXCLUDED.content_type, level = EXCLUDED.level, question = EXCLUDED.question, passage = EXCLUDED.passage, passage_translation = EXCLUDED.passage_translation, general_explanation = EXCLUDED.general_explanation, skill_category = EXCLUDED.skill_category, base_difficulty = EXCLUDED.base_difficulty, is_active = EXCLUDED.is_active, is_deleted = EXCLUDED.is_deleted, updated_at = NOW(), updated_by = 'system';
DELETE FROM questions_answers WHERE question_id = 87200020;
INSERT INTO questions_answers (question_id, sentence, sentence_translation, is_correct, "order") VALUES (87200020, 'FAXは緊急性が高く、Emailは拒否を意味している', NULL, FALSE, 1);
INSERT INTO questions_answers (question_id, sentence, sentence_translation, is_correct, "order") VALUES (87200020, 'FAXは相手からの連絡を待っており、Emailは相手に時間を与えながら、自社が責任を持って検討することを示している', NULL, TRUE, 2);
INSERT INTO questions_answers (question_id, sentence, sentence_translation, is_correct, "order") VALUES (87200020, 'FAXは命令で、Emailは提案である', NULL, FALSE, 3);
INSERT INTO questions_answers (question_id, sentence, sentence_translation, is_correct, "order") VALUES (87200020, 'FAXはより敬語で、Emailはより普通語である', NULL, FALSE, 4);

INSERT INTO study_question_sets (id, name, description, set_type, card_count, tenant_id, is_active, is_deleted, created_at, created_by) VALUES (80100720, '2.1.7 Mô Phỏng Đề Thi BJT Đọc Hiểu: Tổng Hợp 5 Loại Văn Bản — 授受動詞 vs 受動形/使役形 — Mô phỏng đề thi', 'Mô phỏng đề thi BJT đọc hiểu — 20 câu, 5 bài đọc.', 'reading', 20, 'system', TRUE, FALSE, NOW(), 'system') ON CONFLICT (id) DO UPDATE SET name = EXCLUDED.name, description = EXCLUDED.description, set_type = EXCLUDED.set_type, card_count = EXCLUDED.card_count, is_active = EXCLUDED.is_active, is_deleted = EXCLUDED.is_deleted, updated_at = NOW(), updated_by = 'system';
INSERT INTO study_question_set_questions (study_question_set_id, question_id, order_index, tenant_id, is_deleted, created_at, created_by) VALUES (80100720, 87200001, 1, 'system', FALSE, NOW(), 'system') ON CONFLICT (study_question_set_id, question_id) DO UPDATE SET order_index = EXCLUDED.order_index, is_deleted = FALSE;
INSERT INTO study_question_set_questions (study_question_set_id, question_id, order_index, tenant_id, is_deleted, created_at, created_by) VALUES (80100720, 87200002, 2, 'system', FALSE, NOW(), 'system') ON CONFLICT (study_question_set_id, question_id) DO UPDATE SET order_index = EXCLUDED.order_index, is_deleted = FALSE;
INSERT INTO study_question_set_questions (study_question_set_id, question_id, order_index, tenant_id, is_deleted, created_at, created_by) VALUES (80100720, 87200003, 3, 'system', FALSE, NOW(), 'system') ON CONFLICT (study_question_set_id, question_id) DO UPDATE SET order_index = EXCLUDED.order_index, is_deleted = FALSE;
INSERT INTO study_question_set_questions (study_question_set_id, question_id, order_index, tenant_id, is_deleted, created_at, created_by) VALUES (80100720, 87200004, 4, 'system', FALSE, NOW(), 'system') ON CONFLICT (study_question_set_id, question_id) DO UPDATE SET order_index = EXCLUDED.order_index, is_deleted = FALSE;
INSERT INTO study_question_set_questions (study_question_set_id, question_id, order_index, tenant_id, is_deleted, created_at, created_by) VALUES (80100720, 87200005, 5, 'system', FALSE, NOW(), 'system') ON CONFLICT (study_question_set_id, question_id) DO UPDATE SET order_index = EXCLUDED.order_index, is_deleted = FALSE;
INSERT INTO study_question_set_questions (study_question_set_id, question_id, order_index, tenant_id, is_deleted, created_at, created_by) VALUES (80100720, 87200006, 6, 'system', FALSE, NOW(), 'system') ON CONFLICT (study_question_set_id, question_id) DO UPDATE SET order_index = EXCLUDED.order_index, is_deleted = FALSE;
INSERT INTO study_question_set_questions (study_question_set_id, question_id, order_index, tenant_id, is_deleted, created_at, created_by) VALUES (80100720, 87200007, 7, 'system', FALSE, NOW(), 'system') ON CONFLICT (study_question_set_id, question_id) DO UPDATE SET order_index = EXCLUDED.order_index, is_deleted = FALSE;
INSERT INTO study_question_set_questions (study_question_set_id, question_id, order_index, tenant_id, is_deleted, created_at, created_by) VALUES (80100720, 87200008, 8, 'system', FALSE, NOW(), 'system') ON CONFLICT (study_question_set_id, question_id) DO UPDATE SET order_index = EXCLUDED.order_index, is_deleted = FALSE;
INSERT INTO study_question_set_questions (study_question_set_id, question_id, order_index, tenant_id, is_deleted, created_at, created_by) VALUES (80100720, 87200009, 9, 'system', FALSE, NOW(), 'system') ON CONFLICT (study_question_set_id, question_id) DO UPDATE SET order_index = EXCLUDED.order_index, is_deleted = FALSE;
INSERT INTO study_question_set_questions (study_question_set_id, question_id, order_index, tenant_id, is_deleted, created_at, created_by) VALUES (80100720, 87200010, 10, 'system', FALSE, NOW(), 'system') ON CONFLICT (study_question_set_id, question_id) DO UPDATE SET order_index = EXCLUDED.order_index, is_deleted = FALSE;
INSERT INTO study_question_set_questions (study_question_set_id, question_id, order_index, tenant_id, is_deleted, created_at, created_by) VALUES (80100720, 87200011, 11, 'system', FALSE, NOW(), 'system') ON CONFLICT (study_question_set_id, question_id) DO UPDATE SET order_index = EXCLUDED.order_index, is_deleted = FALSE;
INSERT INTO study_question_set_questions (study_question_set_id, question_id, order_index, tenant_id, is_deleted, created_at, created_by) VALUES (80100720, 87200012, 12, 'system', FALSE, NOW(), 'system') ON CONFLICT (study_question_set_id, question_id) DO UPDATE SET order_index = EXCLUDED.order_index, is_deleted = FALSE;
INSERT INTO study_question_set_questions (study_question_set_id, question_id, order_index, tenant_id, is_deleted, created_at, created_by) VALUES (80100720, 87200013, 13, 'system', FALSE, NOW(), 'system') ON CONFLICT (study_question_set_id, question_id) DO UPDATE SET order_index = EXCLUDED.order_index, is_deleted = FALSE;
INSERT INTO study_question_set_questions (study_question_set_id, question_id, order_index, tenant_id, is_deleted, created_at, created_by) VALUES (80100720, 87200014, 14, 'system', FALSE, NOW(), 'system') ON CONFLICT (study_question_set_id, question_id) DO UPDATE SET order_index = EXCLUDED.order_index, is_deleted = FALSE;
INSERT INTO study_question_set_questions (study_question_set_id, question_id, order_index, tenant_id, is_deleted, created_at, created_by) VALUES (80100720, 87200015, 15, 'system', FALSE, NOW(), 'system') ON CONFLICT (study_question_set_id, question_id) DO UPDATE SET order_index = EXCLUDED.order_index, is_deleted = FALSE;
INSERT INTO study_question_set_questions (study_question_set_id, question_id, order_index, tenant_id, is_deleted, created_at, created_by) VALUES (80100720, 87200016, 16, 'system', FALSE, NOW(), 'system') ON CONFLICT (study_question_set_id, question_id) DO UPDATE SET order_index = EXCLUDED.order_index, is_deleted = FALSE;
INSERT INTO study_question_set_questions (study_question_set_id, question_id, order_index, tenant_id, is_deleted, created_at, created_by) VALUES (80100720, 87200017, 17, 'system', FALSE, NOW(), 'system') ON CONFLICT (study_question_set_id, question_id) DO UPDATE SET order_index = EXCLUDED.order_index, is_deleted = FALSE;
INSERT INTO study_question_set_questions (study_question_set_id, question_id, order_index, tenant_id, is_deleted, created_at, created_by) VALUES (80100720, 87200018, 18, 'system', FALSE, NOW(), 'system') ON CONFLICT (study_question_set_id, question_id) DO UPDATE SET order_index = EXCLUDED.order_index, is_deleted = FALSE;
INSERT INTO study_question_set_questions (study_question_set_id, question_id, order_index, tenant_id, is_deleted, created_at, created_by) VALUES (80100720, 87200019, 19, 'system', FALSE, NOW(), 'system') ON CONFLICT (study_question_set_id, question_id) DO UPDATE SET order_index = EXCLUDED.order_index, is_deleted = FALSE;
INSERT INTO study_question_set_questions (study_question_set_id, question_id, order_index, tenant_id, is_deleted, created_at, created_by) VALUES (80100720, 87200020, 20, 'system', FALSE, NOW(), 'system') ON CONFLICT (study_question_set_id, question_id) DO UPDATE SET order_index = EXCLUDED.order_index, is_deleted = FALSE;
INSERT INTO study_resource_question_sets (resource_type, resource_id, study_question_set_id, position, context, tenant_id, is_active, is_deleted, created_at, created_by) VALUES ('module', 8015, 80100720, 5, '{"label": "2.1.7 Mô Phỏng Đề Thi BJT Đọc Hiểu: Tổng Hợp 5 Loại Văn Bản — 授受動詞 vs 受動形/使役形 — Mô phỏng đề thi"}'::jsonb, 'system', TRUE, FALSE, NOW(), 'system') ON CONFLICT (resource_type, resource_id, study_question_set_id) DO UPDATE SET position = EXCLUDED.position, context = EXCLUDED.context, is_active = TRUE, is_deleted = FALSE;

-- BaiTap file: 2.1.7_TongHop_SoSanh_BaiTap.json
INSERT INTO questions (id, user_id, is_system, is_khoa_cu, question_type, content_type, level, selection_type, question, passage, passage_translation, general_explanation, skill_category, base_difficulty, tenant_id, is_active, is_deleted, created_at, created_by) VALUES (87300001, NULL, TRUE, FALSE, 'chon_dap_an', 'keigo_baitap_keigo_tong_hop', 'BJT-1', 'single', '友人が私の荷物を持ってくれた場面。次の2文の違いを正しく説明したものはどれですか？
①「友人に荷物を持ってもらった。」
②「友人に荷物を持たれた。」

Bạn xách đồ giúp tôi. Sự khác nhau giữa ①「〜てもらった」và ②「〜てもらった」(bị động) là gì?', NULL, NULL, '①【〜てもらった】(授受) = Tôi NHẬN được ân huệ từ bạn — cảm ơn, vui mừng. ②【〜られた】(受動) = Tôi BỊ bạn xách đồ — trong ngữ cảnh này nghe kỳ lạ hoặc bất đắc dĩ (荷物を持たれる = bị ai cầm đồ của mình, có thể nghe như bị xâm phạm). ⚠️ Đây là điểm nhầm quan trọng nhất: てもらう = biết ơn, られる = bị động (trung tính hoặc tiêu cực). Khi muốn nói ''được giúp với lòng biết ơn'' → てもらう/ていただく.

💡 てもらう = Tôi NHẬN được ân huệ (cảm ơn). られる = Tôi BỊ tác động (trung tính hoặc tiêu cực). Cùng một sự việc nhưng cảm xúc HOÀN TOÀN KHÁC NHAU!', 'grammar', 1, 'system', TRUE, FALSE, NOW(), 'system') ON CONFLICT (id) DO UPDATE SET question_type = EXCLUDED.question_type, content_type = EXCLUDED.content_type, level = EXCLUDED.level, question = EXCLUDED.question, passage = EXCLUDED.passage, passage_translation = EXCLUDED.passage_translation, general_explanation = EXCLUDED.general_explanation, skill_category = EXCLUDED.skill_category, base_difficulty = EXCLUDED.base_difficulty, is_active = EXCLUDED.is_active, is_deleted = EXCLUDED.is_deleted, updated_at = NOW(), updated_by = 'system';
DELETE FROM questions_answers WHERE question_id = 87300001;
INSERT INTO questions_answers (question_id, sentence, sentence_translation, is_correct, "order") VALUES (87300001, '①②ともに同じ意味で違いはない', NULL, FALSE, 1);
INSERT INTO questions_answers (question_id, sentence, sentence_translation, is_correct, "order") VALUES (87300001, '①は感謝・恩恵を感じている。②は迷惑・不快な気持ちを含む', NULL, TRUE, 2);
INSERT INTO questions_answers (question_id, sentence, sentence_translation, is_correct, "order") VALUES (87300001, '①は過去、②は現在を表す', NULL, FALSE, 3);
INSERT INTO questions_answers (question_id, sentence, sentence_translation, is_correct, "order") VALUES (87300001, '①は友人が主語、②は私が主語', NULL, FALSE, 4);
INSERT INTO questions (id, user_id, is_system, is_khoa_cu, question_type, content_type, level, selection_type, question, passage, passage_translation, general_explanation, skill_category, base_difficulty, tenant_id, is_active, is_deleted, created_at, created_by) VALUES (87300002, NULL, TRUE, FALSE, 'chon_dap_an', 'keigo_baitap_keigo_tong_hop', 'BJT-1', 'single', '山田さんが私の仕事を手伝ってくれた。この状況を「私」を主語にして言い直すと？

Yamada giúp tôi làm việc. Nói lại câu này với 「私」làm chủ ngữ là gì?', NULL, NULL, '【てくれる】= Yamada là CHỦ NGỮ làm cho tôi. 【てもらう】= TÔI là chủ ngữ, nhận được từ Yamada. Cùng sự kiện, khác góc nhìn: くれる (góc: người làm) ↔ もらう (góc: người nhận). (A) 「手伝われた」(受動) = Tôi bị Yamada giúp — nghe kỳ lạ, 手伝う không tự nhiên ở dạng bị động. (C) 「手伝わせた」(使役) = Tôi bắt Yamada giúp — nghĩa khác hoàn toàn.

💡 てくれる ↔ てもらう: 2 cách nói CÙNG SỰ KIỆN. くれる: [Yamada]が〜てくれた. もらう: [私]は〜てもらった. Thay đổi chủ ngữ thì thay đổi動詞!', 'grammar', 1, 'system', TRUE, FALSE, NOW(), 'system') ON CONFLICT (id) DO UPDATE SET question_type = EXCLUDED.question_type, content_type = EXCLUDED.content_type, level = EXCLUDED.level, question = EXCLUDED.question, passage = EXCLUDED.passage, passage_translation = EXCLUDED.passage_translation, general_explanation = EXCLUDED.general_explanation, skill_category = EXCLUDED.skill_category, base_difficulty = EXCLUDED.base_difficulty, is_active = EXCLUDED.is_active, is_deleted = EXCLUDED.is_deleted, updated_at = NOW(), updated_by = 'system';
DELETE FROM questions_answers WHERE question_id = 87300002;
INSERT INTO questions_answers (question_id, sentence, sentence_translation, is_correct, "order") VALUES (87300002, '私は山田さんに仕事を手伝われた。', NULL, FALSE, 1);
INSERT INTO questions_answers (question_id, sentence, sentence_translation, is_correct, "order") VALUES (87300002, '私は山田さんに仕事を手伝ってもらった。', NULL, TRUE, 2);
INSERT INTO questions_answers (question_id, sentence, sentence_translation, is_correct, "order") VALUES (87300002, '私は山田さんに仕事を手伝わせた。', NULL, FALSE, 3);
INSERT INTO questions_answers (question_id, sentence, sentence_translation, is_correct, "order") VALUES (87300002, '私は山田さんに仕事を手伝ってあげた。', NULL, FALSE, 4);
INSERT INTO questions (id, user_id, is_system, is_khoa_cu, question_type, content_type, level, selection_type, question, passage, passage_translation, general_explanation, skill_category, base_difficulty, tenant_id, is_active, is_deleted, created_at, created_by) VALUES (87300003, NULL, TRUE, FALSE, 'chon_dap_an', 'keigo_baitap_keigo_tong_hop', 'BJT-1', 'single', '「私は弟の宿題を手伝ってあげた」と「私は弟に宿題をさせた」の違いはどれですか？

Sự khác nhau giữa ①"Tôi giúp em làm bài tập" và ②"Tôi bắt em làm bài tập" là gì?', NULL, NULL, '①【〜てあげる】(授受) = TÔI là người thực hiện hành động (手伝う) vì lợi ích của em. NGƯỜI LÀM = 私. ②【〜させる】(使役) = EM là người thực hiện hành động (する = làm bài). NGƯỜI LÀM = 弟. Đây là điểm NHẦM THƯỜNG THẤY: あげる = tôi làm cho em. させる = tôi bắt em làm. Kết quả giống nhau (bài được làm) nhưng ai làm thì KHÁC HOÀN TOÀN.

💡 ⚠️ ĐIỂM NHẦM: てあげる = TÔI làm cho người khác. させる = Người khác làm (tôi sai). Xác định AI là người thực hiện hành động chính!', 'grammar', 1, 'system', TRUE, FALSE, NOW(), 'system') ON CONFLICT (id) DO UPDATE SET question_type = EXCLUDED.question_type, content_type = EXCLUDED.content_type, level = EXCLUDED.level, question = EXCLUDED.question, passage = EXCLUDED.passage, passage_translation = EXCLUDED.passage_translation, general_explanation = EXCLUDED.general_explanation, skill_category = EXCLUDED.skill_category, base_difficulty = EXCLUDED.base_difficulty, is_active = EXCLUDED.is_active, is_deleted = EXCLUDED.is_deleted, updated_at = NOW(), updated_by = 'system';
DELETE FROM questions_answers WHERE question_id = 87300003;
INSERT INTO questions_answers (question_id, sentence, sentence_translation, is_correct, "order") VALUES (87300003, '①②ともに、私が宿題をした', NULL, FALSE, 1);
INSERT INTO questions_answers (question_id, sentence, sentence_translation, is_correct, "order") VALUES (87300003, '①は私が宿題を手伝った（行為者＝私）、②は弟が宿題をした（行為者＝弟）', NULL, TRUE, 2);
INSERT INTO questions_answers (question_id, sentence, sentence_translation, is_correct, "order") VALUES (87300003, '①は弟が宿題をした、②は私が宿題をした', NULL, FALSE, 3);
INSERT INTO questions_answers (question_id, sentence, sentence_translation, is_correct, "order") VALUES (87300003, '①②ともに弟が宿題をした', NULL, FALSE, 4);
INSERT INTO questions (id, user_id, is_system, is_khoa_cu, question_type, content_type, level, selection_type, question, passage, passage_translation, general_explanation, skill_category, base_difficulty, tenant_id, is_active, is_deleted, created_at, created_by) VALUES (87300004, NULL, TRUE, FALSE, 'chon_dap_an', 'keigo_baitap_keigo_tong_hop', 'BJT-1', 'single', '次の2文の意味の違いを正しく説明したものはどれですか？
①「先生に発表させてもらった。」
②「先生に発表させられた。」

Sự khác nhau giữa ①"Được thầy cho phép phát biểu" và ②"Bị thầy ép phát biểu" là gì?', NULL, NULL, '①【させてもらう】(使役+授受) = Tôi nhận được sự CHO PHÉP từ thầy để làm điều tôi MUỐN LÀM. Cảm giác: hân hạnh, biết ơn vì được cho phép. ②【させられる】(使役受動) = Thầy BẮT tôi làm điều tôi không muốn. Cảm giác: bất đắc dĩ, bị ép buộc. Cả 2 đều có させ nhưng nghĩa đối lập: ①自発+許可 vs ②強制+不本意.

💡 させてもらう = ''Tôi xin phép được làm'' (tự nguyện + biết ơn). させられる = ''Tôi bị bắt làm'' (bị ép + không muốn). Cùng させ nhưng nghĩa NGƯỢC NHAU!', 'grammar', 1, 'system', TRUE, FALSE, NOW(), 'system') ON CONFLICT (id) DO UPDATE SET question_type = EXCLUDED.question_type, content_type = EXCLUDED.content_type, level = EXCLUDED.level, question = EXCLUDED.question, passage = EXCLUDED.passage, passage_translation = EXCLUDED.passage_translation, general_explanation = EXCLUDED.general_explanation, skill_category = EXCLUDED.skill_category, base_difficulty = EXCLUDED.base_difficulty, is_active = EXCLUDED.is_active, is_deleted = EXCLUDED.is_deleted, updated_at = NOW(), updated_by = 'system';
DELETE FROM questions_answers WHERE question_id = 87300004;
INSERT INTO questions_answers (question_id, sentence, sentence_translation, is_correct, "order") VALUES (87300004, '①②ともに強制された、不本意な気持ちを表す', NULL, FALSE, 1);
INSERT INTO questions_answers (question_id, sentence, sentence_translation, is_correct, "order") VALUES (87300004, '①は自分の意志で（させてもらう＝許可を得た）、②は強制・不本意（させられる）', NULL, TRUE, 2);
INSERT INTO questions_answers (question_id, sentence, sentence_translation, is_correct, "order") VALUES (87300004, '①②ともに自発的・喜んで行った', NULL, FALSE, 3);
INSERT INTO questions_answers (question_id, sentence, sentence_translation, is_correct, "order") VALUES (87300004, '①は先生が発表した、②は私が発表した', NULL, FALSE, 4);
INSERT INTO questions (id, user_id, is_system, is_khoa_cu, question_type, content_type, level, selection_type, question, passage, passage_translation, general_explanation, skill_category, base_difficulty, tenant_id, is_active, is_deleted, created_at, created_by) VALUES (87300005, NULL, TRUE, FALSE, 'chon_dap_an', 'keigo_baitap_keigo_tong_hop', 'BJT-1', 'single', '「先生に褒めていただいた」と「先生に褒められた」、どちらが感謝の気持ちを含みますか？

「先生に褒めていただいた」và「先生に褒められた」, câu nào thể hiện lòng BIẾT ƠN?', NULL, NULL, '【〜ていただく】(授受 — khiêm ngữ của てもらう) = Tôi nhận được ân huệ từ bề trên, thể hiện lòng BIẾT ƠN sâu sắc. 【〜られた】(受動) = Bị động đơn thuần — trung tính, không nhất thiết có lòng biết ơn, thậm chí có thể hơi bất ngờ. Trong kinh doanh Nhật: Khi muốn cảm ơn bề trên vì đã làm gì cho mình → luôn dùng ていただく, KHÔNG dùng bị động.

💡 Muốn thể hiện BIẾT ƠN → 〜てもらう / 〜ていただく (授受). Bị động (〜られる) = trung tính, không có hàm ý biết ơn. Đây là lý do kinh doanh Nhật ưa dùng ていただく hơn.', 'grammar', 1, 'system', TRUE, FALSE, NOW(), 'system') ON CONFLICT (id) DO UPDATE SET question_type = EXCLUDED.question_type, content_type = EXCLUDED.content_type, level = EXCLUDED.level, question = EXCLUDED.question, passage = EXCLUDED.passage, passage_translation = EXCLUDED.passage_translation, general_explanation = EXCLUDED.general_explanation, skill_category = EXCLUDED.skill_category, base_difficulty = EXCLUDED.base_difficulty, is_active = EXCLUDED.is_active, is_deleted = EXCLUDED.is_deleted, updated_at = NOW(), updated_by = 'system';
DELETE FROM questions_answers WHERE question_id = 87300005;
INSERT INTO questions_answers (question_id, sentence, sentence_translation, is_correct, "order") VALUES (87300005, '「褒められた」のみ感謝を含む', NULL, FALSE, 1);
INSERT INTO questions_answers (question_id, sentence, sentence_translation, is_correct, "order") VALUES (87300005, '「褒めていただいた」のみ感謝を含む', NULL, TRUE, 2);
INSERT INTO questions_answers (question_id, sentence, sentence_translation, is_correct, "order") VALUES (87300005, '両方ともに感謝の気持ちを含む', NULL, FALSE, 3);
INSERT INTO questions_answers (question_id, sentence, sentence_translation, is_correct, "order") VALUES (87300005, 'どちらも感謝を含まない', NULL, FALSE, 4);
INSERT INTO questions (id, user_id, is_system, is_khoa_cu, question_type, content_type, level, selection_type, question, passage, passage_translation, general_explanation, skill_category, base_difficulty, tenant_id, is_active, is_deleted, created_at, created_by) VALUES (87300006, NULL, TRUE, FALSE, 'chon_dap_an', 'keigo_baitap_keigo_tong_hop', 'BJT-1', 'single', '次の2文の違いを説明してください。
①「先生に本をもらった。」
②「先生に本を読ませてもらった。」

Sự khác nhau giữa ①"Được thầy cho sách" và ②"Được thầy cho phép đọc sách" là gì?', NULL, NULL, '①【もらう】= Tôi nhận được VẬT (本 = quyển sách) từ thầy. ②【させてもらう】= Tôi nhận được PHÉP (許可) từ thầy để THỰC HIỆN HÀNH ĐỘNG (読む = đọc). Đây là sự khác nhau về ĐỐI TƯỢNG NHẬN: もらう = nhận vật. させてもらう = nhận phép làm gì đó. Cả 2 đều có chiều ''tôi nhận từ thầy'' nhưng nội dung nhận khác.

💡 もらう = Tôi nhận [VẬT]. させてもらう = Tôi nhận [PHÉP LÀM]. Phân biệt đối tượng được nhận là vật hay là hành động.', 'grammar', 1, 'system', TRUE, FALSE, NOW(), 'system') ON CONFLICT (id) DO UPDATE SET question_type = EXCLUDED.question_type, content_type = EXCLUDED.content_type, level = EXCLUDED.level, question = EXCLUDED.question, passage = EXCLUDED.passage, passage_translation = EXCLUDED.passage_translation, general_explanation = EXCLUDED.general_explanation, skill_category = EXCLUDED.skill_category, base_difficulty = EXCLUDED.base_difficulty, is_active = EXCLUDED.is_active, is_deleted = EXCLUDED.is_deleted, updated_at = NOW(), updated_by = 'system';
DELETE FROM questions_answers WHERE question_id = 87300006;
INSERT INTO questions_answers (question_id, sentence, sentence_translation, is_correct, "order") VALUES (87300006, '①は物（本）を受け取った。②は行為（読む）の許可を受けた', NULL, TRUE, 1);
INSERT INTO questions_answers (question_id, sentence, sentence_translation, is_correct, "order") VALUES (87300006, '①②ともに本を受け取った', NULL, FALSE, 2);
INSERT INTO questions_answers (question_id, sentence, sentence_translation, is_correct, "order") VALUES (87300006, '①は行為の許可、②は物を受け取った', NULL, FALSE, 3);
INSERT INTO questions_answers (question_id, sentence, sentence_translation, is_correct, "order") VALUES (87300006, '①②ともに意味は同じ', NULL, FALSE, 4);
INSERT INTO questions (id, user_id, is_system, is_khoa_cu, question_type, content_type, level, selection_type, question, passage, passage_translation, general_explanation, skill_category, base_difficulty, tenant_id, is_active, is_deleted, created_at, created_by) VALUES (87300007, NULL, TRUE, FALSE, 'chon_dap_an', 'keigo_baitap_keigo_tong_hop', 'BJT-1', 'single', '「山田さんに発表させた」と「山田さんに発表された」の違いはどれですか？

Sự khác nhau giữa ①"Tôi bắt Yamada phát biểu" và ②"Tôi bị Yamada phát biểu" (bị động) là gì?', NULL, NULL, '①【させた】(使役) = TÔI ra lệnh → YAMADA phát biểu. Chủ thể hành động = Yamada. ②【された】(受動) = YAMADA phát biểu → TÔI bị ảnh hưởng. 「発表された」nghĩa: tôi bị (nội dung nào đó) phát biểu ra trước mặt tôi (nghe có vẻ bất ngờ). Đây là điểm nhầm: させる (tôi là người chỉ đạo) vs される (tôi là người bị tác động).

💡 させる: Tôi là NGƯỜI RA LỆNH → người khác làm. される: Tôi là NGƯỜI BỊ TÁC ĐỘNG ← người khác làm. Chủ thể và vai trò đảo ngược!', 'grammar', 1, 'system', TRUE, FALSE, NOW(), 'system') ON CONFLICT (id) DO UPDATE SET question_type = EXCLUDED.question_type, content_type = EXCLUDED.content_type, level = EXCLUDED.level, question = EXCLUDED.question, passage = EXCLUDED.passage, passage_translation = EXCLUDED.passage_translation, general_explanation = EXCLUDED.general_explanation, skill_category = EXCLUDED.skill_category, base_difficulty = EXCLUDED.base_difficulty, is_active = EXCLUDED.is_active, is_deleted = EXCLUDED.is_deleted, updated_at = NOW(), updated_by = 'system';
DELETE FROM questions_answers WHERE question_id = 87300007;
INSERT INTO questions_answers (question_id, sentence, sentence_translation, is_correct, "order") VALUES (87300007, '①は山田さんが発表した（私が命令）、②は私が発表した（山田さんの行為に影響された）', NULL, TRUE, 1);
INSERT INTO questions_answers (question_id, sentence, sentence_translation, is_correct, "order") VALUES (87300007, '①②ともに山田さんが発表した', NULL, FALSE, 2);
INSERT INTO questions_answers (question_id, sentence, sentence_translation, is_correct, "order") VALUES (87300007, '①②ともに私が発表した', NULL, FALSE, 3);
INSERT INTO questions_answers (question_id, sentence, sentence_translation, is_correct, "order") VALUES (87300007, '①は私が発表した、②は山田さんが発表した', NULL, FALSE, 4);
INSERT INTO questions (id, user_id, is_system, is_khoa_cu, question_type, content_type, level, selection_type, question, passage, passage_translation, general_explanation, skill_category, base_difficulty, tenant_id, is_active, is_deleted, created_at, created_by) VALUES (87300008, NULL, TRUE, FALSE, 'chon_dap_an', 'keigo_baitap_keigo_tong_hop', 'BJT-1', 'single', '「田中さんが私にコーヒーをくれた」と同じ意味の文はどれですか？

Câu nào có nghĩa GIỐNG với "Tanaka đã tặng tôi cà phê"?', NULL, NULL, '「田中さんがくれた」↔「私はもらった」= Cùng sự kiện, CHỦ NGỮ khác: くれる: CHỦ NGỮ = 田中さん (người cho). もらう: CHỦ NGỮ = 私 (người nhận). Chuyển đổi: [A]が[B]にくれた ↔ [B]は[A]にもらった. (B) 「あげた」= TÔI cho Tanaka — chiều ngược. (C) 「もらわせた」= tôi bắt ai nhận — sai. (D) sai chủ thể của もらう.

💡 Công thức chuyển đổi: [A]がくれた ↔ [私]はもらった (cùng sự kiện, đổi chủ ngữ). [A]がくださった ↔ [私]はいただいた (với bề trên).', 'grammar', 1, 'system', TRUE, FALSE, NOW(), 'system') ON CONFLICT (id) DO UPDATE SET question_type = EXCLUDED.question_type, content_type = EXCLUDED.content_type, level = EXCLUDED.level, question = EXCLUDED.question, passage = EXCLUDED.passage, passage_translation = EXCLUDED.passage_translation, general_explanation = EXCLUDED.general_explanation, skill_category = EXCLUDED.skill_category, base_difficulty = EXCLUDED.base_difficulty, is_active = EXCLUDED.is_active, is_deleted = EXCLUDED.is_deleted, updated_at = NOW(), updated_by = 'system';
DELETE FROM questions_answers WHERE question_id = 87300008;
INSERT INTO questions_answers (question_id, sentence, sentence_translation, is_correct, "order") VALUES (87300008, '私は田中さんにコーヒーをもらった。', NULL, TRUE, 1);
INSERT INTO questions_answers (question_id, sentence, sentence_translation, is_correct, "order") VALUES (87300008, '私は田中さんにコーヒーをあげた。', NULL, FALSE, 2);
INSERT INTO questions_answers (question_id, sentence, sentence_translation, is_correct, "order") VALUES (87300008, '私は田中さんにコーヒーをもらわせた。', NULL, FALSE, 3);
INSERT INTO questions_answers (question_id, sentence, sentence_translation, is_correct, "order") VALUES (87300008, '田中さんは私にコーヒーをもらった。', NULL, FALSE, 4);
INSERT INTO questions (id, user_id, is_system, is_khoa_cu, question_type, content_type, level, selection_type, question, passage, passage_translation, general_explanation, skill_category, base_difficulty, tenant_id, is_active, is_deleted, created_at, created_by) VALUES (87300009, NULL, TRUE, FALSE, 'chon_dap_an', 'keigo_baitap_keigo_tong_hop', 'BJT-1', 'single', '「窓を開けさせてもらえますか」と「窓を開けてもらえますか」の違いはどれですか？

Sự khác nhau giữa ①"Tôi có thể mở cửa sổ được không?" và ②"Bạn có thể mở cửa sổ giúp tôi không?" là gì?', NULL, NULL, '①【〜させてもらえますか】= TÔI xin phép được làm (開ける = TÔI mở). Hỏi xin phép hành động của chính mình. ②【〜てもらえますか】= Nhờ ĐỐI PHƯƠNG làm (開ける = NGƯỜI KIA mở). Hỏi nhờ người khác làm cho mình. ⚠️ ĐÂY LÀ ĐIỂM NHẦM RẤT PHỔ BIẾN: させてもらえる (tôi tự làm, xin phép) ≠ してもらえる (nhờ người khác làm).

💡 させてもらえますか = TÔI LÀM, xin phép. してもらえますか = NGƯỜI KHÁC LÀM, nhờ. Xác định ai là người thực hiện hành động chính là chìa khóa!', 'grammar', 1, 'system', TRUE, FALSE, NOW(), 'system') ON CONFLICT (id) DO UPDATE SET question_type = EXCLUDED.question_type, content_type = EXCLUDED.content_type, level = EXCLUDED.level, question = EXCLUDED.question, passage = EXCLUDED.passage, passage_translation = EXCLUDED.passage_translation, general_explanation = EXCLUDED.general_explanation, skill_category = EXCLUDED.skill_category, base_difficulty = EXCLUDED.base_difficulty, is_active = EXCLUDED.is_active, is_deleted = EXCLUDED.is_deleted, updated_at = NOW(), updated_by = 'system';
DELETE FROM questions_answers WHERE question_id = 87300009;
INSERT INTO questions_answers (question_id, sentence, sentence_translation, is_correct, "order") VALUES (87300009, '①②ともに相手に窓を開けてもらう意味', NULL, FALSE, 1);
INSERT INTO questions_answers (question_id, sentence, sentence_translation, is_correct, "order") VALUES (87300009, '①は自分が窓を開ける許可を求める、②は相手に窓を開けてもらうよう頼む', NULL, TRUE, 2);
INSERT INTO questions_answers (question_id, sentence, sentence_translation, is_correct, "order") VALUES (87300009, '①は相手が窓を開ける、②は自分が窓を開ける', NULL, FALSE, 3);
INSERT INTO questions_answers (question_id, sentence, sentence_translation, is_correct, "order") VALUES (87300009, '①②ともに自分が窓を開ける', NULL, FALSE, 4);
INSERT INTO questions (id, user_id, is_system, is_khoa_cu, question_type, content_type, level, selection_type, question, passage, passage_translation, general_explanation, skill_category, base_difficulty, tenant_id, is_active, is_deleted, created_at, created_by) VALUES (87300010, NULL, TRUE, FALSE, 'chon_dap_an', 'keigo_baitap_keigo_tong_hop', 'BJT-1', 'single', '「田中さんに英語を教えてもらった」と「田中さんに英語を教えられた」の違いを正しく説明したものはどれですか？

Sự khác nhau giữa ①"Được Tanaka dạy tiếng Anh" (授受) và ②"Bị Tanaka dạy tiếng Anh" (受動) là gì?', NULL, NULL, '①【〜てもらった】= Tôi nhận được ân huệ (dạy học) từ Tanaka — BIẾT ƠN, tự nguyện học. ②【〜られた】= Bị Tanaka dạy — TRUNG TÍNH hoặc có hàm ý BẤT ĐẮC DĨ (''bị bắt học''). Ví dụ: 「長時間、英語を教えられた」nghe như bị ép học suốt. 「英語を教えてもらった」nghe như may mắn được học. Lựa chọn dạng quyết định CẢM XÚC của câu.

💡 Tóm tắt Level 1 — Bộ đôi dễ nhầm: ①てもらう(biết ơn) vs られる(trung tính/tiêu cực). ②させてもらう(tôi làm, xin phép) vs させられる(tôi bị ép làm). ③てあげる(tôi làm cho) vs させる(tôi bắt người khác làm).', 'grammar', 1, 'system', TRUE, FALSE, NOW(), 'system') ON CONFLICT (id) DO UPDATE SET question_type = EXCLUDED.question_type, content_type = EXCLUDED.content_type, level = EXCLUDED.level, question = EXCLUDED.question, passage = EXCLUDED.passage, passage_translation = EXCLUDED.passage_translation, general_explanation = EXCLUDED.general_explanation, skill_category = EXCLUDED.skill_category, base_difficulty = EXCLUDED.base_difficulty, is_active = EXCLUDED.is_active, is_deleted = EXCLUDED.is_deleted, updated_at = NOW(), updated_by = 'system';
DELETE FROM questions_answers WHERE question_id = 87300010;
INSERT INTO questions_answers (question_id, sentence, sentence_translation, is_correct, "order") VALUES (87300010, '①は感謝・恩恵あり、②は中立または迷惑・不本意の可能性あり', NULL, TRUE, 1);
INSERT INTO questions_answers (question_id, sentence, sentence_translation, is_correct, "order") VALUES (87300010, '①②ともに同じ意味', NULL, FALSE, 2);
INSERT INTO questions_answers (question_id, sentence, sentence_translation, is_correct, "order") VALUES (87300010, '①は強制、②は感謝', NULL, FALSE, 3);
INSERT INTO questions_answers (question_id, sentence, sentence_translation, is_correct, "order") VALUES (87300010, '①は田中さんが学んだ、②は私が学んだ', NULL, FALSE, 4);
INSERT INTO questions (id, user_id, is_system, is_khoa_cu, question_type, content_type, level, selection_type, question, passage, passage_translation, general_explanation, skill_category, base_difficulty, tenant_id, is_active, is_deleted, created_at, created_by) VALUES (87300011, NULL, TRUE, FALSE, 'chon_dap_an', 'keigo_baitap_keigo_tong_hop', 'BJT-2', 'single', '上司（部長）にアドバイスをもらった場面で、最も適切な表現はどれですか？

Được trưởng phòng cho lời khuyên. Cách nói phù hợp nhất là gì?', NULL, NULL, '【〜をいただく】(授受 — khiêm ngữ của もらう) = Tôi nhận được (lời khuyên) từ bề trên, với lòng BIẾT ƠN. Đây là cách nói CHUẨN trong kinh doanh khi muốn bày tỏ sự trân trọng. (A) 「アドバイスをされました」(受動の〜される) = bị động/tôn kính — đúng ngữ pháp nhưng trung tính, không thể hiện sự biết ơn. (C) させました = sai (tôi bắt cấp trên khuyên?). (D) してあげました = sai chiều (tôi làm cho cấp trên).

💡 Khi nhận ân huệ từ CẤP TRÊN → ていただく (授受, biết ơn). Bị động (される) = trung tính. Trong kinh doanh Nhật, ていただく luôn được ưa chuộng hơn khi muốn thể hiện sự trân trọng.', 'grammar', 2, 'system', TRUE, FALSE, NOW(), 'system') ON CONFLICT (id) DO UPDATE SET question_type = EXCLUDED.question_type, content_type = EXCLUDED.content_type, level = EXCLUDED.level, question = EXCLUDED.question, passage = EXCLUDED.passage, passage_translation = EXCLUDED.passage_translation, general_explanation = EXCLUDED.general_explanation, skill_category = EXCLUDED.skill_category, base_difficulty = EXCLUDED.base_difficulty, is_active = EXCLUDED.is_active, is_deleted = EXCLUDED.is_deleted, updated_at = NOW(), updated_by = 'system';
DELETE FROM questions_answers WHERE question_id = 87300011;
INSERT INTO questions_answers (question_id, sentence, sentence_translation, is_correct, "order") VALUES (87300011, '部長にアドバイスをされました。', NULL, FALSE, 1);
INSERT INTO questions_answers (question_id, sentence, sentence_translation, is_correct, "order") VALUES (87300011, '部長にアドバイスをいただきました。', NULL, TRUE, 2);
INSERT INTO questions_answers (question_id, sentence, sentence_translation, is_correct, "order") VALUES (87300011, '部長にアドバイスをさせました。', NULL, FALSE, 3);
INSERT INTO questions_answers (question_id, sentence, sentence_translation, is_correct, "order") VALUES (87300011, '部長にアドバイスをしてあげました。', NULL, FALSE, 4);
INSERT INTO questions (id, user_id, is_system, is_khoa_cu, question_type, content_type, level, selection_type, question, passage, passage_translation, general_explanation, skill_category, base_difficulty, tenant_id, is_active, is_deleted, created_at, created_by) VALUES (87300012, NULL, TRUE, FALSE, 'chon_dap_an', 'keigo_baitap_keigo_tong_hop', 'BJT-2', 'single', '上司に「プレゼンを担当する」と伝える時、最も適切な表現はどれですか？

Thông báo với sếp rằng bạn sẽ phụ trách thuyết trình. Cách nói phù hợp nhất là gì?', NULL, NULL, '【させていただきます】= Tôi XIN PHÉP được đảm nhận — khiêm nhường nhất, thể hiện sự biết ơn vì được trao cơ hội. (A) 「させられます」= bị ép phụ trách — hàm ý bất đắc dĩ, rất bất lịch sự khi nói với sếp. (B) 「させてもらいます」= được phép làm — đúng ý nhưng thiếu kính trọng với sếp (もらう → ていただく với bề trên). (D) 「してあげます」= tôi làm cho sếp (hướng sai, nghe thô lỗ).

💡 Nói với SẾP về việc bạn sẽ làm: させていただく (lịch sự nhất) > させてもらう (bình thường) > する (trực tiếp). KHÔNG BAO GIỜ nói させられる với sếp về công việc bình thường.', 'grammar', 2, 'system', TRUE, FALSE, NOW(), 'system') ON CONFLICT (id) DO UPDATE SET question_type = EXCLUDED.question_type, content_type = EXCLUDED.content_type, level = EXCLUDED.level, question = EXCLUDED.question, passage = EXCLUDED.passage, passage_translation = EXCLUDED.passage_translation, general_explanation = EXCLUDED.general_explanation, skill_category = EXCLUDED.skill_category, base_difficulty = EXCLUDED.base_difficulty, is_active = EXCLUDED.is_active, is_deleted = EXCLUDED.is_deleted, updated_at = NOW(), updated_by = 'system';
DELETE FROM questions_answers WHERE question_id = 87300012;
INSERT INTO questions_answers (question_id, sentence, sentence_translation, is_correct, "order") VALUES (87300012, 'プレゼンを担当させられます。', NULL, FALSE, 1);
INSERT INTO questions_answers (question_id, sentence, sentence_translation, is_correct, "order") VALUES (87300012, 'プレゼンを担当させてもらいます。', NULL, FALSE, 2);
INSERT INTO questions_answers (question_id, sentence, sentence_translation, is_correct, "order") VALUES (87300012, 'プレゼンを担当させていただきます。', NULL, TRUE, 3);
INSERT INTO questions_answers (question_id, sentence, sentence_translation, is_correct, "order") VALUES (87300012, 'プレゼンを担当してあげます。', NULL, FALSE, 4);
INSERT INTO questions (id, user_id, is_system, is_khoa_cu, question_type, content_type, level, selection_type, question, passage, passage_translation, general_explanation, skill_category, base_difficulty, tenant_id, is_active, is_deleted, created_at, created_by) VALUES (87300013, NULL, TRUE, FALSE, 'chon_dap_an', 'keigo_baitap_keigo_tong_hop', 'BJT-2', 'single', 'お客様が弊社の製品をご購入いただいた場合、感謝を伝える最も適切な表現はどれですか？

Khách hàng đã mua sản phẩm của công ty bạn. Cách cảm ơn phù hợp nhất là gì?', NULL, NULL, '【〜くださる】(授受 — tôn kính ngữ của くれる) = Khách hàng (Soto, bề trên) đã làm ân huệ (mua hàng) cho chúng tôi. 「ご購入くださいまして、誠にありがとうございます」= cảm ơn trang trọng nhất vì ân huệ của khách. (A) 「ご購入されまして」(受動/尊敬 される) = cũng tôn kính nhưng không nhấn mạnh ân huệ, trung tính hơn. (C) させまして = sai hoàn toàn (tôi bắt khách mua?). (D) させていただく = tôi xin phép làm — sai chiều.

💡 Cảm ơn ân huệ từ KHÁCH HÀNG: くださる (tôn kính, nhấn mạnh ân huệ của khách). される (tôn kính, trung tính). くださる biểu đạt lòng biết ơn sâu sắc hơn.', 'grammar', 2, 'system', TRUE, FALSE, NOW(), 'system') ON CONFLICT (id) DO UPDATE SET question_type = EXCLUDED.question_type, content_type = EXCLUDED.content_type, level = EXCLUDED.level, question = EXCLUDED.question, passage = EXCLUDED.passage, passage_translation = EXCLUDED.passage_translation, general_explanation = EXCLUDED.general_explanation, skill_category = EXCLUDED.skill_category, base_difficulty = EXCLUDED.base_difficulty, is_active = EXCLUDED.is_active, is_deleted = EXCLUDED.is_deleted, updated_at = NOW(), updated_by = 'system';
DELETE FROM questions_answers WHERE question_id = 87300013;
INSERT INTO questions_answers (question_id, sentence, sentence_translation, is_correct, "order") VALUES (87300013, 'ご購入されまして、ありがとうございます。', NULL, FALSE, 1);
INSERT INTO questions_answers (question_id, sentence, sentence_translation, is_correct, "order") VALUES (87300013, 'ご購入くださいまして、誠にありがとうございます。', NULL, TRUE, 2);
INSERT INTO questions_answers (question_id, sentence, sentence_translation, is_correct, "order") VALUES (87300013, 'ご購入させまして、ありがとうございます。', NULL, FALSE, 3);
INSERT INTO questions_answers (question_id, sentence, sentence_translation, is_correct, "order") VALUES (87300013, 'ご購入させていただきまして、ありがとうございます。', NULL, FALSE, 4);
INSERT INTO questions (id, user_id, is_system, is_khoa_cu, question_type, content_type, level, selection_type, question, passage, passage_translation, general_explanation, skill_category, base_difficulty, tenant_id, is_active, is_deleted, created_at, created_by) VALUES (87300014, NULL, TRUE, FALSE, 'chon_dap_an', 'keigo_baitap_keigo_tong_hop', 'BJT-2', 'single', '取引先の担当者に書類の確認をお願いする時、最も丁寧な表現はどれですか？

Nhờ người phụ trách của đối tác kiểm tra tài liệu. Cách nói lịch sự nhất là gì?', NULL, NULL, '①「してもらえますか」= もらう (bình thường) + えますか → nhờ làm, bình thường. ②「ご確認いただけますでしょうか」= いただく (khiêm ngữ của もらう) + ますでしょうか (không chắc lịch sự) → lịch sự nhất. ③「確認させてもらえますか」= TÔI xin phép được kiểm tra (ý khác — tôi là người kiểm tra). ④「確認させていただけますか」= TÔI xin phép được kiểm tra (lịch sự hơn ③). ⚠️ Lưu ý ③④: させてもらう/させていただく = TÔI làm, không phải đối tác làm.

💡 Nhờ NGƯỜI KHÁC làm: 〜てもらえますか / 〜ていただけますでしょうか. XIN PHÉP TỰ MÌNH làm: 〜させてもらえますか / 〜させていただけますか. Ai là người thực hiện hành động = chìa khóa!', 'grammar', 2, 'system', TRUE, FALSE, NOW(), 'system') ON CONFLICT (id) DO UPDATE SET question_type = EXCLUDED.question_type, content_type = EXCLUDED.content_type, level = EXCLUDED.level, question = EXCLUDED.question, passage = EXCLUDED.passage, passage_translation = EXCLUDED.passage_translation, general_explanation = EXCLUDED.general_explanation, skill_category = EXCLUDED.skill_category, base_difficulty = EXCLUDED.base_difficulty, is_active = EXCLUDED.is_active, is_deleted = EXCLUDED.is_deleted, updated_at = NOW(), updated_by = 'system';
DELETE FROM questions_answers WHERE question_id = 87300014;
INSERT INTO questions_answers (question_id, sentence, sentence_translation, is_correct, "order") VALUES (87300014, '書類を確認してもらえますか。', NULL, FALSE, 1);
INSERT INTO questions_answers (question_id, sentence, sentence_translation, is_correct, "order") VALUES (87300014, '書類をご確認いただけますでしょうか。', NULL, TRUE, 2);
INSERT INTO questions_answers (question_id, sentence, sentence_translation, is_correct, "order") VALUES (87300014, '書類を確認させてもらえますか。', NULL, FALSE, 3);
INSERT INTO questions_answers (question_id, sentence, sentence_translation, is_correct, "order") VALUES (87300014, '書類を確認させていただけますか。', NULL, FALSE, 4);
INSERT INTO questions (id, user_id, is_system, is_khoa_cu, question_type, content_type, level, selection_type, question, passage, passage_translation, general_explanation, skill_category, base_difficulty, tenant_id, is_active, is_deleted, created_at, created_by) VALUES (87300015, NULL, TRUE, FALSE, 'chon_dap_an', 'keigo_baitap_keigo_tong_hop', 'BJT-2', 'single', 'メールで「資料をお読みいただけますでしょうか」と言う場面で、これを「させる」形に言い換えると意味はどう変わりますか？

Email nhờ: ''Xin vui lòng đọc tài liệu.'' Nếu thay bằng dạng 「させる」thì nghĩa thay đổi thế nào?', NULL, NULL, '「お読みいただく」(授受 — 読む + いただく) = Nhờ/xin người kia đọc, rất lịch sự, tôn trọng ý chí của đối tác. 「読ませる」(使役) = BẮT/ÉP người kia đọc — có hàm ý quyền lực, ra lệnh. Dùng させる trong email với khách hàng là LỖI THỰC TẾ NGHIÊM TRỌNG. 「お客様に資料を読ませます」= Tôi bắt khách đọc → rất thô lỗ.

💡 ⚠️ KHÔNG dùng させる với KHÁCH HÀNG để nói ''nhờ đọc/làm''. させる = ra lệnh/quyền lực. Dùng 〜ていただく hoặc 〜てくださる để nhờ khách làm gì.', 'grammar', 2, 'system', TRUE, FALSE, NOW(), 'system') ON CONFLICT (id) DO UPDATE SET question_type = EXCLUDED.question_type, content_type = EXCLUDED.content_type, level = EXCLUDED.level, question = EXCLUDED.question, passage = EXCLUDED.passage, passage_translation = EXCLUDED.passage_translation, general_explanation = EXCLUDED.general_explanation, skill_category = EXCLUDED.skill_category, base_difficulty = EXCLUDED.base_difficulty, is_active = EXCLUDED.is_active, is_deleted = EXCLUDED.is_deleted, updated_at = NOW(), updated_by = 'system';
DELETE FROM questions_answers WHERE question_id = 87300015;
INSERT INTO questions_answers (question_id, sentence, sentence_translation, is_correct, "order") VALUES (87300015, '意味は変わらない', NULL, FALSE, 1);
INSERT INTO questions_answers (question_id, sentence, sentence_translation, is_correct, "order") VALUES (87300015, '「読んでいただく」は相手への依頼（丁寧）、「読ませる」は命令・強制になる', NULL, TRUE, 2);
INSERT INTO questions_answers (question_id, sentence, sentence_translation, is_correct, "order") VALUES (87300015, '「読ませる」の方がより丁寧', NULL, FALSE, 3);
INSERT INTO questions_answers (question_id, sentence, sentence_translation, is_correct, "order") VALUES (87300015, '「読ませる」は自分が読む意味になる', NULL, FALSE, 4);
INSERT INTO questions (id, user_id, is_system, is_khoa_cu, question_type, content_type, level, selection_type, question, passage, passage_translation, general_explanation, skill_category, base_difficulty, tenant_id, is_active, is_deleted, created_at, created_by) VALUES (87300016, NULL, TRUE, FALSE, 'chon_dap_an', 'keigo_baitap_keigo_tong_hop', 'BJT-2', 'single', '「先日ご来社いただきありがとうございました」と「先日ご来社くださいありがとうございました」の違いはどれですか？

"Cảm ơn đã đến thăm hôm trước" — いただき vs くださり. Sự khác nhau là gì?', NULL, NULL, 'Cả 2 đều ĐÚNG và lịch sự, nhưng góc nhìn khác: 【〜ていただく】(授受 — khiêm) = Tôi nhận được ân huệ (việc bạn đến) — góc nhìn TỪ PHÍA TÔI nhận. 【〜てくださる】(授受 — tôn kính) = Bạn đã làm ân huệ (đến thăm) — góc nhìn TỪ PHÍA KHÁCH làm. Trong email kinh doanh: ていただく phổ biến hơn vì thể hiện sự khiêm tốn của bên gửi email.

💡 いただく vs くださる = cùng sự kiện, khác góc nhìn: いただく (góc: tôi nhận) vs くださる (góc: bạn cho). Cả 2 đúng, いただく phổ biến hơn trong văn viết vì thể hiện tính khiêm tốn.', 'grammar', 2, 'system', TRUE, FALSE, NOW(), 'system') ON CONFLICT (id) DO UPDATE SET question_type = EXCLUDED.question_type, content_type = EXCLUDED.content_type, level = EXCLUDED.level, question = EXCLUDED.question, passage = EXCLUDED.passage, passage_translation = EXCLUDED.passage_translation, general_explanation = EXCLUDED.general_explanation, skill_category = EXCLUDED.skill_category, base_difficulty = EXCLUDED.base_difficulty, is_active = EXCLUDED.is_active, is_deleted = EXCLUDED.is_deleted, updated_at = NOW(), updated_by = 'system';
DELETE FROM questions_answers WHERE question_id = 87300016;
INSERT INTO questions_answers (question_id, sentence, sentence_translation, is_correct, "order") VALUES (87300016, '「いただき」は間違い、「くださり」のみ正しい', NULL, FALSE, 1);
INSERT INTO questions_answers (question_id, sentence, sentence_translation, is_correct, "order") VALUES (87300016, '「いただき」は自分が恩恵を受けた視点（謙譲）、「くださり」は相手の行為を尊重する視点（尊敬）、両方正しい', NULL, TRUE, 2);
INSERT INTO questions_answers (question_id, sentence, sentence_translation, is_correct, "order") VALUES (87300016, '「くださり」は間違い、「いただき」のみ正しい', NULL, FALSE, 3);
INSERT INTO questions_answers (question_id, sentence, sentence_translation, is_correct, "order") VALUES (87300016, '①②ともに同じ意味で違いはない', NULL, FALSE, 4);
INSERT INTO questions (id, user_id, is_system, is_khoa_cu, question_type, content_type, level, selection_type, question, passage, passage_translation, general_explanation, skill_category, base_difficulty, tenant_id, is_active, is_deleted, created_at, created_by) VALUES (87300017, NULL, TRUE, FALSE, 'chon_dap_an', 'keigo_baitap_keigo_tong_hop', 'BJT-2', 'single', '取引先への電話で「確認の上、折り返しご連絡（　）。」最も適切なのはどれですか？

Điện thoại cho đối tác: ''Sau khi xác nhận, tôi sẽ gọi lại.'' Điền vào chỗ trống phù hợp nhất.', NULL, NULL, '「ご連絡させていただきます」= Tôi XIN PHÉP được liên lạc lại — khiêm nhường nhất, tôn trọng đối tác. (A) させられます = bị ép liên lạc — nghe như liên lạc là gánh nặng, cực kỳ thất lễ với đối tác. (B) させてもらいます = được phép liên lạc — ý đúng nhưng thiếu lịch sự với đối tác (もらう → ていただく với Soto). (D) してもらいます = nhờ đối tác liên lạc — sai chiều (đối tác gọi lại cho tôi?).

💡 Khi TÔI hứa sẽ làm gì đó với ĐỐI TÁC/KHÁCH: させていただく là mẫu chuẩn. させてもらう = thân mật hơn. させられる = sai nghĩa hoàn toàn.', 'grammar', 2, 'system', TRUE, FALSE, NOW(), 'system') ON CONFLICT (id) DO UPDATE SET question_type = EXCLUDED.question_type, content_type = EXCLUDED.content_type, level = EXCLUDED.level, question = EXCLUDED.question, passage = EXCLUDED.passage, passage_translation = EXCLUDED.passage_translation, general_explanation = EXCLUDED.general_explanation, skill_category = EXCLUDED.skill_category, base_difficulty = EXCLUDED.base_difficulty, is_active = EXCLUDED.is_active, is_deleted = EXCLUDED.is_deleted, updated_at = NOW(), updated_by = 'system';
DELETE FROM questions_answers WHERE question_id = 87300017;
INSERT INTO questions_answers (question_id, sentence, sentence_translation, is_correct, "order") VALUES (87300017, 'させられます', NULL, FALSE, 1);
INSERT INTO questions_answers (question_id, sentence, sentence_translation, is_correct, "order") VALUES (87300017, 'させてもらいます', NULL, FALSE, 2);
INSERT INTO questions_answers (question_id, sentence, sentence_translation, is_correct, "order") VALUES (87300017, 'させていただきます', NULL, TRUE, 3);
INSERT INTO questions_answers (question_id, sentence, sentence_translation, is_correct, "order") VALUES (87300017, 'してもらいます', NULL, FALSE, 4);
INSERT INTO questions (id, user_id, is_system, is_khoa_cu, question_type, content_type, level, selection_type, question, passage, passage_translation, general_explanation, skill_category, base_difficulty, tenant_id, is_active, is_deleted, created_at, created_by) VALUES (87300018, NULL, TRUE, FALSE, 'chon_dap_an', 'keigo_baitap_keigo_tong_hop', 'BJT-2', 'single', '部下が困っている時、上司として適切な対応の表現はどれですか？
状況：部下が難しい書類作成に困っている。

Khi cấp dưới đang gặp khó khăn, cách nói phù hợp với vai trò cấp trên là gì?
Tình huống: Cấp dưới đang gặp khó với việc lập tài liệu phức tạp.', NULL, NULL, '【〜てあげる】(授受) = TÔI (cấp trên) làm việc đó THAY/GIÚP cho cấp dưới — thể hiện sự hỗ trợ. (B) 「作成させます」(使役) = Bắt cấp dưới làm — không phải giúp đỡ mà là ra lệnh (nghĩa ngược lại). (C) 「させてもらいます」= Tôi xin phép được cùng làm — hơi kỳ với cấp dưới. (D) 「させていただきます」= Tôi xin phép được làm thay — lịch sự nhưng quá khiêm tốn với cấp dưới của mình.

💡 Cấp trên GIÚP cấp dưới: 〜てあげる (tự nhiên, thân mật). Cấp trên SAI cấp dưới: させる. KHÔNG nhầm: giúp vs sai khiến!', 'grammar', 2, 'system', TRUE, FALSE, NOW(), 'system') ON CONFLICT (id) DO UPDATE SET question_type = EXCLUDED.question_type, content_type = EXCLUDED.content_type, level = EXCLUDED.level, question = EXCLUDED.question, passage = EXCLUDED.passage, passage_translation = EXCLUDED.passage_translation, general_explanation = EXCLUDED.general_explanation, skill_category = EXCLUDED.skill_category, base_difficulty = EXCLUDED.base_difficulty, is_active = EXCLUDED.is_active, is_deleted = EXCLUDED.is_deleted, updated_at = NOW(), updated_by = 'system';
DELETE FROM questions_answers WHERE question_id = 87300018;
INSERT INTO questions_answers (question_id, sentence, sentence_translation, is_correct, "order") VALUES (87300018, '私が書類を作成してあげます。', NULL, TRUE, 1);
INSERT INTO questions_answers (question_id, sentence, sentence_translation, is_correct, "order") VALUES (87300018, '書類を作成させます。', NULL, FALSE, 2);
INSERT INTO questions_answers (question_id, sentence, sentence_translation, is_correct, "order") VALUES (87300018, '一緒に書類を作成させてもらいます。', NULL, FALSE, 3);
INSERT INTO questions_answers (question_id, sentence, sentence_translation, is_correct, "order") VALUES (87300018, '書類を作成させていただきます。', NULL, FALSE, 4);
INSERT INTO questions (id, user_id, is_system, is_khoa_cu, question_type, content_type, level, selection_type, question, passage, passage_translation, general_explanation, skill_category, base_difficulty, tenant_id, is_active, is_deleted, created_at, created_by) VALUES (87300019, NULL, TRUE, FALSE, 'chon_dap_an', 'keigo_baitap_keigo_tong_hop', 'BJT-2', 'single', '社外の先輩に研修で指導してもらった後のお礼メールで、最も適切な表現はどれですか？

Email cảm ơn người đàn anh bên ngoài đã hướng dẫn trong khóa đào tạo. Cách nói phù hợp nhất?', NULL, NULL, '「ご指導くださいまして、誠にありがとうございました」= ĐÚNG nhất. くださる = tôn kính của くれる — người đàn anh (Soto, bề trên) đã LÀM ÂN HUỆ (hướng dẫn) cho tôi. (A) 「ご指導されまして」(される) = tôn kính nhưng trung tính, không nhấn mạnh lòng biết ơn. (C) させていただく = TÔI xin phép được hướng dẫn — sai chiều (tôi không phải người hướng dẫn). (D) させられた = bị ép được hướng dẫn — vô nghĩa và thất lễ.

💡 Cảm ơn vì được người khác LÀM cho mình: くださる (tôn kính) hoặc いただく (khiêm). KHÔNG dùng させていただく (= tôi làm, không phải người khác làm).', 'grammar', 2, 'system', TRUE, FALSE, NOW(), 'system') ON CONFLICT (id) DO UPDATE SET question_type = EXCLUDED.question_type, content_type = EXCLUDED.content_type, level = EXCLUDED.level, question = EXCLUDED.question, passage = EXCLUDED.passage, passage_translation = EXCLUDED.passage_translation, general_explanation = EXCLUDED.general_explanation, skill_category = EXCLUDED.skill_category, base_difficulty = EXCLUDED.base_difficulty, is_active = EXCLUDED.is_active, is_deleted = EXCLUDED.is_deleted, updated_at = NOW(), updated_by = 'system';
DELETE FROM questions_answers WHERE question_id = 87300019;
INSERT INTO questions_answers (question_id, sentence, sentence_translation, is_correct, "order") VALUES (87300019, '研修でご指導されまして、ありがとうございました。', NULL, FALSE, 1);
INSERT INTO questions_answers (question_id, sentence, sentence_translation, is_correct, "order") VALUES (87300019, '研修でご指導くださいまして、誠にありがとうございました。', NULL, TRUE, 2);
INSERT INTO questions_answers (question_id, sentence, sentence_translation, is_correct, "order") VALUES (87300019, '研修でご指導させていただきまして、ありがとうございました。', NULL, FALSE, 3);
INSERT INTO questions_answers (question_id, sentence, sentence_translation, is_correct, "order") VALUES (87300019, '研修でご指導させられまして、ありがとうございました。', NULL, FALSE, 4);
INSERT INTO questions (id, user_id, is_system, is_khoa_cu, question_type, content_type, level, selection_type, question, passage, passage_translation, general_explanation, skill_category, base_difficulty, tenant_id, is_active, is_deleted, created_at, created_by) VALUES (87300020, NULL, TRUE, FALSE, 'chon_dap_an', 'keigo_baitap_keigo_tong_hop', 'BJT-2', 'single', '「部長が私に企画書を書く機会を与えてくれた」という状況。この状況を表す3つの表現の中で正しくないものはどれですか？

Tình huống: Trưởng phòng tạo cơ hội cho tôi viết đề xuất. Trong 3 cách diễn đạt sau, cái nào SAI?', NULL, NULL, 'Phân tích từng câu: (A) 「書かせてくださった」= Trưởng phòng CHO PHÉP tôi viết (使役+くださる — tôn kính ân huệ) ✓. (B) 「書かせていただいた」= Tôi NHẬN ĐƯỢC phép được viết (使役+いただく — khiêm, biết ơn) ✓. (C) 「書かせられた」= Tôi BỊ BẮT viết (使役受動 — bất đắc dĩ) ✗ SAI về nghĩa — tình huống là được TẠO CƠ HỘI, không phải bị ép. (D) 「機会をくださった」= Trưởng phòng cho tôi cơ hội (くださる) ✓.

💡 3 cách nói cùng sự kiện tích cực: ①[sếp]が〜させてくださった (sếp là chủ ngữ, ân huệ). ②[tôi]は〜させていただいた (tôi là chủ ngữ, biết ơn). ③[sếp]が機会をくださった (nói về cơ hội). させられた = bất đắc dĩ → KHÔNG phù hợp khi được tạo cơ hội.', 'grammar', 2, 'system', TRUE, FALSE, NOW(), 'system') ON CONFLICT (id) DO UPDATE SET question_type = EXCLUDED.question_type, content_type = EXCLUDED.content_type, level = EXCLUDED.level, question = EXCLUDED.question, passage = EXCLUDED.passage, passage_translation = EXCLUDED.passage_translation, general_explanation = EXCLUDED.general_explanation, skill_category = EXCLUDED.skill_category, base_difficulty = EXCLUDED.base_difficulty, is_active = EXCLUDED.is_active, is_deleted = EXCLUDED.is_deleted, updated_at = NOW(), updated_by = 'system';
DELETE FROM questions_answers WHERE question_id = 87300020;
INSERT INTO questions_answers (question_id, sentence, sentence_translation, is_correct, "order") VALUES (87300020, '部長が私に企画書を書かせてくださった。', NULL, FALSE, 1);
INSERT INTO questions_answers (question_id, sentence, sentence_translation, is_correct, "order") VALUES (87300020, '私は部長に企画書を書かせていただいた。', NULL, FALSE, 2);
INSERT INTO questions_answers (question_id, sentence, sentence_translation, is_correct, "order") VALUES (87300020, '私は部長に企画書を書かせられた。', NULL, TRUE, 3);
INSERT INTO questions_answers (question_id, sentence, sentence_translation, is_correct, "order") VALUES (87300020, '部長が私に企画書を書く機会をくださった。', NULL, FALSE, 4);
INSERT INTO questions (id, user_id, is_system, is_khoa_cu, question_type, content_type, level, selection_type, question, passage, passage_translation, general_explanation, skill_category, base_difficulty, tenant_id, is_active, is_deleted, created_at, created_by) VALUES (87300021, NULL, TRUE, FALSE, 'chon_dap_an', 'keigo_baitap_keigo_tong_hop', 'BJT-3', 'single', '「上司が私の代わりに会議に出てくれた」という状況を最もビジネスらしく言い換えると？

Sếp đi họp thay cho tôi. Cách nói phù hợp nhất trong kinh doanh là gì?', NULL, NULL, '「上司にご出席いただいた」= CHUẨN NHẤT cho kinh doanh. Phân tích: ①Sếp là bề trên → dùng いただく (khiêm ngữ của もらう). ②ご出席 = danh từ lịch sự của 出席する. ③「いただいた」= Tôi nhận được ân huệ (sếp đi thay tôi), biết ơn. (A) 「出られた」= bị động hoặc tôn kính — trung tính, không rõ cảm ơn. (B) 「出させた」= TÔI BẮT sếp đi — cực kỳ thất lễ. (D) 「上司が〜させてもらった」= Sếp xin phép được đi — sai chủ thể và nghĩa.

💡 Khi SẾP làm gì đó CÓ LỢI CHO TÔI: [事]を上司にしていただいた (いただく = biết ơn sếp). KHÔNG dùng させた (= bắt sếp) hay させてもらった (= sếp xin phép).', 'grammar', 3, 'system', TRUE, FALSE, NOW(), 'system') ON CONFLICT (id) DO UPDATE SET question_type = EXCLUDED.question_type, content_type = EXCLUDED.content_type, level = EXCLUDED.level, question = EXCLUDED.question, passage = EXCLUDED.passage, passage_translation = EXCLUDED.passage_translation, general_explanation = EXCLUDED.general_explanation, skill_category = EXCLUDED.skill_category, base_difficulty = EXCLUDED.base_difficulty, is_active = EXCLUDED.is_active, is_deleted = EXCLUDED.is_deleted, updated_at = NOW(), updated_by = 'system';
DELETE FROM questions_answers WHERE question_id = 87300021;
INSERT INTO questions_answers (question_id, sentence, sentence_translation, is_correct, "order") VALUES (87300021, '上司に会議に出られた。', NULL, FALSE, 1);
INSERT INTO questions_answers (question_id, sentence, sentence_translation, is_correct, "order") VALUES (87300021, '上司に会議に出させた。', NULL, FALSE, 2);
INSERT INTO questions_answers (question_id, sentence, sentence_translation, is_correct, "order") VALUES (87300021, '上司に会議にご出席いただいた。', NULL, TRUE, 3);
INSERT INTO questions_answers (question_id, sentence, sentence_translation, is_correct, "order") VALUES (87300021, '上司が会議に出させてもらった。', NULL, FALSE, 4);
INSERT INTO questions (id, user_id, is_system, is_khoa_cu, question_type, content_type, level, selection_type, question, passage, passage_translation, general_explanation, skill_category, base_difficulty, tenant_id, is_active, is_deleted, created_at, created_by) VALUES (87300022, NULL, TRUE, FALSE, 'chon_dap_an', 'keigo_baitap_keigo_tong_hop', 'BJT-3', 'single', '子どもが「自分でやりたい！」と言っている場面。親の対応として「してあげる」と「させてあげる」はどう違いますか？

Đứa trẻ muốn tự làm. Sự khác nhau giữa ①「してあげる」và ②「させてあげる」là gì?', NULL, NULL, '①【してあげる】(授受) = NGƯỜI LỚN/PHỤ HUYNH làm việc đó cho đứa trẻ. Ý: Để tôi làm cho con. ②【させてあげる】(使役+授受) = PHỤ HUYNH CHO PHÉP/TẠO ĐIỀU KIỆN cho đứa trẻ tự làm. Ý: Để con tự làm đi. Đây là sự khác biệt tinh tế: してあげる = làm thay. させてあげる = cho phép tự làm. Trong giáo dục: させてあげる thường tốt hơn vì tôn trọng tính tự lập.

💡 してあげる = TÔI làm thay cho người khác (授受). させてあげる = Tôi CHO PHÉP người khác tự làm (使役+授受). Kết hợp hai hệ thống: させる (allow) + てあげる (ân huệ).', 'grammar', 3, 'system', TRUE, FALSE, NOW(), 'system') ON CONFLICT (id) DO UPDATE SET question_type = EXCLUDED.question_type, content_type = EXCLUDED.content_type, level = EXCLUDED.level, question = EXCLUDED.question, passage = EXCLUDED.passage, passage_translation = EXCLUDED.passage_translation, general_explanation = EXCLUDED.general_explanation, skill_category = EXCLUDED.skill_category, base_difficulty = EXCLUDED.base_difficulty, is_active = EXCLUDED.is_active, is_deleted = EXCLUDED.is_deleted, updated_at = NOW(), updated_by = 'system';
DELETE FROM questions_answers WHERE question_id = 87300022;
INSERT INTO questions_answers (question_id, sentence, sentence_translation, is_correct, "order") VALUES (87300022, '①②ともに子どもが行動する', NULL, FALSE, 1);
INSERT INTO questions_answers (question_id, sentence, sentence_translation, is_correct, "order") VALUES (87300022, '①は親が行動する（子どもの代わりに）、②は子どもが行動できるよう親が許可/環境を与える', NULL, TRUE, 2);
INSERT INTO questions_answers (question_id, sentence, sentence_translation, is_correct, "order") VALUES (87300022, '①は子どもが行動する、②は親が行動する', NULL, FALSE, 3);
INSERT INTO questions_answers (question_id, sentence, sentence_translation, is_correct, "order") VALUES (87300022, '①②ともに親が行動する', NULL, FALSE, 4);
INSERT INTO questions (id, user_id, is_system, is_khoa_cu, question_type, content_type, level, selection_type, question, passage, passage_translation, general_explanation, skill_category, base_difficulty, tenant_id, is_active, is_deleted, created_at, created_by) VALUES (87300023, NULL, TRUE, FALSE, 'chon_dap_an', 'keigo_baitap_keigo_tong_hop', 'BJT-3', 'single', '「いただく」が2つの異なる意味で使われています。次の文のいただくの意味の違いを説明してください。
①「お菓子をいただいた。」
②「説明していただいた。」

「いただく」được dùng với 2 chức năng khác nhau trong 2 câu. Sự khác nhau là gì?', NULL, NULL, 'いただく có 2 chức năng: ①【本動詞いただく】= Động từ chính — NHẬN VẬT (= もらうの謙譲語). 「お菓子をいただいた」= Tôi nhận bánh kẹo. ②【補助動詞いただく】= Động từ phụ trợ đi sau て = NHẬN ĐƯỢC HÀNH ĐỘNG từ người bề trên (= 〜てもらうの謙譲語). 「説明していただいた」= Được (bề trên) giải thích giúp. Đây là cùng 1 từ nhưng hoạt động khác nhau về mặt ngữ pháp.

💡 いただく = ①Động từ chính (nhận vật: お菓子をいただく) ②Động từ phụ trợ (nhận hành động: 〜ていただく). Cả 2 đều khiêm ngữ của もらう nhưng đối tượng nhận khác (vật vs hành động).', 'grammar', 3, 'system', TRUE, FALSE, NOW(), 'system') ON CONFLICT (id) DO UPDATE SET question_type = EXCLUDED.question_type, content_type = EXCLUDED.content_type, level = EXCLUDED.level, question = EXCLUDED.question, passage = EXCLUDED.passage, passage_translation = EXCLUDED.passage_translation, general_explanation = EXCLUDED.general_explanation, skill_category = EXCLUDED.skill_category, base_difficulty = EXCLUDED.base_difficulty, is_active = EXCLUDED.is_active, is_deleted = EXCLUDED.is_deleted, updated_at = NOW(), updated_by = 'system';
DELETE FROM questions_answers WHERE question_id = 87300023;
INSERT INTO questions_answers (question_id, sentence, sentence_translation, is_correct, "order") VALUES (87300023, '①②ともに物（お菓子など）を受け取る意味', NULL, FALSE, 1);
INSERT INTO questions_answers (question_id, sentence, sentence_translation, is_correct, "order") VALUES (87300023, '①は物（お菓子）を受け取る動詞として使われ、②は〜てもらう（行為を受ける）の謙譲語として使われる補助動詞', NULL, TRUE, 2);
INSERT INTO questions_answers (question_id, sentence, sentence_translation, is_correct, "order") VALUES (87300023, '①は行為を受ける、②は物を受け取る', NULL, FALSE, 3);
INSERT INTO questions_answers (question_id, sentence, sentence_translation, is_correct, "order") VALUES (87300023, '①②ともに〜してもらうの謙譲語', NULL, FALSE, 4);
INSERT INTO questions (id, user_id, is_system, is_khoa_cu, question_type, content_type, level, selection_type, question, passage, passage_translation, general_explanation, skill_category, base_difficulty, tenant_id, is_active, is_deleted, created_at, created_by) VALUES (87300024, NULL, TRUE, FALSE, 'chon_dap_an', 'keigo_baitap_keigo_tong_hop', 'BJT-3', 'single', '「自分がプレゼンをしたい」という意思を伝える3つの表現を正しく使い分けたものはどれですか？

3 cách nói ''Tôi muốn phát biểu'' theo mức độ lịch sự. Sắp xếp đúng từ thấp đến cao?', NULL, NULL, 'Bậc thang lịch sự từ thấp đến cao: ①「させてくれ」= không lịch sự, mệnh lệnh thân mật. ②「させてもらいたい」= muốn được làm, bình thường/thân mật. ③「させていただけますでしょうか」= xin phép trang trọng nhất. 3 cấu trúc đều có させ (xin phép tự làm) + cấp độ lịch sự tăng dần: くれ → もらう → いただく. Trong kinh doanh với đối tác/sếp → ③.

💡 Bậc thang させてもらう: させてくれ (thô) < させてください < させてもらえますか < させていただきたいのですが < させていただけますでしょうか (lịch sự nhất).', 'grammar', 3, 'system', TRUE, FALSE, NOW(), 'system') ON CONFLICT (id) DO UPDATE SET question_type = EXCLUDED.question_type, content_type = EXCLUDED.content_type, level = EXCLUDED.level, question = EXCLUDED.question, passage = EXCLUDED.passage, passage_translation = EXCLUDED.passage_translation, general_explanation = EXCLUDED.general_explanation, skill_category = EXCLUDED.skill_category, base_difficulty = EXCLUDED.base_difficulty, is_active = EXCLUDED.is_active, is_deleted = EXCLUDED.is_deleted, updated_at = NOW(), updated_by = 'system';
DELETE FROM questions_answers WHERE question_id = 87300024;
INSERT INTO questions_answers (question_id, sentence, sentence_translation, is_correct, "order") VALUES (87300024, 'させてくれ ＜ させてもらいたい ＜ させていただけますでしょうか', NULL, TRUE, 1);
INSERT INTO questions_answers (question_id, sentence, sentence_translation, is_correct, "order") VALUES (87300024, 'させていただけますでしょうか ＜ させてもらいたい ＜ させてくれ', NULL, FALSE, 2);
INSERT INTO questions_answers (question_id, sentence, sentence_translation, is_correct, "order") VALUES (87300024, 'させてもらいたい ＜ させてくれ ＜ させていただけますでしょうか', NULL, FALSE, 3);
INSERT INTO questions_answers (question_id, sentence, sentence_translation, is_correct, "order") VALUES (87300024, 'すべて同じ丁寧さ', NULL, FALSE, 4);
INSERT INTO questions (id, user_id, is_system, is_khoa_cu, question_type, content_type, level, selection_type, question, passage, passage_translation, general_explanation, skill_category, base_difficulty, tenant_id, is_active, is_deleted, created_at, created_by) VALUES (87300025, NULL, TRUE, FALSE, 'chon_dap_an', 'keigo_baitap_keigo_tong_hop', 'BJT-3', 'single', '「部下に報告書を早く仕上げてほしい」という意味で、上司として最も適切な言い方はどれですか？

Cấp trên muốn cấp dưới hoàn thành báo cáo sớm. Cách nói phù hợp nhất với vai trò cấp trên là gì?', NULL, NULL, '【〜てくれないか】= Nhờ/mong ai đó làm, với cấp dưới — đủ lịch sự, tự nhiên với tư cách cấp trên. (A) 「〜てほしい」= muốn người kia làm — trực tiếp, thân mật, OK với cấp dưới thân thiết. (C) 「〜てもらいたい」= hơi mệnh lệnh, cũng được với cấp dưới. (D) 「〜させていただきたい」= TÔI XIN PHÉP được làm — sai chiều hoàn toàn (cấp trên không ''xin phép'' làm báo cáo của cấp dưới).

💡 Nhờ CẤP DƯỚI làm: 〜てくれ/〜てくれないか/〜てほしい (thân mật, OK với cấp dưới). KHÔNG dùng させていただく (= tôi xin phép làm) khi nhờ người khác làm.', 'grammar', 3, 'system', TRUE, FALSE, NOW(), 'system') ON CONFLICT (id) DO UPDATE SET question_type = EXCLUDED.question_type, content_type = EXCLUDED.content_type, level = EXCLUDED.level, question = EXCLUDED.question, passage = EXCLUDED.passage, passage_translation = EXCLUDED.passage_translation, general_explanation = EXCLUDED.general_explanation, skill_category = EXCLUDED.skill_category, base_difficulty = EXCLUDED.base_difficulty, is_active = EXCLUDED.is_active, is_deleted = EXCLUDED.is_deleted, updated_at = NOW(), updated_by = 'system';
DELETE FROM questions_answers WHERE question_id = 87300025;
INSERT INTO questions_answers (question_id, sentence, sentence_translation, is_correct, "order") VALUES (87300025, '報告書を早く仕上げてほしい。', NULL, FALSE, 1);
INSERT INTO questions_answers (question_id, sentence, sentence_translation, is_correct, "order") VALUES (87300025, '報告書を早く仕上げてくれないか。', NULL, TRUE, 2);
INSERT INTO questions_answers (question_id, sentence, sentence_translation, is_correct, "order") VALUES (87300025, '報告書を早く仕上げてもらいたい。', NULL, FALSE, 3);
INSERT INTO questions_answers (question_id, sentence, sentence_translation, is_correct, "order") VALUES (87300025, '報告書を早く仕上げさせていただきたい。', NULL, FALSE, 4);
INSERT INTO questions (id, user_id, is_system, is_khoa_cu, question_type, content_type, level, selection_type, question, passage, passage_translation, general_explanation, skill_category, base_difficulty, tenant_id, is_active, is_deleted, created_at, created_by) VALUES (87300026, NULL, TRUE, FALSE, 'chon_dap_an', 'keigo_baitap_keigo_tong_hop', 'BJT-3', 'single', '「会議に参加したい」という意思を異なる相手に伝える場合、正しい使い分けはどれですか？
①友人に対して ②職場の同僚に対して ③取引先・上司に対して

Muốn tham gia cuộc họp. Sắp xếp đúng cách nói với ①Bạn bè, ②Đồng nghiệp, ③Đối tác/Cấp trên.', NULL, NULL, 'Tùy đối tượng, cùng ý ''xin phép tham gia'' nhưng form khác: ①Bạn bè (thân mật): 「させてもらえる？」hoặc 「参加していい？」. ②Đồng nghiệp (lịch sự bình thường): 「させてもらえますか？」. ③Đối tác/Cấp trên (trang trọng nhất): 「させていただけますでしょうか？」. Cả 3 đều có させてもらう nhưng mức lịch sự tăng dần qua: もらえる → もらえますか → いただけますでしょうか.

💡 させてもらう biến thể theo đối tượng: Thân → させてもらえる？ / Bình thường → させてもらえますか / Trang trọng → させていただけますでしょうか / Cao nhất → させていただけますと幸いです.', 'grammar', 3, 'system', TRUE, FALSE, NOW(), 'system') ON CONFLICT (id) DO UPDATE SET question_type = EXCLUDED.question_type, content_type = EXCLUDED.content_type, level = EXCLUDED.level, question = EXCLUDED.question, passage = EXCLUDED.passage, passage_translation = EXCLUDED.passage_translation, general_explanation = EXCLUDED.general_explanation, skill_category = EXCLUDED.skill_category, base_difficulty = EXCLUDED.base_difficulty, is_active = EXCLUDED.is_active, is_deleted = EXCLUDED.is_deleted, updated_at = NOW(), updated_by = 'system';
DELETE FROM questions_answers WHERE question_id = 87300026;
INSERT INTO questions_answers (question_id, sentence, sentence_translation, is_correct, "order") VALUES (87300026, '①させてもらえる？②させてもらえますか？③させていただけますでしょうか？', NULL, TRUE, 1);
INSERT INTO questions_answers (question_id, sentence, sentence_translation, is_correct, "order") VALUES (87300026, '①させていただけますでしょうか？②させてもらえる？③させてもらえますか？', NULL, FALSE, 2);
INSERT INTO questions_answers (question_id, sentence, sentence_translation, is_correct, "order") VALUES (87300026, '①②③ともに「させていただけますでしょうか」', NULL, FALSE, 3);
INSERT INTO questions_answers (question_id, sentence, sentence_translation, is_correct, "order") VALUES (87300026, '①②③ともに「させてもらえる？」', NULL, FALSE, 4);
INSERT INTO questions (id, user_id, is_system, is_khoa_cu, question_type, content_type, level, selection_type, question, passage, passage_translation, general_explanation, skill_category, base_difficulty, tenant_id, is_active, is_deleted, created_at, created_by) VALUES (87300027, NULL, TRUE, FALSE, 'chon_dap_an', 'keigo_baitap_keigo_tong_hop', 'BJT-3', 'single', '企画書についての上司のフィードバックを受けた場面。どちらの表現が感謝の気持ちを表しますか？
①「部長に企画書を批判されてしまった。」
②「部長に企画書をご批評いただいた。」

Nhận phản hồi của sếp về đề xuất. Câu nào thể hiện lòng BIẾT ƠN?', NULL, NULL, '①「批判されてしまった」(受動+てしまう) = BỊ phê bình — hàm ý tiêu cực, thất vọng, không hài lòng (てしまう = điều không mong muốn đã xảy ra). ②「ご批評いただいた」(授受 — いただく) = NHẬN ĐƯỢC lời đánh giá từ sếp — coi phản hồi là ÂN HUỆ, biết ơn. Cùng một sự việc (sếp phê bình) nhưng CẢM XÚC người nói hoàn toàn khác. Cách dùng động từ thể hiện thái độ của người nói.

💡 〜される(てしまった) = tiêu cực, bị tác động không mong muốn. 〜ていただく = tích cực, biết ơn vì được nhận. Chọn dạng động từ = chọn thái độ bạn muốn thể hiện!', 'grammar', 3, 'system', TRUE, FALSE, NOW(), 'system') ON CONFLICT (id) DO UPDATE SET question_type = EXCLUDED.question_type, content_type = EXCLUDED.content_type, level = EXCLUDED.level, question = EXCLUDED.question, passage = EXCLUDED.passage, passage_translation = EXCLUDED.passage_translation, general_explanation = EXCLUDED.general_explanation, skill_category = EXCLUDED.skill_category, base_difficulty = EXCLUDED.base_difficulty, is_active = EXCLUDED.is_active, is_deleted = EXCLUDED.is_deleted, updated_at = NOW(), updated_by = 'system';
DELETE FROM questions_answers WHERE question_id = 87300027;
INSERT INTO questions_answers (question_id, sentence, sentence_translation, is_correct, "order") VALUES (87300027, '①のみ感謝を含む', NULL, FALSE, 1);
INSERT INTO questions_answers (question_id, sentence, sentence_translation, is_correct, "order") VALUES (87300027, '②のみ感謝を含む', NULL, TRUE, 2);
INSERT INTO questions_answers (question_id, sentence, sentence_translation, is_correct, "order") VALUES (87300027, '①②ともに感謝を含む', NULL, FALSE, 3);
INSERT INTO questions_answers (question_id, sentence, sentence_translation, is_correct, "order") VALUES (87300027, '①②ともに感謝を含まない', NULL, FALSE, 4);
INSERT INTO questions (id, user_id, is_system, is_khoa_cu, question_type, content_type, level, selection_type, question, passage, passage_translation, general_explanation, skill_category, base_difficulty, tenant_id, is_active, is_deleted, created_at, created_by) VALUES (87300028, NULL, TRUE, FALSE, 'chon_dap_an', 'keigo_baitap_keigo_tong_hop', 'BJT-3', 'single', '次の2つの依頼文で「誰が行動するか」が異なります。正しい説明はどれですか？
①「資料をコピーさせてもらえますか。」
②「資料をコピーしてもらえますか。」

2 câu nhờ khác nhau về ''ai là người làm hành động''. Giải thích đúng là gì?', NULL, NULL, '①【させてもらえますか】(使役+授受) = TÔI xin phép được copy. Người làm = TÔI. 「私がコピーする許可を求めている」. ②【してもらえますか】(授受) = Nhờ NGƯỜI KIA copy cho tôi. Người làm = NGƯỜI KIA. 「相手にコピーしてほしいと頼んでいる」. Đây là điểm nhầm phổ biến nhất. Ví dụ: Khi muốn tự mình dùng máy copy → させてもらえますか. Khi muốn người khác copy hộ → してもらえますか.

💡 ⚠️ ĐIỂM NHẦM QUAN TRỌNG NHẤT: させてもらう = TÔI LÀM (xin phép). してもらう = NGƯỜI KHÁC LÀM (nhờ). Xác định AI thực hiện hành động trước khi chọn form!', 'grammar', 3, 'system', TRUE, FALSE, NOW(), 'system') ON CONFLICT (id) DO UPDATE SET question_type = EXCLUDED.question_type, content_type = EXCLUDED.content_type, level = EXCLUDED.level, question = EXCLUDED.question, passage = EXCLUDED.passage, passage_translation = EXCLUDED.passage_translation, general_explanation = EXCLUDED.general_explanation, skill_category = EXCLUDED.skill_category, base_difficulty = EXCLUDED.base_difficulty, is_active = EXCLUDED.is_active, is_deleted = EXCLUDED.is_deleted, updated_at = NOW(), updated_by = 'system';
DELETE FROM questions_answers WHERE question_id = 87300028;
INSERT INTO questions_answers (question_id, sentence, sentence_translation, is_correct, "order") VALUES (87300028, '①②ともに相手がコピーする', NULL, FALSE, 1);
INSERT INTO questions_answers (question_id, sentence, sentence_translation, is_correct, "order") VALUES (87300028, '①は自分がコピーする（許可を求める）、②は相手にコピーしてもらう（依頼）', NULL, TRUE, 2);
INSERT INTO questions_answers (question_id, sentence, sentence_translation, is_correct, "order") VALUES (87300028, '①は相手がコピーする、②は自分がコピーする', NULL, FALSE, 3);
INSERT INTO questions_answers (question_id, sentence, sentence_translation, is_correct, "order") VALUES (87300028, '①②ともに自分がコピーする', NULL, FALSE, 4);
INSERT INTO questions (id, user_id, is_system, is_khoa_cu, question_type, content_type, level, selection_type, question, passage, passage_translation, general_explanation, skill_category, base_difficulty, tenant_id, is_active, is_deleted, created_at, created_by) VALUES (87300029, NULL, TRUE, FALSE, 'chon_dap_an', 'keigo_baitap_keigo_tong_hop', 'BJT-3', 'single', '「田中さんが私に日本語を教えた」という状況を異なる形で表現した4つの文のうち、意味が異なるものはどれですか？

Tanaka dạy tiếng Nhật cho tôi. Trong 4 cách diễn đạt sau, câu nào có nghĩa KHÁC với những câu kia?', NULL, NULL, '(A) 「教えてくれた」= Tanaka đã dạy tôi (sự kiện đã xảy ra). (B) 「教えてもらった」= Tôi được Tanaka dạy (sự kiện đã xảy ra, cùng A, khác chủ ngữ). (D) 「教えられた」= Bị Tanaka dạy (sự kiện đã xảy ra, trung tính hoặc hơi bất đắc dĩ). (C) 「教えてもらいたかった」= Tôi đã MUỐN được Tanaka dạy (nhưng có thể đã không xảy ra) — đây là NGUYỆN VỌNG TRONG QUÁ KHỨ, không phải sự kiện đã xảy ra. Khác nhau về THỰC TẾ vs NGUYỆN VỌNG.

💡 もらいたかった = wanted to receive (nguyện vọng quá khứ, có thể không thực hiện). もらった = received (thực tế đã xảy ra). Để ý đuôi たい + た vs た thuần túy.', 'grammar', 3, 'system', TRUE, FALSE, NOW(), 'system') ON CONFLICT (id) DO UPDATE SET question_type = EXCLUDED.question_type, content_type = EXCLUDED.content_type, level = EXCLUDED.level, question = EXCLUDED.question, passage = EXCLUDED.passage, passage_translation = EXCLUDED.passage_translation, general_explanation = EXCLUDED.general_explanation, skill_category = EXCLUDED.skill_category, base_difficulty = EXCLUDED.base_difficulty, is_active = EXCLUDED.is_active, is_deleted = EXCLUDED.is_deleted, updated_at = NOW(), updated_by = 'system';
DELETE FROM questions_answers WHERE question_id = 87300029;
INSERT INTO questions_answers (question_id, sentence, sentence_translation, is_correct, "order") VALUES (87300029, '田中さんが私に日本語を教えてくれた。', NULL, FALSE, 1);
INSERT INTO questions_answers (question_id, sentence, sentence_translation, is_correct, "order") VALUES (87300029, '私は田中さんに日本語を教えてもらった。', NULL, FALSE, 2);
INSERT INTO questions_answers (question_id, sentence, sentence_translation, is_correct, "order") VALUES (87300029, '私は田中さんに日本語を教えてもらいたかった。', NULL, TRUE, 3);
INSERT INTO questions_answers (question_id, sentence, sentence_translation, is_correct, "order") VALUES (87300029, '私は田中さんに日本語を教えられた。', NULL, FALSE, 4);
INSERT INTO questions (id, user_id, is_system, is_khoa_cu, question_type, content_type, level, selection_type, question, passage, passage_translation, general_explanation, skill_category, base_difficulty, tenant_id, is_active, is_deleted, created_at, created_by) VALUES (87300030, NULL, TRUE, FALSE, 'chon_dap_an', 'keigo_baitap_keigo_tong_hop', 'BJT-3', 'single', '「この本を読ませてもらいました」と「この本をもらいました」の意味の違いとして正しいものはどれですか？

Sự khác nhau giữa ①"Tôi đã được phép đọc cuốn sách này" và ②"Tôi đã nhận cuốn sách này" là gì?', NULL, NULL, '①【読ませてもらった】(させてもらう) = Tôi nhận được PHÉP ĐỌC từ người sở hữu — sách vẫn là của người kia, tôi chỉ được phép đọc. ②【もらった】= Tôi NHẬN SỞ HỮU cuốn sách — sách bây giờ là của tôi. Đây là sự khác biệt về: SỞ HỮU (もらう) vs PHÉP THỰC HIỆN HÀNH ĐỘNG (させてもらう). Trong kinh doanh: 「資料をもらいました」(nhận tài liệu) vs「資料を見させてもらいました」(được phép xem tài liệu).

💡 もらう = nhận SỞ HỮU vật gì. させてもらう = nhận PHÉP làm gì (không có sở hữu). Phân biệt: tài liệu bây giờ là của tôi (もらう) vs tôi chỉ được xem (見させてもらう).', 'grammar', 3, 'system', TRUE, FALSE, NOW(), 'system') ON CONFLICT (id) DO UPDATE SET question_type = EXCLUDED.question_type, content_type = EXCLUDED.content_type, level = EXCLUDED.level, question = EXCLUDED.question, passage = EXCLUDED.passage, passage_translation = EXCLUDED.passage_translation, general_explanation = EXCLUDED.general_explanation, skill_category = EXCLUDED.skill_category, base_difficulty = EXCLUDED.base_difficulty, is_active = EXCLUDED.is_active, is_deleted = EXCLUDED.is_deleted, updated_at = NOW(), updated_by = 'system';
DELETE FROM questions_answers WHERE question_id = 87300030;
INSERT INTO questions_answers (question_id, sentence, sentence_translation, is_correct, "order") VALUES (87300030, '①は本の所有権が移った、②は一時的に読む許可を得た', NULL, FALSE, 1);
INSERT INTO questions_answers (question_id, sentence, sentence_translation, is_correct, "order") VALUES (87300030, '①は一時的に読む許可を得た（本はまだ相手のもの）、②は本を受け取った（所有権が移った）', NULL, TRUE, 2);
INSERT INTO questions_answers (question_id, sentence, sentence_translation, is_correct, "order") VALUES (87300030, '①②ともに本の所有権が移った', NULL, FALSE, 3);
INSERT INTO questions_answers (question_id, sentence, sentence_translation, is_correct, "order") VALUES (87300030, '①②ともに一時的な許可', NULL, FALSE, 4);
INSERT INTO questions (id, user_id, is_system, is_khoa_cu, question_type, content_type, level, selection_type, question, passage, passage_translation, general_explanation, skill_category, base_difficulty, tenant_id, is_active, is_deleted, created_at, created_by) VALUES (87300031, NULL, TRUE, FALSE, 'chon_dap_an', 'keigo_baitap_keigo_tong_hop', 'BJT-4', 'single', '次の文の中で、意味的に最もおかしいものはどれですか？

Câu nào có ý nghĩa PHI LÝ hoặc LỖI THỰC TẾ nhất?', NULL, NULL, '「お客様に製品をご購入させた」= LỖI NGHIÊM TRỌNG. 「させる」= bắt/sai khiến → 「お客様に〜させた」= Tôi BẮT khách hàng mua hàng. Đây là ngôn ngữ ra lệnh với khách — CỰC KỲ THẤT LỄ. Đúng: ①「お客様にご購入いただいた」(biết ơn vì khách mua). ②「お客様がご購入くださった」(khách đã mua). (A) いただく = đúng (được giao việc, biết ơn). (C) てもらった = đúng (nhờ sếp kiểm tra). (D) てあげた = đúng (dạy đàn em).

💡 ⚠️ NGHIÊM CẤM: Dùng させる với KHÁCH HÀNG. させる = quyền lực/ép buộc. Thay bằng いただく/くださる để diễn đạt ân huệ từ khách. Đây là lỗi thực tế nghiêm trọng trong kinh doanh Nhật.', 'grammar', 4, 'system', TRUE, FALSE, NOW(), 'system') ON CONFLICT (id) DO UPDATE SET question_type = EXCLUDED.question_type, content_type = EXCLUDED.content_type, level = EXCLUDED.level, question = EXCLUDED.question, passage = EXCLUDED.passage, passage_translation = EXCLUDED.passage_translation, general_explanation = EXCLUDED.general_explanation, skill_category = EXCLUDED.skill_category, base_difficulty = EXCLUDED.base_difficulty, is_active = EXCLUDED.is_active, is_deleted = EXCLUDED.is_deleted, updated_at = NOW(), updated_by = 'system';
DELETE FROM questions_answers WHERE question_id = 87300031;
INSERT INTO questions_answers (question_id, sentence, sentence_translation, is_correct, "order") VALUES (87300031, '部長に新しいプロジェクトを任せていただいた。', NULL, FALSE, 1);
INSERT INTO questions_answers (question_id, sentence, sentence_translation, is_correct, "order") VALUES (87300031, 'お客様に製品をご購入させた。', NULL, TRUE, 2);
INSERT INTO questions_answers (question_id, sentence, sentence_translation, is_correct, "order") VALUES (87300031, '上司に報告書を確認してもらった。', NULL, FALSE, 3);
INSERT INTO questions_answers (question_id, sentence, sentence_translation, is_correct, "order") VALUES (87300031, '後輩に仕事のやり方を教えてあげた。', NULL, FALSE, 4);
INSERT INTO questions (id, user_id, is_system, is_khoa_cu, question_type, content_type, level, selection_type, question, passage, passage_translation, general_explanation, skill_category, base_difficulty, tenant_id, is_active, is_deleted, created_at, created_by) VALUES (87300032, NULL, TRUE, FALSE, 'chon_dap_an', 'keigo_baitap_keigo_tong_hop', 'BJT-4', 'single', '次のメール文で誤りを含む箇所を特定してください。
「お忙しい中、わざわざ弊社までご足労（ア）させていただきありがとうございました。ご来社（イ）いただきまして誠にありがとうございます。今後ともご支援（ウ）くださいますようお願い申し上げます。」

Trong đoạn email trên, chỗ nào có LỖI?', NULL, NULL, '（ア）「ご足労させていただき」= LỖI. ご足労 = ''sự vất vả đi lại của quý vị'' — đây là hành động của KHÁCH, không phải của tôi. させていただく = TÔI xin phép làm → 「ご足労させていただく」= Tôi xin phép vất vả đi lại? — vô lý. Đúng: 「ご足労いただきありがとうございました」(いただく — Tôi nhận được sự vất vả đi lại của quý vị). （イ）「ご来社いただきまして」= ĐÚNG (いただく — được khách đến thăm). （ウ）「くださいますよう」= ĐÚNG (tôn kính, xin khách tiếp tục ủng hộ).

💡 ご足労いただく (đúng) vs ご足労させていただく (sai). させていただく chỉ dùng khi TÔI là người thực hiện hành động. Hành động của KHÁCH → いただく hoặc くださる.', 'grammar', 4, 'system', TRUE, FALSE, NOW(), 'system') ON CONFLICT (id) DO UPDATE SET question_type = EXCLUDED.question_type, content_type = EXCLUDED.content_type, level = EXCLUDED.level, question = EXCLUDED.question, passage = EXCLUDED.passage, passage_translation = EXCLUDED.passage_translation, general_explanation = EXCLUDED.general_explanation, skill_category = EXCLUDED.skill_category, base_difficulty = EXCLUDED.base_difficulty, is_active = EXCLUDED.is_active, is_deleted = EXCLUDED.is_deleted, updated_at = NOW(), updated_by = 'system';
DELETE FROM questions_answers WHERE question_id = 87300032;
INSERT INTO questions_answers (question_id, sentence, sentence_translation, is_correct, "order") VALUES (87300032, '（ア）のみ', NULL, TRUE, 1);
INSERT INTO questions_answers (question_id, sentence, sentence_translation, is_correct, "order") VALUES (87300032, '（イ）のみ', NULL, FALSE, 2);
INSERT INTO questions_answers (question_id, sentence, sentence_translation, is_correct, "order") VALUES (87300032, '（ウ）のみ', NULL, FALSE, 3);
INSERT INTO questions_answers (question_id, sentence, sentence_translation, is_correct, "order") VALUES (87300032, '（ア）（イ）（ウ）すべて正しい', NULL, FALSE, 4);
INSERT INTO questions (id, user_id, is_system, is_khoa_cu, question_type, content_type, level, selection_type, question, passage, passage_translation, general_explanation, skill_category, base_difficulty, tenant_id, is_active, is_deleted, created_at, created_by) VALUES (87300033, NULL, TRUE, FALSE, 'chon_dap_an', 'keigo_baitap_keigo_tong_hop', 'BJT-4', 'single', '次の会話で（ア）〜（エ）に入る最も適切な表現の組み合わせはどれですか？
[電話]
受付：「田中はただいま外出しております。」
お客：「では、戻り次第（ア）ご連絡（イ）でしょうか。」
受付：「かしこまりました。田中に（ウ）ようお伝えし、（エ）いたします。」

Điền vào (ア)〜(エ) trong đoạn điện thoại trên.', NULL, NULL, 'Phân tích: 「（ア）ご連絡（イ）いただけますでしょうか」= Khách hỏi liệu Tanaka có thể liên lạc lại → して + いただけます = nhờ Tanaka liên lạc cho khách (khách nhận được). 「田中に（ウ）ご連絡するようお伝えし」= nhắn Tanaka liên lạc. 「（エ）ご伝言いたします」= Tôi sẽ nhắn lại (khiêm ngữ). させていただく ở đây không phù hợp vì đang nói về hành động của TANAKA với KHÁCH (không phải hành động của lễ tân).

💡 Trong điện thoại: Khách nhờ ai đó liên lạc → 〜していただけますか. Lễ tân hứa nhắn → ご伝言いたします. Lễ tân hứa Tanaka gọi → 「田中よりご連絡させていただきます」.', 'grammar', 4, 'system', TRUE, FALSE, NOW(), 'system') ON CONFLICT (id) DO UPDATE SET question_type = EXCLUDED.question_type, content_type = EXCLUDED.content_type, level = EXCLUDED.level, question = EXCLUDED.question, passage = EXCLUDED.passage, passage_translation = EXCLUDED.passage_translation, general_explanation = EXCLUDED.general_explanation, skill_category = EXCLUDED.skill_category, base_difficulty = EXCLUDED.base_difficulty, is_active = EXCLUDED.is_active, is_deleted = EXCLUDED.is_deleted, updated_at = NOW(), updated_by = 'system';
DELETE FROM questions_answers WHERE question_id = 87300033;
INSERT INTO questions_answers (question_id, sentence, sentence_translation, is_correct, "order") VALUES (87300033, 'ア:させて／イ:いただけます／ウ:連絡する／エ:ご伝言', NULL, FALSE, 1);
INSERT INTO questions_answers (question_id, sentence, sentence_translation, is_correct, "order") VALUES (87300033, 'ア:して／イ:もらえます／ウ:連絡させる／エ:ご連絡', NULL, FALSE, 2);
INSERT INTO questions_answers (question_id, sentence, sentence_translation, is_correct, "order") VALUES (87300033, 'ア:して／イ:いただけます／ウ:ご連絡する／エ:ご伝言', NULL, TRUE, 3);
INSERT INTO questions_answers (question_id, sentence, sentence_translation, is_correct, "order") VALUES (87300033, 'ア:させて／イ:もらえます', NULL, FALSE, 4);
INSERT INTO questions (id, user_id, is_system, is_khoa_cu, question_type, content_type, level, selection_type, question, passage, passage_translation, general_explanation, skill_category, base_difficulty, tenant_id, is_active, is_deleted, created_at, created_by) VALUES (87300034, NULL, TRUE, FALSE, 'chon_dap_an', 'keigo_baitap_keigo_tong_hop', 'BJT-4', 'single', '次の文で、下線部の使い方が正しいものはどれですか？

Câu nào có chỗ gạch chân dùng ĐÚNG?', NULL, NULL, 'Phân tích tất cả: (A) 「確認させていただいた」(TÔI đã xem) → sau đó nhờ 「コピーをもらえますか」(nhận bản copy) — ngữ pháp đúng nhưng thứ tự lạ (xem xong rồi mới xin copy?). (B) 「コピーをもらって」(nhận copy) → 「確認させていただきました」(TÔI đã kiểm tra) — ổn về logic. (C) 「コピーをいただいて」(nhận copy, lịch sự) → 「確認させていただきました」(TÔI đã kiểm tra) — ĐÚNG NHẤT: nhận vật (いただく) + làm hành động (させていただく). (D) 「確認させてもらって」(thiếu lịch sự với đối tác) → 「コピーをいただきました」— ổn nhưng C lịch sự hơn.

💡 Câu phối hợp chuẩn: [物]をいただいて (nhận vật) + [動作]させていただきました (tôi thực hiện hành động). Hai いただく dùng với chức năng khác nhau nhưng cùng thể hiện sự khiêm tốn.', 'grammar', 4, 'system', TRUE, FALSE, NOW(), 'system') ON CONFLICT (id) DO UPDATE SET question_type = EXCLUDED.question_type, content_type = EXCLUDED.content_type, level = EXCLUDED.level, question = EXCLUDED.question, passage = EXCLUDED.passage, passage_translation = EXCLUDED.passage_translation, general_explanation = EXCLUDED.general_explanation, skill_category = EXCLUDED.skill_category, base_difficulty = EXCLUDED.base_difficulty, is_active = EXCLUDED.is_active, is_deleted = EXCLUDED.is_deleted, updated_at = NOW(), updated_by = 'system';
DELETE FROM questions_answers WHERE question_id = 87300034;
INSERT INTO questions_answers (question_id, sentence, sentence_translation, is_correct, "order") VALUES (87300034, '会議の資料を確認させていただいたので、コピーをもらえますか。', NULL, FALSE, 1);
INSERT INTO questions_answers (question_id, sentence, sentence_translation, is_correct, "order") VALUES (87300034, 'コピーをもらって、会議の資料を確認させていただきました。', NULL, FALSE, 2);
INSERT INTO questions_answers (question_id, sentence, sentence_translation, is_correct, "order") VALUES (87300034, '会議の資料のコピーをいただいて、確認させていただきました。', NULL, TRUE, 3);
INSERT INTO questions_answers (question_id, sentence, sentence_translation, is_correct, "order") VALUES (87300034, '会議の資料を確認させてもらって、コピーをいただきました。', NULL, FALSE, 4);
INSERT INTO questions (id, user_id, is_system, is_khoa_cu, question_type, content_type, level, selection_type, question, passage, passage_translation, general_explanation, skill_category, base_difficulty, tenant_id, is_active, is_deleted, created_at, created_by) VALUES (87300035, NULL, TRUE, FALSE, 'chon_dap_an', 'keigo_baitap_keigo_tong_hop', 'BJT-4', 'single', '「上司が私の仕事を手伝った」という状況を5通りで表現しました。ビジネスメールとして最も適切なものはどれですか？

Sếp đã giúp tôi làm việc. 5 cách diễn đạt — cách nào PHÙ HỢP NHẤT trong email kinh doanh?', NULL, NULL, 'Đánh giá 4 lựa chọn cho EMAIL KINH DOANH: (A) 「くれた」= văn nói thông thường, quá thân mật cho email. (B) 「手伝われた」(受動) = trung tính, không thể hiện biết ơn — không lý tưởng khi cảm ơn sếp. (C) 「手伝ってもらった」= biết ơn nhưng thiếu kính trọng với sếp (もらう → いただく với bề trên). (D) 「お手伝いいただいた」= CHUẨN NHẤT: お〜 (tiếp đầu ngữ lịch sự) + いただく (khiêm, biết ơn với bề trên). Đây là cách viết email về việc được sếp giúp đỡ.

💡 Phân cấp biết ơn khi sếp giúp: くれた (thân) < てもらった (bình) < ていただいた (lịch) < お〜いただいた (trang trọng, email). Trong email = お〜いただいた.', 'grammar', 4, 'system', TRUE, FALSE, NOW(), 'system') ON CONFLICT (id) DO UPDATE SET question_type = EXCLUDED.question_type, content_type = EXCLUDED.content_type, level = EXCLUDED.level, question = EXCLUDED.question, passage = EXCLUDED.passage, passage_translation = EXCLUDED.passage_translation, general_explanation = EXCLUDED.general_explanation, skill_category = EXCLUDED.skill_category, base_difficulty = EXCLUDED.base_difficulty, is_active = EXCLUDED.is_active, is_deleted = EXCLUDED.is_deleted, updated_at = NOW(), updated_by = 'system';
DELETE FROM questions_answers WHERE question_id = 87300035;
INSERT INTO questions_answers (question_id, sentence, sentence_translation, is_correct, "order") VALUES (87300035, '部長が仕事を手伝ってくれた。', NULL, FALSE, 1);
INSERT INTO questions_answers (question_id, sentence, sentence_translation, is_correct, "order") VALUES (87300035, '部長に仕事を手伝われた。', NULL, FALSE, 2);
INSERT INTO questions_answers (question_id, sentence, sentence_translation, is_correct, "order") VALUES (87300035, '部長に仕事を手伝ってもらった。', NULL, FALSE, 3);
INSERT INTO questions_answers (question_id, sentence, sentence_translation, is_correct, "order") VALUES (87300035, '部長に仕事をお手伝いいただいた。', NULL, TRUE, 4);
INSERT INTO questions (id, user_id, is_system, is_khoa_cu, question_type, content_type, level, selection_type, question, passage, passage_translation, general_explanation, skill_category, base_difficulty, tenant_id, is_active, is_deleted, created_at, created_by) VALUES (87300036, NULL, TRUE, FALSE, 'chon_dap_an', 'keigo_baitap_keigo_tong_hop', 'BJT-4', 'single', '次のビジネス場面での発言で、論理的・文法的に最もおかしいものはどれですか？

Trong các phát ngôn kinh doanh sau, câu nào PHI LÝ nhất về logic và ngữ pháp?', NULL, NULL, '「お客様に弊社の商品を選ばせていただきました」= PHI LÝ HOÀN TOÀN. Phân tích: させていただく = TÔI xin phép được làm. Câu này = Tôi xin phép được chọn sản phẩm của công ty tôi cho khách hàng? Hoặc: Tôi đã bắt khách chọn? Cả 2 đều phi lý. Hơn nữa 「お客様に〜させていただく」= Tôi làm gì đó cho/với khách = sai chiều. Đúng: ①「お客様にお選びいただきました」(khách đã chọn, tôi cảm ơn). ②「商品をおすすめさせていただきました」(tôi xin phép giới thiệu sản phẩm).

💡 させていただく = TÔI LÀM, không phải khách làm. 「お客様に〜させていただく」thường mơ hồ về ai làm. Rõ ràng hơn: TÔI làm gì → させていただく. KHÁCH làm gì → いただく/くださる.', 'grammar', 4, 'system', TRUE, FALSE, NOW(), 'system') ON CONFLICT (id) DO UPDATE SET question_type = EXCLUDED.question_type, content_type = EXCLUDED.content_type, level = EXCLUDED.level, question = EXCLUDED.question, passage = EXCLUDED.passage, passage_translation = EXCLUDED.passage_translation, general_explanation = EXCLUDED.general_explanation, skill_category = EXCLUDED.skill_category, base_difficulty = EXCLUDED.base_difficulty, is_active = EXCLUDED.is_active, is_deleted = EXCLUDED.is_deleted, updated_at = NOW(), updated_by = 'system';
DELETE FROM questions_answers WHERE question_id = 87300036;
INSERT INTO questions_answers (question_id, sentence, sentence_translation, is_correct, "order") VALUES (87300036, '弊社の製品をお試しいただけますでしょうか。', NULL, FALSE, 1);
INSERT INTO questions_answers (question_id, sentence, sentence_translation, is_correct, "order") VALUES (87300036, '資料をご確認させていただきたいのですが。', NULL, FALSE, 2);
INSERT INTO questions_answers (question_id, sentence, sentence_translation, is_correct, "order") VALUES (87300036, 'お客様に弊社の商品を選ばせていただきました。', NULL, TRUE, 3);
INSERT INTO questions_answers (question_id, sentence, sentence_translation, is_correct, "order") VALUES (87300036, '先生に論文をご指導いただきました。', NULL, FALSE, 4);
INSERT INTO questions (id, user_id, is_system, is_khoa_cu, question_type, content_type, level, selection_type, question, passage, passage_translation, general_explanation, skill_category, base_difficulty, tenant_id, is_active, is_deleted, created_at, created_by) VALUES (87300037, NULL, TRUE, FALSE, 'chon_dap_an', 'keigo_baitap_keigo_tong_hop', 'BJT-4', 'single', '上司から「君のプレゼンは良かった」と言われた場面。次の表現の中でビジネス敬語として最も適切なものはどれですか？

Sếp khen ''Bài thuyết trình của bạn tốt lắm.'' Cách diễn đạt phù hợp nhất trong kính ngữ kinh doanh?', NULL, NULL, '「部長からプレゼンが良かったとのお言葉をいただきました」= CHUẨN NHẤT. Phân tích: ①「部長から」= từ trưởng phòng (nguồn). ②「お言葉をいただく」= NHẬN ĐƯỢC lời khen (お言葉 = lời nói, lịch sự) — coi lời khen là ÂN HUỆ. (A) 「言われました」= bị động thông thường — trung tính, không thể hiện biết ơn. (B) 「おっしゃっていただく」= tôn kính (おっしゃる) + いただく → chồng kính ngữ — OK nhưng hơi rườm rà. (D) 「言わせました」= tôi bắt sếp khen — phi lý.

💡 Nhận lời khen từ SẾP: 「お言葉をいただく」(coi lời khen là ân huệ, lịch sự nhất) > 「〜とおっしゃっていただいた」(OK) > 「〜と言われた」(trung tính).', 'grammar', 4, 'system', TRUE, FALSE, NOW(), 'system') ON CONFLICT (id) DO UPDATE SET question_type = EXCLUDED.question_type, content_type = EXCLUDED.content_type, level = EXCLUDED.level, question = EXCLUDED.question, passage = EXCLUDED.passage, passage_translation = EXCLUDED.passage_translation, general_explanation = EXCLUDED.general_explanation, skill_category = EXCLUDED.skill_category, base_difficulty = EXCLUDED.base_difficulty, is_active = EXCLUDED.is_active, is_deleted = EXCLUDED.is_deleted, updated_at = NOW(), updated_by = 'system';
DELETE FROM questions_answers WHERE question_id = 87300037;
INSERT INTO questions_answers (question_id, sentence, sentence_translation, is_correct, "order") VALUES (87300037, '部長にプレゼンが良かったと言われました。', NULL, FALSE, 1);
INSERT INTO questions_answers (question_id, sentence, sentence_translation, is_correct, "order") VALUES (87300037, '部長にプレゼンが良かったとおっしゃっていただきました。', NULL, FALSE, 2);
INSERT INTO questions_answers (question_id, sentence, sentence_translation, is_correct, "order") VALUES (87300037, '部長からプレゼンが良かったとのお言葉をいただきました。', NULL, TRUE, 3);
INSERT INTO questions_answers (question_id, sentence, sentence_translation, is_correct, "order") VALUES (87300037, '部長にプレゼンが良かったと言わせました。', NULL, FALSE, 4);
INSERT INTO questions (id, user_id, is_system, is_khoa_cu, question_type, content_type, level, selection_type, question, passage, passage_translation, general_explanation, skill_category, base_difficulty, tenant_id, is_active, is_deleted, created_at, created_by) VALUES (87300038, NULL, TRUE, FALSE, 'chon_dap_an', 'keigo_baitap_keigo_tong_hop', 'BJT-4', 'single', '以下の6つの表現を、「誰が行動するか」「感情・ニュアンス」で正しく分類したものはどれですか？
①てあげる ②てもらう ③てくれる ④させる ⑤させてもらう ⑥させられる

Phân loại đúng 6 cấu trúc theo ''Ai làm hành động'' và ''Sắc thái''.', NULL, NULL, 'Phân tích đầy đủ: ①【てあげる】= TÔI làm cho người khác (ân huệ tôi cho). ②【てもらう】= NGƯỜI KHÁC làm cho tôi (tôi nhận ân huệ). ③【てくれる】= NGƯỜI KHÁC làm cho tôi (người khác là chủ ngữ). ④【させる】= TÔI bắt người khác làm (sai khiến). ⑤【させてもらう】= TÔI làm sau khi được phép (tôi là người làm). ⑥【させられる】= TÔI bị ép làm (tôi làm, nhưng bất đắc dĩ). Người thực hiện: ①④⑤⑥=TÔI. ②③=người khác.

💡 BẢNG TỔNG HỢP: Ai làm hành động? TÔI: てあげる/させる/させてもらう/させられる. NGƯỜI KHÁC: てもらう/てくれる. Sắc thái: ① ân huệ cho, ②③ nhận ân huệ, ④ ra lệnh, ⑤ xin phép, ⑥ bị ép.', 'grammar', 4, 'system', TRUE, FALSE, NOW(), 'system') ON CONFLICT (id) DO UPDATE SET question_type = EXCLUDED.question_type, content_type = EXCLUDED.content_type, level = EXCLUDED.level, question = EXCLUDED.question, passage = EXCLUDED.passage, passage_translation = EXCLUDED.passage_translation, general_explanation = EXCLUDED.general_explanation, skill_category = EXCLUDED.skill_category, base_difficulty = EXCLUDED.base_difficulty, is_active = EXCLUDED.is_active, is_deleted = EXCLUDED.is_deleted, updated_at = NOW(), updated_by = 'system';
DELETE FROM questions_answers WHERE question_id = 87300038;
INSERT INTO questions_answers (question_id, sentence, sentence_translation, is_correct, "order") VALUES (87300038, '①③⑤は話し手が行動、②④⑥は相手が行動', NULL, FALSE, 1);
INSERT INTO questions_answers (question_id, sentence, sentence_translation, is_correct, "order") VALUES (87300038, '①④⑤は話し手が行動（①③は恩恵を与える、②はもらう、④は命令、⑤は許可を得て）、②③はもらう・くれる視点、⑥は強制される', NULL, TRUE, 2);
INSERT INTO questions_answers (question_id, sentence, sentence_translation, is_correct, "order") VALUES (87300038, 'すべて話し手が行動する', NULL, FALSE, 3);
INSERT INTO questions_answers (question_id, sentence, sentence_translation, is_correct, "order") VALUES (87300038, 'すべて相手が行動する', NULL, FALSE, 4);
INSERT INTO questions (id, user_id, is_system, is_khoa_cu, question_type, content_type, level, selection_type, question, passage, passage_translation, general_explanation, skill_category, base_difficulty, tenant_id, is_active, is_deleted, created_at, created_by) VALUES (87300039, NULL, TRUE, FALSE, 'chon_dap_an', 'keigo_baitap_keigo_tong_hop', 'BJT-4', 'single', '次のビジネス会話の（ア）〜（ウ）に最も適切な表現を選んでください。
田中（上司）：「この企画、君が担当（ア）か。頑張って。」
鈴木（部下）：「ありがとうございます。精一杯（イ）。わからないことがあれば、田中部長にご指導（ウ）と思っています。」

Điền vào (ア)〜(ウ) trong hội thoại giữa sếp và nhân viên.', NULL, NULL, '（ア）「担当させてもらえるか」= Sếp hỏi: Con có được phép phụ trách không? (させてもらう từ góc sếp cho phép cấp dưới). （イ）「精一杯やらせていただきます」= Tôi sẽ cố hết sức (させていただく — xin phép được làm, lịch sự với sếp). （ウ）「ご指導していただきたい」= Mong được sếp hướng dẫn (していただく — nhờ sếp làm, biết ơn). (D) sai ở イ: させていただきます = đúng nhưng「精一杯させていただきます」nghe hơi rườm rà. (B) させられます ở イ = bị ép làm hết sức — phi lý. (C) してもらいます ở イ = sai (ai làm cho tôi?).

💡 Hội thoại sếp-nhân viên: Sếp cho phép → させてもらえるか. Nhân viên nhận → させていただきます. Nhân viên nhờ sếp → していただきたい/いただけますか.', 'grammar', 4, 'system', TRUE, FALSE, NOW(), 'system') ON CONFLICT (id) DO UPDATE SET question_type = EXCLUDED.question_type, content_type = EXCLUDED.content_type, level = EXCLUDED.level, question = EXCLUDED.question, passage = EXCLUDED.passage, passage_translation = EXCLUDED.passage_translation, general_explanation = EXCLUDED.general_explanation, skill_category = EXCLUDED.skill_category, base_difficulty = EXCLUDED.base_difficulty, is_active = EXCLUDED.is_active, is_deleted = EXCLUDED.is_deleted, updated_at = NOW(), updated_by = 'system';
DELETE FROM questions_answers WHERE question_id = 87300039;
INSERT INTO questions_answers (question_id, sentence, sentence_translation, is_correct, "order") VALUES (87300039, 'ア:させてもらえる／イ:やらせていただきます／ウ:していただきたい', NULL, TRUE, 1);
INSERT INTO questions_answers (question_id, sentence, sentence_translation, is_correct, "order") VALUES (87300039, 'ア:させてあげる／イ:させられます／ウ:させていただきたい', NULL, FALSE, 2);
INSERT INTO questions_answers (question_id, sentence, sentence_translation, is_correct, "order") VALUES (87300039, 'ア:してくれる／イ:してもらいます／ウ:させていただきたい', NULL, FALSE, 3);
INSERT INTO questions_answers (question_id, sentence, sentence_translation, is_correct, "order") VALUES (87300039, 'ア:させてもらえる／イ:させていただきます／ウ:させていただきたい', NULL, FALSE, 4);
INSERT INTO questions (id, user_id, is_system, is_khoa_cu, question_type, content_type, level, selection_type, question, passage, passage_translation, general_explanation, skill_category, base_difficulty, tenant_id, is_active, is_deleted, created_at, created_by) VALUES (87300040, NULL, TRUE, FALSE, 'chon_dap_an', 'keigo_baitap_keigo_tong_hop', 'BJT-4', 'single', '次のビジネスメールで、授受動詞・受動形・使役形の使い方が最も適切なものはどれですか？
【場面】山田（自社）がA社の田中様に会議出席のお礼と今後の依頼を書く

Tình huống: Yamada (công ty bạn) viết email cảm ơn ông Tanaka (A công ty) đã dự họp và nhờ hỗ trợ tiếp. Câu email nào ĐÚNG và đầy đủ nhất?', NULL, NULL, '「ご出席いただき、誠にありがとうございました」= ĐÚNG. いただく (授受) = Tôi nhận được ân huệ (Tanaka đã dự họp). 「ご支援をよろしくお願い申し上げます」= Xin tiếp tục hỗ trợ, lịch sự nhất. (A) 「ご出席させていただき」= TÔI xin phép dự họp — sai chiều (Tanaka là người dự). (C) 「ご出席されていただき」= chồng kính ngữ vô nghĩa. 「ご支援させていただければ」= Tôi xin phép được hỗ trợ quý vị — sai (quý vị hỗ trợ tôi, không phải ngược lại). (D) 「してもらい」= thiếu lịch sự với Soto.

💡 Email cảm ơn chuẩn: KHÁCH làm gì → いただく/くださる (không phải させていただく). TÔI xin nhờ → よろしくお願い申し上げます (không phải させてください với Soto).', 'grammar', 4, 'system', TRUE, FALSE, NOW(), 'system') ON CONFLICT (id) DO UPDATE SET question_type = EXCLUDED.question_type, content_type = EXCLUDED.content_type, level = EXCLUDED.level, question = EXCLUDED.question, passage = EXCLUDED.passage, passage_translation = EXCLUDED.passage_translation, general_explanation = EXCLUDED.general_explanation, skill_category = EXCLUDED.skill_category, base_difficulty = EXCLUDED.base_difficulty, is_active = EXCLUDED.is_active, is_deleted = EXCLUDED.is_deleted, updated_at = NOW(), updated_by = 'system';
DELETE FROM questions_answers WHERE question_id = 87300040;
INSERT INTO questions_answers (question_id, sentence, sentence_translation, is_correct, "order") VALUES (87300040, '先日は弊社の会議にご出席させていただき、誠にありがとうございました。今後とも弊社をご支援させてください。', NULL, FALSE, 1);
INSERT INTO questions_answers (question_id, sentence, sentence_translation, is_correct, "order") VALUES (87300040, '先日は弊社の会議にご出席いただき、誠にありがとうございました。今後とも弊社へのご支援をよろしくお願い申し上げます。', NULL, TRUE, 2);
INSERT INTO questions_answers (question_id, sentence, sentence_translation, is_correct, "order") VALUES (87300040, '先日は弊社の会議にご出席されていただき、誠にありがとうございました。今後とも弊社をご支援させていただければ幸いです。', NULL, FALSE, 3);
INSERT INTO questions_answers (question_id, sentence, sentence_translation, is_correct, "order") VALUES (87300040, '先日は弊社の会議にご出席してもらい、ありがとうございました。今後とも支援させてください。', NULL, FALSE, 4);

INSERT INTO study_question_sets (id, name, description, set_type, card_count, tenant_id, is_active, is_deleted, created_at, created_by) VALUES (80100731, '2.1.7 Bài Tập Tổng Hợp So Sánh: 授受動詞 vs 受動形/使役形 — Cơ bản', 'Bài tập cấp 1 (Cơ bản) — 10 câu.', 'practice', 10, 'system', TRUE, FALSE, NOW(), 'system') ON CONFLICT (id) DO UPDATE SET name = EXCLUDED.name, description = EXCLUDED.description, set_type = EXCLUDED.set_type, card_count = EXCLUDED.card_count, is_active = EXCLUDED.is_active, is_deleted = EXCLUDED.is_deleted, updated_at = NOW(), updated_by = 'system';
INSERT INTO study_question_set_questions (study_question_set_id, question_id, order_index, tenant_id, is_deleted, created_at, created_by) VALUES (80100731, 87300001, 1, 'system', FALSE, NOW(), 'system') ON CONFLICT (study_question_set_id, question_id) DO UPDATE SET order_index = EXCLUDED.order_index, is_deleted = FALSE;
INSERT INTO study_question_set_questions (study_question_set_id, question_id, order_index, tenant_id, is_deleted, created_at, created_by) VALUES (80100731, 87300002, 2, 'system', FALSE, NOW(), 'system') ON CONFLICT (study_question_set_id, question_id) DO UPDATE SET order_index = EXCLUDED.order_index, is_deleted = FALSE;
INSERT INTO study_question_set_questions (study_question_set_id, question_id, order_index, tenant_id, is_deleted, created_at, created_by) VALUES (80100731, 87300003, 3, 'system', FALSE, NOW(), 'system') ON CONFLICT (study_question_set_id, question_id) DO UPDATE SET order_index = EXCLUDED.order_index, is_deleted = FALSE;
INSERT INTO study_question_set_questions (study_question_set_id, question_id, order_index, tenant_id, is_deleted, created_at, created_by) VALUES (80100731, 87300004, 4, 'system', FALSE, NOW(), 'system') ON CONFLICT (study_question_set_id, question_id) DO UPDATE SET order_index = EXCLUDED.order_index, is_deleted = FALSE;
INSERT INTO study_question_set_questions (study_question_set_id, question_id, order_index, tenant_id, is_deleted, created_at, created_by) VALUES (80100731, 87300005, 5, 'system', FALSE, NOW(), 'system') ON CONFLICT (study_question_set_id, question_id) DO UPDATE SET order_index = EXCLUDED.order_index, is_deleted = FALSE;
INSERT INTO study_question_set_questions (study_question_set_id, question_id, order_index, tenant_id, is_deleted, created_at, created_by) VALUES (80100731, 87300006, 6, 'system', FALSE, NOW(), 'system') ON CONFLICT (study_question_set_id, question_id) DO UPDATE SET order_index = EXCLUDED.order_index, is_deleted = FALSE;
INSERT INTO study_question_set_questions (study_question_set_id, question_id, order_index, tenant_id, is_deleted, created_at, created_by) VALUES (80100731, 87300007, 7, 'system', FALSE, NOW(), 'system') ON CONFLICT (study_question_set_id, question_id) DO UPDATE SET order_index = EXCLUDED.order_index, is_deleted = FALSE;
INSERT INTO study_question_set_questions (study_question_set_id, question_id, order_index, tenant_id, is_deleted, created_at, created_by) VALUES (80100731, 87300008, 8, 'system', FALSE, NOW(), 'system') ON CONFLICT (study_question_set_id, question_id) DO UPDATE SET order_index = EXCLUDED.order_index, is_deleted = FALSE;
INSERT INTO study_question_set_questions (study_question_set_id, question_id, order_index, tenant_id, is_deleted, created_at, created_by) VALUES (80100731, 87300009, 9, 'system', FALSE, NOW(), 'system') ON CONFLICT (study_question_set_id, question_id) DO UPDATE SET order_index = EXCLUDED.order_index, is_deleted = FALSE;
INSERT INTO study_question_set_questions (study_question_set_id, question_id, order_index, tenant_id, is_deleted, created_at, created_by) VALUES (80100731, 87300010, 10, 'system', FALSE, NOW(), 'system') ON CONFLICT (study_question_set_id, question_id) DO UPDATE SET order_index = EXCLUDED.order_index, is_deleted = FALSE;
INSERT INTO study_resource_question_sets (resource_type, resource_id, study_question_set_id, position, context, tenant_id, is_active, is_deleted, created_at, created_by) VALUES ('module', 8015, 80100731, 6, '{"label": "2.1.7 Bài Tập Tổng Hợp So Sánh: 授受動詞 vs 受動形/使役形 — Cơ bản"}'::jsonb, 'system', TRUE, FALSE, NOW(), 'system') ON CONFLICT (resource_type, resource_id, study_question_set_id) DO UPDATE SET position = EXCLUDED.position, context = EXCLUDED.context, is_active = TRUE, is_deleted = FALSE;

INSERT INTO study_question_sets (id, name, description, set_type, card_count, tenant_id, is_active, is_deleted, created_at, created_by) VALUES (80100732, '2.1.7 Bài Tập Tổng Hợp So Sánh: 授受動詞 vs 受動形/使役形 — Trung cấp', 'Bài tập cấp 2 (Trung cấp) — 10 câu.', 'practice', 10, 'system', TRUE, FALSE, NOW(), 'system') ON CONFLICT (id) DO UPDATE SET name = EXCLUDED.name, description = EXCLUDED.description, set_type = EXCLUDED.set_type, card_count = EXCLUDED.card_count, is_active = EXCLUDED.is_active, is_deleted = EXCLUDED.is_deleted, updated_at = NOW(), updated_by = 'system';
INSERT INTO study_question_set_questions (study_question_set_id, question_id, order_index, tenant_id, is_deleted, created_at, created_by) VALUES (80100732, 87300011, 1, 'system', FALSE, NOW(), 'system') ON CONFLICT (study_question_set_id, question_id) DO UPDATE SET order_index = EXCLUDED.order_index, is_deleted = FALSE;
INSERT INTO study_question_set_questions (study_question_set_id, question_id, order_index, tenant_id, is_deleted, created_at, created_by) VALUES (80100732, 87300012, 2, 'system', FALSE, NOW(), 'system') ON CONFLICT (study_question_set_id, question_id) DO UPDATE SET order_index = EXCLUDED.order_index, is_deleted = FALSE;
INSERT INTO study_question_set_questions (study_question_set_id, question_id, order_index, tenant_id, is_deleted, created_at, created_by) VALUES (80100732, 87300013, 3, 'system', FALSE, NOW(), 'system') ON CONFLICT (study_question_set_id, question_id) DO UPDATE SET order_index = EXCLUDED.order_index, is_deleted = FALSE;
INSERT INTO study_question_set_questions (study_question_set_id, question_id, order_index, tenant_id, is_deleted, created_at, created_by) VALUES (80100732, 87300014, 4, 'system', FALSE, NOW(), 'system') ON CONFLICT (study_question_set_id, question_id) DO UPDATE SET order_index = EXCLUDED.order_index, is_deleted = FALSE;
INSERT INTO study_question_set_questions (study_question_set_id, question_id, order_index, tenant_id, is_deleted, created_at, created_by) VALUES (80100732, 87300015, 5, 'system', FALSE, NOW(), 'system') ON CONFLICT (study_question_set_id, question_id) DO UPDATE SET order_index = EXCLUDED.order_index, is_deleted = FALSE;
INSERT INTO study_question_set_questions (study_question_set_id, question_id, order_index, tenant_id, is_deleted, created_at, created_by) VALUES (80100732, 87300016, 6, 'system', FALSE, NOW(), 'system') ON CONFLICT (study_question_set_id, question_id) DO UPDATE SET order_index = EXCLUDED.order_index, is_deleted = FALSE;
INSERT INTO study_question_set_questions (study_question_set_id, question_id, order_index, tenant_id, is_deleted, created_at, created_by) VALUES (80100732, 87300017, 7, 'system', FALSE, NOW(), 'system') ON CONFLICT (study_question_set_id, question_id) DO UPDATE SET order_index = EXCLUDED.order_index, is_deleted = FALSE;
INSERT INTO study_question_set_questions (study_question_set_id, question_id, order_index, tenant_id, is_deleted, created_at, created_by) VALUES (80100732, 87300018, 8, 'system', FALSE, NOW(), 'system') ON CONFLICT (study_question_set_id, question_id) DO UPDATE SET order_index = EXCLUDED.order_index, is_deleted = FALSE;
INSERT INTO study_question_set_questions (study_question_set_id, question_id, order_index, tenant_id, is_deleted, created_at, created_by) VALUES (80100732, 87300019, 9, 'system', FALSE, NOW(), 'system') ON CONFLICT (study_question_set_id, question_id) DO UPDATE SET order_index = EXCLUDED.order_index, is_deleted = FALSE;
INSERT INTO study_question_set_questions (study_question_set_id, question_id, order_index, tenant_id, is_deleted, created_at, created_by) VALUES (80100732, 87300020, 10, 'system', FALSE, NOW(), 'system') ON CONFLICT (study_question_set_id, question_id) DO UPDATE SET order_index = EXCLUDED.order_index, is_deleted = FALSE;
INSERT INTO study_resource_question_sets (resource_type, resource_id, study_question_set_id, position, context, tenant_id, is_active, is_deleted, created_at, created_by) VALUES ('module', 8015, 80100732, 7, '{"label": "2.1.7 Bài Tập Tổng Hợp So Sánh: 授受動詞 vs 受動形/使役形 — Trung cấp"}'::jsonb, 'system', TRUE, FALSE, NOW(), 'system') ON CONFLICT (resource_type, resource_id, study_question_set_id) DO UPDATE SET position = EXCLUDED.position, context = EXCLUDED.context, is_active = TRUE, is_deleted = FALSE;

INSERT INTO study_question_sets (id, name, description, set_type, card_count, tenant_id, is_active, is_deleted, created_at, created_by) VALUES (80100733, '2.1.7 Bài Tập Tổng Hợp So Sánh: 授受動詞 vs 受動形/使役形 — Nâng cao', 'Bài tập cấp 3 (Nâng cao) — 10 câu.', 'practice', 10, 'system', TRUE, FALSE, NOW(), 'system') ON CONFLICT (id) DO UPDATE SET name = EXCLUDED.name, description = EXCLUDED.description, set_type = EXCLUDED.set_type, card_count = EXCLUDED.card_count, is_active = EXCLUDED.is_active, is_deleted = EXCLUDED.is_deleted, updated_at = NOW(), updated_by = 'system';
INSERT INTO study_question_set_questions (study_question_set_id, question_id, order_index, tenant_id, is_deleted, created_at, created_by) VALUES (80100733, 87300021, 1, 'system', FALSE, NOW(), 'system') ON CONFLICT (study_question_set_id, question_id) DO UPDATE SET order_index = EXCLUDED.order_index, is_deleted = FALSE;
INSERT INTO study_question_set_questions (study_question_set_id, question_id, order_index, tenant_id, is_deleted, created_at, created_by) VALUES (80100733, 87300022, 2, 'system', FALSE, NOW(), 'system') ON CONFLICT (study_question_set_id, question_id) DO UPDATE SET order_index = EXCLUDED.order_index, is_deleted = FALSE;
INSERT INTO study_question_set_questions (study_question_set_id, question_id, order_index, tenant_id, is_deleted, created_at, created_by) VALUES (80100733, 87300023, 3, 'system', FALSE, NOW(), 'system') ON CONFLICT (study_question_set_id, question_id) DO UPDATE SET order_index = EXCLUDED.order_index, is_deleted = FALSE;
INSERT INTO study_question_set_questions (study_question_set_id, question_id, order_index, tenant_id, is_deleted, created_at, created_by) VALUES (80100733, 87300024, 4, 'system', FALSE, NOW(), 'system') ON CONFLICT (study_question_set_id, question_id) DO UPDATE SET order_index = EXCLUDED.order_index, is_deleted = FALSE;
INSERT INTO study_question_set_questions (study_question_set_id, question_id, order_index, tenant_id, is_deleted, created_at, created_by) VALUES (80100733, 87300025, 5, 'system', FALSE, NOW(), 'system') ON CONFLICT (study_question_set_id, question_id) DO UPDATE SET order_index = EXCLUDED.order_index, is_deleted = FALSE;
INSERT INTO study_question_set_questions (study_question_set_id, question_id, order_index, tenant_id, is_deleted, created_at, created_by) VALUES (80100733, 87300026, 6, 'system', FALSE, NOW(), 'system') ON CONFLICT (study_question_set_id, question_id) DO UPDATE SET order_index = EXCLUDED.order_index, is_deleted = FALSE;
INSERT INTO study_question_set_questions (study_question_set_id, question_id, order_index, tenant_id, is_deleted, created_at, created_by) VALUES (80100733, 87300027, 7, 'system', FALSE, NOW(), 'system') ON CONFLICT (study_question_set_id, question_id) DO UPDATE SET order_index = EXCLUDED.order_index, is_deleted = FALSE;
INSERT INTO study_question_set_questions (study_question_set_id, question_id, order_index, tenant_id, is_deleted, created_at, created_by) VALUES (80100733, 87300028, 8, 'system', FALSE, NOW(), 'system') ON CONFLICT (study_question_set_id, question_id) DO UPDATE SET order_index = EXCLUDED.order_index, is_deleted = FALSE;
INSERT INTO study_question_set_questions (study_question_set_id, question_id, order_index, tenant_id, is_deleted, created_at, created_by) VALUES (80100733, 87300029, 9, 'system', FALSE, NOW(), 'system') ON CONFLICT (study_question_set_id, question_id) DO UPDATE SET order_index = EXCLUDED.order_index, is_deleted = FALSE;
INSERT INTO study_question_set_questions (study_question_set_id, question_id, order_index, tenant_id, is_deleted, created_at, created_by) VALUES (80100733, 87300030, 10, 'system', FALSE, NOW(), 'system') ON CONFLICT (study_question_set_id, question_id) DO UPDATE SET order_index = EXCLUDED.order_index, is_deleted = FALSE;
INSERT INTO study_resource_question_sets (resource_type, resource_id, study_question_set_id, position, context, tenant_id, is_active, is_deleted, created_at, created_by) VALUES ('module', 8015, 80100733, 8, '{"label": "2.1.7 Bài Tập Tổng Hợp So Sánh: 授受動詞 vs 受動形/使役形 — Nâng cao"}'::jsonb, 'system', TRUE, FALSE, NOW(), 'system') ON CONFLICT (resource_type, resource_id, study_question_set_id) DO UPDATE SET position = EXCLUDED.position, context = EXCLUDED.context, is_active = TRUE, is_deleted = FALSE;

INSERT INTO study_question_sets (id, name, description, set_type, card_count, tenant_id, is_active, is_deleted, created_at, created_by) VALUES (80100734, '2.1.7 Bài Tập Tổng Hợp So Sánh: 授受動詞 vs 受動形/使役形 — Tổng hợp', 'Bài tập cấp 4 (Tổng hợp) — 10 câu.', 'practice', 10, 'system', TRUE, FALSE, NOW(), 'system') ON CONFLICT (id) DO UPDATE SET name = EXCLUDED.name, description = EXCLUDED.description, set_type = EXCLUDED.set_type, card_count = EXCLUDED.card_count, is_active = EXCLUDED.is_active, is_deleted = EXCLUDED.is_deleted, updated_at = NOW(), updated_by = 'system';
INSERT INTO study_question_set_questions (study_question_set_id, question_id, order_index, tenant_id, is_deleted, created_at, created_by) VALUES (80100734, 87300031, 1, 'system', FALSE, NOW(), 'system') ON CONFLICT (study_question_set_id, question_id) DO UPDATE SET order_index = EXCLUDED.order_index, is_deleted = FALSE;
INSERT INTO study_question_set_questions (study_question_set_id, question_id, order_index, tenant_id, is_deleted, created_at, created_by) VALUES (80100734, 87300032, 2, 'system', FALSE, NOW(), 'system') ON CONFLICT (study_question_set_id, question_id) DO UPDATE SET order_index = EXCLUDED.order_index, is_deleted = FALSE;
INSERT INTO study_question_set_questions (study_question_set_id, question_id, order_index, tenant_id, is_deleted, created_at, created_by) VALUES (80100734, 87300033, 3, 'system', FALSE, NOW(), 'system') ON CONFLICT (study_question_set_id, question_id) DO UPDATE SET order_index = EXCLUDED.order_index, is_deleted = FALSE;
INSERT INTO study_question_set_questions (study_question_set_id, question_id, order_index, tenant_id, is_deleted, created_at, created_by) VALUES (80100734, 87300034, 4, 'system', FALSE, NOW(), 'system') ON CONFLICT (study_question_set_id, question_id) DO UPDATE SET order_index = EXCLUDED.order_index, is_deleted = FALSE;
INSERT INTO study_question_set_questions (study_question_set_id, question_id, order_index, tenant_id, is_deleted, created_at, created_by) VALUES (80100734, 87300035, 5, 'system', FALSE, NOW(), 'system') ON CONFLICT (study_question_set_id, question_id) DO UPDATE SET order_index = EXCLUDED.order_index, is_deleted = FALSE;
INSERT INTO study_question_set_questions (study_question_set_id, question_id, order_index, tenant_id, is_deleted, created_at, created_by) VALUES (80100734, 87300036, 6, 'system', FALSE, NOW(), 'system') ON CONFLICT (study_question_set_id, question_id) DO UPDATE SET order_index = EXCLUDED.order_index, is_deleted = FALSE;
INSERT INTO study_question_set_questions (study_question_set_id, question_id, order_index, tenant_id, is_deleted, created_at, created_by) VALUES (80100734, 87300037, 7, 'system', FALSE, NOW(), 'system') ON CONFLICT (study_question_set_id, question_id) DO UPDATE SET order_index = EXCLUDED.order_index, is_deleted = FALSE;
INSERT INTO study_question_set_questions (study_question_set_id, question_id, order_index, tenant_id, is_deleted, created_at, created_by) VALUES (80100734, 87300038, 8, 'system', FALSE, NOW(), 'system') ON CONFLICT (study_question_set_id, question_id) DO UPDATE SET order_index = EXCLUDED.order_index, is_deleted = FALSE;
INSERT INTO study_question_set_questions (study_question_set_id, question_id, order_index, tenant_id, is_deleted, created_at, created_by) VALUES (80100734, 87300039, 9, 'system', FALSE, NOW(), 'system') ON CONFLICT (study_question_set_id, question_id) DO UPDATE SET order_index = EXCLUDED.order_index, is_deleted = FALSE;
INSERT INTO study_question_set_questions (study_question_set_id, question_id, order_index, tenant_id, is_deleted, created_at, created_by) VALUES (80100734, 87300040, 10, 'system', FALSE, NOW(), 'system') ON CONFLICT (study_question_set_id, question_id) DO UPDATE SET order_index = EXCLUDED.order_index, is_deleted = FALSE;
INSERT INTO study_resource_question_sets (resource_type, resource_id, study_question_set_id, position, context, tenant_id, is_active, is_deleted, created_at, created_by) VALUES ('module', 8015, 80100734, 9, '{"label": "2.1.7 Bài Tập Tổng Hợp So Sánh: 授受動詞 vs 受動形/使役形 — Tổng hợp"}'::jsonb, 'system', TRUE, FALSE, NOW(), 'system') ON CONFLICT (resource_type, resource_id, study_question_set_id) DO UPDATE SET position = EXCLUDED.position, context = EXCLUDED.context, is_active = TRUE, is_deleted = FALSE;

COMMIT;
