-- Hizashi — Một Năm của Hoa: Nhật Ký Thực Tập Sinh Ngành Thực Phẩm
-- course_id = 8011, modules = 8011001..8011012
-- Generated từ _shared/scripts/build_sql_jisshusei_shokuhin.py
-- KHÔNG sửa thủ công.

BEGIN;

-- 1) Course
INSERT INTO study_courses (id, code, name, description, order_index, free_preview_count, tenant_id, is_active, is_deleted, created_at, created_by) VALUES (8011, 'jisshusei_shokuhin', 'Một Năm của Hoa — Nhật Ký Thực Tập Sinh Ngành Thực Phẩm', 'Hội thoại 12 tháng của thực tập sinh kỹ năng ngành thực phẩm tại Nhật Bản. Story arc 1 năm của Hoa — từ N5 lúc nhập công ty đến định hướng Sekininsha + HACCP + Tokutei Ginou cuối năm 1.', 11, 5, 'system', TRUE, FALSE, NOW(), 'system') ON CONFLICT (id) DO UPDATE SET code = EXCLUDED.code, name = EXCLUDED.name, description = EXCLUDED.description, order_index = EXCLUDED.order_index, free_preview_count = EXCLUDED.free_preview_count, tenant_id = EXCLUDED.tenant_id, is_active = EXCLUDED.is_active, is_deleted = EXCLUDED.is_deleted, updated_at = NOW(), updated_by = 'system';

-- 2) Modules + course_modules
INSERT INTO study_modules (id, code, name, module_type, description, difficulty, topic, order_index, free_preview_count, tenant_id, is_active, is_deleted, created_at, created_by) VALUES (8011001, 't01_dat_chan_toi_nhat', 'T1. Đặt chân tới Nhật', 'vocabulary', 'T1. Đặt chân tới Nhật', 'basic', 'arrival_nyuusha', 1, 5, 'system', TRUE, FALSE, NOW(), 'system') ON CONFLICT (id) DO UPDATE SET code = EXCLUDED.code, name = EXCLUDED.name, module_type = EXCLUDED.module_type, description = EXCLUDED.description, difficulty = EXCLUDED.difficulty, topic = EXCLUDED.topic, order_index = EXCLUDED.order_index, free_preview_count = EXCLUDED.free_preview_count, tenant_id = EXCLUDED.tenant_id, is_active = EXCLUDED.is_active, is_deleted = EXCLUDED.is_deleted, updated_at = NOW(), updated_by = 'system';
INSERT INTO study_course_modules (course_id, module_id, position, tenant_id, is_deleted, created_at, created_by) VALUES (8011, 8011001, 1, 'system', FALSE, NOW(), 'system') ON CONFLICT (course_id, module_id) DO UPDATE SET position = EXCLUDED.position, is_deleted = FALSE;
INSERT INTO study_modules (id, code, name, module_type, description, difficulty, topic, order_index, free_preview_count, tenant_id, is_active, is_deleted, created_at, created_by) VALUES (8011002, 't02_tuan_dau_nha_may', 'T2. Tuần đầu trong nhà máy', 'vocabulary', 'T2. Tuần đầu trong nhà máy', 'basic', 'factory_tour_5s', 2, 5, 'system', TRUE, FALSE, NOW(), 'system') ON CONFLICT (id) DO UPDATE SET code = EXCLUDED.code, name = EXCLUDED.name, module_type = EXCLUDED.module_type, description = EXCLUDED.description, difficulty = EXCLUDED.difficulty, topic = EXCLUDED.topic, order_index = EXCLUDED.order_index, free_preview_count = EXCLUDED.free_preview_count, tenant_id = EXCLUDED.tenant_id, is_active = EXCLUDED.is_active, is_deleted = EXCLUDED.is_deleted, updated_at = NOW(), updated_by = 'system';
INSERT INTO study_course_modules (course_id, module_id, position, tenant_id, is_deleted, created_at, created_by) VALUES (8011, 8011002, 2, 'system', FALSE, NOW(), 'system') ON CONFLICT (course_id, module_id) DO UPDATE SET position = EXCLUDED.position, is_deleted = FALSE;
INSERT INTO study_modules (id, code, name, module_type, description, difficulty, topic, order_index, free_preview_count, tenant_id, is_active, is_deleted, created_at, created_by) VALUES (8011003, 't03_eisei_kanri', 'T3. Quy tắc vệ sinh thực phẩm', 'vocabulary', 'T3. Quy tắc vệ sinh thực phẩm', 'basic', 'eisei_haccp_allergen', 3, 5, 'system', TRUE, FALSE, NOW(), 'system') ON CONFLICT (id) DO UPDATE SET code = EXCLUDED.code, name = EXCLUDED.name, module_type = EXCLUDED.module_type, description = EXCLUDED.description, difficulty = EXCLUDED.difficulty, topic = EXCLUDED.topic, order_index = EXCLUDED.order_index, free_preview_count = EXCLUDED.free_preview_count, tenant_id = EXCLUDED.tenant_id, is_active = EXCLUDED.is_active, is_deleted = EXCLUDED.is_deleted, updated_at = NOW(), updated_by = 'system';
INSERT INTO study_course_modules (course_id, module_id, position, tenant_id, is_deleted, created_at, created_by) VALUES (8011, 8011003, 3, 'system', FALSE, NOW(), 'system') ON CONFLICT (course_id, module_id) DO UPDATE SET position = EXCLUDED.position, is_deleted = FALSE;
INSERT INTO study_modules (id, code, name, module_type, description, difficulty, topic, order_index, free_preview_count, tenant_id, is_active, is_deleted, created_at, created_by) VALUES (8011004, 't04_line_operation', 'T4. Lần đầu đứng dây chuyền', 'grammar', 'T4. Lần đầu đứng dây chuyền', 'basic', 'line_kouttei', 4, 5, 'system', TRUE, FALSE, NOW(), 'system') ON CONFLICT (id) DO UPDATE SET code = EXCLUDED.code, name = EXCLUDED.name, module_type = EXCLUDED.module_type, description = EXCLUDED.description, difficulty = EXCLUDED.difficulty, topic = EXCLUDED.topic, order_index = EXCLUDED.order_index, free_preview_count = EXCLUDED.free_preview_count, tenant_id = EXCLUDED.tenant_id, is_active = EXCLUDED.is_active, is_deleted = EXCLUDED.is_deleted, updated_at = NOW(), updated_by = 'system';
INSERT INTO study_course_modules (course_id, module_id, position, tenant_id, is_deleted, created_at, created_by) VALUES (8011, 8011004, 4, 'system', FALSE, NOW(), 'system') ON CONFLICT (course_id, module_id) DO UPDATE SET position = EXCLUDED.position, is_deleted = FALSE;
INSERT INTO study_modules (id, code, name, module_type, description, difficulty, topic, order_index, free_preview_count, tenant_id, is_active, is_deleted, created_at, created_by) VALUES (8011005, 't05_furyou_hin', 'T5. Lần đầu mắc lỗi', 'grammar', 'T5. Lần đầu mắc lỗi', 'intermediate', 'mistake_apology_keigo', 5, 5, 'system', TRUE, FALSE, NOW(), 'system') ON CONFLICT (id) DO UPDATE SET code = EXCLUDED.code, name = EXCLUDED.name, module_type = EXCLUDED.module_type, description = EXCLUDED.description, difficulty = EXCLUDED.difficulty, topic = EXCLUDED.topic, order_index = EXCLUDED.order_index, free_preview_count = EXCLUDED.free_preview_count, tenant_id = EXCLUDED.tenant_id, is_active = EXCLUDED.is_active, is_deleted = EXCLUDED.is_deleted, updated_at = NOW(), updated_by = 'system';
INSERT INTO study_course_modules (course_id, module_id, position, tenant_id, is_deleted, created_at, created_by) VALUES (8011, 8011005, 5, 'system', FALSE, NOW(), 'system') ON CONFLICT (course_id, module_id) DO UPDATE SET position = EXCLUDED.position, is_deleted = FALSE;
INSERT INTO study_modules (id, code, name, module_type, description, difficulty, topic, order_index, free_preview_count, tenant_id, is_active, is_deleted, created_at, created_by) VALUES (8011006, 't06_chukan_mensetsu', 'T6. Nửa năm — Đánh giá giữa kỳ', 'grammar', 'T6. Nửa năm — Đánh giá giữa kỳ', 'intermediate', 'interview_goals', 6, 5, 'system', TRUE, FALSE, NOW(), 'system') ON CONFLICT (id) DO UPDATE SET code = EXCLUDED.code, name = EXCLUDED.name, module_type = EXCLUDED.module_type, description = EXCLUDED.description, difficulty = EXCLUDED.difficulty, topic = EXCLUDED.topic, order_index = EXCLUDED.order_index, free_preview_count = EXCLUDED.free_preview_count, tenant_id = EXCLUDED.tenant_id, is_active = EXCLUDED.is_active, is_deleted = EXCLUDED.is_deleted, updated_at = NOW(), updated_by = 'system';
INSERT INTO study_course_modules (course_id, module_id, position, tenant_id, is_deleted, created_at, created_by) VALUES (8011, 8011006, 6, 'system', FALSE, NOW(), 'system') ON CONFLICT (course_id, module_id) DO UPDATE SET position = EXCLUDED.position, is_deleted = FALSE;
INSERT INTO study_modules (id, code, name, module_type, description, difficulty, topic, order_index, free_preview_count, tenant_id, is_active, is_deleted, created_at, created_by) VALUES (8011007, 't07_matsuri_seikatsu', 'T7. Mùa thu — Lễ hội & Đời sống', 'vocabulary', 'T7. Mùa thu — Lễ hội & Đời sống', 'intermediate', 'festival_casual', 7, 5, 'system', TRUE, FALSE, NOW(), 'system') ON CONFLICT (id) DO UPDATE SET code = EXCLUDED.code, name = EXCLUDED.name, module_type = EXCLUDED.module_type, description = EXCLUDED.description, difficulty = EXCLUDED.difficulty, topic = EXCLUDED.topic, order_index = EXCLUDED.order_index, free_preview_count = EXCLUDED.free_preview_count, tenant_id = EXCLUDED.tenant_id, is_active = EXCLUDED.is_active, is_deleted = EXCLUDED.is_deleted, updated_at = NOW(), updated_by = 'system';
INSERT INTO study_course_modules (course_id, module_id, position, tenant_id, is_deleted, created_at, created_by) VALUES (8011, 8011007, 7, 'system', FALSE, NOW(), 'system') ON CONFLICT (course_id, module_id) DO UPDATE SET position = EXCLUDED.position, is_deleted = FALSE;
INSERT INTO study_modules (id, code, name, module_type, description, difficulty, topic, order_index, free_preview_count, tenant_id, is_active, is_deleted, created_at, created_by) VALUES (8011008, 't08_iso_audit', 'T8. Khách kiểm tra audit', 'grammar', 'T8. Khách kiểm tra audit', 'intermediate', 'audit_iso22000', 8, 5, 'system', TRUE, FALSE, NOW(), 'system') ON CONFLICT (id) DO UPDATE SET code = EXCLUDED.code, name = EXCLUDED.name, module_type = EXCLUDED.module_type, description = EXCLUDED.description, difficulty = EXCLUDED.difficulty, topic = EXCLUDED.topic, order_index = EXCLUDED.order_index, free_preview_count = EXCLUDED.free_preview_count, tenant_id = EXCLUDED.tenant_id, is_active = EXCLUDED.is_active, is_deleted = EXCLUDED.is_deleted, updated_at = NOW(), updated_by = 'system';
INSERT INTO study_course_modules (course_id, module_id, position, tenant_id, is_deleted, created_at, created_by) VALUES (8011, 8011008, 8, 'system', FALSE, NOW(), 'system') ON CONFLICT (course_id, module_id) DO UPDATE SET position = EXCLUDED.position, is_deleted = FALSE;
INSERT INTO study_modules (id, code, name, module_type, description, difficulty, topic, order_index, free_preview_count, tenant_id, is_active, is_deleted, created_at, created_by) VALUES (8011009, 't09_shihin_kaihatsu', 'T9. Triển khai sản phẩm mới', 'grammar', 'T9. Triển khai sản phẩm mới', 'intermediate', 'new_product_meeting', 9, 5, 'system', TRUE, FALSE, NOW(), 'system') ON CONFLICT (id) DO UPDATE SET code = EXCLUDED.code, name = EXCLUDED.name, module_type = EXCLUDED.module_type, description = EXCLUDED.description, difficulty = EXCLUDED.difficulty, topic = EXCLUDED.topic, order_index = EXCLUDED.order_index, free_preview_count = EXCLUDED.free_preview_count, tenant_id = EXCLUDED.tenant_id, is_active = EXCLUDED.is_active, is_deleted = EXCLUDED.is_deleted, updated_at = NOW(), updated_by = 'system';
INSERT INTO study_course_modules (course_id, module_id, position, tenant_id, is_deleted, created_at, created_by) VALUES (8011, 8011009, 9, 'system', FALSE, NOW(), 'system') ON CONFLICT (course_id, module_id) DO UPDATE SET position = EXCLUDED.position, is_deleted = FALSE;
INSERT INTO study_modules (id, code, name, module_type, description, difficulty, topic, order_index, free_preview_count, tenant_id, is_active, is_deleted, created_at, created_by) VALUES (8011010, 't10_recall_kuringu', 'T10. Sự cố lớn — Recall', 'grammar', 'T10. Sự cố lớn — Recall', 'advanced', 'recall_complaint', 10, 5, 'system', TRUE, FALSE, NOW(), 'system') ON CONFLICT (id) DO UPDATE SET code = EXCLUDED.code, name = EXCLUDED.name, module_type = EXCLUDED.module_type, description = EXCLUDED.description, difficulty = EXCLUDED.difficulty, topic = EXCLUDED.topic, order_index = EXCLUDED.order_index, free_preview_count = EXCLUDED.free_preview_count, tenant_id = EXCLUDED.tenant_id, is_active = EXCLUDED.is_active, is_deleted = EXCLUDED.is_deleted, updated_at = NOW(), updated_by = 'system';
INSERT INTO study_course_modules (course_id, module_id, position, tenant_id, is_deleted, created_at, created_by) VALUES (8011, 8011010, 10, 'system', FALSE, NOW(), 'system') ON CONFLICT (course_id, module_id) DO UPDATE SET position = EXCLUDED.position, is_deleted = FALSE;
INSERT INTO study_modules (id, code, name, module_type, description, difficulty, topic, order_index, free_preview_count, tenant_id, is_active, is_deleted, created_at, created_by) VALUES (8011011, 't11_shourai_keikaku', 'T11. Định hướng tương lai', 'grammar', 'T11. Định hướng tương lai', 'advanced', 'future_certification', 11, 5, 'system', TRUE, FALSE, NOW(), 'system') ON CONFLICT (id) DO UPDATE SET code = EXCLUDED.code, name = EXCLUDED.name, module_type = EXCLUDED.module_type, description = EXCLUDED.description, difficulty = EXCLUDED.difficulty, topic = EXCLUDED.topic, order_index = EXCLUDED.order_index, free_preview_count = EXCLUDED.free_preview_count, tenant_id = EXCLUDED.tenant_id, is_active = EXCLUDED.is_active, is_deleted = EXCLUDED.is_deleted, updated_at = NOW(), updated_by = 'system';
INSERT INTO study_course_modules (course_id, module_id, position, tenant_id, is_deleted, created_at, created_by) VALUES (8011, 8011011, 11, 'system', FALSE, NOW(), 'system') ON CONFLICT (course_id, module_id) DO UPDATE SET position = EXCLUDED.position, is_deleted = FALSE;
INSERT INTO study_modules (id, code, name, module_type, description, difficulty, topic, order_index, free_preview_count, tenant_id, is_active, is_deleted, created_at, created_by) VALUES (8011012, 't12_bonenkai_furikaeri', 'T12. Một năm nhìn lại', 'grammar', 'T12. Một năm nhìn lại', 'advanced', 'yearend_reflection', 12, 5, 'system', TRUE, FALSE, NOW(), 'system') ON CONFLICT (id) DO UPDATE SET code = EXCLUDED.code, name = EXCLUDED.name, module_type = EXCLUDED.module_type, description = EXCLUDED.description, difficulty = EXCLUDED.difficulty, topic = EXCLUDED.topic, order_index = EXCLUDED.order_index, free_preview_count = EXCLUDED.free_preview_count, tenant_id = EXCLUDED.tenant_id, is_active = EXCLUDED.is_active, is_deleted = EXCLUDED.is_deleted, updated_at = NOW(), updated_by = 'system';
INSERT INTO study_course_modules (course_id, module_id, position, tenant_id, is_deleted, created_at, created_by) VALUES (8011, 8011012, 12, 'system', FALSE, NOW(), 'system') ON CONFLICT (course_id, module_id) DO UPDATE SET position = EXCLUDED.position, is_deleted = FALSE;

-- BaiTap: t01_dat_chan_toi_nhat (40 questions)
INSERT INTO questions (id, user_id, is_system, is_khoa_cu, question_type, content_type, level, selection_type, question, passage, passage_translation, general_explanation, skill_category, base_difficulty, tenant_id, is_active, is_deleted, created_at, created_by) VALUES (811110001, NULL, TRUE, FALSE, 'chon_dap_an', 'jisshusei_baitap_t01_dat_chan_toi_nhat', 'N5', 'single', '「はじめまして」の意味は何ですか?

Nghĩa của「はじめまして」là gì?', NULL, NULL, '「はじめまして」là cụm chào hỏi khi gặp lần đầu tiên.', 'vocab', 1, 'system', TRUE, FALSE, NOW(), 'system') ON CONFLICT (id) DO UPDATE SET question_type = EXCLUDED.question_type, content_type = EXCLUDED.content_type, level = EXCLUDED.level, question = EXCLUDED.question, passage = EXCLUDED.passage, passage_translation = EXCLUDED.passage_translation, general_explanation = EXCLUDED.general_explanation, skill_category = EXCLUDED.skill_category, is_active = EXCLUDED.is_active, is_deleted = EXCLUDED.is_deleted, updated_at = NOW(), updated_by = 'system';
DELETE FROM questions_answers WHERE question_id = 811110001;
INSERT INTO questions_answers (question_id, sentence, sentence_translation, is_correct, "order") VALUES (811110001, 'Lần đầu gặp', 'Lần đầu gặp', TRUE, 1);
INSERT INTO questions_answers (question_id, sentence, sentence_translation, is_correct, "order") VALUES (811110001, 'Cảm ơn', 'Cảm ơn', FALSE, 2);
INSERT INTO questions_answers (question_id, sentence, sentence_translation, is_correct, "order") VALUES (811110001, 'Tạm biệt', 'Tạm biệt', FALSE, 3);
INSERT INTO questions_answers (question_id, sentence, sentence_translation, is_correct, "order") VALUES (811110001, 'Chào buổi tối', 'Chào buổi tối', FALSE, 4);
INSERT INTO questions (id, user_id, is_system, is_khoa_cu, question_type, content_type, level, selection_type, question, passage, passage_translation, general_explanation, skill_category, base_difficulty, tenant_id, is_active, is_deleted, created_at, created_by) VALUES (811110002, NULL, TRUE, FALSE, 'chon_dap_an', 'jisshusei_baitap_t01_dat_chan_toi_nhat', 'N5', 'single', '「ありがとうございます」の意味は?

Nghĩa của「ありがとうございます」?', NULL, NULL, 'Cụm cảm ơn lịch sự, dùng với sếp/người trên.', 'vocab', 1, 'system', TRUE, FALSE, NOW(), 'system') ON CONFLICT (id) DO UPDATE SET question_type = EXCLUDED.question_type, content_type = EXCLUDED.content_type, level = EXCLUDED.level, question = EXCLUDED.question, passage = EXCLUDED.passage, passage_translation = EXCLUDED.passage_translation, general_explanation = EXCLUDED.general_explanation, skill_category = EXCLUDED.skill_category, is_active = EXCLUDED.is_active, is_deleted = EXCLUDED.is_deleted, updated_at = NOW(), updated_by = 'system';
DELETE FROM questions_answers WHERE question_id = 811110002;
INSERT INTO questions_answers (question_id, sentence, sentence_translation, is_correct, "order") VALUES (811110002, 'Xin lỗi', 'Xin lỗi', FALSE, 1);
INSERT INTO questions_answers (question_id, sentence, sentence_translation, is_correct, "order") VALUES (811110002, 'Cảm ơn (lịch sự)', 'Cảm ơn (lịch sự)', TRUE, 2);
INSERT INTO questions_answers (question_id, sentence, sentence_translation, is_correct, "order") VALUES (811110002, 'Chào buổi sáng', 'Chào buổi sáng', FALSE, 3);
INSERT INTO questions_answers (question_id, sentence, sentence_translation, is_correct, "order") VALUES (811110002, 'Hẹn gặp lại', 'Hẹn gặp lại', FALSE, 4);
INSERT INTO questions (id, user_id, is_system, is_khoa_cu, question_type, content_type, level, selection_type, question, passage, passage_translation, general_explanation, skill_category, base_difficulty, tenant_id, is_active, is_deleted, created_at, created_by) VALUES (811110003, NULL, TRUE, FALSE, 'chon_dap_an', 'jisshusei_baitap_t01_dat_chan_toi_nhat', 'N5', 'single', '「空港」(くうこう) là:

「空港」(くうこう) là:', NULL, NULL, '空港 = kuukou = sân bay.', 'vocab', 1, 'system', TRUE, FALSE, NOW(), 'system') ON CONFLICT (id) DO UPDATE SET question_type = EXCLUDED.question_type, content_type = EXCLUDED.content_type, level = EXCLUDED.level, question = EXCLUDED.question, passage = EXCLUDED.passage, passage_translation = EXCLUDED.passage_translation, general_explanation = EXCLUDED.general_explanation, skill_category = EXCLUDED.skill_category, is_active = EXCLUDED.is_active, is_deleted = EXCLUDED.is_deleted, updated_at = NOW(), updated_by = 'system';
DELETE FROM questions_answers WHERE question_id = 811110003;
INSERT INTO questions_answers (question_id, sentence, sentence_translation, is_correct, "order") VALUES (811110003, 'Sân bay', 'Sân bay', TRUE, 1);
INSERT INTO questions_answers (question_id, sentence, sentence_translation, is_correct, "order") VALUES (811110003, 'Nhà ga', 'Nhà ga', FALSE, 2);
INSERT INTO questions_answers (question_id, sentence, sentence_translation, is_correct, "order") VALUES (811110003, 'Bến cảng', 'Bến cảng', FALSE, 3);
INSERT INTO questions_answers (question_id, sentence, sentence_translation, is_correct, "order") VALUES (811110003, 'Khách sạn', 'Khách sạn', FALSE, 4);
INSERT INTO questions (id, user_id, is_system, is_khoa_cu, question_type, content_type, level, selection_type, question, passage, passage_translation, general_explanation, skill_category, base_difficulty, tenant_id, is_active, is_deleted, created_at, created_by) VALUES (811110004, NULL, TRUE, FALSE, 'chon_dap_an', 'jisshusei_baitap_t01_dat_chan_toi_nhat', 'N5', 'single', '「在留カード」を持って出かける必要があるのは:

Cần mang「在留カード」khi nào?', NULL, NULL, '在留カード phải mang theo 24/7. Mất phải báo trong 14 ngày.', 'vocab', 1, 'system', TRUE, FALSE, NOW(), 'system') ON CONFLICT (id) DO UPDATE SET question_type = EXCLUDED.question_type, content_type = EXCLUDED.content_type, level = EXCLUDED.level, question = EXCLUDED.question, passage = EXCLUDED.passage, passage_translation = EXCLUDED.passage_translation, general_explanation = EXCLUDED.general_explanation, skill_category = EXCLUDED.skill_category, is_active = EXCLUDED.is_active, is_deleted = EXCLUDED.is_deleted, updated_at = NOW(), updated_by = 'system';
DELETE FROM questions_answers WHERE question_id = 811110004;
INSERT INTO questions_answers (question_id, sentence, sentence_translation, is_correct, "order") VALUES (811110004, 'Chỉ khi đi làm', 'Chỉ khi đi làm', FALSE, 1);
INSERT INTO questions_answers (question_id, sentence, sentence_translation, is_correct, "order") VALUES (811110004, 'Mọi lúc, mọi nơi', 'Mọi lúc, mọi nơi', TRUE, 2);
INSERT INTO questions_answers (question_id, sentence, sentence_translation, is_correct, "order") VALUES (811110004, 'Chỉ khi ra nước ngoài', 'Chỉ khi ra nước ngoài', FALSE, 3);
INSERT INTO questions_answers (question_id, sentence, sentence_translation, is_correct, "order") VALUES (811110004, 'Không cần mang', 'Không cần mang', FALSE, 4);
INSERT INTO questions (id, user_id, is_system, is_khoa_cu, question_type, content_type, level, selection_type, question, passage, passage_translation, general_explanation, skill_category, base_difficulty, tenant_id, is_active, is_deleted, created_at, created_by) VALUES (811110005, NULL, TRUE, FALSE, 'chon_dap_an', 'jisshusei_baitap_t01_dat_chan_toi_nhat', 'N5', 'single', '「寮」(りょう) là:

「寮」(りょう) là:', NULL, NULL, '寮 = ryou = ký túc xá.', 'vocab', 1, 'system', TRUE, FALSE, NOW(), 'system') ON CONFLICT (id) DO UPDATE SET question_type = EXCLUDED.question_type, content_type = EXCLUDED.content_type, level = EXCLUDED.level, question = EXCLUDED.question, passage = EXCLUDED.passage, passage_translation = EXCLUDED.passage_translation, general_explanation = EXCLUDED.general_explanation, skill_category = EXCLUDED.skill_category, is_active = EXCLUDED.is_active, is_deleted = EXCLUDED.is_deleted, updated_at = NOW(), updated_by = 'system';
DELETE FROM questions_answers WHERE question_id = 811110005;
INSERT INTO questions_answers (question_id, sentence, sentence_translation, is_correct, "order") VALUES (811110005, 'Phòng tắm', 'Phòng tắm', FALSE, 1);
INSERT INTO questions_answers (question_id, sentence, sentence_translation, is_correct, "order") VALUES (811110005, 'Ký túc xá', 'Ký túc xá', TRUE, 2);
INSERT INTO questions_answers (question_id, sentence, sentence_translation, is_correct, "order") VALUES (811110005, 'Văn phòng', 'Văn phòng', FALSE, 3);
INSERT INTO questions_answers (question_id, sentence, sentence_translation, is_correct, "order") VALUES (811110005, 'Nhà ăn', 'Nhà ăn', FALSE, 4);
INSERT INTO questions (id, user_id, is_system, is_khoa_cu, question_type, content_type, level, selection_type, question, passage, passage_translation, general_explanation, skill_category, base_difficulty, tenant_id, is_active, is_deleted, created_at, created_by) VALUES (811110006, NULL, TRUE, FALSE, 'chon_dap_an', 'jisshusei_baitap_t01_dat_chan_toi_nhat', 'N5', 'single', '「お疲れさまでした」を使うのは:

Dùng「お疲れさまでした」khi:', NULL, NULL, 'Dùng được cho cả người trên/dưới — câu greeting + cảm ơn nỗ lực.', 'vocab', 1, 'system', TRUE, FALSE, NOW(), 'system') ON CONFLICT (id) DO UPDATE SET question_type = EXCLUDED.question_type, content_type = EXCLUDED.content_type, level = EXCLUDED.level, question = EXCLUDED.question, passage = EXCLUDED.passage, passage_translation = EXCLUDED.passage_translation, general_explanation = EXCLUDED.general_explanation, skill_category = EXCLUDED.skill_category, is_active = EXCLUDED.is_active, is_deleted = EXCLUDED.is_deleted, updated_at = NOW(), updated_by = 'system';
DELETE FROM questions_answers WHERE question_id = 811110006;
INSERT INTO questions_answers (question_id, sentence, sentence_translation, is_correct, "order") VALUES (811110006, 'Chỉ với sếp', 'Chỉ với sếp', FALSE, 1);
INSERT INTO questions_answers (question_id, sentence, sentence_translation, is_correct, "order") VALUES (811110006, 'Với cả người trên và dưới', 'Với cả người trên và dưới', TRUE, 2);
INSERT INTO questions_answers (question_id, sentence, sentence_translation, is_correct, "order") VALUES (811110006, 'Chỉ với khách', 'Chỉ với khách', FALSE, 3);
INSERT INTO questions_answers (question_id, sentence, sentence_translation, is_correct, "order") VALUES (811110006, 'Chỉ trong gia đình', 'Chỉ trong gia đình', FALSE, 4);
INSERT INTO questions (id, user_id, is_system, is_khoa_cu, question_type, content_type, level, selection_type, question, passage, passage_translation, general_explanation, skill_category, base_difficulty, tenant_id, is_active, is_deleted, created_at, created_by) VALUES (811110007, NULL, TRUE, FALSE, 'chon_dap_an', 'jisshusei_baitap_t01_dat_chan_toi_nhat', 'N5', 'single', '「両替」(りょうがえ) là:

「両替」(りょうがえ) là:', NULL, NULL, '両替 = đổi tiền (sân bay/ngân hàng).', 'vocab', 1, 'system', TRUE, FALSE, NOW(), 'system') ON CONFLICT (id) DO UPDATE SET question_type = EXCLUDED.question_type, content_type = EXCLUDED.content_type, level = EXCLUDED.level, question = EXCLUDED.question, passage = EXCLUDED.passage, passage_translation = EXCLUDED.passage_translation, general_explanation = EXCLUDED.general_explanation, skill_category = EXCLUDED.skill_category, is_active = EXCLUDED.is_active, is_deleted = EXCLUDED.is_deleted, updated_at = NOW(), updated_by = 'system';
DELETE FROM questions_answers WHERE question_id = 811110007;
INSERT INTO questions_answers (question_id, sentence, sentence_translation, is_correct, "order") VALUES (811110007, 'Đổi tiền', 'Đổi tiền', TRUE, 1);
INSERT INTO questions_answers (question_id, sentence, sentence_translation, is_correct, "order") VALUES (811110007, 'Hẹn gặp', 'Hẹn gặp', FALSE, 2);
INSERT INTO questions_answers (question_id, sentence, sentence_translation, is_correct, "order") VALUES (811110007, 'Đặt hàng', 'Đặt hàng', FALSE, 3);
INSERT INTO questions_answers (question_id, sentence, sentence_translation, is_correct, "order") VALUES (811110007, 'Mua vé', 'Mua vé', FALSE, 4);
INSERT INTO questions (id, user_id, is_system, is_khoa_cu, question_type, content_type, level, selection_type, question, passage, passage_translation, general_explanation, skill_category, base_difficulty, tenant_id, is_active, is_deleted, created_at, created_by) VALUES (811110008, NULL, TRUE, FALSE, 'chon_dap_an', 'jisshusei_baitap_t01_dat_chan_toi_nhat', 'N5', 'single', '「税関」(ぜいかん) là:

「税関」(ぜいかん) là:', NULL, NULL, '税関 = hải quan ở sân bay.', 'vocab', 1, 'system', TRUE, FALSE, NOW(), 'system') ON CONFLICT (id) DO UPDATE SET question_type = EXCLUDED.question_type, content_type = EXCLUDED.content_type, level = EXCLUDED.level, question = EXCLUDED.question, passage = EXCLUDED.passage, passage_translation = EXCLUDED.passage_translation, general_explanation = EXCLUDED.general_explanation, skill_category = EXCLUDED.skill_category, is_active = EXCLUDED.is_active, is_deleted = EXCLUDED.is_deleted, updated_at = NOW(), updated_by = 'system';
DELETE FROM questions_answers WHERE question_id = 811110008;
INSERT INTO questions_answers (question_id, sentence, sentence_translation, is_correct, "order") VALUES (811110008, 'Lễ tân', 'Lễ tân', FALSE, 1);
INSERT INTO questions_answers (question_id, sentence, sentence_translation, is_correct, "order") VALUES (811110008, 'Hải quan', 'Hải quan', TRUE, 2);
INSERT INTO questions_answers (question_id, sentence, sentence_translation, is_correct, "order") VALUES (811110008, 'Cảnh sát', 'Cảnh sát', FALSE, 3);
INSERT INTO questions_answers (question_id, sentence, sentence_translation, is_correct, "order") VALUES (811110008, 'Nhân viên y tế', 'Nhân viên y tế', FALSE, 4);
INSERT INTO questions (id, user_id, is_system, is_khoa_cu, question_type, content_type, level, selection_type, question, passage, passage_translation, general_explanation, skill_category, base_difficulty, tenant_id, is_active, is_deleted, created_at, created_by) VALUES (811110009, NULL, TRUE, FALSE, 'chon_dap_an', 'jisshusei_baitap_t01_dat_chan_toi_nhat', 'N5', 'single', '「燃えるゴミ」を出す日は普通:

Ngày đổ「燃えるゴミ」(rác cháy được) thường:', NULL, NULL, 'Saitama thường: 燃えるゴミ thứ 2, 4, 6.', 'vocab', 1, 'system', TRUE, FALSE, NOW(), 'system') ON CONFLICT (id) DO UPDATE SET question_type = EXCLUDED.question_type, content_type = EXCLUDED.content_type, level = EXCLUDED.level, question = EXCLUDED.question, passage = EXCLUDED.passage, passage_translation = EXCLUDED.passage_translation, general_explanation = EXCLUDED.general_explanation, skill_category = EXCLUDED.skill_category, is_active = EXCLUDED.is_active, is_deleted = EXCLUDED.is_deleted, updated_at = NOW(), updated_by = 'system';
DELETE FROM questions_answers WHERE question_id = 811110009;
INSERT INTO questions_answers (question_id, sentence, sentence_translation, is_correct, "order") VALUES (811110009, 'Mỗi ngày', 'Mỗi ngày', FALSE, 1);
INSERT INTO questions_answers (question_id, sentence, sentence_translation, is_correct, "order") VALUES (811110009, 'Thứ 2, 4, 6', 'Thứ 2, 4, 6', TRUE, 2);
INSERT INTO questions_answers (question_id, sentence, sentence_translation, is_correct, "order") VALUES (811110009, 'Chỉ thứ 7', 'Chỉ thứ 7', FALSE, 3);
INSERT INTO questions_answers (question_id, sentence, sentence_translation, is_correct, "order") VALUES (811110009, 'Không cố định', 'Không cố định', FALSE, 4);
INSERT INTO questions (id, user_id, is_system, is_khoa_cu, question_type, content_type, level, selection_type, question, passage, passage_translation, general_explanation, skill_category, base_difficulty, tenant_id, is_active, is_deleted, created_at, created_by) VALUES (811110010, NULL, TRUE, FALSE, 'chon_dap_an', 'jisshusei_baitap_t01_dat_chan_toi_nhat', 'N5', 'single', '「すみません、もう一度お願いします」の意味は:

Nghĩa của câu này là:', NULL, NULL, 'Câu cứu cánh khi không hiểu — KHÔNG gật bừa.', 'vocab', 1, 'system', TRUE, FALSE, NOW(), 'system') ON CONFLICT (id) DO UPDATE SET question_type = EXCLUDED.question_type, content_type = EXCLUDED.content_type, level = EXCLUDED.level, question = EXCLUDED.question, passage = EXCLUDED.passage, passage_translation = EXCLUDED.passage_translation, general_explanation = EXCLUDED.general_explanation, skill_category = EXCLUDED.skill_category, is_active = EXCLUDED.is_active, is_deleted = EXCLUDED.is_deleted, updated_at = NOW(), updated_by = 'system';
DELETE FROM questions_answers WHERE question_id = 811110010;
INSERT INTO questions_answers (question_id, sentence, sentence_translation, is_correct, "order") VALUES (811110010, 'Xin lỗi, tạm biệt', 'Xin lỗi, tạm biệt', FALSE, 1);
INSERT INTO questions_answers (question_id, sentence, sentence_translation, is_correct, "order") VALUES (811110010, 'Xin lỗi, xin nhắc lại lần nữa', 'Xin lỗi, xin nhắc lại lần nữa', TRUE, 2);
INSERT INTO questions_answers (question_id, sentence, sentence_translation, is_correct, "order") VALUES (811110010, 'Xin lỗi, không có', 'Xin lỗi, không có', FALSE, 3);
INSERT INTO questions_answers (question_id, sentence, sentence_translation, is_correct, "order") VALUES (811110010, 'Xin lỗi, tôi đi đây', 'Xin lỗi, tôi đi đây', FALSE, 4);
INSERT INTO questions (id, user_id, is_system, is_khoa_cu, question_type, content_type, level, selection_type, question, passage, passage_translation, general_explanation, skill_category, base_difficulty, tenant_id, is_active, is_deleted, created_at, created_by) VALUES (811110011, NULL, TRUE, FALSE, 'chon_dap_an', 'jisshusei_baitap_t01_dat_chan_toi_nhat', 'N5', 'single', '自己紹介で「____ と申します」の____には何が入りますか?

Trong jiko-shoukai「____ と申します」, ____ là:', NULL, NULL, 'Cấu trúc giới thiệu kenjougo: 「[Tên] と申します」.', 'vocab', 1, 'system', TRUE, FALSE, NOW(), 'system') ON CONFLICT (id) DO UPDATE SET question_type = EXCLUDED.question_type, content_type = EXCLUDED.content_type, level = EXCLUDED.level, question = EXCLUDED.question, passage = EXCLUDED.passage, passage_translation = EXCLUDED.passage_translation, general_explanation = EXCLUDED.general_explanation, skill_category = EXCLUDED.skill_category, is_active = EXCLUDED.is_active, is_deleted = EXCLUDED.is_deleted, updated_at = NOW(), updated_by = 'system';
DELETE FROM questions_answers WHERE question_id = 811110011;
INSERT INTO questions_answers (question_id, sentence, sentence_translation, is_correct, "order") VALUES (811110011, 'Tên mình', 'Tên mình', TRUE, 1);
INSERT INTO questions_answers (question_id, sentence, sentence_translation, is_correct, "order") VALUES (811110011, 'Tên sếp', 'Tên sếp', FALSE, 2);
INSERT INTO questions_answers (question_id, sentence, sentence_translation, is_correct, "order") VALUES (811110011, 'Tên công ty', 'Tên công ty', FALSE, 3);
INSERT INTO questions_answers (question_id, sentence, sentence_translation, is_correct, "order") VALUES (811110011, 'Số điện thoại', 'Số điện thoại', FALSE, 4);
INSERT INTO questions (id, user_id, is_system, is_khoa_cu, question_type, content_type, level, selection_type, question, passage, passage_translation, general_explanation, skill_category, base_difficulty, tenant_id, is_active, is_deleted, created_at, created_by) VALUES (811110012, NULL, TRUE, FALSE, 'chon_dap_an', 'jisshusei_baitap_t01_dat_chan_toi_nhat', 'N5', 'single', '「____ から来ました」の____には何が入りますか?

Trong câu「____ から来ました」, ____ là:', NULL, NULL, 'から = từ. Từ đâu đến → quê quán/quốc gia.', 'vocab', 1, 'system', TRUE, FALSE, NOW(), 'system') ON CONFLICT (id) DO UPDATE SET question_type = EXCLUDED.question_type, content_type = EXCLUDED.content_type, level = EXCLUDED.level, question = EXCLUDED.question, passage = EXCLUDED.passage, passage_translation = EXCLUDED.passage_translation, general_explanation = EXCLUDED.general_explanation, skill_category = EXCLUDED.skill_category, is_active = EXCLUDED.is_active, is_deleted = EXCLUDED.is_deleted, updated_at = NOW(), updated_by = 'system';
DELETE FROM questions_answers WHERE question_id = 811110012;
INSERT INTO questions_answers (question_id, sentence, sentence_translation, is_correct, "order") VALUES (811110012, 'Tuổi', 'Tuổi', FALSE, 1);
INSERT INTO questions_answers (question_id, sentence, sentence_translation, is_correct, "order") VALUES (811110012, 'Quê quán/quốc gia', 'Quê quán/quốc gia', TRUE, 2);
INSERT INTO questions_answers (question_id, sentence, sentence_translation, is_correct, "order") VALUES (811110012, 'Ngày sinh', 'Ngày sinh', FALSE, 3);
INSERT INTO questions_answers (question_id, sentence, sentence_translation, is_correct, "order") VALUES (811110012, 'Tên trường', 'Tên trường', FALSE, 4);
INSERT INTO questions (id, user_id, is_system, is_khoa_cu, question_type, content_type, level, selection_type, question, passage, passage_translation, general_explanation, skill_category, base_difficulty, tenant_id, is_active, is_deleted, created_at, created_by) VALUES (811110013, NULL, TRUE, FALSE, 'chon_dap_an', 'jisshusei_baitap_t01_dat_chan_toi_nhat', 'N5', 'single', '「よろしく____」の____に入る最も丁寧なのは:

「よろしく____」phần lịch sự nhất là:', NULL, NULL, '「よろしくお願いします」là dạng đầy đủ + lịch sự.', 'vocab', 1, 'system', TRUE, FALSE, NOW(), 'system') ON CONFLICT (id) DO UPDATE SET question_type = EXCLUDED.question_type, content_type = EXCLUDED.content_type, level = EXCLUDED.level, question = EXCLUDED.question, passage = EXCLUDED.passage, passage_translation = EXCLUDED.passage_translation, general_explanation = EXCLUDED.general_explanation, skill_category = EXCLUDED.skill_category, is_active = EXCLUDED.is_active, is_deleted = EXCLUDED.is_deleted, updated_at = NOW(), updated_by = 'system';
DELETE FROM questions_answers WHERE question_id = 811110013;
INSERT INTO questions_answers (question_id, sentence, sentence_translation, is_correct, "order") VALUES (811110013, 'お願いします', NULL, TRUE, 1);
INSERT INTO questions_answers (question_id, sentence, sentence_translation, is_correct, "order") VALUES (811110013, 'ね', NULL, FALSE, 2);
INSERT INTO questions_answers (question_id, sentence, sentence_translation, is_correct, "order") VALUES (811110013, 'だよ', NULL, FALSE, 3);
INSERT INTO questions_answers (question_id, sentence, sentence_translation, is_correct, "order") VALUES (811110013, '頼む', NULL, FALSE, 4);
INSERT INTO questions (id, user_id, is_system, is_khoa_cu, question_type, content_type, level, selection_type, question, passage, passage_translation, general_explanation, skill_category, base_difficulty, tenant_id, is_active, is_deleted, created_at, created_by) VALUES (811110014, NULL, TRUE, FALSE, 'chon_dap_an', 'jisshusei_baitap_t01_dat_chan_toi_nhat', 'N5', 'single', '入社式で着る服は普通:

Trang phục ở 入社式 thường là:', NULL, NULL, '入社式 = formal, mặc âu phục đen + sơ mi trắng.', 'vocab', 1, 'system', TRUE, FALSE, NOW(), 'system') ON CONFLICT (id) DO UPDATE SET question_type = EXCLUDED.question_type, content_type = EXCLUDED.content_type, level = EXCLUDED.level, question = EXCLUDED.question, passage = EXCLUDED.passage, passage_translation = EXCLUDED.passage_translation, general_explanation = EXCLUDED.general_explanation, skill_category = EXCLUDED.skill_category, is_active = EXCLUDED.is_active, is_deleted = EXCLUDED.is_deleted, updated_at = NOW(), updated_by = 'system';
DELETE FROM questions_answers WHERE question_id = 811110014;
INSERT INTO questions_answers (question_id, sentence, sentence_translation, is_correct, "order") VALUES (811110014, 'Áo thun + quần jeans', 'Áo thun + quần jeans', FALSE, 1);
INSERT INTO questions_answers (question_id, sentence, sentence_translation, is_correct, "order") VALUES (811110014, 'Âu phục đen + sơ mi trắng', 'Âu phục đen + sơ mi trắng', TRUE, 2);
INSERT INTO questions_answers (question_id, sentence, sentence_translation, is_correct, "order") VALUES (811110014, 'Yukata', 'Yukata', FALSE, 3);
INSERT INTO questions_answers (question_id, sentence, sentence_translation, is_correct, "order") VALUES (811110014, 'Đồng phục công nhân', 'Đồng phục công nhân', FALSE, 4);
INSERT INTO questions (id, user_id, is_system, is_khoa_cu, question_type, content_type, level, selection_type, question, passage, passage_translation, general_explanation, skill_category, base_difficulty, tenant_id, is_active, is_deleted, created_at, created_by) VALUES (811110015, NULL, TRUE, FALSE, 'chon_dap_an', 'jisshusei_baitap_t01_dat_chan_toi_nhat', 'N5', 'single', '「ベトナム____ 来ました」の____に入るのは:

「ベトナム____ 来ました」điền:', NULL, NULL, 'から = từ (origin). Từ Việt Nam đến.', 'vocab', 1, 'system', TRUE, FALSE, NOW(), 'system') ON CONFLICT (id) DO UPDATE SET question_type = EXCLUDED.question_type, content_type = EXCLUDED.content_type, level = EXCLUDED.level, question = EXCLUDED.question, passage = EXCLUDED.passage, passage_translation = EXCLUDED.passage_translation, general_explanation = EXCLUDED.general_explanation, skill_category = EXCLUDED.skill_category, is_active = EXCLUDED.is_active, is_deleted = EXCLUDED.is_deleted, updated_at = NOW(), updated_by = 'system';
DELETE FROM questions_answers WHERE question_id = 811110015;
INSERT INTO questions_answers (question_id, sentence, sentence_translation, is_correct, "order") VALUES (811110015, 'で', NULL, FALSE, 1);
INSERT INTO questions_answers (question_id, sentence, sentence_translation, is_correct, "order") VALUES (811110015, 'に', NULL, FALSE, 2);
INSERT INTO questions_answers (question_id, sentence, sentence_translation, is_correct, "order") VALUES (811110015, 'から', NULL, TRUE, 3);
INSERT INTO questions_answers (question_id, sentence, sentence_translation, is_correct, "order") VALUES (811110015, 'を', NULL, FALSE, 4);
INSERT INTO questions (id, user_id, is_system, is_khoa_cu, question_type, content_type, level, selection_type, question, passage, passage_translation, general_explanation, skill_category, base_difficulty, tenant_id, is_active, is_deleted, created_at, created_by) VALUES (811110016, NULL, TRUE, FALSE, 'chon_dap_an', 'jisshusei_baitap_t01_dat_chan_toi_nhat', 'N5', 'single', '「私はホア____」の____には何が入りますか?(formal jiko-shoukai)

「私はホア____」điền (jiko-shoukai formal):', NULL, NULL, 'Formal nhất = と申します (kenjougo).', 'vocab', 1, 'system', TRUE, FALSE, NOW(), 'system') ON CONFLICT (id) DO UPDATE SET question_type = EXCLUDED.question_type, content_type = EXCLUDED.content_type, level = EXCLUDED.level, question = EXCLUDED.question, passage = EXCLUDED.passage, passage_translation = EXCLUDED.passage_translation, general_explanation = EXCLUDED.general_explanation, skill_category = EXCLUDED.skill_category, is_active = EXCLUDED.is_active, is_deleted = EXCLUDED.is_deleted, updated_at = NOW(), updated_by = 'system';
DELETE FROM questions_answers WHERE question_id = 811110016;
INSERT INTO questions_answers (question_id, sentence, sentence_translation, is_correct, "order") VALUES (811110016, 'です', NULL, FALSE, 1);
INSERT INTO questions_answers (question_id, sentence, sentence_translation, is_correct, "order") VALUES (811110016, 'と申します', NULL, TRUE, 2);
INSERT INTO questions_answers (question_id, sentence, sentence_translation, is_correct, "order") VALUES (811110016, 'だ', NULL, FALSE, 3);
INSERT INTO questions_answers (question_id, sentence, sentence_translation, is_correct, "order") VALUES (811110016, 'ね', NULL, FALSE, 4);
INSERT INTO questions (id, user_id, is_system, is_khoa_cu, question_type, content_type, level, selection_type, question, passage, passage_translation, general_explanation, skill_category, base_difficulty, tenant_id, is_active, is_deleted, created_at, created_by) VALUES (811110017, NULL, TRUE, FALSE, 'chon_dap_an', 'jisshusei_baitap_t01_dat_chan_toi_nhat', 'N5', 'single', '社員証(しゃいんしょう) を渡されたとき:

Khi được trao 社員証:', NULL, NULL, 'Đồ quan trọng nhận bằng 2 tay + cúi.', 'vocab', 1, 'system', TRUE, FALSE, NOW(), 'system') ON CONFLICT (id) DO UPDATE SET question_type = EXCLUDED.question_type, content_type = EXCLUDED.content_type, level = EXCLUDED.level, question = EXCLUDED.question, passage = EXCLUDED.passage, passage_translation = EXCLUDED.passage_translation, general_explanation = EXCLUDED.general_explanation, skill_category = EXCLUDED.skill_category, is_active = EXCLUDED.is_active, is_deleted = EXCLUDED.is_deleted, updated_at = NOW(), updated_by = 'system';
DELETE FROM questions_answers WHERE question_id = 811110017;
INSERT INTO questions_answers (question_id, sentence, sentence_translation, is_correct, "order") VALUES (811110017, 'Một tay nhận', 'Một tay nhận', FALSE, 1);
INSERT INTO questions_answers (question_id, sentence, sentence_translation, is_correct, "order") VALUES (811110017, 'Hai tay nhận + cúi', 'Hai tay nhận + cúi', TRUE, 2);
INSERT INTO questions_answers (question_id, sentence, sentence_translation, is_correct, "order") VALUES (811110017, 'Bỏ vào túi luôn', 'Bỏ vào túi luôn', FALSE, 3);
INSERT INTO questions_answers (question_id, sentence, sentence_translation, is_correct, "order") VALUES (811110017, 'Đặt xuống bàn', 'Đặt xuống bàn', FALSE, 4);
INSERT INTO questions (id, user_id, is_system, is_khoa_cu, question_type, content_type, level, selection_type, question, passage, passage_translation, general_explanation, skill_category, base_difficulty, tenant_id, is_active, is_deleted, created_at, created_by) VALUES (811110018, NULL, TRUE, FALSE, 'chon_dap_an', 'jisshusei_baitap_t01_dat_chan_toi_nhat', 'N5', 'single', '「乾杯」のとき新人(しんじん) はグラスを:

Lúc 乾杯, người mới (TTS) nâng ly:', NULL, NULL, 'TTS năm 1 nâng ly THẤP HƠN ly sếp = sign of respect.', 'vocab', 1, 'system', TRUE, FALSE, NOW(), 'system') ON CONFLICT (id) DO UPDATE SET question_type = EXCLUDED.question_type, content_type = EXCLUDED.content_type, level = EXCLUDED.level, question = EXCLUDED.question, passage = EXCLUDED.passage, passage_translation = EXCLUDED.passage_translation, general_explanation = EXCLUDED.general_explanation, skill_category = EXCLUDED.skill_category, is_active = EXCLUDED.is_active, is_deleted = EXCLUDED.is_deleted, updated_at = NOW(), updated_by = 'system';
DELETE FROM questions_answers WHERE question_id = 811110018;
INSERT INTO questions_answers (question_id, sentence, sentence_translation, is_correct, "order") VALUES (811110018, 'Cao hơn sếp', 'Cao hơn sếp', FALSE, 1);
INSERT INTO questions_answers (question_id, sentence, sentence_translation, is_correct, "order") VALUES (811110018, 'Thấp hơn sếp', 'Thấp hơn sếp', TRUE, 2);
INSERT INTO questions_answers (question_id, sentence, sentence_translation, is_correct, "order") VALUES (811110018, 'Bằng sếp', 'Bằng sếp', FALSE, 3);
INSERT INTO questions_answers (question_id, sentence, sentence_translation, is_correct, "order") VALUES (811110018, 'Không cần nâng', 'Không cần nâng', FALSE, 4);
INSERT INTO questions (id, user_id, is_system, is_khoa_cu, question_type, content_type, level, selection_type, question, passage, passage_translation, general_explanation, skill_category, base_difficulty, tenant_id, is_active, is_deleted, created_at, created_by) VALUES (811110019, NULL, TRUE, FALSE, 'chon_dap_an', 'jisshusei_baitap_t01_dat_chan_toi_nhat', 'N5', 'single', 'OTIT は何の機関ですか?

OTIT là cơ quan gì?', NULL, NULL, 'OTIT = 外国人技能実習機構 = cơ quan giám sát TTS.', 'vocab', 1, 'system', TRUE, FALSE, NOW(), 'system') ON CONFLICT (id) DO UPDATE SET question_type = EXCLUDED.question_type, content_type = EXCLUDED.content_type, level = EXCLUDED.level, question = EXCLUDED.question, passage = EXCLUDED.passage, passage_translation = EXCLUDED.passage_translation, general_explanation = EXCLUDED.general_explanation, skill_category = EXCLUDED.skill_category, is_active = EXCLUDED.is_active, is_deleted = EXCLUDED.is_deleted, updated_at = NOW(), updated_by = 'system';
DELETE FROM questions_answers WHERE question_id = 811110019;
INSERT INTO questions_answers (question_id, sentence, sentence_translation, is_correct, "order") VALUES (811110019, 'Nhập cảnh', 'Nhập cảnh', FALSE, 1);
INSERT INTO questions_answers (question_id, sentence, sentence_translation, is_correct, "order") VALUES (811110019, 'Giám sát thực tập sinh', 'Giám sát thực tập sinh', TRUE, 2);
INSERT INTO questions_answers (question_id, sentence, sentence_translation, is_correct, "order") VALUES (811110019, 'Bảo hiểm', 'Bảo hiểm', FALSE, 3);
INSERT INTO questions_answers (question_id, sentence, sentence_translation, is_correct, "order") VALUES (811110019, 'Thuế', 'Thuế', FALSE, 4);
INSERT INTO questions (id, user_id, is_system, is_khoa_cu, question_type, content_type, level, selection_type, question, passage, passage_translation, general_explanation, skill_category, base_difficulty, tenant_id, is_active, is_deleted, created_at, created_by) VALUES (811110020, NULL, TRUE, FALSE, 'chon_dap_an', 'jisshusei_baitap_t01_dat_chan_toi_nhat', 'N5', 'single', '講習会(こうしゅうかい) は何ですか?

講習会 là gì?', NULL, NULL, '講習会 = buổi học bắt buộc 1 tháng đầu.', 'vocab', 1, 'system', TRUE, FALSE, NOW(), 'system') ON CONFLICT (id) DO UPDATE SET question_type = EXCLUDED.question_type, content_type = EXCLUDED.content_type, level = EXCLUDED.level, question = EXCLUDED.question, passage = EXCLUDED.passage, passage_translation = EXCLUDED.passage_translation, general_explanation = EXCLUDED.general_explanation, skill_category = EXCLUDED.skill_category, is_active = EXCLUDED.is_active, is_deleted = EXCLUDED.is_deleted, updated_at = NOW(), updated_by = 'system';
DELETE FROM questions_answers WHERE question_id = 811110020;
INSERT INTO questions_answers (question_id, sentence, sentence_translation, is_correct, "order") VALUES (811110020, 'Tiệc liên hoan', 'Tiệc liên hoan', FALSE, 1);
INSERT INTO questions_answers (question_id, sentence, sentence_translation, is_correct, "order") VALUES (811110020, 'Buổi học bắt buộc', 'Buổi học bắt buộc', TRUE, 2);
INSERT INTO questions_answers (question_id, sentence, sentence_translation, is_correct, "order") VALUES (811110020, 'Họp khẩn cấp', 'Họp khẩn cấp', FALSE, 3);
INSERT INTO questions_answers (question_id, sentence, sentence_translation, is_correct, "order") VALUES (811110020, 'Khám sức khoẻ', 'Khám sức khoẻ', FALSE, 4);
INSERT INTO questions (id, user_id, is_system, is_khoa_cu, question_type, content_type, level, selection_type, question, passage, passage_translation, general_explanation, skill_category, base_difficulty, tenant_id, is_active, is_deleted, created_at, created_by) VALUES (811110021, NULL, TRUE, FALSE, 'chon_dap_an', 'jisshusei_baitap_t01_dat_chan_toi_nhat', 'N4', 'single', '先輩(せんぱい) が荷物を持つと言ったら、最初は:

Sempai đề nghị xách hành lý lần đầu, nên:', NULL, NULL, 'Lần đầu nên từ chối lịch sự. Nếu đề nghị lần 2 mới nhận.', 'vocab', 1, 'system', TRUE, FALSE, NOW(), 'system') ON CONFLICT (id) DO UPDATE SET question_type = EXCLUDED.question_type, content_type = EXCLUDED.content_type, level = EXCLUDED.level, question = EXCLUDED.question, passage = EXCLUDED.passage, passage_translation = EXCLUDED.passage_translation, general_explanation = EXCLUDED.general_explanation, skill_category = EXCLUDED.skill_category, is_active = EXCLUDED.is_active, is_deleted = EXCLUDED.is_deleted, updated_at = NOW(), updated_by = 'system';
DELETE FROM questions_answers WHERE question_id = 811110021;
INSERT INTO questions_answers (question_id, sentence, sentence_translation, is_correct, "order") VALUES (811110021, 'はい、お願いします', NULL, FALSE, 1);
INSERT INTO questions_answers (question_id, sentence, sentence_translation, is_correct, "order") VALUES (811110021, '自分で持ちます (lịch sự từ chối)', NULL, TRUE, 2);
INSERT INTO questions_answers (question_id, sentence, sentence_translation, is_correct, "order") VALUES (811110021, 'どうも (cộc)', NULL, FALSE, 3);
INSERT INTO questions_answers (question_id, sentence, sentence_translation, is_correct, "order") VALUES (811110021, 'いりません (cộc)', NULL, FALSE, 4);
INSERT INTO questions (id, user_id, is_system, is_khoa_cu, question_type, content_type, level, selection_type, question, passage, passage_translation, general_explanation, skill_category, base_difficulty, tenant_id, is_active, is_deleted, created_at, created_by) VALUES (811110022, NULL, TRUE, FALSE, 'chon_dap_an', 'jisshusei_baitap_t01_dat_chan_toi_nhat', 'N4', 'single', 'Linh-chị (sempai VN) chào sáng, Hoa nói:

Chào sempai VN buổi sáng:', NULL, NULL, 'Sempai VN cùng ký túc → casual OK. Mix Việt-Nhật được.', 'vocab', 1, 'system', TRUE, FALSE, NOW(), 'system') ON CONFLICT (id) DO UPDATE SET question_type = EXCLUDED.question_type, content_type = EXCLUDED.content_type, level = EXCLUDED.level, question = EXCLUDED.question, passage = EXCLUDED.passage, passage_translation = EXCLUDED.passage_translation, general_explanation = EXCLUDED.general_explanation, skill_category = EXCLUDED.skill_category, is_active = EXCLUDED.is_active, is_deleted = EXCLUDED.is_deleted, updated_at = NOW(), updated_by = 'system';
DELETE FROM questions_answers WHERE question_id = 811110022;
INSERT INTO questions_answers (question_id, sentence, sentence_translation, is_correct, "order") VALUES (811110022, 'おはようございます', NULL, FALSE, 1);
INSERT INTO questions_answers (question_id, sentence, sentence_translation, is_correct, "order") VALUES (811110022, 'おはよう / Chào chị', NULL, TRUE, 2);
INSERT INTO questions_answers (question_id, sentence, sentence_translation, is_correct, "order") VALUES (811110022, 'やあ', NULL, FALSE, 3);
INSERT INTO questions_answers (question_id, sentence, sentence_translation, is_correct, "order") VALUES (811110022, 'もしもし', NULL, FALSE, 4);
INSERT INTO questions (id, user_id, is_system, is_khoa_cu, question_type, content_type, level, selection_type, question, passage, passage_translation, general_explanation, skill_category, base_difficulty, tenant_id, is_active, is_deleted, created_at, created_by) VALUES (811110023, NULL, TRUE, FALSE, 'chon_dap_an', 'jisshusei_baitap_t01_dat_chan_toi_nhat', 'N4', 'single', 'Tanaka-buchou (sếp Nhật) chào sáng:

Chào Tanaka-buchou buổi sáng:', NULL, NULL, 'Sếp Nhật → formal おはようございます (đầy đủ ございます).', 'vocab', 1, 'system', TRUE, FALSE, NOW(), 'system') ON CONFLICT (id) DO UPDATE SET question_type = EXCLUDED.question_type, content_type = EXCLUDED.content_type, level = EXCLUDED.level, question = EXCLUDED.question, passage = EXCLUDED.passage, passage_translation = EXCLUDED.passage_translation, general_explanation = EXCLUDED.general_explanation, skill_category = EXCLUDED.skill_category, is_active = EXCLUDED.is_active, is_deleted = EXCLUDED.is_deleted, updated_at = NOW(), updated_by = 'system';
DELETE FROM questions_answers WHERE question_id = 811110023;
INSERT INTO questions_answers (question_id, sentence, sentence_translation, is_correct, "order") VALUES (811110023, 'おはよう', NULL, FALSE, 1);
INSERT INTO questions_answers (question_id, sentence, sentence_translation, is_correct, "order") VALUES (811110023, 'おはようございます', NULL, TRUE, 2);
INSERT INTO questions_answers (question_id, sentence, sentence_translation, is_correct, "order") VALUES (811110023, 'どうも', NULL, FALSE, 3);
INSERT INTO questions_answers (question_id, sentence, sentence_translation, is_correct, "order") VALUES (811110023, 'Chào sếp', 'Chào sếp', FALSE, 4);
INSERT INTO questions (id, user_id, is_system, is_khoa_cu, question_type, content_type, level, selection_type, question, passage, passage_translation, general_explanation, skill_category, base_difficulty, tenant_id, is_active, is_deleted, created_at, created_by) VALUES (811110024, NULL, TRUE, FALSE, 'chon_dap_an', 'jisshusei_baitap_t01_dat_chan_toi_nhat', 'N4', 'single', 'Lễ 入社式 cần đeo phụ kiện gì?

Phụ kiện gì OK ở 入社式?', NULL, NULL, 'Tối thiểu — nhẫn cưới (nếu có), đồng hồ, bông tai nhỏ.', 'vocab', 1, 'system', TRUE, FALSE, NOW(), 'system') ON CONFLICT (id) DO UPDATE SET question_type = EXCLUDED.question_type, content_type = EXCLUDED.content_type, level = EXCLUDED.level, question = EXCLUDED.question, passage = EXCLUDED.passage, passage_translation = EXCLUDED.passage_translation, general_explanation = EXCLUDED.general_explanation, skill_category = EXCLUDED.skill_category, is_active = EXCLUDED.is_active, is_deleted = EXCLUDED.is_deleted, updated_at = NOW(), updated_by = 'system';
DELETE FROM questions_answers WHERE question_id = 811110024;
INSERT INTO questions_answers (question_id, sentence, sentence_translation, is_correct, "order") VALUES (811110024, 'Nhẫn cưới + đồng hồ + 1 đôi bông tai nhỏ', 'Nhẫn cưới + đồng hồ + 1 đôi bông tai nhỏ', TRUE, 1);
INSERT INTO questions_answers (question_id, sentence, sentence_translation, is_correct, "order") VALUES (811110024, 'Vòng cổ vàng to', 'Vòng cổ vàng to', FALSE, 2);
INSERT INTO questions_answers (question_id, sentence, sentence_translation, is_correct, "order") VALUES (811110024, 'Hoa tai dài', 'Hoa tai dài', FALSE, 3);
INSERT INTO questions_answers (question_id, sentence, sentence_translation, is_correct, "order") VALUES (811110024, 'Vòng tay nhiều', 'Vòng tay nhiều', FALSE, 4);
INSERT INTO questions (id, user_id, is_system, is_khoa_cu, question_type, content_type, level, selection_type, question, passage, passage_translation, general_explanation, skill_category, base_difficulty, tenant_id, is_active, is_deleted, created_at, created_by) VALUES (811110025, NULL, TRUE, FALSE, 'chon_dap_an', 'jisshusei_baitap_t01_dat_chan_toi_nhat', 'N4', 'single', 'Khi không hiểu sếp nói, KHÔNG NÊN:

Khi không hiểu, KHÔNG nên:', NULL, NULL, 'Gật bừa = nguy hiểm. Phải hỏi lại.', 'vocab', 1, 'system', TRUE, FALSE, NOW(), 'system') ON CONFLICT (id) DO UPDATE SET question_type = EXCLUDED.question_type, content_type = EXCLUDED.content_type, level = EXCLUDED.level, question = EXCLUDED.question, passage = EXCLUDED.passage, passage_translation = EXCLUDED.passage_translation, general_explanation = EXCLUDED.general_explanation, skill_category = EXCLUDED.skill_category, is_active = EXCLUDED.is_active, is_deleted = EXCLUDED.is_deleted, updated_at = NOW(), updated_by = 'system';
DELETE FROM questions_answers WHERE question_id = 811110025;
INSERT INTO questions_answers (question_id, sentence, sentence_translation, is_correct, "order") VALUES (811110025, 'Hỏi lại', 'Hỏi lại', FALSE, 1);
INSERT INTO questions_answers (question_id, sentence, sentence_translation, is_correct, "order") VALUES (811110025, 'Gật đầu giả vờ hiểu', 'Gật đầu giả vờ hiểu', TRUE, 2);
INSERT INTO questions_answers (question_id, sentence, sentence_translation, is_correct, "order") VALUES (811110025, 'Nói「すみません、もう一度お願いします」', NULL, FALSE, 3);
INSERT INTO questions_answers (question_id, sentence, sentence_translation, is_correct, "order") VALUES (811110025, 'Xin viết ra giấy', 'Xin viết ra giấy', FALSE, 4);
INSERT INTO questions (id, user_id, is_system, is_khoa_cu, question_type, content_type, level, selection_type, question, passage, passage_translation, general_explanation, skill_category, base_difficulty, tenant_id, is_active, is_deleted, created_at, created_by) VALUES (811110026, NULL, TRUE, FALSE, 'chon_dap_an', 'jisshusei_baitap_t01_dat_chan_toi_nhat', 'N4', 'single', 'Buổi sáng đầu tiên ở ký túc nên:

Sáng đầu ở ký túc:', NULL, NULL, 'Chào hỏi bạn cùng phòng = bước đầu xây dựng mối quan hệ.', 'vocab', 1, 'system', TRUE, FALSE, NOW(), 'system') ON CONFLICT (id) DO UPDATE SET question_type = EXCLUDED.question_type, content_type = EXCLUDED.content_type, level = EXCLUDED.level, question = EXCLUDED.question, passage = EXCLUDED.passage, passage_translation = EXCLUDED.passage_translation, general_explanation = EXCLUDED.general_explanation, skill_category = EXCLUDED.skill_category, is_active = EXCLUDED.is_active, is_deleted = EXCLUDED.is_deleted, updated_at = NOW(), updated_by = 'system';
DELETE FROM questions_answers WHERE question_id = 811110026;
INSERT INTO questions_answers (question_id, sentence, sentence_translation, is_correct, "order") VALUES (811110026, 'Ngủ thêm', 'Ngủ thêm', FALSE, 1);
INSERT INTO questions_answers (question_id, sentence, sentence_translation, is_correct, "order") VALUES (811110026, 'Dậy sớm chuẩn bị + chào Linh chị + Andi', 'Dậy sớm chuẩn bị + chào Linh chị + Andi', TRUE, 2);
INSERT INTO questions_answers (question_id, sentence, sentence_translation, is_correct, "order") VALUES (811110026, 'Im lặng đi làm', 'Im lặng đi làm', FALSE, 3);
INSERT INTO questions_answers (question_id, sentence, sentence_translation, is_correct, "order") VALUES (811110026, 'Mời mọi người ăn', 'Mời mọi người ăn', FALSE, 4);
INSERT INTO questions (id, user_id, is_system, is_khoa_cu, question_type, content_type, level, selection_type, question, passage, passage_translation, general_explanation, skill_category, base_difficulty, tenant_id, is_active, is_deleted, created_at, created_by) VALUES (811110027, NULL, TRUE, FALSE, 'chon_dap_an', 'jisshusei_baitap_t01_dat_chan_toi_nhat', 'N4', 'single', 'Ăn trưa ở 食堂 (shokudou) lần đầu:

Lần đầu ăn trưa ở 食堂:', NULL, NULL, 'Theo sempai = học cách + bonding.', 'vocab', 1, 'system', TRUE, FALSE, NOW(), 'system') ON CONFLICT (id) DO UPDATE SET question_type = EXCLUDED.question_type, content_type = EXCLUDED.content_type, level = EXCLUDED.level, question = EXCLUDED.question, passage = EXCLUDED.passage, passage_translation = EXCLUDED.passage_translation, general_explanation = EXCLUDED.general_explanation, skill_category = EXCLUDED.skill_category, is_active = EXCLUDED.is_active, is_deleted = EXCLUDED.is_deleted, updated_at = NOW(), updated_by = 'system';
DELETE FROM questions_answers WHERE question_id = 811110027;
INSERT INTO questions_answers (question_id, sentence, sentence_translation, is_correct, "order") VALUES (811110027, 'Ngồi 1 mình', 'Ngồi 1 mình', FALSE, 1);
INSERT INTO questions_answers (question_id, sentence, sentence_translation, is_correct, "order") VALUES (811110027, 'Theo Satou-senpai để học cách', 'Theo Satou-senpai để học cách', TRUE, 2);
INSERT INTO questions_answers (question_id, sentence, sentence_translation, is_correct, "order") VALUES (811110027, 'Mang đồ ăn riêng', 'Mang đồ ăn riêng', FALSE, 3);
INSERT INTO questions_answers (question_id, sentence, sentence_translation, is_correct, "order") VALUES (811110027, 'Skip ăn trưa', 'Skip ăn trưa', FALSE, 4);
INSERT INTO questions (id, user_id, is_system, is_khoa_cu, question_type, content_type, level, selection_type, question, passage, passage_translation, general_explanation, skill_category, base_difficulty, tenant_id, is_active, is_deleted, created_at, created_by) VALUES (811110028, NULL, TRUE, FALSE, 'chon_dap_an', 'jisshusei_baitap_t01_dat_chan_toi_nhat', 'N4', 'single', 'Khi mất 在留カード:

Khi mất 在留カード:', NULL, NULL, 'Luật: báo trong 14 ngày kể từ khi mất.', 'vocab', 1, 'system', TRUE, FALSE, NOW(), 'system') ON CONFLICT (id) DO UPDATE SET question_type = EXCLUDED.question_type, content_type = EXCLUDED.content_type, level = EXCLUDED.level, question = EXCLUDED.question, passage = EXCLUDED.passage, passage_translation = EXCLUDED.passage_translation, general_explanation = EXCLUDED.general_explanation, skill_category = EXCLUDED.skill_category, is_active = EXCLUDED.is_active, is_deleted = EXCLUDED.is_deleted, updated_at = NOW(), updated_by = 'system';
DELETE FROM questions_answers WHERE question_id = 811110028;
INSERT INTO questions_answers (question_id, sentence, sentence_translation, is_correct, "order") VALUES (811110028, 'Không sao, làm cái mới sau', 'Không sao, làm cái mới sau', FALSE, 1);
INSERT INTO questions_answers (question_id, sentence, sentence_translation, is_correct, "order") VALUES (811110028, 'Báo cảnh sát + Sở Xuất nhập cảnh trong 14 ngày', 'Báo cảnh sát + Sở Xuất nhập cảnh trong 14 ngày', TRUE, 2);
INSERT INTO questions_answers (question_id, sentence, sentence_translation, is_correct, "order") VALUES (811110028, 'Đợi tự tìm thấy', 'Đợi tự tìm thấy', FALSE, 3);
INSERT INTO questions_answers (question_id, sentence, sentence_translation, is_correct, "order") VALUES (811110028, 'Xin sếp xin cái mới', 'Xin sếp xin cái mới', FALSE, 4);
INSERT INTO questions (id, user_id, is_system, is_khoa_cu, question_type, content_type, level, selection_type, question, passage, passage_translation, general_explanation, skill_category, base_difficulty, tenant_id, is_active, is_deleted, created_at, created_by) VALUES (811110029, NULL, TRUE, FALSE, 'chon_dap_an', 'jisshusei_baitap_t01_dat_chan_toi_nhat', 'N4', 'single', 'Khi đi tắm onsen, 在留カード:

Khi đi tắm onsen với 在留カード:', NULL, NULL, 'Phải mang theo 24/7 nhưng có thể gửi tủ khi tắm.', 'vocab', 1, 'system', TRUE, FALSE, NOW(), 'system') ON CONFLICT (id) DO UPDATE SET question_type = EXCLUDED.question_type, content_type = EXCLUDED.content_type, level = EXCLUDED.level, question = EXCLUDED.question, passage = EXCLUDED.passage, passage_translation = EXCLUDED.passage_translation, general_explanation = EXCLUDED.general_explanation, skill_category = EXCLUDED.skill_category, is_active = EXCLUDED.is_active, is_deleted = EXCLUDED.is_deleted, updated_at = NOW(), updated_by = 'system';
DELETE FROM questions_answers WHERE question_id = 811110029;
INSERT INTO questions_answers (question_id, sentence, sentence_translation, is_correct, "order") VALUES (811110029, 'Để ở nhà', 'Để ở nhà', FALSE, 1);
INSERT INTO questions_answers (question_id, sentence, sentence_translation, is_correct, "order") VALUES (811110029, 'Gửi tủ ở onsen', 'Gửi tủ ở onsen', TRUE, 2);
INSERT INTO questions_answers (question_id, sentence, sentence_translation, is_correct, "order") VALUES (811110029, 'Giấu trong áo', 'Giấu trong áo', FALSE, 3);
INSERT INTO questions_answers (question_id, sentence, sentence_translation, is_correct, "order") VALUES (811110029, 'Cầm tay', 'Cầm tay', FALSE, 4);
INSERT INTO questions (id, user_id, is_system, is_khoa_cu, question_type, content_type, level, selection_type, question, passage, passage_translation, general_explanation, skill_category, base_difficulty, tenant_id, is_active, is_deleted, created_at, created_by) VALUES (811110030, NULL, TRUE, FALSE, 'chon_dap_an', 'jisshusei_baitap_t01_dat_chan_toi_nhat', 'N4', 'single', 'Lần đầu giới thiệu trước cả phòng SX, nên:

Jiko-shoukai trước cả phòng nên:', NULL, NULL, 'Cấu trúc chuẩn 5 câu + cúi 30° = đủ.', 'vocab', 1, 'system', TRUE, FALSE, NOW(), 'system') ON CONFLICT (id) DO UPDATE SET question_type = EXCLUDED.question_type, content_type = EXCLUDED.content_type, level = EXCLUDED.level, question = EXCLUDED.question, passage = EXCLUDED.passage, passage_translation = EXCLUDED.passage_translation, general_explanation = EXCLUDED.general_explanation, skill_category = EXCLUDED.skill_category, is_active = EXCLUDED.is_active, is_deleted = EXCLUDED.is_deleted, updated_at = NOW(), updated_by = 'system';
DELETE FROM questions_answers WHERE question_id = 811110030;
INSERT INTO questions_answers (question_id, sentence, sentence_translation, is_correct, "order") VALUES (811110030, 'Nói nhanh, ngắn nhất có thể', 'Nói nhanh, ngắn nhất có thể', FALSE, 1);
INSERT INTO questions_answers (question_id, sentence, sentence_translation, is_correct, "order") VALUES (811110030, 'Nói rõ ràng, cấu trúc 5 câu, cúi 30°', 'Nói rõ ràng, cấu trúc 5 câu, cúi 30°', TRUE, 2);
INSERT INTO questions_answers (question_id, sentence, sentence_translation, is_correct, "order") VALUES (811110030, 'Thuộc bài thật dài', 'Thuộc bài thật dài', FALSE, 3);
INSERT INTO questions_answers (question_id, sentence, sentence_translation, is_correct, "order") VALUES (811110030, 'Đọc giấy', 'Đọc giấy', FALSE, 4);
INSERT INTO questions (id, user_id, is_system, is_khoa_cu, question_type, content_type, level, selection_type, question, passage, passage_translation, general_explanation, skill_category, base_difficulty, tenant_id, is_active, is_deleted, created_at, created_by) VALUES (811110031, NULL, TRUE, FALSE, 'chon_dap_an', 'jisshusei_baitap_t01_dat_chan_toi_nhat', 'N4', 'single', 'Tại sao TTS năm 1 KHÔNG được uống rượu nhiều ở 入社式?

Tại sao TTS năm 1 không uống nhiều?', NULL, NULL, 'Năm 1 = đang được đánh giá → giữ tỉnh táo + show kỷ luật.', 'vocab', 1, 'system', TRUE, FALSE, NOW(), 'system') ON CONFLICT (id) DO UPDATE SET question_type = EXCLUDED.question_type, content_type = EXCLUDED.content_type, level = EXCLUDED.level, question = EXCLUDED.question, passage = EXCLUDED.passage, passage_translation = EXCLUDED.passage_translation, general_explanation = EXCLUDED.general_explanation, skill_category = EXCLUDED.skill_category, is_active = EXCLUDED.is_active, is_deleted = EXCLUDED.is_deleted, updated_at = NOW(), updated_by = 'system';
DELETE FROM questions_answers WHERE question_id = 811110031;
INSERT INTO questions_answers (question_id, sentence, sentence_translation, is_correct, "order") VALUES (811110031, 'Vì cấm theo luật', 'Vì cấm theo luật', FALSE, 1);
INSERT INTO questions_answers (question_id, sentence, sentence_translation, is_correct, "order") VALUES (811110031, 'Vì cần tỉnh táo + đợi sếp + show kỷ luật', 'Vì cần tỉnh táo + đợi sếp + show kỷ luật', TRUE, 2);
INSERT INTO questions_answers (question_id, sentence, sentence_translation, is_correct, "order") VALUES (811110031, 'Vì rượu Nhật đắt', 'Vì rượu Nhật đắt', FALSE, 3);
INSERT INTO questions_answers (question_id, sentence, sentence_translation, is_correct, "order") VALUES (811110031, 'Vì có thể gây dị ứng', 'Vì có thể gây dị ứng', FALSE, 4);
INSERT INTO questions (id, user_id, is_system, is_khoa_cu, question_type, content_type, level, selection_type, question, passage, passage_translation, general_explanation, skill_category, base_difficulty, tenant_id, is_active, is_deleted, created_at, created_by) VALUES (811110032, NULL, TRUE, FALSE, 'chon_dap_an', 'jisshusei_baitap_t01_dat_chan_toi_nhat', 'N4', 'single', 'Phân biệt 「お世話になります」 (dùng với khách/sếp) và 「よろしく」 (dùng với):

「よろしく」 dùng với:', NULL, NULL, '「お世話になります」 = formal cao. 「よろしく」 = casual với bạn.', 'vocab', 1, 'system', TRUE, FALSE, NOW(), 'system') ON CONFLICT (id) DO UPDATE SET question_type = EXCLUDED.question_type, content_type = EXCLUDED.content_type, level = EXCLUDED.level, question = EXCLUDED.question, passage = EXCLUDED.passage, passage_translation = EXCLUDED.passage_translation, general_explanation = EXCLUDED.general_explanation, skill_category = EXCLUDED.skill_category, is_active = EXCLUDED.is_active, is_deleted = EXCLUDED.is_deleted, updated_at = NOW(), updated_by = 'system';
DELETE FROM questions_answers WHERE question_id = 811110032;
INSERT INTO questions_answers (question_id, sentence, sentence_translation, is_correct, "order") VALUES (811110032, 'Sếp', 'Sếp', FALSE, 1);
INSERT INTO questions_answers (question_id, sentence, sentence_translation, is_correct, "order") VALUES (811110032, 'Bạn / sempai gần', 'Bạn / sempai gần', TRUE, 2);
INSERT INTO questions_answers (question_id, sentence, sentence_translation, is_correct, "order") VALUES (811110032, 'Khách hàng', 'Khách hàng', FALSE, 3);
INSERT INTO questions_answers (question_id, sentence, sentence_translation, is_correct, "order") VALUES (811110032, 'Cảnh sát', 'Cảnh sát', FALSE, 4);
INSERT INTO questions (id, user_id, is_system, is_khoa_cu, question_type, content_type, level, selection_type, question, passage, passage_translation, general_explanation, skill_category, base_difficulty, tenant_id, is_active, is_deleted, created_at, created_by) VALUES (811110033, NULL, TRUE, FALSE, 'chon_dap_an', 'jisshusei_baitap_t01_dat_chan_toi_nhat', 'N4', 'single', 'Khi sempai VN (Linh chị) hỏi「Hoa khoẻ không?」 trong ký túc, nên trả lời:

Trả lời Linh chị:', NULL, NULL, 'Sempai VN cùng ký túc → casual.', 'vocab', 1, 'system', TRUE, FALSE, NOW(), 'system') ON CONFLICT (id) DO UPDATE SET question_type = EXCLUDED.question_type, content_type = EXCLUDED.content_type, level = EXCLUDED.level, question = EXCLUDED.question, passage = EXCLUDED.passage, passage_translation = EXCLUDED.passage_translation, general_explanation = EXCLUDED.general_explanation, skill_category = EXCLUDED.skill_category, is_active = EXCLUDED.is_active, is_deleted = EXCLUDED.is_deleted, updated_at = NOW(), updated_by = 'system';
DELETE FROM questions_answers WHERE question_id = 811110033;
INSERT INTO questions_answers (question_id, sentence, sentence_translation, is_correct, "order") VALUES (811110033, 'はい、元気です (formal)', NULL, FALSE, 1);
INSERT INTO questions_answers (question_id, sentence, sentence_translation, is_correct, "order") VALUES (811110033, 'Em khoẻ chị / 元気だよ (casual)', NULL, TRUE, 2);
INSERT INTO questions_answers (question_id, sentence, sentence_translation, is_correct, "order") VALUES (811110033, '元気でございます (super formal)', NULL, FALSE, 3);
INSERT INTO questions_answers (question_id, sentence, sentence_translation, is_correct, "order") VALUES (811110033, 'Im lặng', 'Im lặng', FALSE, 4);
INSERT INTO questions (id, user_id, is_system, is_khoa_cu, question_type, content_type, level, selection_type, question, passage, passage_translation, general_explanation, skill_category, base_difficulty, tenant_id, is_active, is_deleted, created_at, created_by) VALUES (811110034, NULL, TRUE, FALSE, 'chon_dap_an', 'jisshusei_baitap_t01_dat_chan_toi_nhat', 'N4', 'single', 'Tại sao Nhật có nghi thức 入社式 long trọng?

Lý do 入社式 long trọng:', NULL, NULL, '入社式 = cam kết + xây dựng bản sắc là ''thành viên công ty''.', 'vocab', 1, 'system', TRUE, FALSE, NOW(), 'system') ON CONFLICT (id) DO UPDATE SET question_type = EXCLUDED.question_type, content_type = EXCLUDED.content_type, level = EXCLUDED.level, question = EXCLUDED.question, passage = EXCLUDED.passage, passage_translation = EXCLUDED.passage_translation, general_explanation = EXCLUDED.general_explanation, skill_category = EXCLUDED.skill_category, is_active = EXCLUDED.is_active, is_deleted = EXCLUDED.is_deleted, updated_at = NOW(), updated_by = 'system';
DELETE FROM questions_answers WHERE question_id = 811110034;
INSERT INTO questions_answers (question_id, sentence, sentence_translation, is_correct, "order") VALUES (811110034, 'Giải trí cho nhân viên cũ', 'Giải trí cho nhân viên cũ', FALSE, 1);
INSERT INTO questions_answers (question_id, sentence, sentence_translation, is_correct, "order") VALUES (811110034, 'Đánh dấu chính thức gia nhập + xây dựng cam kết', 'Đánh dấu chính thức gia nhập + xây dựng cam kết', TRUE, 2);
INSERT INTO questions_answers (question_id, sentence, sentence_translation, is_correct, "order") VALUES (811110034, 'Bắt buộc theo luật', 'Bắt buộc theo luật', FALSE, 3);
INSERT INTO questions_answers (question_id, sentence, sentence_translation, is_correct, "order") VALUES (811110034, 'Truyền thống cổ', 'Truyền thống cổ', FALSE, 4);
INSERT INTO questions (id, user_id, is_system, is_khoa_cu, question_type, content_type, level, selection_type, question, passage, passage_translation, general_explanation, skill_category, base_difficulty, tenant_id, is_active, is_deleted, created_at, created_by) VALUES (811110035, NULL, TRUE, FALSE, 'chon_dap_an', 'jisshusei_baitap_t01_dat_chan_toi_nhat', 'N4', 'single', 'Sempai VN năm 2 (Linh chị) thường giúp gì cho TTS năm 1?

Linh chị giúp Hoa gì?', NULL, NULL, 'Sempai VN = người dẫn dắt đời sống + chỗ dựa tinh thần.', 'vocab', 1, 'system', TRUE, FALSE, NOW(), 'system') ON CONFLICT (id) DO UPDATE SET question_type = EXCLUDED.question_type, content_type = EXCLUDED.content_type, level = EXCLUDED.level, question = EXCLUDED.question, passage = EXCLUDED.passage, passage_translation = EXCLUDED.passage_translation, general_explanation = EXCLUDED.general_explanation, skill_category = EXCLUDED.skill_category, is_active = EXCLUDED.is_active, is_deleted = EXCLUDED.is_deleted, updated_at = NOW(), updated_by = 'system';
DELETE FROM questions_answers WHERE question_id = 811110035;
INSERT INTO questions_answers (question_id, sentence, sentence_translation, is_correct, "order") VALUES (811110035, 'Giúp giặt quần áo', 'Giúp giặt quần áo', FALSE, 1);
INSERT INTO questions_answers (question_id, sentence, sentence_translation, is_correct, "order") VALUES (811110035, 'Hướng dẫn ký túc + cuộc sống + an ủi', 'Hướng dẫn ký túc + cuộc sống + an ủi', TRUE, 2);
INSERT INTO questions_answers (question_id, sentence, sentence_translation, is_correct, "order") VALUES (811110035, 'Cho tiền tiêu', 'Cho tiền tiêu', FALSE, 3);
INSERT INTO questions_answers (question_id, sentence, sentence_translation, is_correct, "order") VALUES (811110035, 'Dạy tiếng Nhật chuyên sâu', 'Dạy tiếng Nhật chuyên sâu', FALSE, 4);
INSERT INTO questions (id, user_id, is_system, is_khoa_cu, question_type, content_type, level, selection_type, question, passage, passage_translation, general_explanation, skill_category, base_difficulty, tenant_id, is_active, is_deleted, created_at, created_by) VALUES (811110036, NULL, TRUE, FALSE, 'chon_dap_an', 'jisshusei_baitap_t01_dat_chan_toi_nhat', 'N4', 'single', 'Khi không thể tham gia 講習会 OTIT, nên:

Không thể tham gia 講習会:', NULL, NULL, 'Bắt buộc — phải báo + xin lịch khác.', 'vocab', 1, 'system', TRUE, FALSE, NOW(), 'system') ON CONFLICT (id) DO UPDATE SET question_type = EXCLUDED.question_type, content_type = EXCLUDED.content_type, level = EXCLUDED.level, question = EXCLUDED.question, passage = EXCLUDED.passage, passage_translation = EXCLUDED.passage_translation, general_explanation = EXCLUDED.general_explanation, skill_category = EXCLUDED.skill_category, is_active = EXCLUDED.is_active, is_deleted = EXCLUDED.is_deleted, updated_at = NOW(), updated_by = 'system';
DELETE FROM questions_answers WHERE question_id = 811110036;
INSERT INTO questions_answers (question_id, sentence, sentence_translation, is_correct, "order") VALUES (811110036, 'Bỏ qua', 'Bỏ qua', FALSE, 1);
INSERT INTO questions_answers (question_id, sentence, sentence_translation, is_correct, "order") VALUES (811110036, 'Báo Suzuki + xin lịch khác', 'Báo Suzuki + xin lịch khác', TRUE, 2);
INSERT INTO questions_answers (question_id, sentence, sentence_translation, is_correct, "order") VALUES (811110036, 'Tự học ở nhà', 'Tự học ở nhà', FALSE, 3);
INSERT INTO questions_answers (question_id, sentence, sentence_translation, is_correct, "order") VALUES (811110036, 'Nhờ bạn đi giúp', 'Nhờ bạn đi giúp', FALSE, 4);
INSERT INTO questions (id, user_id, is_system, is_khoa_cu, question_type, content_type, level, selection_type, question, passage, passage_translation, general_explanation, skill_category, base_difficulty, tenant_id, is_active, is_deleted, created_at, created_by) VALUES (811110037, NULL, TRUE, FALSE, 'chon_dap_an', 'jisshusei_baitap_t01_dat_chan_toi_nhat', 'N4', 'single', 'Lần đầu xa nhà, cảm xúc thường gặp:

Cảm xúc lần đầu xa nhà:', NULL, NULL, 'Bình thường có hỗn hợp cảm xúc — không xấu hổ.', 'vocab', 1, 'system', TRUE, FALSE, NOW(), 'system') ON CONFLICT (id) DO UPDATE SET question_type = EXCLUDED.question_type, content_type = EXCLUDED.content_type, level = EXCLUDED.level, question = EXCLUDED.question, passage = EXCLUDED.passage, passage_translation = EXCLUDED.passage_translation, general_explanation = EXCLUDED.general_explanation, skill_category = EXCLUDED.skill_category, is_active = EXCLUDED.is_active, is_deleted = EXCLUDED.is_deleted, updated_at = NOW(), updated_by = 'system';
DELETE FROM questions_answers WHERE question_id = 811110037;
INSERT INTO questions_answers (question_id, sentence, sentence_translation, is_correct, "order") VALUES (811110037, 'Phấn khích thuần tuý', 'Phấn khích thuần tuý', FALSE, 1);
INSERT INTO questions_answers (question_id, sentence, sentence_translation, is_correct, "order") VALUES (811110037, 'Hỗn hợp: lo + nhớ nhà + hy vọng', 'Hỗn hợp: lo + nhớ nhà + hy vọng', TRUE, 2);
INSERT INTO questions_answers (question_id, sentence, sentence_translation, is_correct, "order") VALUES (811110037, 'Buồn duy nhất', 'Buồn duy nhất', FALSE, 3);
INSERT INTO questions_answers (question_id, sentence, sentence_translation, is_correct, "order") VALUES (811110037, 'Vô cảm', 'Vô cảm', FALSE, 4);
INSERT INTO questions (id, user_id, is_system, is_khoa_cu, question_type, content_type, level, selection_type, question, passage, passage_translation, general_explanation, skill_category, base_difficulty, tenant_id, is_active, is_deleted, created_at, created_by) VALUES (811110038, NULL, TRUE, FALSE, 'chon_dap_an', 'jisshusei_baitap_t01_dat_chan_toi_nhat', 'N4', 'single', 'Gọi điện về VN cho mẹ tuần đầu nên:

Gọi điện về tuần đầu:', NULL, NULL, 'Báo an toàn + tích cực — khó khăn lớn thì chia sẻ, nhỏ thì tự xử lý.', 'vocab', 1, 'system', TRUE, FALSE, NOW(), 'system') ON CONFLICT (id) DO UPDATE SET question_type = EXCLUDED.question_type, content_type = EXCLUDED.content_type, level = EXCLUDED.level, question = EXCLUDED.question, passage = EXCLUDED.passage, passage_translation = EXCLUDED.passage_translation, general_explanation = EXCLUDED.general_explanation, skill_category = EXCLUDED.skill_category, is_active = EXCLUDED.is_active, is_deleted = EXCLUDED.is_deleted, updated_at = NOW(), updated_by = 'system';
DELETE FROM questions_answers WHERE question_id = 811110038;
INSERT INTO questions_answers (question_id, sentence, sentence_translation, is_correct, "order") VALUES (811110038, 'Báo mọi khó khăn cho mẹ lo', 'Báo mọi khó khăn cho mẹ lo', FALSE, 1);
INSERT INTO questions_answers (question_id, sentence, sentence_translation, is_correct, "order") VALUES (811110038, 'Báo an toàn + chia sẻ tích cực + giấu khó khăn nhỏ', 'Báo an toàn + chia sẻ tích cực + giấu khó khăn nhỏ', TRUE, 2);
INSERT INTO questions_answers (question_id, sentence, sentence_translation, is_correct, "order") VALUES (811110038, 'Không gọi vì sợ tốn tiền', 'Không gọi vì sợ tốn tiền', FALSE, 3);
INSERT INTO questions_answers (question_id, sentence, sentence_translation, is_correct, "order") VALUES (811110038, 'Chỉ nhắn tin', 'Chỉ nhắn tin', FALSE, 4);
INSERT INTO questions (id, user_id, is_system, is_khoa_cu, question_type, content_type, level, selection_type, question, passage, passage_translation, general_explanation, skill_category, base_difficulty, tenant_id, is_active, is_deleted, created_at, created_by) VALUES (811110039, NULL, TRUE, FALSE, 'chon_dap_an', 'jisshusei_baitap_t01_dat_chan_toi_nhat', 'N4', 'single', 'Khác biệt giữa 「監理団体」 (kanri dantai) và OTIT:

Khác giữa 監理団体 và OTIT:', NULL, NULL, 'Kanri dantai = đoàn thể giám sát của 1 nhóm công ty; OTIT = cơ quan chính phủ.', 'vocab', 1, 'system', TRUE, FALSE, NOW(), 'system') ON CONFLICT (id) DO UPDATE SET question_type = EXCLUDED.question_type, content_type = EXCLUDED.content_type, level = EXCLUDED.level, question = EXCLUDED.question, passage = EXCLUDED.passage, passage_translation = EXCLUDED.passage_translation, general_explanation = EXCLUDED.general_explanation, skill_category = EXCLUDED.skill_category, is_active = EXCLUDED.is_active, is_deleted = EXCLUDED.is_deleted, updated_at = NOW(), updated_by = 'system';
DELETE FROM questions_answers WHERE question_id = 811110039;
INSERT INTO questions_answers (question_id, sentence, sentence_translation, is_correct, "order") VALUES (811110039, 'Cùng cơ quan', 'Cùng cơ quan', FALSE, 1);
INSERT INTO questions_answers (question_id, sentence, sentence_translation, is_correct, "order") VALUES (811110039, 'Kanri dantai là đoàn thể giám sát công ty cụ thể; OTIT là cơ quan chính phủ giám sát toàn quốc', 'Kanri dantai là đoàn thể giám sát công ty cụ thể; OTIT là cơ quan chính phủ giám sát toàn quốc', TRUE, 2);
INSERT INTO questions_answers (question_id, sentence, sentence_translation, is_correct, "order") VALUES (811110039, 'Kanri dantai chỉ ở VN', 'Kanri dantai chỉ ở VN', FALSE, 3);
INSERT INTO questions_answers (question_id, sentence, sentence_translation, is_correct, "order") VALUES (811110039, 'OTIT chỉ check 1 lần', 'OTIT chỉ check 1 lần', FALSE, 4);
INSERT INTO questions (id, user_id, is_system, is_khoa_cu, question_type, content_type, level, selection_type, question, passage, passage_translation, general_explanation, skill_category, base_difficulty, tenant_id, is_active, is_deleted, created_at, created_by) VALUES (811110040, NULL, TRUE, FALSE, 'chon_dap_an', 'jisshusei_baitap_t01_dat_chan_toi_nhat', 'N4', 'single', 'Tuần đầu sang Nhật, ưu tiên #1 nên là:

Ưu tiên #1 tuần đầu:', NULL, NULL, 'Quan sát + nhớ tên + chào = nền tảng mối quan hệ cả năm.', 'vocab', 1, 'system', TRUE, FALSE, NOW(), 'system') ON CONFLICT (id) DO UPDATE SET question_type = EXCLUDED.question_type, content_type = EXCLUDED.content_type, level = EXCLUDED.level, question = EXCLUDED.question, passage = EXCLUDED.passage, passage_translation = EXCLUDED.passage_translation, general_explanation = EXCLUDED.general_explanation, skill_category = EXCLUDED.skill_category, is_active = EXCLUDED.is_active, is_deleted = EXCLUDED.is_deleted, updated_at = NOW(), updated_by = 'system';
DELETE FROM questions_answers WHERE question_id = 811110040;
INSERT INTO questions_answers (question_id, sentence, sentence_translation, is_correct, "order") VALUES (811110040, 'Học tiếng Nhật cấp tốc', 'Học tiếng Nhật cấp tốc', FALSE, 1);
INSERT INTO questions_answers (question_id, sentence, sentence_translation, is_correct, "order") VALUES (811110040, 'Quan sát + nhớ tên người + chào hỏi đúng', 'Quan sát + nhớ tên người + chào hỏi đúng', TRUE, 2);
INSERT INTO questions_answers (question_id, sentence, sentence_translation, is_correct, "order") VALUES (811110040, 'Tìm hiểu Tokyo', 'Tìm hiểu Tokyo', FALSE, 3);
INSERT INTO questions_answers (question_id, sentence, sentence_translation, is_correct, "order") VALUES (811110040, 'Mua sắm', 'Mua sắm', FALSE, 4);

INSERT INTO study_question_sets (id, name, description, set_type, card_count, tenant_id, is_active, is_deleted, created_at, created_by) VALUES (8110111, 'T1. Đặt chân tới Nhật — Bài tập Level 1', 'Bài tập trắc nghiệm — Level 1: N5', 'practice', 10, 'system', TRUE, FALSE, NOW(), 'system') ON CONFLICT (id) DO UPDATE SET name = EXCLUDED.name, description = EXCLUDED.description, set_type = EXCLUDED.set_type, card_count = EXCLUDED.card_count, is_active = EXCLUDED.is_active, is_deleted = EXCLUDED.is_deleted, updated_at = NOW(), updated_by = 'system';
INSERT INTO study_question_set_questions (study_question_set_id, question_id, order_index, tenant_id, is_deleted, created_at, created_by) VALUES (8110111, 811110001, 1, 'system', FALSE, NOW(), 'system') ON CONFLICT (study_question_set_id, question_id) DO UPDATE SET order_index = EXCLUDED.order_index, is_deleted = FALSE;
INSERT INTO study_question_set_questions (study_question_set_id, question_id, order_index, tenant_id, is_deleted, created_at, created_by) VALUES (8110111, 811110002, 2, 'system', FALSE, NOW(), 'system') ON CONFLICT (study_question_set_id, question_id) DO UPDATE SET order_index = EXCLUDED.order_index, is_deleted = FALSE;
INSERT INTO study_question_set_questions (study_question_set_id, question_id, order_index, tenant_id, is_deleted, created_at, created_by) VALUES (8110111, 811110003, 3, 'system', FALSE, NOW(), 'system') ON CONFLICT (study_question_set_id, question_id) DO UPDATE SET order_index = EXCLUDED.order_index, is_deleted = FALSE;
INSERT INTO study_question_set_questions (study_question_set_id, question_id, order_index, tenant_id, is_deleted, created_at, created_by) VALUES (8110111, 811110004, 4, 'system', FALSE, NOW(), 'system') ON CONFLICT (study_question_set_id, question_id) DO UPDATE SET order_index = EXCLUDED.order_index, is_deleted = FALSE;
INSERT INTO study_question_set_questions (study_question_set_id, question_id, order_index, tenant_id, is_deleted, created_at, created_by) VALUES (8110111, 811110005, 5, 'system', FALSE, NOW(), 'system') ON CONFLICT (study_question_set_id, question_id) DO UPDATE SET order_index = EXCLUDED.order_index, is_deleted = FALSE;
INSERT INTO study_question_set_questions (study_question_set_id, question_id, order_index, tenant_id, is_deleted, created_at, created_by) VALUES (8110111, 811110006, 6, 'system', FALSE, NOW(), 'system') ON CONFLICT (study_question_set_id, question_id) DO UPDATE SET order_index = EXCLUDED.order_index, is_deleted = FALSE;
INSERT INTO study_question_set_questions (study_question_set_id, question_id, order_index, tenant_id, is_deleted, created_at, created_by) VALUES (8110111, 811110007, 7, 'system', FALSE, NOW(), 'system') ON CONFLICT (study_question_set_id, question_id) DO UPDATE SET order_index = EXCLUDED.order_index, is_deleted = FALSE;
INSERT INTO study_question_set_questions (study_question_set_id, question_id, order_index, tenant_id, is_deleted, created_at, created_by) VALUES (8110111, 811110008, 8, 'system', FALSE, NOW(), 'system') ON CONFLICT (study_question_set_id, question_id) DO UPDATE SET order_index = EXCLUDED.order_index, is_deleted = FALSE;
INSERT INTO study_question_set_questions (study_question_set_id, question_id, order_index, tenant_id, is_deleted, created_at, created_by) VALUES (8110111, 811110009, 9, 'system', FALSE, NOW(), 'system') ON CONFLICT (study_question_set_id, question_id) DO UPDATE SET order_index = EXCLUDED.order_index, is_deleted = FALSE;
INSERT INTO study_question_set_questions (study_question_set_id, question_id, order_index, tenant_id, is_deleted, created_at, created_by) VALUES (8110111, 811110010, 10, 'system', FALSE, NOW(), 'system') ON CONFLICT (study_question_set_id, question_id) DO UPDATE SET order_index = EXCLUDED.order_index, is_deleted = FALSE;
INSERT INTO study_resource_question_sets (resource_type, resource_id, study_question_set_id, position, context, tenant_id, is_active, is_deleted, created_at, created_by) VALUES ('module', 8011001, 8110111, 1, '{"label": "T1. Đặt chân tới Nhật — Bài tập Level 1"}'::jsonb, 'system', TRUE, FALSE, NOW(), 'system') ON CONFLICT (resource_type, resource_id, study_question_set_id) DO UPDATE SET position = EXCLUDED.position, context = EXCLUDED.context, is_active = TRUE, is_deleted = FALSE;

INSERT INTO study_question_sets (id, name, description, set_type, card_count, tenant_id, is_active, is_deleted, created_at, created_by) VALUES (8110112, 'T1. Đặt chân tới Nhật — Bài tập Level 2', 'Bài tập trắc nghiệm — Level 2: N5', 'practice', 10, 'system', TRUE, FALSE, NOW(), 'system') ON CONFLICT (id) DO UPDATE SET name = EXCLUDED.name, description = EXCLUDED.description, set_type = EXCLUDED.set_type, card_count = EXCLUDED.card_count, is_active = EXCLUDED.is_active, is_deleted = EXCLUDED.is_deleted, updated_at = NOW(), updated_by = 'system';
INSERT INTO study_question_set_questions (study_question_set_id, question_id, order_index, tenant_id, is_deleted, created_at, created_by) VALUES (8110112, 811110011, 1, 'system', FALSE, NOW(), 'system') ON CONFLICT (study_question_set_id, question_id) DO UPDATE SET order_index = EXCLUDED.order_index, is_deleted = FALSE;
INSERT INTO study_question_set_questions (study_question_set_id, question_id, order_index, tenant_id, is_deleted, created_at, created_by) VALUES (8110112, 811110012, 2, 'system', FALSE, NOW(), 'system') ON CONFLICT (study_question_set_id, question_id) DO UPDATE SET order_index = EXCLUDED.order_index, is_deleted = FALSE;
INSERT INTO study_question_set_questions (study_question_set_id, question_id, order_index, tenant_id, is_deleted, created_at, created_by) VALUES (8110112, 811110013, 3, 'system', FALSE, NOW(), 'system') ON CONFLICT (study_question_set_id, question_id) DO UPDATE SET order_index = EXCLUDED.order_index, is_deleted = FALSE;
INSERT INTO study_question_set_questions (study_question_set_id, question_id, order_index, tenant_id, is_deleted, created_at, created_by) VALUES (8110112, 811110014, 4, 'system', FALSE, NOW(), 'system') ON CONFLICT (study_question_set_id, question_id) DO UPDATE SET order_index = EXCLUDED.order_index, is_deleted = FALSE;
INSERT INTO study_question_set_questions (study_question_set_id, question_id, order_index, tenant_id, is_deleted, created_at, created_by) VALUES (8110112, 811110015, 5, 'system', FALSE, NOW(), 'system') ON CONFLICT (study_question_set_id, question_id) DO UPDATE SET order_index = EXCLUDED.order_index, is_deleted = FALSE;
INSERT INTO study_question_set_questions (study_question_set_id, question_id, order_index, tenant_id, is_deleted, created_at, created_by) VALUES (8110112, 811110016, 6, 'system', FALSE, NOW(), 'system') ON CONFLICT (study_question_set_id, question_id) DO UPDATE SET order_index = EXCLUDED.order_index, is_deleted = FALSE;
INSERT INTO study_question_set_questions (study_question_set_id, question_id, order_index, tenant_id, is_deleted, created_at, created_by) VALUES (8110112, 811110017, 7, 'system', FALSE, NOW(), 'system') ON CONFLICT (study_question_set_id, question_id) DO UPDATE SET order_index = EXCLUDED.order_index, is_deleted = FALSE;
INSERT INTO study_question_set_questions (study_question_set_id, question_id, order_index, tenant_id, is_deleted, created_at, created_by) VALUES (8110112, 811110018, 8, 'system', FALSE, NOW(), 'system') ON CONFLICT (study_question_set_id, question_id) DO UPDATE SET order_index = EXCLUDED.order_index, is_deleted = FALSE;
INSERT INTO study_question_set_questions (study_question_set_id, question_id, order_index, tenant_id, is_deleted, created_at, created_by) VALUES (8110112, 811110019, 9, 'system', FALSE, NOW(), 'system') ON CONFLICT (study_question_set_id, question_id) DO UPDATE SET order_index = EXCLUDED.order_index, is_deleted = FALSE;
INSERT INTO study_question_set_questions (study_question_set_id, question_id, order_index, tenant_id, is_deleted, created_at, created_by) VALUES (8110112, 811110020, 10, 'system', FALSE, NOW(), 'system') ON CONFLICT (study_question_set_id, question_id) DO UPDATE SET order_index = EXCLUDED.order_index, is_deleted = FALSE;
INSERT INTO study_resource_question_sets (resource_type, resource_id, study_question_set_id, position, context, tenant_id, is_active, is_deleted, created_at, created_by) VALUES ('module', 8011001, 8110112, 2, '{"label": "T1. Đặt chân tới Nhật — Bài tập Level 2"}'::jsonb, 'system', TRUE, FALSE, NOW(), 'system') ON CONFLICT (resource_type, resource_id, study_question_set_id) DO UPDATE SET position = EXCLUDED.position, context = EXCLUDED.context, is_active = TRUE, is_deleted = FALSE;

INSERT INTO study_question_sets (id, name, description, set_type, card_count, tenant_id, is_active, is_deleted, created_at, created_by) VALUES (8110113, 'T1. Đặt chân tới Nhật — Bài tập Level 3', 'Bài tập trắc nghiệm — Level 3: N4', 'practice', 10, 'system', TRUE, FALSE, NOW(), 'system') ON CONFLICT (id) DO UPDATE SET name = EXCLUDED.name, description = EXCLUDED.description, set_type = EXCLUDED.set_type, card_count = EXCLUDED.card_count, is_active = EXCLUDED.is_active, is_deleted = EXCLUDED.is_deleted, updated_at = NOW(), updated_by = 'system';
INSERT INTO study_question_set_questions (study_question_set_id, question_id, order_index, tenant_id, is_deleted, created_at, created_by) VALUES (8110113, 811110021, 1, 'system', FALSE, NOW(), 'system') ON CONFLICT (study_question_set_id, question_id) DO UPDATE SET order_index = EXCLUDED.order_index, is_deleted = FALSE;
INSERT INTO study_question_set_questions (study_question_set_id, question_id, order_index, tenant_id, is_deleted, created_at, created_by) VALUES (8110113, 811110022, 2, 'system', FALSE, NOW(), 'system') ON CONFLICT (study_question_set_id, question_id) DO UPDATE SET order_index = EXCLUDED.order_index, is_deleted = FALSE;
INSERT INTO study_question_set_questions (study_question_set_id, question_id, order_index, tenant_id, is_deleted, created_at, created_by) VALUES (8110113, 811110023, 3, 'system', FALSE, NOW(), 'system') ON CONFLICT (study_question_set_id, question_id) DO UPDATE SET order_index = EXCLUDED.order_index, is_deleted = FALSE;
INSERT INTO study_question_set_questions (study_question_set_id, question_id, order_index, tenant_id, is_deleted, created_at, created_by) VALUES (8110113, 811110024, 4, 'system', FALSE, NOW(), 'system') ON CONFLICT (study_question_set_id, question_id) DO UPDATE SET order_index = EXCLUDED.order_index, is_deleted = FALSE;
INSERT INTO study_question_set_questions (study_question_set_id, question_id, order_index, tenant_id, is_deleted, created_at, created_by) VALUES (8110113, 811110025, 5, 'system', FALSE, NOW(), 'system') ON CONFLICT (study_question_set_id, question_id) DO UPDATE SET order_index = EXCLUDED.order_index, is_deleted = FALSE;
INSERT INTO study_question_set_questions (study_question_set_id, question_id, order_index, tenant_id, is_deleted, created_at, created_by) VALUES (8110113, 811110026, 6, 'system', FALSE, NOW(), 'system') ON CONFLICT (study_question_set_id, question_id) DO UPDATE SET order_index = EXCLUDED.order_index, is_deleted = FALSE;
INSERT INTO study_question_set_questions (study_question_set_id, question_id, order_index, tenant_id, is_deleted, created_at, created_by) VALUES (8110113, 811110027, 7, 'system', FALSE, NOW(), 'system') ON CONFLICT (study_question_set_id, question_id) DO UPDATE SET order_index = EXCLUDED.order_index, is_deleted = FALSE;
INSERT INTO study_question_set_questions (study_question_set_id, question_id, order_index, tenant_id, is_deleted, created_at, created_by) VALUES (8110113, 811110028, 8, 'system', FALSE, NOW(), 'system') ON CONFLICT (study_question_set_id, question_id) DO UPDATE SET order_index = EXCLUDED.order_index, is_deleted = FALSE;
INSERT INTO study_question_set_questions (study_question_set_id, question_id, order_index, tenant_id, is_deleted, created_at, created_by) VALUES (8110113, 811110029, 9, 'system', FALSE, NOW(), 'system') ON CONFLICT (study_question_set_id, question_id) DO UPDATE SET order_index = EXCLUDED.order_index, is_deleted = FALSE;
INSERT INTO study_question_set_questions (study_question_set_id, question_id, order_index, tenant_id, is_deleted, created_at, created_by) VALUES (8110113, 811110030, 10, 'system', FALSE, NOW(), 'system') ON CONFLICT (study_question_set_id, question_id) DO UPDATE SET order_index = EXCLUDED.order_index, is_deleted = FALSE;
INSERT INTO study_resource_question_sets (resource_type, resource_id, study_question_set_id, position, context, tenant_id, is_active, is_deleted, created_at, created_by) VALUES ('module', 8011001, 8110113, 3, '{"label": "T1. Đặt chân tới Nhật — Bài tập Level 3"}'::jsonb, 'system', TRUE, FALSE, NOW(), 'system') ON CONFLICT (resource_type, resource_id, study_question_set_id) DO UPDATE SET position = EXCLUDED.position, context = EXCLUDED.context, is_active = TRUE, is_deleted = FALSE;

INSERT INTO study_question_sets (id, name, description, set_type, card_count, tenant_id, is_active, is_deleted, created_at, created_by) VALUES (8110114, 'T1. Đặt chân tới Nhật — Bài tập Level 4', 'Bài tập trắc nghiệm — Level 4: N4', 'practice', 10, 'system', TRUE, FALSE, NOW(), 'system') ON CONFLICT (id) DO UPDATE SET name = EXCLUDED.name, description = EXCLUDED.description, set_type = EXCLUDED.set_type, card_count = EXCLUDED.card_count, is_active = EXCLUDED.is_active, is_deleted = EXCLUDED.is_deleted, updated_at = NOW(), updated_by = 'system';
INSERT INTO study_question_set_questions (study_question_set_id, question_id, order_index, tenant_id, is_deleted, created_at, created_by) VALUES (8110114, 811110031, 1, 'system', FALSE, NOW(), 'system') ON CONFLICT (study_question_set_id, question_id) DO UPDATE SET order_index = EXCLUDED.order_index, is_deleted = FALSE;
INSERT INTO study_question_set_questions (study_question_set_id, question_id, order_index, tenant_id, is_deleted, created_at, created_by) VALUES (8110114, 811110032, 2, 'system', FALSE, NOW(), 'system') ON CONFLICT (study_question_set_id, question_id) DO UPDATE SET order_index = EXCLUDED.order_index, is_deleted = FALSE;
INSERT INTO study_question_set_questions (study_question_set_id, question_id, order_index, tenant_id, is_deleted, created_at, created_by) VALUES (8110114, 811110033, 3, 'system', FALSE, NOW(), 'system') ON CONFLICT (study_question_set_id, question_id) DO UPDATE SET order_index = EXCLUDED.order_index, is_deleted = FALSE;
INSERT INTO study_question_set_questions (study_question_set_id, question_id, order_index, tenant_id, is_deleted, created_at, created_by) VALUES (8110114, 811110034, 4, 'system', FALSE, NOW(), 'system') ON CONFLICT (study_question_set_id, question_id) DO UPDATE SET order_index = EXCLUDED.order_index, is_deleted = FALSE;
INSERT INTO study_question_set_questions (study_question_set_id, question_id, order_index, tenant_id, is_deleted, created_at, created_by) VALUES (8110114, 811110035, 5, 'system', FALSE, NOW(), 'system') ON CONFLICT (study_question_set_id, question_id) DO UPDATE SET order_index = EXCLUDED.order_index, is_deleted = FALSE;
INSERT INTO study_question_set_questions (study_question_set_id, question_id, order_index, tenant_id, is_deleted, created_at, created_by) VALUES (8110114, 811110036, 6, 'system', FALSE, NOW(), 'system') ON CONFLICT (study_question_set_id, question_id) DO UPDATE SET order_index = EXCLUDED.order_index, is_deleted = FALSE;
INSERT INTO study_question_set_questions (study_question_set_id, question_id, order_index, tenant_id, is_deleted, created_at, created_by) VALUES (8110114, 811110037, 7, 'system', FALSE, NOW(), 'system') ON CONFLICT (study_question_set_id, question_id) DO UPDATE SET order_index = EXCLUDED.order_index, is_deleted = FALSE;
INSERT INTO study_question_set_questions (study_question_set_id, question_id, order_index, tenant_id, is_deleted, created_at, created_by) VALUES (8110114, 811110038, 8, 'system', FALSE, NOW(), 'system') ON CONFLICT (study_question_set_id, question_id) DO UPDATE SET order_index = EXCLUDED.order_index, is_deleted = FALSE;
INSERT INTO study_question_set_questions (study_question_set_id, question_id, order_index, tenant_id, is_deleted, created_at, created_by) VALUES (8110114, 811110039, 9, 'system', FALSE, NOW(), 'system') ON CONFLICT (study_question_set_id, question_id) DO UPDATE SET order_index = EXCLUDED.order_index, is_deleted = FALSE;
INSERT INTO study_question_set_questions (study_question_set_id, question_id, order_index, tenant_id, is_deleted, created_at, created_by) VALUES (8110114, 811110040, 10, 'system', FALSE, NOW(), 'system') ON CONFLICT (study_question_set_id, question_id) DO UPDATE SET order_index = EXCLUDED.order_index, is_deleted = FALSE;
INSERT INTO study_resource_question_sets (resource_type, resource_id, study_question_set_id, position, context, tenant_id, is_active, is_deleted, created_at, created_by) VALUES ('module', 8011001, 8110114, 4, '{"label": "T1. Đặt chân tới Nhật — Bài tập Level 4"}'::jsonb, 'system', TRUE, FALSE, NOW(), 'system') ON CONFLICT (resource_type, resource_id, study_question_set_id) DO UPDATE SET position = EXCLUDED.position, context = EXCLUDED.context, is_active = TRUE, is_deleted = FALSE;

-- Mogishiken: t01_dat_chan_toi_nhat (5 passages, 20 questions)
INSERT INTO reading_passages (id, user_id, is_system, is_public, title, content, translation, jlpt_level, category, difficulty, word_count, tenant_id, is_active, is_deleted, created_at, created_by) VALUES (81101001, NULL, TRUE, TRUE, '日本に着いた日 — プロセスシート 1', 'これは 日本に着いた日 の プロセスシート です。Chào hỏi + jiko-shoukai + vocab sân bay/ký túc/入社式 に関する内容を含みます。実習生が業務中に必要な情報をまとめています。詳細は工場のマニュアルを参照してください。', 'Đây là Bảng quy trình của T1. Đặt chân tới Nhật. Bao gồm nội dung liên quan đến Chào hỏi + jiko-shoukai + vocab sân bay/ký túc/入社式. Tổng hợp thông tin thực tập sinh cần biết khi làm việc. Chi tiết xem sổ tay nhà máy.', 'N4', 'notice', 1, 150, 'system', TRUE, FALSE, NOW(), 'system') ON CONFLICT (id) DO UPDATE SET title = EXCLUDED.title, content = EXCLUDED.content, translation = EXCLUDED.translation, jlpt_level = EXCLUDED.jlpt_level, category = EXCLUDED.category, difficulty = EXCLUDED.difficulty, word_count = EXCLUDED.word_count, is_active = EXCLUDED.is_active, is_deleted = EXCLUDED.is_deleted, updated_at = NOW(), updated_by = 'system';
INSERT INTO reading_passages (id, user_id, is_system, is_public, title, content, translation, jlpt_level, category, difficulty, word_count, tenant_id, is_active, is_deleted, created_at, created_by) VALUES (81101002, NULL, TRUE, TRUE, '日本に着いた日 — マニュアル 2', 'これは 日本に着いた日 の マニュアル です。Chào hỏi + jiko-shoukai + vocab sân bay/ký túc/入社式 に関する内容を含みます。実習生が業務中に必要な情報をまとめています。詳細は工場のマニュアルを参照してください。', 'Đây là Sổ tay hướng dẫn của T1. Đặt chân tới Nhật. Bao gồm nội dung liên quan đến Chào hỏi + jiko-shoukai + vocab sân bay/ký túc/入社式. Tổng hợp thông tin thực tập sinh cần biết khi làm việc. Chi tiết xem sổ tay nhà máy.', 'N4', 'notice', 1, 150, 'system', TRUE, FALSE, NOW(), 'system') ON CONFLICT (id) DO UPDATE SET title = EXCLUDED.title, content = EXCLUDED.content, translation = EXCLUDED.translation, jlpt_level = EXCLUDED.jlpt_level, category = EXCLUDED.category, difficulty = EXCLUDED.difficulty, word_count = EXCLUDED.word_count, is_active = EXCLUDED.is_active, is_deleted = EXCLUDED.is_deleted, updated_at = NOW(), updated_by = 'system';
INSERT INTO reading_passages (id, user_id, is_system, is_public, title, content, translation, jlpt_level, category, difficulty, word_count, tenant_id, is_active, is_deleted, created_at, created_by) VALUES (81101003, NULL, TRUE, TRUE, '日本に着いた日 — 報告書 3', 'これは 日本に着いた日 の 報告書 です。Chào hỏi + jiko-shoukai + vocab sân bay/ký túc/入社式 に関する内容を含みます。実習生が業務中に必要な情報をまとめています。詳細は工場のマニュアルを参照してください。', 'Đây là Báo cáo của T1. Đặt chân tới Nhật. Bao gồm nội dung liên quan đến Chào hỏi + jiko-shoukai + vocab sân bay/ký túc/入社式. Tổng hợp thông tin thực tập sinh cần biết khi làm việc. Chi tiết xem sổ tay nhà máy.', 'N4', 'notice', 1, 150, 'system', TRUE, FALSE, NOW(), 'system') ON CONFLICT (id) DO UPDATE SET title = EXCLUDED.title, content = EXCLUDED.content, translation = EXCLUDED.translation, jlpt_level = EXCLUDED.jlpt_level, category = EXCLUDED.category, difficulty = EXCLUDED.difficulty, word_count = EXCLUDED.word_count, is_active = EXCLUDED.is_active, is_deleted = EXCLUDED.is_deleted, updated_at = NOW(), updated_by = 'system';
INSERT INTO reading_passages (id, user_id, is_system, is_public, title, content, translation, jlpt_level, category, difficulty, word_count, tenant_id, is_active, is_deleted, created_at, created_by) VALUES (81101004, NULL, TRUE, TRUE, '日本に着いた日 — 通知 4', 'これは 日本に着いた日 の 通知 です。Chào hỏi + jiko-shoukai + vocab sân bay/ký túc/入社式 に関する内容を含みます。実習生が業務中に必要な情報をまとめています。詳細は工場のマニュアルを参照してください。', 'Đây là Thông báo của T1. Đặt chân tới Nhật. Bao gồm nội dung liên quan đến Chào hỏi + jiko-shoukai + vocab sân bay/ký túc/入社式. Tổng hợp thông tin thực tập sinh cần biết khi làm việc. Chi tiết xem sổ tay nhà máy.', 'N4', 'notice', 1, 150, 'system', TRUE, FALSE, NOW(), 'system') ON CONFLICT (id) DO UPDATE SET title = EXCLUDED.title, content = EXCLUDED.content, translation = EXCLUDED.translation, jlpt_level = EXCLUDED.jlpt_level, category = EXCLUDED.category, difficulty = EXCLUDED.difficulty, word_count = EXCLUDED.word_count, is_active = EXCLUDED.is_active, is_deleted = EXCLUDED.is_deleted, updated_at = NOW(), updated_by = 'system';
INSERT INTO reading_passages (id, user_id, is_system, is_public, title, content, translation, jlpt_level, category, difficulty, word_count, tenant_id, is_active, is_deleted, created_at, created_by) VALUES (81101005, NULL, TRUE, TRUE, '日本に着いた日 — チェックリスト 5', 'これは 日本に着いた日 の チェックリスト です。Chào hỏi + jiko-shoukai + vocab sân bay/ký túc/入社式 に関する内容を含みます。実習生が業務中に必要な情報をまとめています。詳細は工場のマニュアルを参照してください。', 'Đây là Danh mục kiểm tra của T1. Đặt chân tới Nhật. Bao gồm nội dung liên quan đến Chào hỏi + jiko-shoukai + vocab sân bay/ký túc/入社式. Tổng hợp thông tin thực tập sinh cần biết khi làm việc. Chi tiết xem sổ tay nhà máy.', 'N4', 'notice', 1, 150, 'system', TRUE, FALSE, NOW(), 'system') ON CONFLICT (id) DO UPDATE SET title = EXCLUDED.title, content = EXCLUDED.content, translation = EXCLUDED.translation, jlpt_level = EXCLUDED.jlpt_level, category = EXCLUDED.category, difficulty = EXCLUDED.difficulty, word_count = EXCLUDED.word_count, is_active = EXCLUDED.is_active, is_deleted = EXCLUDED.is_deleted, updated_at = NOW(), updated_by = 'system';

INSERT INTO questions (id, user_id, is_system, is_khoa_cu, question_type, content_type, level, selection_type, question, passage, passage_translation, general_explanation, skill_category, base_difficulty, tenant_id, is_active, is_deleted, created_at, created_by) VALUES (811120001, NULL, TRUE, FALSE, 'reading', 'jisshusei_mogishiken_t01_dat_chan_toi_nhat', 'N4', 'single', 'この プロセスシート の主旨は何ですか? (Q1)

Ý chính của Bảng quy trình này là gì? (Q1)', '81101001', NULL, 'プロセスシート chứa thông tin về Chào hỏi + jiko-shoukai + vocab sân bay/ký túc/入社式.', 'dokkai', 1, 'system', TRUE, FALSE, NOW(), 'system') ON CONFLICT (id) DO UPDATE SET question_type = EXCLUDED.question_type, content_type = EXCLUDED.content_type, level = EXCLUDED.level, question = EXCLUDED.question, passage = EXCLUDED.passage, passage_translation = EXCLUDED.passage_translation, general_explanation = EXCLUDED.general_explanation, skill_category = EXCLUDED.skill_category, is_active = EXCLUDED.is_active, is_deleted = EXCLUDED.is_deleted, updated_at = NOW(), updated_by = 'system';
DELETE FROM questions_answers WHERE question_id = 811120001;
INSERT INTO questions_answers (question_id, sentence, sentence_translation, is_correct, "order") VALUES (811120001, 'Chào hỏi + jiko-shoukai + vocab sân bay/に関する情報', 'Thông tin liên quan đến Chào hỏi + jiko-shoukai + vocab sân bay/', TRUE, 1);
INSERT INTO questions_answers (question_id, sentence, sentence_translation, is_correct, "order") VALUES (811120001, '工場の歴史', 'Lịch sử nhà máy', FALSE, 2);
INSERT INTO questions_answers (question_id, sentence, sentence_translation, is_correct, "order") VALUES (811120001, '社員の名前リスト', 'Danh sách tên nhân viên', FALSE, 3);
INSERT INTO questions_answers (question_id, sentence, sentence_translation, is_correct, "order") VALUES (811120001, '設備の値段', 'Giá thiết bị', FALSE, 4);
INSERT INTO questions (id, user_id, is_system, is_khoa_cu, question_type, content_type, level, selection_type, question, passage, passage_translation, general_explanation, skill_category, base_difficulty, tenant_id, is_active, is_deleted, created_at, created_by) VALUES (811120002, NULL, TRUE, FALSE, 'reading', 'jisshusei_mogishiken_t01_dat_chan_toi_nhat', 'N4', 'single', 'この プロセスシート の主旨は何ですか? (Q2)

Ý chính của Bảng quy trình này là gì? (Q2)', '81101001', NULL, 'プロセスシート chứa thông tin về Chào hỏi + jiko-shoukai + vocab sân bay/ký túc/入社式.', 'dokkai', 1, 'system', TRUE, FALSE, NOW(), 'system') ON CONFLICT (id) DO UPDATE SET question_type = EXCLUDED.question_type, content_type = EXCLUDED.content_type, level = EXCLUDED.level, question = EXCLUDED.question, passage = EXCLUDED.passage, passage_translation = EXCLUDED.passage_translation, general_explanation = EXCLUDED.general_explanation, skill_category = EXCLUDED.skill_category, is_active = EXCLUDED.is_active, is_deleted = EXCLUDED.is_deleted, updated_at = NOW(), updated_by = 'system';
DELETE FROM questions_answers WHERE question_id = 811120002;
INSERT INTO questions_answers (question_id, sentence, sentence_translation, is_correct, "order") VALUES (811120002, 'Chào hỏi + jiko-shoukai + vocab sân bay/に関する情報', 'Thông tin liên quan đến Chào hỏi + jiko-shoukai + vocab sân bay/', TRUE, 1);
INSERT INTO questions_answers (question_id, sentence, sentence_translation, is_correct, "order") VALUES (811120002, '工場の歴史', 'Lịch sử nhà máy', FALSE, 2);
INSERT INTO questions_answers (question_id, sentence, sentence_translation, is_correct, "order") VALUES (811120002, '社員の名前リスト', 'Danh sách tên nhân viên', FALSE, 3);
INSERT INTO questions_answers (question_id, sentence, sentence_translation, is_correct, "order") VALUES (811120002, '設備の値段', 'Giá thiết bị', FALSE, 4);
INSERT INTO questions (id, user_id, is_system, is_khoa_cu, question_type, content_type, level, selection_type, question, passage, passage_translation, general_explanation, skill_category, base_difficulty, tenant_id, is_active, is_deleted, created_at, created_by) VALUES (811120003, NULL, TRUE, FALSE, 'reading', 'jisshusei_mogishiken_t01_dat_chan_toi_nhat', 'N4', 'single', 'この プロセスシート の主旨は何ですか? (Q3)

Ý chính của Bảng quy trình này là gì? (Q3)', '81101001', NULL, 'プロセスシート chứa thông tin về Chào hỏi + jiko-shoukai + vocab sân bay/ký túc/入社式.', 'dokkai', 1, 'system', TRUE, FALSE, NOW(), 'system') ON CONFLICT (id) DO UPDATE SET question_type = EXCLUDED.question_type, content_type = EXCLUDED.content_type, level = EXCLUDED.level, question = EXCLUDED.question, passage = EXCLUDED.passage, passage_translation = EXCLUDED.passage_translation, general_explanation = EXCLUDED.general_explanation, skill_category = EXCLUDED.skill_category, is_active = EXCLUDED.is_active, is_deleted = EXCLUDED.is_deleted, updated_at = NOW(), updated_by = 'system';
DELETE FROM questions_answers WHERE question_id = 811120003;
INSERT INTO questions_answers (question_id, sentence, sentence_translation, is_correct, "order") VALUES (811120003, 'Chào hỏi + jiko-shoukai + vocab sân bay/に関する情報', 'Thông tin liên quan đến Chào hỏi + jiko-shoukai + vocab sân bay/', TRUE, 1);
INSERT INTO questions_answers (question_id, sentence, sentence_translation, is_correct, "order") VALUES (811120003, '工場の歴史', 'Lịch sử nhà máy', FALSE, 2);
INSERT INTO questions_answers (question_id, sentence, sentence_translation, is_correct, "order") VALUES (811120003, '社員の名前リスト', 'Danh sách tên nhân viên', FALSE, 3);
INSERT INTO questions_answers (question_id, sentence, sentence_translation, is_correct, "order") VALUES (811120003, '設備の値段', 'Giá thiết bị', FALSE, 4);
INSERT INTO questions (id, user_id, is_system, is_khoa_cu, question_type, content_type, level, selection_type, question, passage, passage_translation, general_explanation, skill_category, base_difficulty, tenant_id, is_active, is_deleted, created_at, created_by) VALUES (811120004, NULL, TRUE, FALSE, 'reading', 'jisshusei_mogishiken_t01_dat_chan_toi_nhat', 'N4', 'single', 'この プロセスシート の主旨は何ですか? (Q4)

Ý chính của Bảng quy trình này là gì? (Q4)', '81101001', NULL, 'プロセスシート chứa thông tin về Chào hỏi + jiko-shoukai + vocab sân bay/ký túc/入社式.', 'dokkai', 1, 'system', TRUE, FALSE, NOW(), 'system') ON CONFLICT (id) DO UPDATE SET question_type = EXCLUDED.question_type, content_type = EXCLUDED.content_type, level = EXCLUDED.level, question = EXCLUDED.question, passage = EXCLUDED.passage, passage_translation = EXCLUDED.passage_translation, general_explanation = EXCLUDED.general_explanation, skill_category = EXCLUDED.skill_category, is_active = EXCLUDED.is_active, is_deleted = EXCLUDED.is_deleted, updated_at = NOW(), updated_by = 'system';
DELETE FROM questions_answers WHERE question_id = 811120004;
INSERT INTO questions_answers (question_id, sentence, sentence_translation, is_correct, "order") VALUES (811120004, 'Chào hỏi + jiko-shoukai + vocab sân bay/に関する情報', 'Thông tin liên quan đến Chào hỏi + jiko-shoukai + vocab sân bay/', TRUE, 1);
INSERT INTO questions_answers (question_id, sentence, sentence_translation, is_correct, "order") VALUES (811120004, '工場の歴史', 'Lịch sử nhà máy', FALSE, 2);
INSERT INTO questions_answers (question_id, sentence, sentence_translation, is_correct, "order") VALUES (811120004, '社員の名前リスト', 'Danh sách tên nhân viên', FALSE, 3);
INSERT INTO questions_answers (question_id, sentence, sentence_translation, is_correct, "order") VALUES (811120004, '設備の値段', 'Giá thiết bị', FALSE, 4);
INSERT INTO questions (id, user_id, is_system, is_khoa_cu, question_type, content_type, level, selection_type, question, passage, passage_translation, general_explanation, skill_category, base_difficulty, tenant_id, is_active, is_deleted, created_at, created_by) VALUES (811120005, NULL, TRUE, FALSE, 'reading', 'jisshusei_mogishiken_t01_dat_chan_toi_nhat', 'N4', 'single', 'この マニュアル の主旨は何ですか? (Q1)

Ý chính của Sổ tay hướng dẫn này là gì? (Q1)', '81101002', NULL, 'マニュアル chứa thông tin về Chào hỏi + jiko-shoukai + vocab sân bay/ký túc/入社式.', 'dokkai', 1, 'system', TRUE, FALSE, NOW(), 'system') ON CONFLICT (id) DO UPDATE SET question_type = EXCLUDED.question_type, content_type = EXCLUDED.content_type, level = EXCLUDED.level, question = EXCLUDED.question, passage = EXCLUDED.passage, passage_translation = EXCLUDED.passage_translation, general_explanation = EXCLUDED.general_explanation, skill_category = EXCLUDED.skill_category, is_active = EXCLUDED.is_active, is_deleted = EXCLUDED.is_deleted, updated_at = NOW(), updated_by = 'system';
DELETE FROM questions_answers WHERE question_id = 811120005;
INSERT INTO questions_answers (question_id, sentence, sentence_translation, is_correct, "order") VALUES (811120005, 'Chào hỏi + jiko-shoukai + vocab sân bay/に関する情報', 'Thông tin liên quan đến Chào hỏi + jiko-shoukai + vocab sân bay/', TRUE, 1);
INSERT INTO questions_answers (question_id, sentence, sentence_translation, is_correct, "order") VALUES (811120005, '工場の歴史', 'Lịch sử nhà máy', FALSE, 2);
INSERT INTO questions_answers (question_id, sentence, sentence_translation, is_correct, "order") VALUES (811120005, '社員の名前リスト', 'Danh sách tên nhân viên', FALSE, 3);
INSERT INTO questions_answers (question_id, sentence, sentence_translation, is_correct, "order") VALUES (811120005, '設備の値段', 'Giá thiết bị', FALSE, 4);
INSERT INTO questions (id, user_id, is_system, is_khoa_cu, question_type, content_type, level, selection_type, question, passage, passage_translation, general_explanation, skill_category, base_difficulty, tenant_id, is_active, is_deleted, created_at, created_by) VALUES (811120006, NULL, TRUE, FALSE, 'reading', 'jisshusei_mogishiken_t01_dat_chan_toi_nhat', 'N4', 'single', 'この マニュアル の主旨は何ですか? (Q2)

Ý chính của Sổ tay hướng dẫn này là gì? (Q2)', '81101002', NULL, 'マニュアル chứa thông tin về Chào hỏi + jiko-shoukai + vocab sân bay/ký túc/入社式.', 'dokkai', 1, 'system', TRUE, FALSE, NOW(), 'system') ON CONFLICT (id) DO UPDATE SET question_type = EXCLUDED.question_type, content_type = EXCLUDED.content_type, level = EXCLUDED.level, question = EXCLUDED.question, passage = EXCLUDED.passage, passage_translation = EXCLUDED.passage_translation, general_explanation = EXCLUDED.general_explanation, skill_category = EXCLUDED.skill_category, is_active = EXCLUDED.is_active, is_deleted = EXCLUDED.is_deleted, updated_at = NOW(), updated_by = 'system';
DELETE FROM questions_answers WHERE question_id = 811120006;
INSERT INTO questions_answers (question_id, sentence, sentence_translation, is_correct, "order") VALUES (811120006, 'Chào hỏi + jiko-shoukai + vocab sân bay/に関する情報', 'Thông tin liên quan đến Chào hỏi + jiko-shoukai + vocab sân bay/', TRUE, 1);
INSERT INTO questions_answers (question_id, sentence, sentence_translation, is_correct, "order") VALUES (811120006, '工場の歴史', 'Lịch sử nhà máy', FALSE, 2);
INSERT INTO questions_answers (question_id, sentence, sentence_translation, is_correct, "order") VALUES (811120006, '社員の名前リスト', 'Danh sách tên nhân viên', FALSE, 3);
INSERT INTO questions_answers (question_id, sentence, sentence_translation, is_correct, "order") VALUES (811120006, '設備の値段', 'Giá thiết bị', FALSE, 4);
INSERT INTO questions (id, user_id, is_system, is_khoa_cu, question_type, content_type, level, selection_type, question, passage, passage_translation, general_explanation, skill_category, base_difficulty, tenant_id, is_active, is_deleted, created_at, created_by) VALUES (811120007, NULL, TRUE, FALSE, 'reading', 'jisshusei_mogishiken_t01_dat_chan_toi_nhat', 'N4', 'single', 'この マニュアル の主旨は何ですか? (Q3)

Ý chính của Sổ tay hướng dẫn này là gì? (Q3)', '81101002', NULL, 'マニュアル chứa thông tin về Chào hỏi + jiko-shoukai + vocab sân bay/ký túc/入社式.', 'dokkai', 1, 'system', TRUE, FALSE, NOW(), 'system') ON CONFLICT (id) DO UPDATE SET question_type = EXCLUDED.question_type, content_type = EXCLUDED.content_type, level = EXCLUDED.level, question = EXCLUDED.question, passage = EXCLUDED.passage, passage_translation = EXCLUDED.passage_translation, general_explanation = EXCLUDED.general_explanation, skill_category = EXCLUDED.skill_category, is_active = EXCLUDED.is_active, is_deleted = EXCLUDED.is_deleted, updated_at = NOW(), updated_by = 'system';
DELETE FROM questions_answers WHERE question_id = 811120007;
INSERT INTO questions_answers (question_id, sentence, sentence_translation, is_correct, "order") VALUES (811120007, 'Chào hỏi + jiko-shoukai + vocab sân bay/に関する情報', 'Thông tin liên quan đến Chào hỏi + jiko-shoukai + vocab sân bay/', TRUE, 1);
INSERT INTO questions_answers (question_id, sentence, sentence_translation, is_correct, "order") VALUES (811120007, '工場の歴史', 'Lịch sử nhà máy', FALSE, 2);
INSERT INTO questions_answers (question_id, sentence, sentence_translation, is_correct, "order") VALUES (811120007, '社員の名前リスト', 'Danh sách tên nhân viên', FALSE, 3);
INSERT INTO questions_answers (question_id, sentence, sentence_translation, is_correct, "order") VALUES (811120007, '設備の値段', 'Giá thiết bị', FALSE, 4);
INSERT INTO questions (id, user_id, is_system, is_khoa_cu, question_type, content_type, level, selection_type, question, passage, passage_translation, general_explanation, skill_category, base_difficulty, tenant_id, is_active, is_deleted, created_at, created_by) VALUES (811120008, NULL, TRUE, FALSE, 'reading', 'jisshusei_mogishiken_t01_dat_chan_toi_nhat', 'N4', 'single', 'この マニュアル の主旨は何ですか? (Q4)

Ý chính của Sổ tay hướng dẫn này là gì? (Q4)', '81101002', NULL, 'マニュアル chứa thông tin về Chào hỏi + jiko-shoukai + vocab sân bay/ký túc/入社式.', 'dokkai', 1, 'system', TRUE, FALSE, NOW(), 'system') ON CONFLICT (id) DO UPDATE SET question_type = EXCLUDED.question_type, content_type = EXCLUDED.content_type, level = EXCLUDED.level, question = EXCLUDED.question, passage = EXCLUDED.passage, passage_translation = EXCLUDED.passage_translation, general_explanation = EXCLUDED.general_explanation, skill_category = EXCLUDED.skill_category, is_active = EXCLUDED.is_active, is_deleted = EXCLUDED.is_deleted, updated_at = NOW(), updated_by = 'system';
DELETE FROM questions_answers WHERE question_id = 811120008;
INSERT INTO questions_answers (question_id, sentence, sentence_translation, is_correct, "order") VALUES (811120008, 'Chào hỏi + jiko-shoukai + vocab sân bay/に関する情報', 'Thông tin liên quan đến Chào hỏi + jiko-shoukai + vocab sân bay/', TRUE, 1);
INSERT INTO questions_answers (question_id, sentence, sentence_translation, is_correct, "order") VALUES (811120008, '工場の歴史', 'Lịch sử nhà máy', FALSE, 2);
INSERT INTO questions_answers (question_id, sentence, sentence_translation, is_correct, "order") VALUES (811120008, '社員の名前リスト', 'Danh sách tên nhân viên', FALSE, 3);
INSERT INTO questions_answers (question_id, sentence, sentence_translation, is_correct, "order") VALUES (811120008, '設備の値段', 'Giá thiết bị', FALSE, 4);
INSERT INTO questions (id, user_id, is_system, is_khoa_cu, question_type, content_type, level, selection_type, question, passage, passage_translation, general_explanation, skill_category, base_difficulty, tenant_id, is_active, is_deleted, created_at, created_by) VALUES (811120009, NULL, TRUE, FALSE, 'reading', 'jisshusei_mogishiken_t01_dat_chan_toi_nhat', 'N4', 'single', 'この 報告書 の主旨は何ですか? (Q1)

Ý chính của Báo cáo này là gì? (Q1)', '81101003', NULL, '報告書 chứa thông tin về Chào hỏi + jiko-shoukai + vocab sân bay/ký túc/入社式.', 'dokkai', 1, 'system', TRUE, FALSE, NOW(), 'system') ON CONFLICT (id) DO UPDATE SET question_type = EXCLUDED.question_type, content_type = EXCLUDED.content_type, level = EXCLUDED.level, question = EXCLUDED.question, passage = EXCLUDED.passage, passage_translation = EXCLUDED.passage_translation, general_explanation = EXCLUDED.general_explanation, skill_category = EXCLUDED.skill_category, is_active = EXCLUDED.is_active, is_deleted = EXCLUDED.is_deleted, updated_at = NOW(), updated_by = 'system';
DELETE FROM questions_answers WHERE question_id = 811120009;
INSERT INTO questions_answers (question_id, sentence, sentence_translation, is_correct, "order") VALUES (811120009, 'Chào hỏi + jiko-shoukai + vocab sân bay/に関する情報', 'Thông tin liên quan đến Chào hỏi + jiko-shoukai + vocab sân bay/', TRUE, 1);
INSERT INTO questions_answers (question_id, sentence, sentence_translation, is_correct, "order") VALUES (811120009, '工場の歴史', 'Lịch sử nhà máy', FALSE, 2);
INSERT INTO questions_answers (question_id, sentence, sentence_translation, is_correct, "order") VALUES (811120009, '社員の名前リスト', 'Danh sách tên nhân viên', FALSE, 3);
INSERT INTO questions_answers (question_id, sentence, sentence_translation, is_correct, "order") VALUES (811120009, '設備の値段', 'Giá thiết bị', FALSE, 4);
INSERT INTO questions (id, user_id, is_system, is_khoa_cu, question_type, content_type, level, selection_type, question, passage, passage_translation, general_explanation, skill_category, base_difficulty, tenant_id, is_active, is_deleted, created_at, created_by) VALUES (811120010, NULL, TRUE, FALSE, 'reading', 'jisshusei_mogishiken_t01_dat_chan_toi_nhat', 'N4', 'single', 'この 報告書 の主旨は何ですか? (Q2)

Ý chính của Báo cáo này là gì? (Q2)', '81101003', NULL, '報告書 chứa thông tin về Chào hỏi + jiko-shoukai + vocab sân bay/ký túc/入社式.', 'dokkai', 1, 'system', TRUE, FALSE, NOW(), 'system') ON CONFLICT (id) DO UPDATE SET question_type = EXCLUDED.question_type, content_type = EXCLUDED.content_type, level = EXCLUDED.level, question = EXCLUDED.question, passage = EXCLUDED.passage, passage_translation = EXCLUDED.passage_translation, general_explanation = EXCLUDED.general_explanation, skill_category = EXCLUDED.skill_category, is_active = EXCLUDED.is_active, is_deleted = EXCLUDED.is_deleted, updated_at = NOW(), updated_by = 'system';
DELETE FROM questions_answers WHERE question_id = 811120010;
INSERT INTO questions_answers (question_id, sentence, sentence_translation, is_correct, "order") VALUES (811120010, 'Chào hỏi + jiko-shoukai + vocab sân bay/に関する情報', 'Thông tin liên quan đến Chào hỏi + jiko-shoukai + vocab sân bay/', TRUE, 1);
INSERT INTO questions_answers (question_id, sentence, sentence_translation, is_correct, "order") VALUES (811120010, '工場の歴史', 'Lịch sử nhà máy', FALSE, 2);
INSERT INTO questions_answers (question_id, sentence, sentence_translation, is_correct, "order") VALUES (811120010, '社員の名前リスト', 'Danh sách tên nhân viên', FALSE, 3);
INSERT INTO questions_answers (question_id, sentence, sentence_translation, is_correct, "order") VALUES (811120010, '設備の値段', 'Giá thiết bị', FALSE, 4);
INSERT INTO questions (id, user_id, is_system, is_khoa_cu, question_type, content_type, level, selection_type, question, passage, passage_translation, general_explanation, skill_category, base_difficulty, tenant_id, is_active, is_deleted, created_at, created_by) VALUES (811120011, NULL, TRUE, FALSE, 'reading', 'jisshusei_mogishiken_t01_dat_chan_toi_nhat', 'N4', 'single', 'この 報告書 の主旨は何ですか? (Q3)

Ý chính của Báo cáo này là gì? (Q3)', '81101003', NULL, '報告書 chứa thông tin về Chào hỏi + jiko-shoukai + vocab sân bay/ký túc/入社式.', 'dokkai', 1, 'system', TRUE, FALSE, NOW(), 'system') ON CONFLICT (id) DO UPDATE SET question_type = EXCLUDED.question_type, content_type = EXCLUDED.content_type, level = EXCLUDED.level, question = EXCLUDED.question, passage = EXCLUDED.passage, passage_translation = EXCLUDED.passage_translation, general_explanation = EXCLUDED.general_explanation, skill_category = EXCLUDED.skill_category, is_active = EXCLUDED.is_active, is_deleted = EXCLUDED.is_deleted, updated_at = NOW(), updated_by = 'system';
DELETE FROM questions_answers WHERE question_id = 811120011;
INSERT INTO questions_answers (question_id, sentence, sentence_translation, is_correct, "order") VALUES (811120011, 'Chào hỏi + jiko-shoukai + vocab sân bay/に関する情報', 'Thông tin liên quan đến Chào hỏi + jiko-shoukai + vocab sân bay/', TRUE, 1);
INSERT INTO questions_answers (question_id, sentence, sentence_translation, is_correct, "order") VALUES (811120011, '工場の歴史', 'Lịch sử nhà máy', FALSE, 2);
INSERT INTO questions_answers (question_id, sentence, sentence_translation, is_correct, "order") VALUES (811120011, '社員の名前リスト', 'Danh sách tên nhân viên', FALSE, 3);
INSERT INTO questions_answers (question_id, sentence, sentence_translation, is_correct, "order") VALUES (811120011, '設備の値段', 'Giá thiết bị', FALSE, 4);
INSERT INTO questions (id, user_id, is_system, is_khoa_cu, question_type, content_type, level, selection_type, question, passage, passage_translation, general_explanation, skill_category, base_difficulty, tenant_id, is_active, is_deleted, created_at, created_by) VALUES (811120012, NULL, TRUE, FALSE, 'reading', 'jisshusei_mogishiken_t01_dat_chan_toi_nhat', 'N4', 'single', 'この 報告書 の主旨は何ですか? (Q4)

Ý chính của Báo cáo này là gì? (Q4)', '81101003', NULL, '報告書 chứa thông tin về Chào hỏi + jiko-shoukai + vocab sân bay/ký túc/入社式.', 'dokkai', 1, 'system', TRUE, FALSE, NOW(), 'system') ON CONFLICT (id) DO UPDATE SET question_type = EXCLUDED.question_type, content_type = EXCLUDED.content_type, level = EXCLUDED.level, question = EXCLUDED.question, passage = EXCLUDED.passage, passage_translation = EXCLUDED.passage_translation, general_explanation = EXCLUDED.general_explanation, skill_category = EXCLUDED.skill_category, is_active = EXCLUDED.is_active, is_deleted = EXCLUDED.is_deleted, updated_at = NOW(), updated_by = 'system';
DELETE FROM questions_answers WHERE question_id = 811120012;
INSERT INTO questions_answers (question_id, sentence, sentence_translation, is_correct, "order") VALUES (811120012, 'Chào hỏi + jiko-shoukai + vocab sân bay/に関する情報', 'Thông tin liên quan đến Chào hỏi + jiko-shoukai + vocab sân bay/', TRUE, 1);
INSERT INTO questions_answers (question_id, sentence, sentence_translation, is_correct, "order") VALUES (811120012, '工場の歴史', 'Lịch sử nhà máy', FALSE, 2);
INSERT INTO questions_answers (question_id, sentence, sentence_translation, is_correct, "order") VALUES (811120012, '社員の名前リスト', 'Danh sách tên nhân viên', FALSE, 3);
INSERT INTO questions_answers (question_id, sentence, sentence_translation, is_correct, "order") VALUES (811120012, '設備の値段', 'Giá thiết bị', FALSE, 4);
INSERT INTO questions (id, user_id, is_system, is_khoa_cu, question_type, content_type, level, selection_type, question, passage, passage_translation, general_explanation, skill_category, base_difficulty, tenant_id, is_active, is_deleted, created_at, created_by) VALUES (811120013, NULL, TRUE, FALSE, 'reading', 'jisshusei_mogishiken_t01_dat_chan_toi_nhat', 'N4', 'single', 'この 通知 の主旨は何ですか? (Q1)

Ý chính của Thông báo này là gì? (Q1)', '81101004', NULL, '通知 chứa thông tin về Chào hỏi + jiko-shoukai + vocab sân bay/ký túc/入社式.', 'dokkai', 1, 'system', TRUE, FALSE, NOW(), 'system') ON CONFLICT (id) DO UPDATE SET question_type = EXCLUDED.question_type, content_type = EXCLUDED.content_type, level = EXCLUDED.level, question = EXCLUDED.question, passage = EXCLUDED.passage, passage_translation = EXCLUDED.passage_translation, general_explanation = EXCLUDED.general_explanation, skill_category = EXCLUDED.skill_category, is_active = EXCLUDED.is_active, is_deleted = EXCLUDED.is_deleted, updated_at = NOW(), updated_by = 'system';
DELETE FROM questions_answers WHERE question_id = 811120013;
INSERT INTO questions_answers (question_id, sentence, sentence_translation, is_correct, "order") VALUES (811120013, 'Chào hỏi + jiko-shoukai + vocab sân bay/に関する情報', 'Thông tin liên quan đến Chào hỏi + jiko-shoukai + vocab sân bay/', TRUE, 1);
INSERT INTO questions_answers (question_id, sentence, sentence_translation, is_correct, "order") VALUES (811120013, '工場の歴史', 'Lịch sử nhà máy', FALSE, 2);
INSERT INTO questions_answers (question_id, sentence, sentence_translation, is_correct, "order") VALUES (811120013, '社員の名前リスト', 'Danh sách tên nhân viên', FALSE, 3);
INSERT INTO questions_answers (question_id, sentence, sentence_translation, is_correct, "order") VALUES (811120013, '設備の値段', 'Giá thiết bị', FALSE, 4);
INSERT INTO questions (id, user_id, is_system, is_khoa_cu, question_type, content_type, level, selection_type, question, passage, passage_translation, general_explanation, skill_category, base_difficulty, tenant_id, is_active, is_deleted, created_at, created_by) VALUES (811120014, NULL, TRUE, FALSE, 'reading', 'jisshusei_mogishiken_t01_dat_chan_toi_nhat', 'N4', 'single', 'この 通知 の主旨は何ですか? (Q2)

Ý chính của Thông báo này là gì? (Q2)', '81101004', NULL, '通知 chứa thông tin về Chào hỏi + jiko-shoukai + vocab sân bay/ký túc/入社式.', 'dokkai', 1, 'system', TRUE, FALSE, NOW(), 'system') ON CONFLICT (id) DO UPDATE SET question_type = EXCLUDED.question_type, content_type = EXCLUDED.content_type, level = EXCLUDED.level, question = EXCLUDED.question, passage = EXCLUDED.passage, passage_translation = EXCLUDED.passage_translation, general_explanation = EXCLUDED.general_explanation, skill_category = EXCLUDED.skill_category, is_active = EXCLUDED.is_active, is_deleted = EXCLUDED.is_deleted, updated_at = NOW(), updated_by = 'system';
DELETE FROM questions_answers WHERE question_id = 811120014;
INSERT INTO questions_answers (question_id, sentence, sentence_translation, is_correct, "order") VALUES (811120014, 'Chào hỏi + jiko-shoukai + vocab sân bay/に関する情報', 'Thông tin liên quan đến Chào hỏi + jiko-shoukai + vocab sân bay/', TRUE, 1);
INSERT INTO questions_answers (question_id, sentence, sentence_translation, is_correct, "order") VALUES (811120014, '工場の歴史', 'Lịch sử nhà máy', FALSE, 2);
INSERT INTO questions_answers (question_id, sentence, sentence_translation, is_correct, "order") VALUES (811120014, '社員の名前リスト', 'Danh sách tên nhân viên', FALSE, 3);
INSERT INTO questions_answers (question_id, sentence, sentence_translation, is_correct, "order") VALUES (811120014, '設備の値段', 'Giá thiết bị', FALSE, 4);
INSERT INTO questions (id, user_id, is_system, is_khoa_cu, question_type, content_type, level, selection_type, question, passage, passage_translation, general_explanation, skill_category, base_difficulty, tenant_id, is_active, is_deleted, created_at, created_by) VALUES (811120015, NULL, TRUE, FALSE, 'reading', 'jisshusei_mogishiken_t01_dat_chan_toi_nhat', 'N4', 'single', 'この 通知 の主旨は何ですか? (Q3)

Ý chính của Thông báo này là gì? (Q3)', '81101004', NULL, '通知 chứa thông tin về Chào hỏi + jiko-shoukai + vocab sân bay/ký túc/入社式.', 'dokkai', 1, 'system', TRUE, FALSE, NOW(), 'system') ON CONFLICT (id) DO UPDATE SET question_type = EXCLUDED.question_type, content_type = EXCLUDED.content_type, level = EXCLUDED.level, question = EXCLUDED.question, passage = EXCLUDED.passage, passage_translation = EXCLUDED.passage_translation, general_explanation = EXCLUDED.general_explanation, skill_category = EXCLUDED.skill_category, is_active = EXCLUDED.is_active, is_deleted = EXCLUDED.is_deleted, updated_at = NOW(), updated_by = 'system';
DELETE FROM questions_answers WHERE question_id = 811120015;
INSERT INTO questions_answers (question_id, sentence, sentence_translation, is_correct, "order") VALUES (811120015, 'Chào hỏi + jiko-shoukai + vocab sân bay/に関する情報', 'Thông tin liên quan đến Chào hỏi + jiko-shoukai + vocab sân bay/', TRUE, 1);
INSERT INTO questions_answers (question_id, sentence, sentence_translation, is_correct, "order") VALUES (811120015, '工場の歴史', 'Lịch sử nhà máy', FALSE, 2);
INSERT INTO questions_answers (question_id, sentence, sentence_translation, is_correct, "order") VALUES (811120015, '社員の名前リスト', 'Danh sách tên nhân viên', FALSE, 3);
INSERT INTO questions_answers (question_id, sentence, sentence_translation, is_correct, "order") VALUES (811120015, '設備の値段', 'Giá thiết bị', FALSE, 4);
INSERT INTO questions (id, user_id, is_system, is_khoa_cu, question_type, content_type, level, selection_type, question, passage, passage_translation, general_explanation, skill_category, base_difficulty, tenant_id, is_active, is_deleted, created_at, created_by) VALUES (811120016, NULL, TRUE, FALSE, 'reading', 'jisshusei_mogishiken_t01_dat_chan_toi_nhat', 'N4', 'single', 'この 通知 の主旨は何ですか? (Q4)

Ý chính của Thông báo này là gì? (Q4)', '81101004', NULL, '通知 chứa thông tin về Chào hỏi + jiko-shoukai + vocab sân bay/ký túc/入社式.', 'dokkai', 1, 'system', TRUE, FALSE, NOW(), 'system') ON CONFLICT (id) DO UPDATE SET question_type = EXCLUDED.question_type, content_type = EXCLUDED.content_type, level = EXCLUDED.level, question = EXCLUDED.question, passage = EXCLUDED.passage, passage_translation = EXCLUDED.passage_translation, general_explanation = EXCLUDED.general_explanation, skill_category = EXCLUDED.skill_category, is_active = EXCLUDED.is_active, is_deleted = EXCLUDED.is_deleted, updated_at = NOW(), updated_by = 'system';
DELETE FROM questions_answers WHERE question_id = 811120016;
INSERT INTO questions_answers (question_id, sentence, sentence_translation, is_correct, "order") VALUES (811120016, 'Chào hỏi + jiko-shoukai + vocab sân bay/に関する情報', 'Thông tin liên quan đến Chào hỏi + jiko-shoukai + vocab sân bay/', TRUE, 1);
INSERT INTO questions_answers (question_id, sentence, sentence_translation, is_correct, "order") VALUES (811120016, '工場の歴史', 'Lịch sử nhà máy', FALSE, 2);
INSERT INTO questions_answers (question_id, sentence, sentence_translation, is_correct, "order") VALUES (811120016, '社員の名前リスト', 'Danh sách tên nhân viên', FALSE, 3);
INSERT INTO questions_answers (question_id, sentence, sentence_translation, is_correct, "order") VALUES (811120016, '設備の値段', 'Giá thiết bị', FALSE, 4);
INSERT INTO questions (id, user_id, is_system, is_khoa_cu, question_type, content_type, level, selection_type, question, passage, passage_translation, general_explanation, skill_category, base_difficulty, tenant_id, is_active, is_deleted, created_at, created_by) VALUES (811120017, NULL, TRUE, FALSE, 'reading', 'jisshusei_mogishiken_t01_dat_chan_toi_nhat', 'N4', 'single', 'この チェックリスト の主旨は何ですか? (Q1)

Ý chính của Danh mục kiểm tra này là gì? (Q1)', '81101005', NULL, 'チェックリスト chứa thông tin về Chào hỏi + jiko-shoukai + vocab sân bay/ký túc/入社式.', 'dokkai', 1, 'system', TRUE, FALSE, NOW(), 'system') ON CONFLICT (id) DO UPDATE SET question_type = EXCLUDED.question_type, content_type = EXCLUDED.content_type, level = EXCLUDED.level, question = EXCLUDED.question, passage = EXCLUDED.passage, passage_translation = EXCLUDED.passage_translation, general_explanation = EXCLUDED.general_explanation, skill_category = EXCLUDED.skill_category, is_active = EXCLUDED.is_active, is_deleted = EXCLUDED.is_deleted, updated_at = NOW(), updated_by = 'system';
DELETE FROM questions_answers WHERE question_id = 811120017;
INSERT INTO questions_answers (question_id, sentence, sentence_translation, is_correct, "order") VALUES (811120017, 'Chào hỏi + jiko-shoukai + vocab sân bay/に関する情報', 'Thông tin liên quan đến Chào hỏi + jiko-shoukai + vocab sân bay/', TRUE, 1);
INSERT INTO questions_answers (question_id, sentence, sentence_translation, is_correct, "order") VALUES (811120017, '工場の歴史', 'Lịch sử nhà máy', FALSE, 2);
INSERT INTO questions_answers (question_id, sentence, sentence_translation, is_correct, "order") VALUES (811120017, '社員の名前リスト', 'Danh sách tên nhân viên', FALSE, 3);
INSERT INTO questions_answers (question_id, sentence, sentence_translation, is_correct, "order") VALUES (811120017, '設備の値段', 'Giá thiết bị', FALSE, 4);
INSERT INTO questions (id, user_id, is_system, is_khoa_cu, question_type, content_type, level, selection_type, question, passage, passage_translation, general_explanation, skill_category, base_difficulty, tenant_id, is_active, is_deleted, created_at, created_by) VALUES (811120018, NULL, TRUE, FALSE, 'reading', 'jisshusei_mogishiken_t01_dat_chan_toi_nhat', 'N4', 'single', 'この チェックリスト の主旨は何ですか? (Q2)

Ý chính của Danh mục kiểm tra này là gì? (Q2)', '81101005', NULL, 'チェックリスト chứa thông tin về Chào hỏi + jiko-shoukai + vocab sân bay/ký túc/入社式.', 'dokkai', 1, 'system', TRUE, FALSE, NOW(), 'system') ON CONFLICT (id) DO UPDATE SET question_type = EXCLUDED.question_type, content_type = EXCLUDED.content_type, level = EXCLUDED.level, question = EXCLUDED.question, passage = EXCLUDED.passage, passage_translation = EXCLUDED.passage_translation, general_explanation = EXCLUDED.general_explanation, skill_category = EXCLUDED.skill_category, is_active = EXCLUDED.is_active, is_deleted = EXCLUDED.is_deleted, updated_at = NOW(), updated_by = 'system';
DELETE FROM questions_answers WHERE question_id = 811120018;
INSERT INTO questions_answers (question_id, sentence, sentence_translation, is_correct, "order") VALUES (811120018, 'Chào hỏi + jiko-shoukai + vocab sân bay/に関する情報', 'Thông tin liên quan đến Chào hỏi + jiko-shoukai + vocab sân bay/', TRUE, 1);
INSERT INTO questions_answers (question_id, sentence, sentence_translation, is_correct, "order") VALUES (811120018, '工場の歴史', 'Lịch sử nhà máy', FALSE, 2);
INSERT INTO questions_answers (question_id, sentence, sentence_translation, is_correct, "order") VALUES (811120018, '社員の名前リスト', 'Danh sách tên nhân viên', FALSE, 3);
INSERT INTO questions_answers (question_id, sentence, sentence_translation, is_correct, "order") VALUES (811120018, '設備の値段', 'Giá thiết bị', FALSE, 4);
INSERT INTO questions (id, user_id, is_system, is_khoa_cu, question_type, content_type, level, selection_type, question, passage, passage_translation, general_explanation, skill_category, base_difficulty, tenant_id, is_active, is_deleted, created_at, created_by) VALUES (811120019, NULL, TRUE, FALSE, 'reading', 'jisshusei_mogishiken_t01_dat_chan_toi_nhat', 'N4', 'single', 'この チェックリスト の主旨は何ですか? (Q3)

Ý chính của Danh mục kiểm tra này là gì? (Q3)', '81101005', NULL, 'チェックリスト chứa thông tin về Chào hỏi + jiko-shoukai + vocab sân bay/ký túc/入社式.', 'dokkai', 1, 'system', TRUE, FALSE, NOW(), 'system') ON CONFLICT (id) DO UPDATE SET question_type = EXCLUDED.question_type, content_type = EXCLUDED.content_type, level = EXCLUDED.level, question = EXCLUDED.question, passage = EXCLUDED.passage, passage_translation = EXCLUDED.passage_translation, general_explanation = EXCLUDED.general_explanation, skill_category = EXCLUDED.skill_category, is_active = EXCLUDED.is_active, is_deleted = EXCLUDED.is_deleted, updated_at = NOW(), updated_by = 'system';
DELETE FROM questions_answers WHERE question_id = 811120019;
INSERT INTO questions_answers (question_id, sentence, sentence_translation, is_correct, "order") VALUES (811120019, 'Chào hỏi + jiko-shoukai + vocab sân bay/に関する情報', 'Thông tin liên quan đến Chào hỏi + jiko-shoukai + vocab sân bay/', TRUE, 1);
INSERT INTO questions_answers (question_id, sentence, sentence_translation, is_correct, "order") VALUES (811120019, '工場の歴史', 'Lịch sử nhà máy', FALSE, 2);
INSERT INTO questions_answers (question_id, sentence, sentence_translation, is_correct, "order") VALUES (811120019, '社員の名前リスト', 'Danh sách tên nhân viên', FALSE, 3);
INSERT INTO questions_answers (question_id, sentence, sentence_translation, is_correct, "order") VALUES (811120019, '設備の値段', 'Giá thiết bị', FALSE, 4);
INSERT INTO questions (id, user_id, is_system, is_khoa_cu, question_type, content_type, level, selection_type, question, passage, passage_translation, general_explanation, skill_category, base_difficulty, tenant_id, is_active, is_deleted, created_at, created_by) VALUES (811120020, NULL, TRUE, FALSE, 'reading', 'jisshusei_mogishiken_t01_dat_chan_toi_nhat', 'N4', 'single', 'この チェックリスト の主旨は何ですか? (Q4)

Ý chính của Danh mục kiểm tra này là gì? (Q4)', '81101005', NULL, 'チェックリスト chứa thông tin về Chào hỏi + jiko-shoukai + vocab sân bay/ký túc/入社式.', 'dokkai', 1, 'system', TRUE, FALSE, NOW(), 'system') ON CONFLICT (id) DO UPDATE SET question_type = EXCLUDED.question_type, content_type = EXCLUDED.content_type, level = EXCLUDED.level, question = EXCLUDED.question, passage = EXCLUDED.passage, passage_translation = EXCLUDED.passage_translation, general_explanation = EXCLUDED.general_explanation, skill_category = EXCLUDED.skill_category, is_active = EXCLUDED.is_active, is_deleted = EXCLUDED.is_deleted, updated_at = NOW(), updated_by = 'system';
DELETE FROM questions_answers WHERE question_id = 811120020;
INSERT INTO questions_answers (question_id, sentence, sentence_translation, is_correct, "order") VALUES (811120020, 'Chào hỏi + jiko-shoukai + vocab sân bay/に関する情報', 'Thông tin liên quan đến Chào hỏi + jiko-shoukai + vocab sân bay/', TRUE, 1);
INSERT INTO questions_answers (question_id, sentence, sentence_translation, is_correct, "order") VALUES (811120020, '工場の歴史', 'Lịch sử nhà máy', FALSE, 2);
INSERT INTO questions_answers (question_id, sentence, sentence_translation, is_correct, "order") VALUES (811120020, '社員の名前リスト', 'Danh sách tên nhân viên', FALSE, 3);
INSERT INTO questions_answers (question_id, sentence, sentence_translation, is_correct, "order") VALUES (811120020, '設備の値段', 'Giá thiết bị', FALSE, 4);

INSERT INTO study_question_sets (id, name, description, set_type, card_count, tenant_id, is_active, is_deleted, created_at, created_by) VALUES (8110121, 'T1. Đặt chân tới Nhật — Reading Section 1: Bảng quy trình', 'Đọc hiểu Bảng quy trình', 'reading', 4, 'system', TRUE, FALSE, NOW(), 'system') ON CONFLICT (id) DO UPDATE SET name = EXCLUDED.name, description = EXCLUDED.description, set_type = EXCLUDED.set_type, card_count = EXCLUDED.card_count, is_active = EXCLUDED.is_active, is_deleted = EXCLUDED.is_deleted, updated_at = NOW(), updated_by = 'system';
INSERT INTO study_question_set_questions (study_question_set_id, question_id, order_index, tenant_id, is_deleted, created_at, created_by) VALUES (8110121, 811120001, 1, 'system', FALSE, NOW(), 'system') ON CONFLICT (study_question_set_id, question_id) DO UPDATE SET order_index = EXCLUDED.order_index, is_deleted = FALSE;
INSERT INTO study_question_set_questions (study_question_set_id, question_id, order_index, tenant_id, is_deleted, created_at, created_by) VALUES (8110121, 811120002, 2, 'system', FALSE, NOW(), 'system') ON CONFLICT (study_question_set_id, question_id) DO UPDATE SET order_index = EXCLUDED.order_index, is_deleted = FALSE;
INSERT INTO study_question_set_questions (study_question_set_id, question_id, order_index, tenant_id, is_deleted, created_at, created_by) VALUES (8110121, 811120003, 3, 'system', FALSE, NOW(), 'system') ON CONFLICT (study_question_set_id, question_id) DO UPDATE SET order_index = EXCLUDED.order_index, is_deleted = FALSE;
INSERT INTO study_question_set_questions (study_question_set_id, question_id, order_index, tenant_id, is_deleted, created_at, created_by) VALUES (8110121, 811120004, 4, 'system', FALSE, NOW(), 'system') ON CONFLICT (study_question_set_id, question_id) DO UPDATE SET order_index = EXCLUDED.order_index, is_deleted = FALSE;
INSERT INTO study_resource_question_sets (resource_type, resource_id, study_question_set_id, position, context, tenant_id, is_active, is_deleted, created_at, created_by) VALUES ('module', 8011001, 8110121, 5, '{"label": "T1. Đặt chân tới Nhật — Reading Section 1: Bảng quy trình"}'::jsonb, 'system', TRUE, FALSE, NOW(), 'system') ON CONFLICT (resource_type, resource_id, study_question_set_id) DO UPDATE SET position = EXCLUDED.position, context = EXCLUDED.context, is_active = TRUE, is_deleted = FALSE;

INSERT INTO study_question_sets (id, name, description, set_type, card_count, tenant_id, is_active, is_deleted, created_at, created_by) VALUES (8110122, 'T1. Đặt chân tới Nhật — Reading Section 2: Sổ tay hướng dẫn', 'Đọc hiểu Sổ tay hướng dẫn', 'reading', 4, 'system', TRUE, FALSE, NOW(), 'system') ON CONFLICT (id) DO UPDATE SET name = EXCLUDED.name, description = EXCLUDED.description, set_type = EXCLUDED.set_type, card_count = EXCLUDED.card_count, is_active = EXCLUDED.is_active, is_deleted = EXCLUDED.is_deleted, updated_at = NOW(), updated_by = 'system';
INSERT INTO study_question_set_questions (study_question_set_id, question_id, order_index, tenant_id, is_deleted, created_at, created_by) VALUES (8110122, 811120005, 1, 'system', FALSE, NOW(), 'system') ON CONFLICT (study_question_set_id, question_id) DO UPDATE SET order_index = EXCLUDED.order_index, is_deleted = FALSE;
INSERT INTO study_question_set_questions (study_question_set_id, question_id, order_index, tenant_id, is_deleted, created_at, created_by) VALUES (8110122, 811120006, 2, 'system', FALSE, NOW(), 'system') ON CONFLICT (study_question_set_id, question_id) DO UPDATE SET order_index = EXCLUDED.order_index, is_deleted = FALSE;
INSERT INTO study_question_set_questions (study_question_set_id, question_id, order_index, tenant_id, is_deleted, created_at, created_by) VALUES (8110122, 811120007, 3, 'system', FALSE, NOW(), 'system') ON CONFLICT (study_question_set_id, question_id) DO UPDATE SET order_index = EXCLUDED.order_index, is_deleted = FALSE;
INSERT INTO study_question_set_questions (study_question_set_id, question_id, order_index, tenant_id, is_deleted, created_at, created_by) VALUES (8110122, 811120008, 4, 'system', FALSE, NOW(), 'system') ON CONFLICT (study_question_set_id, question_id) DO UPDATE SET order_index = EXCLUDED.order_index, is_deleted = FALSE;
INSERT INTO study_resource_question_sets (resource_type, resource_id, study_question_set_id, position, context, tenant_id, is_active, is_deleted, created_at, created_by) VALUES ('module', 8011001, 8110122, 6, '{"label": "T1. Đặt chân tới Nhật — Reading Section 2: Sổ tay hướng dẫn"}'::jsonb, 'system', TRUE, FALSE, NOW(), 'system') ON CONFLICT (resource_type, resource_id, study_question_set_id) DO UPDATE SET position = EXCLUDED.position, context = EXCLUDED.context, is_active = TRUE, is_deleted = FALSE;

INSERT INTO study_question_sets (id, name, description, set_type, card_count, tenant_id, is_active, is_deleted, created_at, created_by) VALUES (8110123, 'T1. Đặt chân tới Nhật — Reading Section 3: Báo cáo', 'Đọc hiểu Báo cáo', 'reading', 4, 'system', TRUE, FALSE, NOW(), 'system') ON CONFLICT (id) DO UPDATE SET name = EXCLUDED.name, description = EXCLUDED.description, set_type = EXCLUDED.set_type, card_count = EXCLUDED.card_count, is_active = EXCLUDED.is_active, is_deleted = EXCLUDED.is_deleted, updated_at = NOW(), updated_by = 'system';
INSERT INTO study_question_set_questions (study_question_set_id, question_id, order_index, tenant_id, is_deleted, created_at, created_by) VALUES (8110123, 811120009, 1, 'system', FALSE, NOW(), 'system') ON CONFLICT (study_question_set_id, question_id) DO UPDATE SET order_index = EXCLUDED.order_index, is_deleted = FALSE;
INSERT INTO study_question_set_questions (study_question_set_id, question_id, order_index, tenant_id, is_deleted, created_at, created_by) VALUES (8110123, 811120010, 2, 'system', FALSE, NOW(), 'system') ON CONFLICT (study_question_set_id, question_id) DO UPDATE SET order_index = EXCLUDED.order_index, is_deleted = FALSE;
INSERT INTO study_question_set_questions (study_question_set_id, question_id, order_index, tenant_id, is_deleted, created_at, created_by) VALUES (8110123, 811120011, 3, 'system', FALSE, NOW(), 'system') ON CONFLICT (study_question_set_id, question_id) DO UPDATE SET order_index = EXCLUDED.order_index, is_deleted = FALSE;
INSERT INTO study_question_set_questions (study_question_set_id, question_id, order_index, tenant_id, is_deleted, created_at, created_by) VALUES (8110123, 811120012, 4, 'system', FALSE, NOW(), 'system') ON CONFLICT (study_question_set_id, question_id) DO UPDATE SET order_index = EXCLUDED.order_index, is_deleted = FALSE;
INSERT INTO study_resource_question_sets (resource_type, resource_id, study_question_set_id, position, context, tenant_id, is_active, is_deleted, created_at, created_by) VALUES ('module', 8011001, 8110123, 7, '{"label": "T1. Đặt chân tới Nhật — Reading Section 3: Báo cáo"}'::jsonb, 'system', TRUE, FALSE, NOW(), 'system') ON CONFLICT (resource_type, resource_id, study_question_set_id) DO UPDATE SET position = EXCLUDED.position, context = EXCLUDED.context, is_active = TRUE, is_deleted = FALSE;

INSERT INTO study_question_sets (id, name, description, set_type, card_count, tenant_id, is_active, is_deleted, created_at, created_by) VALUES (8110124, 'T1. Đặt chân tới Nhật — Reading Section 4: Thông báo', 'Đọc hiểu Thông báo', 'reading', 4, 'system', TRUE, FALSE, NOW(), 'system') ON CONFLICT (id) DO UPDATE SET name = EXCLUDED.name, description = EXCLUDED.description, set_type = EXCLUDED.set_type, card_count = EXCLUDED.card_count, is_active = EXCLUDED.is_active, is_deleted = EXCLUDED.is_deleted, updated_at = NOW(), updated_by = 'system';
INSERT INTO study_question_set_questions (study_question_set_id, question_id, order_index, tenant_id, is_deleted, created_at, created_by) VALUES (8110124, 811120013, 1, 'system', FALSE, NOW(), 'system') ON CONFLICT (study_question_set_id, question_id) DO UPDATE SET order_index = EXCLUDED.order_index, is_deleted = FALSE;
INSERT INTO study_question_set_questions (study_question_set_id, question_id, order_index, tenant_id, is_deleted, created_at, created_by) VALUES (8110124, 811120014, 2, 'system', FALSE, NOW(), 'system') ON CONFLICT (study_question_set_id, question_id) DO UPDATE SET order_index = EXCLUDED.order_index, is_deleted = FALSE;
INSERT INTO study_question_set_questions (study_question_set_id, question_id, order_index, tenant_id, is_deleted, created_at, created_by) VALUES (8110124, 811120015, 3, 'system', FALSE, NOW(), 'system') ON CONFLICT (study_question_set_id, question_id) DO UPDATE SET order_index = EXCLUDED.order_index, is_deleted = FALSE;
INSERT INTO study_question_set_questions (study_question_set_id, question_id, order_index, tenant_id, is_deleted, created_at, created_by) VALUES (8110124, 811120016, 4, 'system', FALSE, NOW(), 'system') ON CONFLICT (study_question_set_id, question_id) DO UPDATE SET order_index = EXCLUDED.order_index, is_deleted = FALSE;
INSERT INTO study_resource_question_sets (resource_type, resource_id, study_question_set_id, position, context, tenant_id, is_active, is_deleted, created_at, created_by) VALUES ('module', 8011001, 8110124, 8, '{"label": "T1. Đặt chân tới Nhật — Reading Section 4: Thông báo"}'::jsonb, 'system', TRUE, FALSE, NOW(), 'system') ON CONFLICT (resource_type, resource_id, study_question_set_id) DO UPDATE SET position = EXCLUDED.position, context = EXCLUDED.context, is_active = TRUE, is_deleted = FALSE;

INSERT INTO study_question_sets (id, name, description, set_type, card_count, tenant_id, is_active, is_deleted, created_at, created_by) VALUES (8110125, 'T1. Đặt chân tới Nhật — Reading Section 5: Danh mục kiểm tra', 'Đọc hiểu Danh mục kiểm tra', 'reading', 4, 'system', TRUE, FALSE, NOW(), 'system') ON CONFLICT (id) DO UPDATE SET name = EXCLUDED.name, description = EXCLUDED.description, set_type = EXCLUDED.set_type, card_count = EXCLUDED.card_count, is_active = EXCLUDED.is_active, is_deleted = EXCLUDED.is_deleted, updated_at = NOW(), updated_by = 'system';
INSERT INTO study_question_set_questions (study_question_set_id, question_id, order_index, tenant_id, is_deleted, created_at, created_by) VALUES (8110125, 811120017, 1, 'system', FALSE, NOW(), 'system') ON CONFLICT (study_question_set_id, question_id) DO UPDATE SET order_index = EXCLUDED.order_index, is_deleted = FALSE;
INSERT INTO study_question_set_questions (study_question_set_id, question_id, order_index, tenant_id, is_deleted, created_at, created_by) VALUES (8110125, 811120018, 2, 'system', FALSE, NOW(), 'system') ON CONFLICT (study_question_set_id, question_id) DO UPDATE SET order_index = EXCLUDED.order_index, is_deleted = FALSE;
INSERT INTO study_question_set_questions (study_question_set_id, question_id, order_index, tenant_id, is_deleted, created_at, created_by) VALUES (8110125, 811120019, 3, 'system', FALSE, NOW(), 'system') ON CONFLICT (study_question_set_id, question_id) DO UPDATE SET order_index = EXCLUDED.order_index, is_deleted = FALSE;
INSERT INTO study_question_set_questions (study_question_set_id, question_id, order_index, tenant_id, is_deleted, created_at, created_by) VALUES (8110125, 811120020, 4, 'system', FALSE, NOW(), 'system') ON CONFLICT (study_question_set_id, question_id) DO UPDATE SET order_index = EXCLUDED.order_index, is_deleted = FALSE;
INSERT INTO study_resource_question_sets (resource_type, resource_id, study_question_set_id, position, context, tenant_id, is_active, is_deleted, created_at, created_by) VALUES ('module', 8011001, 8110125, 9, '{"label": "T1. Đặt chân tới Nhật — Reading Section 5: Danh mục kiểm tra"}'::jsonb, 'system', TRUE, FALSE, NOW(), 'system') ON CONFLICT (resource_type, resource_id, study_question_set_id) DO UPDATE SET position = EXCLUDED.position, context = EXCLUDED.context, is_active = TRUE, is_deleted = FALSE;

-- BaiTap: t02_tuan_dau_nha_may (40 questions)
INSERT INTO questions (id, user_id, is_system, is_khoa_cu, question_type, content_type, level, selection_type, question, passage, passage_translation, general_explanation, skill_category, base_difficulty, tenant_id, is_active, is_deleted, created_at, created_by) VALUES (811210001, NULL, TRUE, FALSE, 'chon_dap_an', 'jisshusei_baitap_t02_tuan_dau_nha_may', 'N5', 'single', '「工場」(こうじょう) là:

「工場」là:', NULL, NULL, '工場 = koujou = nhà máy.', 'vocab', 1, 'system', TRUE, FALSE, NOW(), 'system') ON CONFLICT (id) DO UPDATE SET question_type = EXCLUDED.question_type, content_type = EXCLUDED.content_type, level = EXCLUDED.level, question = EXCLUDED.question, passage = EXCLUDED.passage, passage_translation = EXCLUDED.passage_translation, general_explanation = EXCLUDED.general_explanation, skill_category = EXCLUDED.skill_category, is_active = EXCLUDED.is_active, is_deleted = EXCLUDED.is_deleted, updated_at = NOW(), updated_by = 'system';
DELETE FROM questions_answers WHERE question_id = 811210001;
INSERT INTO questions_answers (question_id, sentence, sentence_translation, is_correct, "order") VALUES (811210001, 'Sân bay', 'Sân bay', FALSE, 1);
INSERT INTO questions_answers (question_id, sentence, sentence_translation, is_correct, "order") VALUES (811210001, 'Nhà máy', 'Nhà máy', TRUE, 2);
INSERT INTO questions_answers (question_id, sentence, sentence_translation, is_correct, "order") VALUES (811210001, 'Văn phòng', 'Văn phòng', FALSE, 3);
INSERT INTO questions_answers (question_id, sentence, sentence_translation, is_correct, "order") VALUES (811210001, 'Trường học', 'Trường học', FALSE, 4);
INSERT INTO questions (id, user_id, is_system, is_khoa_cu, question_type, content_type, level, selection_type, question, passage, passage_translation, general_explanation, skill_category, base_difficulty, tenant_id, is_active, is_deleted, created_at, created_by) VALUES (811210002, NULL, TRUE, FALSE, 'chon_dap_an', 'jisshusei_baitap_t02_tuan_dau_nha_may', 'N5', 'single', '「制服」(せいふく) là:

「制服」là:', NULL, NULL, '制服 = seifuku = đồng phục.', 'vocab', 1, 'system', TRUE, FALSE, NOW(), 'system') ON CONFLICT (id) DO UPDATE SET question_type = EXCLUDED.question_type, content_type = EXCLUDED.content_type, level = EXCLUDED.level, question = EXCLUDED.question, passage = EXCLUDED.passage, passage_translation = EXCLUDED.passage_translation, general_explanation = EXCLUDED.general_explanation, skill_category = EXCLUDED.skill_category, is_active = EXCLUDED.is_active, is_deleted = EXCLUDED.is_deleted, updated_at = NOW(), updated_by = 'system';
DELETE FROM questions_answers WHERE question_id = 811210002;
INSERT INTO questions_answers (question_id, sentence, sentence_translation, is_correct, "order") VALUES (811210002, 'Đồng phục', 'Đồng phục', TRUE, 1);
INSERT INTO questions_answers (question_id, sentence, sentence_translation, is_correct, "order") VALUES (811210002, 'Sách giáo khoa', 'Sách giáo khoa', FALSE, 2);
INSERT INTO questions_answers (question_id, sentence, sentence_translation, is_correct, "order") VALUES (811210002, 'Tiền lương', 'Tiền lương', FALSE, 3);
INSERT INTO questions_answers (question_id, sentence, sentence_translation, is_correct, "order") VALUES (811210002, 'Khẩu trang', 'Khẩu trang', FALSE, 4);
INSERT INTO questions (id, user_id, is_system, is_khoa_cu, question_type, content_type, level, selection_type, question, passage, passage_translation, general_explanation, skill_category, base_difficulty, tenant_id, is_active, is_deleted, created_at, created_by) VALUES (811210003, NULL, TRUE, FALSE, 'chon_dap_an', 'jisshusei_baitap_t02_tuan_dau_nha_may', 'N5', 'single', '「冷蔵」(れいぞう) の温度は:

Nhiệt độ「冷蔵」là:', NULL, NULL, '冷蔵 reizou = 0-10°C, chuẩn 4°C cho cơm hộp.', 'vocab', 1, 'system', TRUE, FALSE, NOW(), 'system') ON CONFLICT (id) DO UPDATE SET question_type = EXCLUDED.question_type, content_type = EXCLUDED.content_type, level = EXCLUDED.level, question = EXCLUDED.question, passage = EXCLUDED.passage, passage_translation = EXCLUDED.passage_translation, general_explanation = EXCLUDED.general_explanation, skill_category = EXCLUDED.skill_category, is_active = EXCLUDED.is_active, is_deleted = EXCLUDED.is_deleted, updated_at = NOW(), updated_by = 'system';
DELETE FROM questions_answers WHERE question_id = 811210003;
INSERT INTO questions_answers (question_id, sentence, sentence_translation, is_correct, "order") VALUES (811210003, '0~10°C', '0~10°C', TRUE, 1);
INSERT INTO questions_answers (question_id, sentence, sentence_translation, is_correct, "order") VALUES (811210003, '≤ −18°C', '≤ −18°C', FALSE, 2);
INSERT INTO questions_answers (question_id, sentence, sentence_translation, is_correct, "order") VALUES (811210003, '15~25°C', '15~25°C', FALSE, 3);
INSERT INTO questions_answers (question_id, sentence, sentence_translation, is_correct, "order") VALUES (811210003, '≥ 30°C', '≥ 30°C', FALSE, 4);
INSERT INTO questions (id, user_id, is_system, is_khoa_cu, question_type, content_type, level, selection_type, question, passage, passage_translation, general_explanation, skill_category, base_difficulty, tenant_id, is_active, is_deleted, created_at, created_by) VALUES (811210004, NULL, TRUE, FALSE, 'chon_dap_an', 'jisshusei_baitap_t02_tuan_dau_nha_may', 'N5', 'single', '「冷凍」(れいとう) の温度は:

Nhiệt độ「冷凍」là:', NULL, NULL, '冷凍 reitou = ≤ −18°C cho thực phẩm đông lạnh.', 'vocab', 1, 'system', TRUE, FALSE, NOW(), 'system') ON CONFLICT (id) DO UPDATE SET question_type = EXCLUDED.question_type, content_type = EXCLUDED.content_type, level = EXCLUDED.level, question = EXCLUDED.question, passage = EXCLUDED.passage, passage_translation = EXCLUDED.passage_translation, general_explanation = EXCLUDED.general_explanation, skill_category = EXCLUDED.skill_category, is_active = EXCLUDED.is_active, is_deleted = EXCLUDED.is_deleted, updated_at = NOW(), updated_by = 'system';
DELETE FROM questions_answers WHERE question_id = 811210004;
INSERT INTO questions_answers (question_id, sentence, sentence_translation, is_correct, "order") VALUES (811210004, '0~10°C', '0~10°C', FALSE, 1);
INSERT INTO questions_answers (question_id, sentence, sentence_translation, is_correct, "order") VALUES (811210004, '≤ −18°C', '≤ −18°C', TRUE, 2);
INSERT INTO questions_answers (question_id, sentence, sentence_translation, is_correct, "order") VALUES (811210004, '15~25°C', '15~25°C', FALSE, 3);
INSERT INTO questions_answers (question_id, sentence, sentence_translation, is_correct, "order") VALUES (811210004, '≥ 30°C', '≥ 30°C', FALSE, 4);
INSERT INTO questions (id, user_id, is_system, is_khoa_cu, question_type, content_type, level, selection_type, question, passage, passage_translation, general_explanation, skill_category, base_difficulty, tenant_id, is_active, is_deleted, created_at, created_by) VALUES (811210005, NULL, TRUE, FALSE, 'chon_dap_an', 'jisshusei_baitap_t02_tuan_dau_nha_may', 'N5', 'single', '5S の最初の S は:

S đầu tiên trong 5S là:', NULL, NULL, 'Thứ tự: 整理→整頓→清掃→清潔→躾.', 'vocab', 1, 'system', TRUE, FALSE, NOW(), 'system') ON CONFLICT (id) DO UPDATE SET question_type = EXCLUDED.question_type, content_type = EXCLUDED.content_type, level = EXCLUDED.level, question = EXCLUDED.question, passage = EXCLUDED.passage, passage_translation = EXCLUDED.passage_translation, general_explanation = EXCLUDED.general_explanation, skill_category = EXCLUDED.skill_category, is_active = EXCLUDED.is_active, is_deleted = EXCLUDED.is_deleted, updated_at = NOW(), updated_by = 'system';
DELETE FROM questions_answers WHERE question_id = 811210005;
INSERT INTO questions_answers (question_id, sentence, sentence_translation, is_correct, "order") VALUES (811210005, '整理 (Seiri)', NULL, TRUE, 1);
INSERT INTO questions_answers (question_id, sentence, sentence_translation, is_correct, "order") VALUES (811210005, '清掃 (Seisou)', NULL, FALSE, 2);
INSERT INTO questions_answers (question_id, sentence, sentence_translation, is_correct, "order") VALUES (811210005, '躾 (Shitsuke)', NULL, FALSE, 3);
INSERT INTO questions_answers (question_id, sentence, sentence_translation, is_correct, "order") VALUES (811210005, '整頓 (Seiton)', NULL, FALSE, 4);
INSERT INTO questions (id, user_id, is_system, is_khoa_cu, question_type, content_type, level, selection_type, question, passage, passage_translation, general_explanation, skill_category, base_difficulty, tenant_id, is_active, is_deleted, created_at, created_by) VALUES (811210006, NULL, TRUE, FALSE, 'chon_dap_an', 'jisshusei_baitap_t02_tuan_dau_nha_may', 'N5', 'single', '「金属探知機」(きんぞくたんちき) の役割:

「金属探知機」làm gì:', NULL, NULL, '金属探知機 = máy dò kim loại trước đóng gói.', 'vocab', 1, 'system', TRUE, FALSE, NOW(), 'system') ON CONFLICT (id) DO UPDATE SET question_type = EXCLUDED.question_type, content_type = EXCLUDED.content_type, level = EXCLUDED.level, question = EXCLUDED.question, passage = EXCLUDED.passage, passage_translation = EXCLUDED.passage_translation, general_explanation = EXCLUDED.general_explanation, skill_category = EXCLUDED.skill_category, is_active = EXCLUDED.is_active, is_deleted = EXCLUDED.is_deleted, updated_at = NOW(), updated_by = 'system';
DELETE FROM questions_answers WHERE question_id = 811210006;
INSERT INTO questions_answers (question_id, sentence, sentence_translation, is_correct, "order") VALUES (811210006, 'Đo trọng lượng', 'Đo trọng lượng', FALSE, 1);
INSERT INTO questions_answers (question_id, sentence, sentence_translation, is_correct, "order") VALUES (811210006, 'Phát hiện kim loại trong sản phẩm', 'Phát hiện kim loại trong sản phẩm', TRUE, 2);
INSERT INTO questions_answers (question_id, sentence, sentence_translation, is_correct, "order") VALUES (811210006, 'Khử trùng', 'Khử trùng', FALSE, 3);
INSERT INTO questions_answers (question_id, sentence, sentence_translation, is_correct, "order") VALUES (811210006, 'Đo nhiệt độ', 'Đo nhiệt độ', FALSE, 4);
INSERT INTO questions (id, user_id, is_system, is_khoa_cu, question_type, content_type, level, selection_type, question, passage, passage_translation, general_explanation, skill_category, base_difficulty, tenant_id, is_active, is_deleted, created_at, created_by) VALUES (811210007, NULL, TRUE, FALSE, 'chon_dap_an', 'jisshusei_baitap_t02_tuan_dau_nha_may', 'N5', 'single', '「マスク」をつける順番:

Thứ tự đeo「マスク」trong 8 bước:', NULL, NULL, 'Thứ tự: giày → đồng phục → mũ → khẩu trang → găng → tạp dề → ủng → air shower.', 'vocab', 1, 'system', TRUE, FALSE, NOW(), 'system') ON CONFLICT (id) DO UPDATE SET question_type = EXCLUDED.question_type, content_type = EXCLUDED.content_type, level = EXCLUDED.level, question = EXCLUDED.question, passage = EXCLUDED.passage, passage_translation = EXCLUDED.passage_translation, general_explanation = EXCLUDED.general_explanation, skill_category = EXCLUDED.skill_category, is_active = EXCLUDED.is_active, is_deleted = EXCLUDED.is_deleted, updated_at = NOW(), updated_by = 'system';
DELETE FROM questions_answers WHERE question_id = 811210007;
INSERT INTO questions_answers (question_id, sentence, sentence_translation, is_correct, "order") VALUES (811210007, 'Bước 1', 'Bước 1', FALSE, 1);
INSERT INTO questions_answers (question_id, sentence, sentence_translation, is_correct, "order") VALUES (811210007, 'Bước 4 (sau 帽子)', NULL, TRUE, 2);
INSERT INTO questions_answers (question_id, sentence, sentence_translation, is_correct, "order") VALUES (811210007, 'Bước 8 (cuối)', 'Bước 8 (cuối)', FALSE, 3);
INSERT INTO questions_answers (question_id, sentence, sentence_translation, is_correct, "order") VALUES (811210007, 'Bước 5', 'Bước 5', FALSE, 4);
INSERT INTO questions (id, user_id, is_system, is_khoa_cu, question_type, content_type, level, selection_type, question, passage, passage_translation, general_explanation, skill_category, base_difficulty, tenant_id, is_active, is_deleted, created_at, created_by) VALUES (811210008, NULL, TRUE, FALSE, 'chon_dap_an', 'jisshusei_baitap_t02_tuan_dau_nha_may', 'N5', 'single', '「エアシャワー」の時間:

「エアシャワー」mất bao lâu:', NULL, NULL, 'Air shower 30 giây = bước cuối trước vào khu SX.', 'vocab', 1, 'system', TRUE, FALSE, NOW(), 'system') ON CONFLICT (id) DO UPDATE SET question_type = EXCLUDED.question_type, content_type = EXCLUDED.content_type, level = EXCLUDED.level, question = EXCLUDED.question, passage = EXCLUDED.passage, passage_translation = EXCLUDED.passage_translation, general_explanation = EXCLUDED.general_explanation, skill_category = EXCLUDED.skill_category, is_active = EXCLUDED.is_active, is_deleted = EXCLUDED.is_deleted, updated_at = NOW(), updated_by = 'system';
DELETE FROM questions_answers WHERE question_id = 811210008;
INSERT INTO questions_answers (question_id, sentence, sentence_translation, is_correct, "order") VALUES (811210008, '10 giây', '10 giây', FALSE, 1);
INSERT INTO questions_answers (question_id, sentence, sentence_translation, is_correct, "order") VALUES (811210008, '30 giây', '30 giây', TRUE, 2);
INSERT INTO questions_answers (question_id, sentence, sentence_translation, is_correct, "order") VALUES (811210008, '1 phút', '1 phút', FALSE, 3);
INSERT INTO questions_answers (question_id, sentence, sentence_translation, is_correct, "order") VALUES (811210008, '5 phút', '5 phút', FALSE, 4);
INSERT INTO questions (id, user_id, is_system, is_khoa_cu, question_type, content_type, level, selection_type, question, passage, passage_translation, general_explanation, skill_category, base_difficulty, tenant_id, is_active, is_deleted, created_at, created_by) VALUES (811210009, NULL, TRUE, FALSE, 'chon_dap_an', 'jisshusei_baitap_t02_tuan_dau_nha_may', 'N5', 'single', '「長靴」(ながぐつ) là:

「長靴」là:', NULL, NULL, '長靴 = ủng dài, dùng trong nhà máy thực phẩm.', 'vocab', 1, 'system', TRUE, FALSE, NOW(), 'system') ON CONFLICT (id) DO UPDATE SET question_type = EXCLUDED.question_type, content_type = EXCLUDED.content_type, level = EXCLUDED.level, question = EXCLUDED.question, passage = EXCLUDED.passage, passage_translation = EXCLUDED.passage_translation, general_explanation = EXCLUDED.general_explanation, skill_category = EXCLUDED.skill_category, is_active = EXCLUDED.is_active, is_deleted = EXCLUDED.is_deleted, updated_at = NOW(), updated_by = 'system';
DELETE FROM questions_answers WHERE question_id = 811210009;
INSERT INTO questions_answers (question_id, sentence, sentence_translation, is_correct, "order") VALUES (811210009, 'Mũ', 'Mũ', FALSE, 1);
INSERT INTO questions_answers (question_id, sentence, sentence_translation, is_correct, "order") VALUES (811210009, 'Ủng', 'Ủng', TRUE, 2);
INSERT INTO questions_answers (question_id, sentence, sentence_translation, is_correct, "order") VALUES (811210009, 'Khẩu trang', 'Khẩu trang', FALSE, 3);
INSERT INTO questions_answers (question_id, sentence, sentence_translation, is_correct, "order") VALUES (811210009, 'Găng tay', 'Găng tay', FALSE, 4);
INSERT INTO questions (id, user_id, is_system, is_khoa_cu, question_type, content_type, level, selection_type, question, passage, passage_translation, general_explanation, skill_category, base_difficulty, tenant_id, is_active, is_deleted, created_at, created_by) VALUES (811210010, NULL, TRUE, FALSE, 'chon_dap_an', 'jisshusei_baitap_t02_tuan_dau_nha_may', 'N5', 'single', '「冷蔵庫」(れいぞうこ) là:

「冷蔵庫」là:', NULL, NULL, '冷蔵庫 reizouko = kho lạnh.', 'vocab', 1, 'system', TRUE, FALSE, NOW(), 'system') ON CONFLICT (id) DO UPDATE SET question_type = EXCLUDED.question_type, content_type = EXCLUDED.content_type, level = EXCLUDED.level, question = EXCLUDED.question, passage = EXCLUDED.passage, passage_translation = EXCLUDED.passage_translation, general_explanation = EXCLUDED.general_explanation, skill_category = EXCLUDED.skill_category, is_active = EXCLUDED.is_active, is_deleted = EXCLUDED.is_deleted, updated_at = NOW(), updated_by = 'system';
DELETE FROM questions_answers WHERE question_id = 811210010;
INSERT INTO questions_answers (question_id, sentence, sentence_translation, is_correct, "order") VALUES (811210010, 'Kho lạnh', 'Kho lạnh', TRUE, 1);
INSERT INTO questions_answers (question_id, sentence, sentence_translation, is_correct, "order") VALUES (811210010, 'Phòng họp', 'Phòng họp', FALSE, 2);
INSERT INTO questions_answers (question_id, sentence, sentence_translation, is_correct, "order") VALUES (811210010, 'Văn phòng', 'Văn phòng', FALSE, 3);
INSERT INTO questions_answers (question_id, sentence, sentence_translation, is_correct, "order") VALUES (811210010, 'Phòng tắm', 'Phòng tắm', FALSE, 4);
INSERT INTO questions (id, user_id, is_system, is_khoa_cu, question_type, content_type, level, selection_type, question, passage, passage_translation, general_explanation, skill_category, base_difficulty, tenant_id, is_active, is_deleted, created_at, created_by) VALUES (811210011, NULL, TRUE, FALSE, 'chon_dap_an', 'jisshusei_baitap_t02_tuan_dau_nha_may', 'N5', 'single', '「マスクを____ ください」の____に入る正しい形:

「マスクを____ ください」điền:', NULL, NULL, 'Cấu trúc ~てください = hãy ~. Te-form của つける là つけて.', 'vocab', 1, 'system', TRUE, FALSE, NOW(), 'system') ON CONFLICT (id) DO UPDATE SET question_type = EXCLUDED.question_type, content_type = EXCLUDED.content_type, level = EXCLUDED.level, question = EXCLUDED.question, passage = EXCLUDED.passage, passage_translation = EXCLUDED.passage_translation, general_explanation = EXCLUDED.general_explanation, skill_category = EXCLUDED.skill_category, is_active = EXCLUDED.is_active, is_deleted = EXCLUDED.is_deleted, updated_at = NOW(), updated_by = 'system';
DELETE FROM questions_answers WHERE question_id = 811210011;
INSERT INTO questions_answers (question_id, sentence, sentence_translation, is_correct, "order") VALUES (811210011, 'つけて', NULL, TRUE, 1);
INSERT INTO questions_answers (question_id, sentence, sentence_translation, is_correct, "order") VALUES (811210011, 'つける', NULL, FALSE, 2);
INSERT INTO questions_answers (question_id, sentence, sentence_translation, is_correct, "order") VALUES (811210011, 'つけた', NULL, FALSE, 3);
INSERT INTO questions_answers (question_id, sentence, sentence_translation, is_correct, "order") VALUES (811210011, 'つけ', NULL, FALSE, 4);
INSERT INTO questions (id, user_id, is_system, is_khoa_cu, question_type, content_type, level, selection_type, question, passage, passage_translation, general_explanation, skill_category, base_difficulty, tenant_id, is_active, is_deleted, created_at, created_by) VALUES (811210012, NULL, TRUE, FALSE, 'chon_dap_an', 'jisshusei_baitap_t02_tuan_dau_nha_may', 'N5', 'single', '「ここに入____ ないでください」の____:

「ここに入____ ないでください」điền:', NULL, NULL, 'Phủ định mệnh lệnh ~ないでください. 入る → 入らない → 入らないでください.', 'vocab', 1, 'system', TRUE, FALSE, NOW(), 'system') ON CONFLICT (id) DO UPDATE SET question_type = EXCLUDED.question_type, content_type = EXCLUDED.content_type, level = EXCLUDED.level, question = EXCLUDED.question, passage = EXCLUDED.passage, passage_translation = EXCLUDED.passage_translation, general_explanation = EXCLUDED.general_explanation, skill_category = EXCLUDED.skill_category, is_active = EXCLUDED.is_active, is_deleted = EXCLUDED.is_deleted, updated_at = NOW(), updated_by = 'system';
DELETE FROM questions_answers WHERE question_id = 811210012;
INSERT INTO questions_answers (question_id, sentence, sentence_translation, is_correct, "order") VALUES (811210012, 'ら', NULL, TRUE, 1);
INSERT INTO questions_answers (question_id, sentence, sentence_translation, is_correct, "order") VALUES (811210012, 'り', NULL, FALSE, 2);
INSERT INTO questions_answers (question_id, sentence, sentence_translation, is_correct, "order") VALUES (811210012, 'っ', NULL, FALSE, 3);
INSERT INTO questions_answers (question_id, sentence, sentence_translation, is_correct, "order") VALUES (811210012, 'る', NULL, FALSE, 4);
INSERT INTO questions (id, user_id, is_system, is_khoa_cu, question_type, content_type, level, selection_type, question, passage, passage_translation, general_explanation, skill_category, base_difficulty, tenant_id, is_active, is_deleted, created_at, created_by) VALUES (811210013, NULL, TRUE, FALSE, 'chon_dap_an', 'jisshusei_baitap_t02_tuan_dau_nha_may', 'N5', 'single', 'kho lạnh −18°C tối đa được vào bao lâu:

Kho lạnh −18°C tối đa:', NULL, NULL, 'Tối đa 30 phút mỗi lần để tránh hạ thân nhiệt.', 'vocab', 1, 'system', TRUE, FALSE, NOW(), 'system') ON CONFLICT (id) DO UPDATE SET question_type = EXCLUDED.question_type, content_type = EXCLUDED.content_type, level = EXCLUDED.level, question = EXCLUDED.question, passage = EXCLUDED.passage, passage_translation = EXCLUDED.passage_translation, general_explanation = EXCLUDED.general_explanation, skill_category = EXCLUDED.skill_category, is_active = EXCLUDED.is_active, is_deleted = EXCLUDED.is_deleted, updated_at = NOW(), updated_by = 'system';
DELETE FROM questions_answers WHERE question_id = 811210013;
INSERT INTO questions_answers (question_id, sentence, sentence_translation, is_correct, "order") VALUES (811210013, '10 phút', '10 phút', FALSE, 1);
INSERT INTO questions_answers (question_id, sentence, sentence_translation, is_correct, "order") VALUES (811210013, '30 phút', '30 phút', TRUE, 2);
INSERT INTO questions_answers (question_id, sentence, sentence_translation, is_correct, "order") VALUES (811210013, '1 giờ', '1 giờ', FALSE, 3);
INSERT INTO questions_answers (question_id, sentence, sentence_translation, is_correct, "order") VALUES (811210013, 'Không giới hạn', 'Không giới hạn', FALSE, 4);
INSERT INTO questions (id, user_id, is_system, is_khoa_cu, question_type, content_type, level, selection_type, question, passage, passage_translation, general_explanation, skill_category, base_difficulty, tenant_id, is_active, is_deleted, created_at, created_by) VALUES (811210014, NULL, TRUE, FALSE, 'chon_dap_an', 'jisshusei_baitap_t02_tuan_dau_nha_may', 'N5', 'single', 'Vào kho lạnh nên mặc:

Vào kho lạnh mặc:', NULL, NULL, '防寒着 = áo khoác chống lạnh. Găng tay 2 lớp.', 'vocab', 1, 'system', TRUE, FALSE, NOW(), 'system') ON CONFLICT (id) DO UPDATE SET question_type = EXCLUDED.question_type, content_type = EXCLUDED.content_type, level = EXCLUDED.level, question = EXCLUDED.question, passage = EXCLUDED.passage, passage_translation = EXCLUDED.passage_translation, general_explanation = EXCLUDED.general_explanation, skill_category = EXCLUDED.skill_category, is_active = EXCLUDED.is_active, is_deleted = EXCLUDED.is_deleted, updated_at = NOW(), updated_by = 'system';
DELETE FROM questions_answers WHERE question_id = 811210014;
INSERT INTO questions_answers (question_id, sentence, sentence_translation, is_correct, "order") VALUES (811210014, 'Đồng phục bình thường', 'Đồng phục bình thường', FALSE, 1);
INSERT INTO questions_answers (question_id, sentence, sentence_translation, is_correct, "order") VALUES (811210014, '防寒着 + găng tay 2 lớp', NULL, TRUE, 2);
INSERT INTO questions_answers (question_id, sentence, sentence_translation, is_correct, "order") VALUES (811210014, 'Áo thun', 'Áo thun', FALSE, 3);
INSERT INTO questions_answers (question_id, sentence, sentence_translation, is_correct, "order") VALUES (811210014, 'Áo mưa', 'Áo mưa', FALSE, 4);
INSERT INTO questions (id, user_id, is_system, is_khoa_cu, question_type, content_type, level, selection_type, question, passage, passage_translation, general_explanation, skill_category, base_difficulty, tenant_id, is_active, is_deleted, created_at, created_by) VALUES (811210015, NULL, TRUE, FALSE, 'chon_dap_an', 'jisshusei_baitap_t02_tuan_dau_nha_may', 'N5', 'single', '整頓 (Seiton) nghĩa là:

整頓 nghĩa là:', NULL, NULL, '整頓 Seiton = sắp xếp (S thứ 2 sau 整理 sàng lọc).', 'vocab', 1, 'system', TRUE, FALSE, NOW(), 'system') ON CONFLICT (id) DO UPDATE SET question_type = EXCLUDED.question_type, content_type = EXCLUDED.content_type, level = EXCLUDED.level, question = EXCLUDED.question, passage = EXCLUDED.passage, passage_translation = EXCLUDED.passage_translation, general_explanation = EXCLUDED.general_explanation, skill_category = EXCLUDED.skill_category, is_active = EXCLUDED.is_active, is_deleted = EXCLUDED.is_deleted, updated_at = NOW(), updated_by = 'system';
DELETE FROM questions_answers WHERE question_id = 811210015;
INSERT INTO questions_answers (question_id, sentence, sentence_translation, is_correct, "order") VALUES (811210015, 'Sàng lọc', 'Sàng lọc', FALSE, 1);
INSERT INTO questions_answers (question_id, sentence, sentence_translation, is_correct, "order") VALUES (811210015, 'Sắp xếp', 'Sắp xếp', TRUE, 2);
INSERT INTO questions_answers (question_id, sentence, sentence_translation, is_correct, "order") VALUES (811210015, 'Vệ sinh', 'Vệ sinh', FALSE, 3);
INSERT INTO questions_answers (question_id, sentence, sentence_translation, is_correct, "order") VALUES (811210015, 'Kỷ luật', 'Kỷ luật', FALSE, 4);
INSERT INTO questions (id, user_id, is_system, is_khoa_cu, question_type, content_type, level, selection_type, question, passage, passage_translation, general_explanation, skill_category, base_difficulty, tenant_id, is_active, is_deleted, created_at, created_by) VALUES (811210016, NULL, TRUE, FALSE, 'chon_dap_an', 'jisshusei_baitap_t02_tuan_dau_nha_may', 'N5', 'single', '躾 (Shitsuke) nghĩa là:

躾 nghĩa là:', NULL, NULL, '躾 Shitsuke = kỷ luật, S cuối cùng.', 'vocab', 1, 'system', TRUE, FALSE, NOW(), 'system') ON CONFLICT (id) DO UPDATE SET question_type = EXCLUDED.question_type, content_type = EXCLUDED.content_type, level = EXCLUDED.level, question = EXCLUDED.question, passage = EXCLUDED.passage, passage_translation = EXCLUDED.passage_translation, general_explanation = EXCLUDED.general_explanation, skill_category = EXCLUDED.skill_category, is_active = EXCLUDED.is_active, is_deleted = EXCLUDED.is_deleted, updated_at = NOW(), updated_by = 'system';
DELETE FROM questions_answers WHERE question_id = 811210016;
INSERT INTO questions_answers (question_id, sentence, sentence_translation, is_correct, "order") VALUES (811210016, 'Sàng lọc', 'Sàng lọc', FALSE, 1);
INSERT INTO questions_answers (question_id, sentence, sentence_translation, is_correct, "order") VALUES (811210016, 'Sắp xếp', 'Sắp xếp', FALSE, 2);
INSERT INTO questions_answers (question_id, sentence, sentence_translation, is_correct, "order") VALUES (811210016, 'Vệ sinh', 'Vệ sinh', FALSE, 3);
INSERT INTO questions_answers (question_id, sentence, sentence_translation, is_correct, "order") VALUES (811210016, 'Kỷ luật / tuân thủ', 'Kỷ luật / tuân thủ', TRUE, 4);
INSERT INTO questions (id, user_id, is_system, is_khoa_cu, question_type, content_type, level, selection_type, question, passage, passage_translation, general_explanation, skill_category, base_difficulty, tenant_id, is_active, is_deleted, created_at, created_by) VALUES (811210017, NULL, TRUE, FALSE, 'chon_dap_an', 'jisshusei_baitap_t02_tuan_dau_nha_may', 'N5', 'single', 'Sự cố「毛髪混入」(もうはつこんにゅう) là:

「毛髪混入」là:', NULL, NULL, 'Tóc rơi vào sản phẩm = sự cố nghiêm trọng → có thể recall.', 'vocab', 1, 'system', TRUE, FALSE, NOW(), 'system') ON CONFLICT (id) DO UPDATE SET question_type = EXCLUDED.question_type, content_type = EXCLUDED.content_type, level = EXCLUDED.level, question = EXCLUDED.question, passage = EXCLUDED.passage, passage_translation = EXCLUDED.passage_translation, general_explanation = EXCLUDED.general_explanation, skill_category = EXCLUDED.skill_category, is_active = EXCLUDED.is_active, is_deleted = EXCLUDED.is_deleted, updated_at = NOW(), updated_by = 'system';
DELETE FROM questions_answers WHERE question_id = 811210017;
INSERT INTO questions_answers (question_id, sentence, sentence_translation, is_correct, "order") VALUES (811210017, 'Lẫn tóc trong sản phẩm', 'Lẫn tóc trong sản phẩm', TRUE, 1);
INSERT INTO questions_answers (question_id, sentence, sentence_translation, is_correct, "order") VALUES (811210017, 'Lẫn kim loại', 'Lẫn kim loại', FALSE, 2);
INSERT INTO questions_answers (question_id, sentence, sentence_translation, is_correct, "order") VALUES (811210017, 'Hết hàng', 'Hết hàng', FALSE, 3);
INSERT INTO questions_answers (question_id, sentence, sentence_translation, is_correct, "order") VALUES (811210017, 'Sai nhãn', 'Sai nhãn', FALSE, 4);
INSERT INTO questions (id, user_id, is_system, is_khoa_cu, question_type, content_type, level, selection_type, question, passage, passage_translation, general_explanation, skill_category, base_difficulty, tenant_id, is_active, is_deleted, created_at, created_by) VALUES (811210018, NULL, TRUE, FALSE, 'chon_dap_an', 'jisshusei_baitap_t02_tuan_dau_nha_may', 'N5', 'single', '「大掃除」(おおそうじ) thường làm:

「大掃除」thường làm:', NULL, NULL, '大掃除 = dọn dẹp lớn cuối tuần, ~30 phút.', 'vocab', 1, 'system', TRUE, FALSE, NOW(), 'system') ON CONFLICT (id) DO UPDATE SET question_type = EXCLUDED.question_type, content_type = EXCLUDED.content_type, level = EXCLUDED.level, question = EXCLUDED.question, passage = EXCLUDED.passage, passage_translation = EXCLUDED.passage_translation, general_explanation = EXCLUDED.general_explanation, skill_category = EXCLUDED.skill_category, is_active = EXCLUDED.is_active, is_deleted = EXCLUDED.is_deleted, updated_at = NOW(), updated_by = 'system';
DELETE FROM questions_answers WHERE question_id = 811210018;
INSERT INTO questions_answers (question_id, sentence, sentence_translation, is_correct, "order") VALUES (811210018, 'Mỗi ngày', 'Mỗi ngày', FALSE, 1);
INSERT INTO questions_answers (question_id, sentence, sentence_translation, is_correct, "order") VALUES (811210018, 'Cuối tuần', 'Cuối tuần', TRUE, 2);
INSERT INTO questions_answers (question_id, sentence, sentence_translation, is_correct, "order") VALUES (811210018, 'Mỗi tháng 1 lần', 'Mỗi tháng 1 lần', FALSE, 3);
INSERT INTO questions_answers (question_id, sentence, sentence_translation, is_correct, "order") VALUES (811210018, 'Không bắt buộc', 'Không bắt buộc', FALSE, 4);
INSERT INTO questions (id, user_id, is_system, is_khoa_cu, question_type, content_type, level, selection_type, question, passage, passage_translation, general_explanation, skill_category, base_difficulty, tenant_id, is_active, is_deleted, created_at, created_by) VALUES (811210019, NULL, TRUE, FALSE, 'chon_dap_an', 'jisshusei_baitap_t02_tuan_dau_nha_may', 'N5', 'single', 'Khi sempai nhắc nhở, phản ứng tốt nhất:

Phản ứng khi sempai nhắc:', NULL, NULL, 'Quy tắc 3 bước: xin lỗi → sửa → cảm ơn.', 'vocab', 1, 'system', TRUE, FALSE, NOW(), 'system') ON CONFLICT (id) DO UPDATE SET question_type = EXCLUDED.question_type, content_type = EXCLUDED.content_type, level = EXCLUDED.level, question = EXCLUDED.question, passage = EXCLUDED.passage, passage_translation = EXCLUDED.passage_translation, general_explanation = EXCLUDED.general_explanation, skill_category = EXCLUDED.skill_category, is_active = EXCLUDED.is_active, is_deleted = EXCLUDED.is_deleted, updated_at = NOW(), updated_by = 'system';
DELETE FROM questions_answers WHERE question_id = 811210019;
INSERT INTO questions_answers (question_id, sentence, sentence_translation, is_correct, "order") VALUES (811210019, 'Bào chữa', 'Bào chữa', FALSE, 1);
INSERT INTO questions_answers (question_id, sentence, sentence_translation, is_correct, "order") VALUES (811210019, 'Im lặng', 'Im lặng', FALSE, 2);
INSERT INTO questions_answers (question_id, sentence, sentence_translation, is_correct, "order") VALUES (811210019, 'Xin lỗi → sửa → cảm ơn', 'Xin lỗi → sửa → cảm ơn', TRUE, 3);
INSERT INTO questions_answers (question_id, sentence, sentence_translation, is_correct, "order") VALUES (811210019, 'Khóc', 'Khóc', FALSE, 4);
INSERT INTO questions (id, user_id, is_system, is_khoa_cu, question_type, content_type, level, selection_type, question, passage, passage_translation, general_explanation, skill_category, base_difficulty, tenant_id, is_active, is_deleted, created_at, created_by) VALUES (811210020, NULL, TRUE, FALSE, 'chon_dap_an', 'jisshusei_baitap_t02_tuan_dau_nha_may', 'N5', 'single', '「先輩」(せんぱい) の意味:

「先輩」là:', NULL, NULL, '先輩 senpai = người vào trước (tiền bối).', 'vocab', 1, 'system', TRUE, FALSE, NOW(), 'system') ON CONFLICT (id) DO UPDATE SET question_type = EXCLUDED.question_type, content_type = EXCLUDED.content_type, level = EXCLUDED.level, question = EXCLUDED.question, passage = EXCLUDED.passage, passage_translation = EXCLUDED.passage_translation, general_explanation = EXCLUDED.general_explanation, skill_category = EXCLUDED.skill_category, is_active = EXCLUDED.is_active, is_deleted = EXCLUDED.is_deleted, updated_at = NOW(), updated_by = 'system';
DELETE FROM questions_answers WHERE question_id = 811210020;
INSERT INTO questions_answers (question_id, sentence, sentence_translation, is_correct, "order") VALUES (811210020, 'Người mới', 'Người mới', FALSE, 1);
INSERT INTO questions_answers (question_id, sentence, sentence_translation, is_correct, "order") VALUES (811210020, 'Tiền bối', 'Tiền bối', TRUE, 2);
INSERT INTO questions_answers (question_id, sentence, sentence_translation, is_correct, "order") VALUES (811210020, 'Khách hàng', 'Khách hàng', FALSE, 3);
INSERT INTO questions_answers (question_id, sentence, sentence_translation, is_correct, "order") VALUES (811210020, 'Sếp', 'Sếp', FALSE, 4);
INSERT INTO questions (id, user_id, is_system, is_khoa_cu, question_type, content_type, level, selection_type, question, passage, passage_translation, general_explanation, skill_category, base_difficulty, tenant_id, is_active, is_deleted, created_at, created_by) VALUES (811210021, NULL, TRUE, FALSE, 'chon_dap_an', 'jisshusei_baitap_t02_tuan_dau_nha_may', 'N4', 'single', 'Trong ký túc, gặp Andi (TTS Indonesia) lần đầu, nên:

Gặp Andi lần đầu:', NULL, NULL, 'Cùng ký túc → chào friendly. English/JP đơn giản OK.', 'vocab', 1, 'system', TRUE, FALSE, NOW(), 'system') ON CONFLICT (id) DO UPDATE SET question_type = EXCLUDED.question_type, content_type = EXCLUDED.content_type, level = EXCLUDED.level, question = EXCLUDED.question, passage = EXCLUDED.passage, passage_translation = EXCLUDED.passage_translation, general_explanation = EXCLUDED.general_explanation, skill_category = EXCLUDED.skill_category, is_active = EXCLUDED.is_active, is_deleted = EXCLUDED.is_deleted, updated_at = NOW(), updated_by = 'system';
DELETE FROM questions_answers WHERE question_id = 811210021;
INSERT INTO questions_answers (question_id, sentence, sentence_translation, is_correct, "order") VALUES (811210021, 'Im lặng vì khác nước', 'Im lặng vì khác nước', FALSE, 1);
INSERT INTO questions_answers (question_id, sentence, sentence_translation, is_correct, "order") VALUES (811210021, 'Chào + tự giới thiệu (English/JP đơn giản)', 'Chào + tự giới thiệu (English/JP đơn giản)', TRUE, 2);
INSERT INTO questions_answers (question_id, sentence, sentence_translation, is_correct, "order") VALUES (811210021, 'Chỉ chào tiếng Nhật formal', 'Chỉ chào tiếng Nhật formal', FALSE, 3);
INSERT INTO questions_answers (question_id, sentence, sentence_translation, is_correct, "order") VALUES (811210021, 'Đợi anh ấy chào trước', 'Đợi anh ấy chào trước', FALSE, 4);
INSERT INTO questions (id, user_id, is_system, is_khoa_cu, question_type, content_type, level, selection_type, question, passage, passage_translation, general_explanation, skill_category, base_difficulty, tenant_id, is_active, is_deleted, created_at, created_by) VALUES (811210022, NULL, TRUE, FALSE, 'chon_dap_an', 'jisshusei_baitap_t02_tuan_dau_nha_may', 'N4', 'single', 'Khi áo bị lệch trong nhà máy, hậu quả nguy hiểm nhất:

Áo lệch trong nhà máy nguy hiểm vì:', NULL, NULL, 'Tóc rơi vào SP = contamination = có thể recall.', 'vocab', 1, 'system', TRUE, FALSE, NOW(), 'system') ON CONFLICT (id) DO UPDATE SET question_type = EXCLUDED.question_type, content_type = EXCLUDED.content_type, level = EXCLUDED.level, question = EXCLUDED.question, passage = EXCLUDED.passage, passage_translation = EXCLUDED.passage_translation, general_explanation = EXCLUDED.general_explanation, skill_category = EXCLUDED.skill_category, is_active = EXCLUDED.is_active, is_deleted = EXCLUDED.is_deleted, updated_at = NOW(), updated_by = 'system';
DELETE FROM questions_answers WHERE question_id = 811210022;
INSERT INTO questions_answers (question_id, sentence, sentence_translation, is_correct, "order") VALUES (811210022, 'Mất điểm với sếp', 'Mất điểm với sếp', FALSE, 1);
INSERT INTO questions_answers (question_id, sentence, sentence_translation, is_correct, "order") VALUES (811210022, 'Tóc rơi → contamination → recall', 'Tóc rơi → contamination → recall', TRUE, 2);
INSERT INTO questions_answers (question_id, sentence, sentence_translation, is_correct, "order") VALUES (811210022, 'Bị phạt tiền', 'Bị phạt tiền', FALSE, 3);
INSERT INTO questions_answers (question_id, sentence, sentence_translation, is_correct, "order") VALUES (811210022, 'Không sao', 'Không sao', FALSE, 4);
INSERT INTO questions (id, user_id, is_system, is_khoa_cu, question_type, content_type, level, selection_type, question, passage, passage_translation, general_explanation, skill_category, base_difficulty, tenant_id, is_active, is_deleted, created_at, created_by) VALUES (811210023, NULL, TRUE, FALSE, 'chon_dap_an', 'jisshusei_baitap_t02_tuan_dau_nha_may', 'N4', 'single', 'Khi Yamada-san (đồng nghiệp Nhật cùng line) chào, nên:

Yamada-san chào:', NULL, NULL, 'Đồng nghiệp cùng cấp → chào friendly + cười nhẹ + nhớ tên.', 'vocab', 1, 'system', TRUE, FALSE, NOW(), 'system') ON CONFLICT (id) DO UPDATE SET question_type = EXCLUDED.question_type, content_type = EXCLUDED.content_type, level = EXCLUDED.level, question = EXCLUDED.question, passage = EXCLUDED.passage, passage_translation = EXCLUDED.passage_translation, general_explanation = EXCLUDED.general_explanation, skill_category = EXCLUDED.skill_category, is_active = EXCLUDED.is_active, is_deleted = EXCLUDED.is_deleted, updated_at = NOW(), updated_by = 'system';
DELETE FROM questions_answers WHERE question_id = 811210023;
INSERT INTO questions_answers (question_id, sentence, sentence_translation, is_correct, "order") VALUES (811210023, 'Im lặng', 'Im lặng', FALSE, 1);
INSERT INTO questions_answers (question_id, sentence, sentence_translation, is_correct, "order") VALUES (811210023, 'Chào lại + tên + cười nhẹ', 'Chào lại + tên + cười nhẹ', TRUE, 2);
INSERT INTO questions_answers (question_id, sentence, sentence_translation, is_correct, "order") VALUES (811210023, 'Cúi 90°', 'Cúi 90°', FALSE, 3);
INSERT INTO questions_answers (question_id, sentence, sentence_translation, is_correct, "order") VALUES (811210023, 'Cười to', 'Cười to', FALSE, 4);
INSERT INTO questions (id, user_id, is_system, is_khoa_cu, question_type, content_type, level, selection_type, question, passage, passage_translation, general_explanation, skill_category, base_difficulty, tenant_id, is_active, is_deleted, created_at, created_by) VALUES (811210024, NULL, TRUE, FALSE, 'chon_dap_an', 'jisshusei_baitap_t02_tuan_dau_nha_may', 'N4', 'single', 'Lần đầu vào kho lạnh, cảm thấy lạnh quá, nên:

Lạnh quá trong kho lạnh:', NULL, NULL, 'Sức khoẻ trước hết. Báo + ra nghỉ là ĐÚNG, không xấu hổ.', 'vocab', 1, 'system', TRUE, FALSE, NOW(), 'system') ON CONFLICT (id) DO UPDATE SET question_type = EXCLUDED.question_type, content_type = EXCLUDED.content_type, level = EXCLUDED.level, question = EXCLUDED.question, passage = EXCLUDED.passage, passage_translation = EXCLUDED.passage_translation, general_explanation = EXCLUDED.general_explanation, skill_category = EXCLUDED.skill_category, is_active = EXCLUDED.is_active, is_deleted = EXCLUDED.is_deleted, updated_at = NOW(), updated_by = 'system';
DELETE FROM questions_answers WHERE question_id = 811210024;
INSERT INTO questions_answers (question_id, sentence, sentence_translation, is_correct, "order") VALUES (811210024, 'Cố chịu vì sợ mất mặt', 'Cố chịu vì sợ mất mặt', FALSE, 1);
INSERT INTO questions_answers (question_id, sentence, sentence_translation, is_correct, "order") VALUES (811210024, 'Báo Yamada/Satou + ra ngoài nghỉ', 'Báo Yamada/Satou + ra ngoài nghỉ', TRUE, 2);
INSERT INTO questions_answers (question_id, sentence, sentence_translation, is_correct, "order") VALUES (811210024, 'Tự ý ra mà không báo', 'Tự ý ra mà không báo', FALSE, 3);
INSERT INTO questions_answers (question_id, sentence, sentence_translation, is_correct, "order") VALUES (811210024, 'Tăng nhiệt độ', 'Tăng nhiệt độ', FALSE, 4);
INSERT INTO questions (id, user_id, is_system, is_khoa_cu, question_type, content_type, level, selection_type, question, passage, passage_translation, general_explanation, skill_category, base_difficulty, tenant_id, is_active, is_deleted, created_at, created_by) VALUES (811210025, NULL, TRUE, FALSE, 'chon_dap_an', 'jisshusei_baitap_t02_tuan_dau_nha_may', 'N4', 'single', 'Khi Kimura-san quát to lần đầu, cảm xúc bình thường:

Cảm xúc khi bị Kimura quát:', NULL, NULL, 'Cảm xúc bình thường — không xấu hổ. Sau đó kể với sempai khác.', 'vocab', 1, 'system', TRUE, FALSE, NOW(), 'system') ON CONFLICT (id) DO UPDATE SET question_type = EXCLUDED.question_type, content_type = EXCLUDED.content_type, level = EXCLUDED.level, question = EXCLUDED.question, passage = EXCLUDED.passage, passage_translation = EXCLUDED.passage_translation, general_explanation = EXCLUDED.general_explanation, skill_category = EXCLUDED.skill_category, is_active = EXCLUDED.is_active, is_deleted = EXCLUDED.is_deleted, updated_at = NOW(), updated_by = 'system';
DELETE FROM questions_answers WHERE question_id = 811210025;
INSERT INTO questions_answers (question_id, sentence, sentence_translation, is_correct, "order") VALUES (811210025, 'Vui vẻ chấp nhận', 'Vui vẻ chấp nhận', FALSE, 1);
INSERT INTO questions_answers (question_id, sentence, sentence_translation, is_correct, "order") VALUES (811210025, 'Sợ + ấm ức + muốn khóc — bình thường', 'Sợ + ấm ức + muốn khóc — bình thường', TRUE, 2);
INSERT INTO questions_answers (question_id, sentence, sentence_translation, is_correct, "order") VALUES (811210025, 'Hoàn toàn bình tĩnh', 'Hoàn toàn bình tĩnh', FALSE, 3);
INSERT INTO questions_answers (question_id, sentence, sentence_translation, is_correct, "order") VALUES (811210025, 'Tức giận quát lại', 'Tức giận quát lại', FALSE, 4);
INSERT INTO questions (id, user_id, is_system, is_khoa_cu, question_type, content_type, level, selection_type, question, passage, passage_translation, general_explanation, skill_category, base_difficulty, tenant_id, is_active, is_deleted, created_at, created_by) VALUES (811210026, NULL, TRUE, FALSE, 'chon_dap_an', 'jisshusei_baitap_t02_tuan_dau_nha_may', 'N4', 'single', 'Sau khi bị nhắc, cách phản ứng SAI:

Phản ứng SAI sau khi bị nhắc:', NULL, NULL, 'Bào chữa = càng tệ. Phải nhận trách nhiệm.', 'vocab', 1, 'system', TRUE, FALSE, NOW(), 'system') ON CONFLICT (id) DO UPDATE SET question_type = EXCLUDED.question_type, content_type = EXCLUDED.content_type, level = EXCLUDED.level, question = EXCLUDED.question, passage = EXCLUDED.passage, passage_translation = EXCLUDED.passage_translation, general_explanation = EXCLUDED.general_explanation, skill_category = EXCLUDED.skill_category, is_active = EXCLUDED.is_active, is_deleted = EXCLUDED.is_deleted, updated_at = NOW(), updated_by = 'system';
DELETE FROM questions_answers WHERE question_id = 811210026;
INSERT INTO questions_answers (question_id, sentence, sentence_translation, is_correct, "order") VALUES (811210026, 'Sửa ngay', 'Sửa ngay', FALSE, 1);
INSERT INTO questions_answers (question_id, sentence, sentence_translation, is_correct, "order") VALUES (811210026, 'Cảm ơn', 'Cảm ơn', FALSE, 2);
INSERT INTO questions_answers (question_id, sentence, sentence_translation, is_correct, "order") VALUES (811210026, 'Bào chữa「でも、暑くて...」', NULL, TRUE, 3);
INSERT INTO questions_answers (question_id, sentence, sentence_translation, is_correct, "order") VALUES (811210026, 'Cẩn thận lần sau', 'Cẩn thận lần sau', FALSE, 4);
INSERT INTO questions (id, user_id, is_system, is_khoa_cu, question_type, content_type, level, selection_type, question, passage, passage_translation, general_explanation, skill_category, base_difficulty, tenant_id, is_active, is_deleted, created_at, created_by) VALUES (811210027, NULL, TRUE, FALSE, 'chon_dap_an', 'jisshusei_baitap_t02_tuan_dau_nha_may', 'N4', 'single', 'Đeo găng tay trước hay sau khi rửa tay?

Thứ tự găng tay vs rửa tay:', NULL, NULL, 'Rửa tay 30s → găng tay (bước 5 của 8 bước bảo hộ).', 'vocab', 1, 'system', TRUE, FALSE, NOW(), 'system') ON CONFLICT (id) DO UPDATE SET question_type = EXCLUDED.question_type, content_type = EXCLUDED.content_type, level = EXCLUDED.level, question = EXCLUDED.question, passage = EXCLUDED.passage, passage_translation = EXCLUDED.passage_translation, general_explanation = EXCLUDED.general_explanation, skill_category = EXCLUDED.skill_category, is_active = EXCLUDED.is_active, is_deleted = EXCLUDED.is_deleted, updated_at = NOW(), updated_by = 'system';
DELETE FROM questions_answers WHERE question_id = 811210027;
INSERT INTO questions_answers (question_id, sentence, sentence_translation, is_correct, "order") VALUES (811210027, 'Trước rửa tay', 'Trước rửa tay', FALSE, 1);
INSERT INTO questions_answers (question_id, sentence, sentence_translation, is_correct, "order") VALUES (811210027, 'Sau rửa tay 30s', 'Sau rửa tay 30s', TRUE, 2);
INSERT INTO questions_answers (question_id, sentence, sentence_translation, is_correct, "order") VALUES (811210027, 'Cùng lúc', 'Cùng lúc', FALSE, 3);
INSERT INTO questions_answers (question_id, sentence, sentence_translation, is_correct, "order") VALUES (811210027, 'Không cần rửa', 'Không cần rửa', FALSE, 4);
INSERT INTO questions (id, user_id, is_system, is_khoa_cu, question_type, content_type, level, selection_type, question, passage, passage_translation, general_explanation, skill_category, base_difficulty, tenant_id, is_active, is_deleted, created_at, created_by) VALUES (811210028, NULL, TRUE, FALSE, 'chon_dap_an', 'jisshusei_baitap_t02_tuan_dau_nha_may', 'N4', 'single', 'Lý do KHÔNG dùng「了解です」 với Kimura:

Tại sao không「了解です」 với Kimura:', NULL, NULL, '「了解です」 = casual với bạn. Với sempai/sếp dùng「承知しました」 hoặc「かしこまりました」.', 'vocab', 1, 'system', TRUE, FALSE, NOW(), 'system') ON CONFLICT (id) DO UPDATE SET question_type = EXCLUDED.question_type, content_type = EXCLUDED.content_type, level = EXCLUDED.level, question = EXCLUDED.question, passage = EXCLUDED.passage, passage_translation = EXCLUDED.passage_translation, general_explanation = EXCLUDED.general_explanation, skill_category = EXCLUDED.skill_category, is_active = EXCLUDED.is_active, is_deleted = EXCLUDED.is_deleted, updated_at = NOW(), updated_by = 'system';
DELETE FROM questions_answers WHERE question_id = 811210028;
INSERT INTO questions_answers (question_id, sentence, sentence_translation, is_correct, "order") VALUES (811210028, 'Quá ngắn', 'Quá ngắn', FALSE, 1);
INSERT INTO questions_answers (question_id, sentence, sentence_translation, is_correct, "order") VALUES (811210028, 'Quá casual cho sempai/sếp', 'Quá casual cho sempai/sếp', TRUE, 2);
INSERT INTO questions_answers (question_id, sentence, sentence_translation, is_correct, "order") VALUES (811210028, 'Sai ngữ pháp', 'Sai ngữ pháp', FALSE, 3);
INSERT INTO questions_answers (question_id, sentence, sentence_translation, is_correct, "order") VALUES (811210028, 'Không có nghĩa', 'Không có nghĩa', FALSE, 4);
INSERT INTO questions (id, user_id, is_system, is_khoa_cu, question_type, content_type, level, selection_type, question, passage, passage_translation, general_explanation, skill_category, base_difficulty, tenant_id, is_active, is_deleted, created_at, created_by) VALUES (811210029, NULL, TRUE, FALSE, 'chon_dap_an', 'jisshusei_baitap_t02_tuan_dau_nha_may', 'N4', 'single', 'Khi rời line đi vệ sinh, cách đúng:

Rời line đi vệ sinh:', NULL, NULL, 'Quy tắc cứng: KHÔNG bỏ vị trí trống. Đợi relief.', 'vocab', 1, 'system', TRUE, FALSE, NOW(), 'system') ON CONFLICT (id) DO UPDATE SET question_type = EXCLUDED.question_type, content_type = EXCLUDED.content_type, level = EXCLUDED.level, question = EXCLUDED.question, passage = EXCLUDED.passage, passage_translation = EXCLUDED.passage_translation, general_explanation = EXCLUDED.general_explanation, skill_category = EXCLUDED.skill_category, is_active = EXCLUDED.is_active, is_deleted = EXCLUDED.is_deleted, updated_at = NOW(), updated_by = 'system';
DELETE FROM questions_answers WHERE question_id = 811210029;
INSERT INTO questions_answers (question_id, sentence, sentence_translation, is_correct, "order") VALUES (811210029, 'Đi luôn', 'Đi luôn', FALSE, 1);
INSERT INTO questions_answers (question_id, sentence, sentence_translation, is_correct, "order") VALUES (811210029, 'Giơ tay → đợi sempai relief đến thay', 'Giơ tay → đợi sempai relief đến thay', TRUE, 2);
INSERT INTO questions_answers (question_id, sentence, sentence_translation, is_correct, "order") VALUES (811210029, 'Nhịn cả ca', 'Nhịn cả ca', FALSE, 3);
INSERT INTO questions_answers (question_id, sentence, sentence_translation, is_correct, "order") VALUES (811210029, 'Báo qua điện thoại', 'Báo qua điện thoại', FALSE, 4);
INSERT INTO questions (id, user_id, is_system, is_khoa_cu, question_type, content_type, level, selection_type, question, passage, passage_translation, general_explanation, skill_category, base_difficulty, tenant_id, is_active, is_deleted, created_at, created_by) VALUES (811210030, NULL, TRUE, FALSE, 'chon_dap_an', 'jisshusei_baitap_t02_tuan_dau_nha_may', 'N4', 'single', 'Khi máy báo lỗi, bước đầu tiên:

Bước đầu khi máy lỗi:', NULL, NULL, 'Bước 1: STOP → bước 2: signal → bước 3: báo cụm chuẩn.', 'vocab', 1, 'system', TRUE, FALSE, NOW(), 'system') ON CONFLICT (id) DO UPDATE SET question_type = EXCLUDED.question_type, content_type = EXCLUDED.content_type, level = EXCLUDED.level, question = EXCLUDED.question, passage = EXCLUDED.passage, passage_translation = EXCLUDED.passage_translation, general_explanation = EXCLUDED.general_explanation, skill_category = EXCLUDED.skill_category, is_active = EXCLUDED.is_active, is_deleted = EXCLUDED.is_deleted, updated_at = NOW(), updated_by = 'system';
DELETE FROM questions_answers WHERE question_id = 811210030;
INSERT INTO questions_answers (question_id, sentence, sentence_translation, is_correct, "order") VALUES (811210030, 'Chạy đi báo sếp', 'Chạy đi báo sếp', FALSE, 1);
INSERT INTO questions_answers (question_id, sentence, sentence_translation, is_correct, "order") VALUES (811210030, 'BẤM NÚT DỪNG → giơ tay → báo cụm chuẩn', 'BẤM NÚT DỪNG → giơ tay → báo cụm chuẩn', TRUE, 2);
INSERT INTO questions_answers (question_id, sentence, sentence_translation, is_correct, "order") VALUES (811210030, 'Tự sửa', 'Tự sửa', FALSE, 3);
INSERT INTO questions_answers (question_id, sentence, sentence_translation, is_correct, "order") VALUES (811210030, 'Đợi máy tự khôi phục', 'Đợi máy tự khôi phục', FALSE, 4);
INSERT INTO questions (id, user_id, is_system, is_khoa_cu, question_type, content_type, level, selection_type, question, passage, passage_translation, general_explanation, skill_category, base_difficulty, tenant_id, is_active, is_deleted, created_at, created_by) VALUES (811210031, NULL, TRUE, FALSE, 'chon_dap_an', 'jisshusei_baitap_t02_tuan_dau_nha_may', 'N4', 'single', 'Tại sao 5S là gốc của HACCP?

Tại sao 5S = gốc HACCP:', NULL, NULL, '5S = nền tảng vệ sinh + tổ chức. Không 5S thì HACCP không vận hành được.', 'vocab', 1, 'system', TRUE, FALSE, NOW(), 'system') ON CONFLICT (id) DO UPDATE SET question_type = EXCLUDED.question_type, content_type = EXCLUDED.content_type, level = EXCLUDED.level, question = EXCLUDED.question, passage = EXCLUDED.passage, passage_translation = EXCLUDED.passage_translation, general_explanation = EXCLUDED.general_explanation, skill_category = EXCLUDED.skill_category, is_active = EXCLUDED.is_active, is_deleted = EXCLUDED.is_deleted, updated_at = NOW(), updated_by = 'system';
DELETE FROM questions_answers WHERE question_id = 811210031;
INSERT INTO questions_answers (question_id, sentence, sentence_translation, is_correct, "order") VALUES (811210031, 'Vì 5S phổ biến', 'Vì 5S phổ biến', FALSE, 1);
INSERT INTO questions_answers (question_id, sentence, sentence_translation, is_correct, "order") VALUES (811210031, 'Vì không 5S = không thể duy trì vệ sinh = không thể HACCP', 'Vì không 5S = không thể duy trì vệ sinh = không thể HACCP', TRUE, 2);
INSERT INTO questions_answers (question_id, sentence, sentence_translation, is_correct, "order") VALUES (811210031, 'Vì Toyota tạo ra', 'Vì Toyota tạo ra', FALSE, 3);
INSERT INTO questions_answers (question_id, sentence, sentence_translation, is_correct, "order") VALUES (811210031, 'Vì có 5 chữ', 'Vì có 5 chữ', FALSE, 4);
INSERT INTO questions (id, user_id, is_system, is_khoa_cu, question_type, content_type, level, selection_type, question, passage, passage_translation, general_explanation, skill_category, base_difficulty, tenant_id, is_active, is_deleted, created_at, created_by) VALUES (811210032, NULL, TRUE, FALSE, 'chon_dap_an', 'jisshusei_baitap_t02_tuan_dau_nha_may', 'N4', 'single', 'Khác giữa「指導員」(shidouin) và「先輩」(senpai)?

指導員 vs 先輩:', NULL, NULL, '指導員 = chỉ đạo viên, vai trò chính thức theo OTIT. 先輩 = relative seniority.', 'vocab', 1, 'system', TRUE, FALSE, NOW(), 'system') ON CONFLICT (id) DO UPDATE SET question_type = EXCLUDED.question_type, content_type = EXCLUDED.content_type, level = EXCLUDED.level, question = EXCLUDED.question, passage = EXCLUDED.passage, passage_translation = EXCLUDED.passage_translation, general_explanation = EXCLUDED.general_explanation, skill_category = EXCLUDED.skill_category, is_active = EXCLUDED.is_active, is_deleted = EXCLUDED.is_deleted, updated_at = NOW(), updated_by = 'system';
DELETE FROM questions_answers WHERE question_id = 811210032;
INSERT INTO questions_answers (question_id, sentence, sentence_translation, is_correct, "order") VALUES (811210032, 'Cùng nghĩa', 'Cùng nghĩa', FALSE, 1);
INSERT INTO questions_answers (question_id, sentence, sentence_translation, is_correct, "order") VALUES (811210032, '指導員 = vai trò chính thức quản lý TTS; 先輩 = người vào trước (relative)', NULL, TRUE, 2);
INSERT INTO questions_answers (question_id, sentence, sentence_translation, is_correct, "order") VALUES (811210032, '指導員 trẻ hơn', NULL, FALSE, 3);
INSERT INTO questions_answers (question_id, sentence, sentence_translation, is_correct, "order") VALUES (811210032, '先輩 phải có chứng chỉ', NULL, FALSE, 4);
INSERT INTO questions (id, user_id, is_system, is_khoa_cu, question_type, content_type, level, selection_type, question, passage, passage_translation, general_explanation, skill_category, base_difficulty, tenant_id, is_active, is_deleted, created_at, created_by) VALUES (811210033, NULL, TRUE, FALSE, 'chon_dap_an', 'jisshusei_baitap_t02_tuan_dau_nha_may', 'N4', 'single', 'Tại sao Kimura-san khắt khe?

Lý do Kimura khắt khe:', NULL, NULL, 'Kimura chịu trách nhiệm vệ sinh — 1 lỗi = recall = mất công ty triệu yen. Khắt khe = professional.', 'vocab', 1, 'system', TRUE, FALSE, NOW(), 'system') ON CONFLICT (id) DO UPDATE SET question_type = EXCLUDED.question_type, content_type = EXCLUDED.content_type, level = EXCLUDED.level, question = EXCLUDED.question, passage = EXCLUDED.passage, passage_translation = EXCLUDED.passage_translation, general_explanation = EXCLUDED.general_explanation, skill_category = EXCLUDED.skill_category, is_active = EXCLUDED.is_active, is_deleted = EXCLUDED.is_deleted, updated_at = NOW(), updated_by = 'system';
DELETE FROM questions_answers WHERE question_id = 811210033;
INSERT INTO questions_answers (question_id, sentence, sentence_translation, is_correct, "order") VALUES (811210033, 'Tính cách xấu', 'Tính cách xấu', FALSE, 1);
INSERT INTO questions_answers (question_id, sentence, sentence_translation, is_correct, "order") VALUES (811210033, 'Vai trò trách nhiệm vệ sinh nặng nề + áp lực audit/recall', 'Vai trò trách nhiệm vệ sinh nặng nề + áp lực audit/recall', TRUE, 2);
INSERT INTO questions_answers (question_id, sentence, sentence_translation, is_correct, "order") VALUES (811210033, 'Ghét người nước ngoài', 'Ghét người nước ngoài', FALSE, 3);
INSERT INTO questions_answers (question_id, sentence, sentence_translation, is_correct, "order") VALUES (811210033, 'Mới được lên chức', 'Mới được lên chức', FALSE, 4);
INSERT INTO questions (id, user_id, is_system, is_khoa_cu, question_type, content_type, level, selection_type, question, passage, passage_translation, general_explanation, skill_category, base_difficulty, tenant_id, is_active, is_deleted, created_at, created_by) VALUES (811210034, NULL, TRUE, FALSE, 'chon_dap_an', 'jisshusei_baitap_t02_tuan_dau_nha_may', 'N4', 'single', 'Khi cảm thấy không công bằng vì sempai khắt khe, tốt nhất:

Sempai khắt khe quá:', NULL, NULL, 'Văn hoá Nhật: KHÔNG xung đột public. Đi qua trung gian (sempai khác).', 'vocab', 1, 'system', TRUE, FALSE, NOW(), 'system') ON CONFLICT (id) DO UPDATE SET question_type = EXCLUDED.question_type, content_type = EXCLUDED.content_type, level = EXCLUDED.level, question = EXCLUDED.question, passage = EXCLUDED.passage, passage_translation = EXCLUDED.passage_translation, general_explanation = EXCLUDED.general_explanation, skill_category = EXCLUDED.skill_category, is_active = EXCLUDED.is_active, is_deleted = EXCLUDED.is_deleted, updated_at = NOW(), updated_by = 'system';
DELETE FROM questions_answers WHERE question_id = 811210034;
INSERT INTO questions_answers (question_id, sentence, sentence_translation, is_correct, "order") VALUES (811210034, 'Phàn nàn với buchou', 'Phàn nàn với buchou', FALSE, 1);
INSERT INTO questions_answers (question_id, sentence, sentence_translation, is_correct, "order") VALUES (811210034, 'Kể với sempai khác (vd Satou) trước, hiểu ngữ cảnh', 'Kể với sempai khác (vd Satou) trước, hiểu ngữ cảnh', TRUE, 2);
INSERT INTO questions_answers (question_id, sentence, sentence_translation, is_correct, "order") VALUES (811210034, 'Im lặng chịu đựng', 'Im lặng chịu đựng', FALSE, 3);
INSERT INTO questions_answers (question_id, sentence, sentence_translation, is_correct, "order") VALUES (811210034, 'Quát lại', 'Quát lại', FALSE, 4);
INSERT INTO questions (id, user_id, is_system, is_khoa_cu, question_type, content_type, level, selection_type, question, passage, passage_translation, general_explanation, skill_category, base_difficulty, tenant_id, is_active, is_deleted, created_at, created_by) VALUES (811210035, NULL, TRUE, FALSE, 'chon_dap_an', 'jisshusei_baitap_t02_tuan_dau_nha_may', 'N4', 'single', 'Sự khác biệt giữa「整理」 (seiri) và「整頓」 (seiton)?

整理 vs 整頓:', NULL, NULL, '整理 = sàng lọc trước. 整頓 = sắp xếp sau. Phải làm theo thứ tự.', 'vocab', 1, 'system', TRUE, FALSE, NOW(), 'system') ON CONFLICT (id) DO UPDATE SET question_type = EXCLUDED.question_type, content_type = EXCLUDED.content_type, level = EXCLUDED.level, question = EXCLUDED.question, passage = EXCLUDED.passage, passage_translation = EXCLUDED.passage_translation, general_explanation = EXCLUDED.general_explanation, skill_category = EXCLUDED.skill_category, is_active = EXCLUDED.is_active, is_deleted = EXCLUDED.is_deleted, updated_at = NOW(), updated_by = 'system';
DELETE FROM questions_answers WHERE question_id = 811210035;
INSERT INTO questions_answers (question_id, sentence, sentence_translation, is_correct, "order") VALUES (811210035, 'Cùng nghĩa', 'Cùng nghĩa', FALSE, 1);
INSERT INTO questions_answers (question_id, sentence, sentence_translation, is_correct, "order") VALUES (811210035, '整理 = sàng lọc/bỏ thứ không cần; 整頓 = sắp xếp thứ giữ lại', NULL, TRUE, 2);
INSERT INTO questions_answers (question_id, sentence, sentence_translation, is_correct, "order") VALUES (811210035, '整頓 trước 整理', NULL, FALSE, 3);
INSERT INTO questions_answers (question_id, sentence, sentence_translation, is_correct, "order") VALUES (811210035, 'Cả 2 = vệ sinh', 'Cả 2 = vệ sinh', FALSE, 4);
INSERT INTO questions (id, user_id, is_system, is_khoa_cu, question_type, content_type, level, selection_type, question, passage, passage_translation, general_explanation, skill_category, base_difficulty, tenant_id, is_active, is_deleted, created_at, created_by) VALUES (811210036, NULL, TRUE, FALSE, 'chon_dap_an', 'jisshusei_baitap_t02_tuan_dau_nha_may', 'N4', 'single', 'Tại sao TTS phải mặc đồng phục TRẮNG?

Đồng phục trắng vì:', NULL, NULL, 'Trắng = dễ phát hiện contamination ngay → improve vệ sinh.', 'vocab', 1, 'system', TRUE, FALSE, NOW(), 'system') ON CONFLICT (id) DO UPDATE SET question_type = EXCLUDED.question_type, content_type = EXCLUDED.content_type, level = EXCLUDED.level, question = EXCLUDED.question, passage = EXCLUDED.passage, passage_translation = EXCLUDED.passage_translation, general_explanation = EXCLUDED.general_explanation, skill_category = EXCLUDED.skill_category, is_active = EXCLUDED.is_active, is_deleted = EXCLUDED.is_deleted, updated_at = NOW(), updated_by = 'system';
DELETE FROM questions_answers WHERE question_id = 811210036;
INSERT INTO questions_answers (question_id, sentence, sentence_translation, is_correct, "order") VALUES (811210036, 'Đẹp', 'Đẹp', FALSE, 1);
INSERT INTO questions_answers (question_id, sentence, sentence_translation, is_correct, "order") VALUES (811210036, 'Dễ thấy bụi/vết bẩn → vệ sinh tốt hơn', 'Dễ thấy bụi/vết bẩn → vệ sinh tốt hơn', TRUE, 2);
INSERT INTO questions_answers (question_id, sentence, sentence_translation, is_correct, "order") VALUES (811210036, 'Rẻ', 'Rẻ', FALSE, 3);
INSERT INTO questions_answers (question_id, sentence, sentence_translation, is_correct, "order") VALUES (811210036, 'Truyền thống', 'Truyền thống', FALSE, 4);
INSERT INTO questions (id, user_id, is_system, is_khoa_cu, question_type, content_type, level, selection_type, question, passage, passage_translation, general_explanation, skill_category, base_difficulty, tenant_id, is_active, is_deleted, created_at, created_by) VALUES (811210037, NULL, TRUE, FALSE, 'chon_dap_an', 'jisshusei_baitap_t02_tuan_dau_nha_may', 'N4', 'single', 'Tóc dài nên xử lý thế nào trước vào nhà máy?

Tóc dài trước vào nhà máy:', NULL, NULL, 'Buộc + nhét hết = không 1 sợi nào lộ ra.', 'vocab', 1, 'system', TRUE, FALSE, NOW(), 'system') ON CONFLICT (id) DO UPDATE SET question_type = EXCLUDED.question_type, content_type = EXCLUDED.content_type, level = EXCLUDED.level, question = EXCLUDED.question, passage = EXCLUDED.passage, passage_translation = EXCLUDED.passage_translation, general_explanation = EXCLUDED.general_explanation, skill_category = EXCLUDED.skill_category, is_active = EXCLUDED.is_active, is_deleted = EXCLUDED.is_deleted, updated_at = NOW(), updated_by = 'system';
DELETE FROM questions_answers WHERE question_id = 811210037;
INSERT INTO questions_answers (question_id, sentence, sentence_translation, is_correct, "order") VALUES (811210037, 'Để tự nhiên', 'Để tự nhiên', FALSE, 1);
INSERT INTO questions_answers (question_id, sentence, sentence_translation, is_correct, "order") VALUES (811210037, 'Buộc gọn + nhét hết vào mũ', 'Buộc gọn + nhét hết vào mũ', TRUE, 2);
INSERT INTO questions_answers (question_id, sentence, sentence_translation, is_correct, "order") VALUES (811210037, 'Cắt ngắn', 'Cắt ngắn', FALSE, 3);
INSERT INTO questions_answers (question_id, sentence, sentence_translation, is_correct, "order") VALUES (811210037, 'Xịt keo', 'Xịt keo', FALSE, 4);
INSERT INTO questions (id, user_id, is_system, is_khoa_cu, question_type, content_type, level, selection_type, question, passage, passage_translation, general_explanation, skill_category, base_difficulty, tenant_id, is_active, is_deleted, created_at, created_by) VALUES (811210038, NULL, TRUE, FALSE, 'chon_dap_an', 'jisshusei_baitap_t02_tuan_dau_nha_may', 'N4', 'single', 'Lý do air shower 30s, không phải 10s hay 60s?

Tại sao air shower 30s:', NULL, NULL, '30s = optimal — đủ loại bụi, không quá lâu lãng phí.', 'vocab', 1, 'system', TRUE, FALSE, NOW(), 'system') ON CONFLICT (id) DO UPDATE SET question_type = EXCLUDED.question_type, content_type = EXCLUDED.content_type, level = EXCLUDED.level, question = EXCLUDED.question, passage = EXCLUDED.passage, passage_translation = EXCLUDED.passage_translation, general_explanation = EXCLUDED.general_explanation, skill_category = EXCLUDED.skill_category, is_active = EXCLUDED.is_active, is_deleted = EXCLUDED.is_deleted, updated_at = NOW(), updated_by = 'system';
DELETE FROM questions_answers WHERE question_id = 811210038;
INSERT INTO questions_answers (question_id, sentence, sentence_translation, is_correct, "order") VALUES (811210038, 'Thời gian random', 'Thời gian random', FALSE, 1);
INSERT INTO questions_answers (question_id, sentence, sentence_translation, is_correct, "order") VALUES (811210038, 'Nghiên cứu xác định 30s loại được ~95% bụi', 'Nghiên cứu xác định 30s loại được ~95% bụi', TRUE, 2);
INSERT INTO questions_answers (question_id, sentence, sentence_translation, is_correct, "order") VALUES (811210038, 'Tiết kiệm điện', 'Tiết kiệm điện', FALSE, 3);
INSERT INTO questions_answers (question_id, sentence, sentence_translation, is_correct, "order") VALUES (811210038, 'Theo luật', 'Theo luật', FALSE, 4);
INSERT INTO questions (id, user_id, is_system, is_khoa_cu, question_type, content_type, level, selection_type, question, passage, passage_translation, general_explanation, skill_category, base_difficulty, tenant_id, is_active, is_deleted, created_at, created_by) VALUES (811210039, NULL, TRUE, FALSE, 'chon_dap_an', 'jisshusei_baitap_t02_tuan_dau_nha_may', 'N4', 'single', 'Khi gặp sempai mới ở nhà máy:

Sempai mới ở nhà máy:', NULL, NULL, 'Chủ động = professional. Đợi = passive.', 'vocab', 1, 'system', TRUE, FALSE, NOW(), 'system') ON CONFLICT (id) DO UPDATE SET question_type = EXCLUDED.question_type, content_type = EXCLUDED.content_type, level = EXCLUDED.level, question = EXCLUDED.question, passage = EXCLUDED.passage, passage_translation = EXCLUDED.passage_translation, general_explanation = EXCLUDED.general_explanation, skill_category = EXCLUDED.skill_category, is_active = EXCLUDED.is_active, is_deleted = EXCLUDED.is_deleted, updated_at = NOW(), updated_by = 'system';
DELETE FROM questions_answers WHERE question_id = 811210039;
INSERT INTO questions_answers (question_id, sentence, sentence_translation, is_correct, "order") VALUES (811210039, 'Đợi giới thiệu', 'Đợi giới thiệu', FALSE, 1);
INSERT INTO questions_answers (question_id, sentence, sentence_translation, is_correct, "order") VALUES (811210039, 'Chủ động chào + tự giới thiệu nếu có cơ hội', 'Chủ động chào + tự giới thiệu nếu có cơ hội', TRUE, 2);
INSERT INTO questions_answers (question_id, sentence, sentence_translation, is_correct, "order") VALUES (811210039, 'Chỉ cúi đầu', 'Chỉ cúi đầu', FALSE, 3);
INSERT INTO questions_answers (question_id, sentence, sentence_translation, is_correct, "order") VALUES (811210039, 'Im lặng', 'Im lặng', FALSE, 4);
INSERT INTO questions (id, user_id, is_system, is_khoa_cu, question_type, content_type, level, selection_type, question, passage, passage_translation, general_explanation, skill_category, base_difficulty, tenant_id, is_active, is_deleted, created_at, created_by) VALUES (811210040, NULL, TRUE, FALSE, 'chon_dap_an', 'jisshusei_baitap_t02_tuan_dau_nha_may', 'N4', 'single', 'Cuối ca, trách nhiệm cá nhân:

Cuối ca trách nhiệm:', NULL, NULL, 'Vệ sinh + bàn giao + chào = professional handoff.', 'vocab', 1, 'system', TRUE, FALSE, NOW(), 'system') ON CONFLICT (id) DO UPDATE SET question_type = EXCLUDED.question_type, content_type = EXCLUDED.content_type, level = EXCLUDED.level, question = EXCLUDED.question, passage = EXCLUDED.passage, passage_translation = EXCLUDED.passage_translation, general_explanation = EXCLUDED.general_explanation, skill_category = EXCLUDED.skill_category, is_active = EXCLUDED.is_active, is_deleted = EXCLUDED.is_deleted, updated_at = NOW(), updated_by = 'system';
DELETE FROM questions_answers WHERE question_id = 811210040;
INSERT INTO questions_answers (question_id, sentence, sentence_translation, is_correct, "order") VALUES (811210040, 'Về luôn', 'Về luôn', FALSE, 1);
INSERT INTO questions_answers (question_id, sentence, sentence_translation, is_correct, "order") VALUES (811210040, 'Vệ sinh khu vực mình + bàn giao + chào', 'Vệ sinh khu vực mình + bàn giao + chào', TRUE, 2);
INSERT INTO questions_answers (question_id, sentence, sentence_translation, is_correct, "order") VALUES (811210040, 'Đợi sếp gọi', 'Đợi sếp gọi', FALSE, 3);
INSERT INTO questions_answers (question_id, sentence, sentence_translation, is_correct, "order") VALUES (811210040, 'Nghỉ giải lao', 'Nghỉ giải lao', FALSE, 4);

INSERT INTO study_question_sets (id, name, description, set_type, card_count, tenant_id, is_active, is_deleted, created_at, created_by) VALUES (8110211, 'T2. Tuần đầu trong nhà máy — Bài tập Level 1', 'Bài tập trắc nghiệm — Level 1: N5', 'practice', 10, 'system', TRUE, FALSE, NOW(), 'system') ON CONFLICT (id) DO UPDATE SET name = EXCLUDED.name, description = EXCLUDED.description, set_type = EXCLUDED.set_type, card_count = EXCLUDED.card_count, is_active = EXCLUDED.is_active, is_deleted = EXCLUDED.is_deleted, updated_at = NOW(), updated_by = 'system';
INSERT INTO study_question_set_questions (study_question_set_id, question_id, order_index, tenant_id, is_deleted, created_at, created_by) VALUES (8110211, 811210001, 1, 'system', FALSE, NOW(), 'system') ON CONFLICT (study_question_set_id, question_id) DO UPDATE SET order_index = EXCLUDED.order_index, is_deleted = FALSE;
INSERT INTO study_question_set_questions (study_question_set_id, question_id, order_index, tenant_id, is_deleted, created_at, created_by) VALUES (8110211, 811210002, 2, 'system', FALSE, NOW(), 'system') ON CONFLICT (study_question_set_id, question_id) DO UPDATE SET order_index = EXCLUDED.order_index, is_deleted = FALSE;
INSERT INTO study_question_set_questions (study_question_set_id, question_id, order_index, tenant_id, is_deleted, created_at, created_by) VALUES (8110211, 811210003, 3, 'system', FALSE, NOW(), 'system') ON CONFLICT (study_question_set_id, question_id) DO UPDATE SET order_index = EXCLUDED.order_index, is_deleted = FALSE;
INSERT INTO study_question_set_questions (study_question_set_id, question_id, order_index, tenant_id, is_deleted, created_at, created_by) VALUES (8110211, 811210004, 4, 'system', FALSE, NOW(), 'system') ON CONFLICT (study_question_set_id, question_id) DO UPDATE SET order_index = EXCLUDED.order_index, is_deleted = FALSE;
INSERT INTO study_question_set_questions (study_question_set_id, question_id, order_index, tenant_id, is_deleted, created_at, created_by) VALUES (8110211, 811210005, 5, 'system', FALSE, NOW(), 'system') ON CONFLICT (study_question_set_id, question_id) DO UPDATE SET order_index = EXCLUDED.order_index, is_deleted = FALSE;
INSERT INTO study_question_set_questions (study_question_set_id, question_id, order_index, tenant_id, is_deleted, created_at, created_by) VALUES (8110211, 811210006, 6, 'system', FALSE, NOW(), 'system') ON CONFLICT (study_question_set_id, question_id) DO UPDATE SET order_index = EXCLUDED.order_index, is_deleted = FALSE;
INSERT INTO study_question_set_questions (study_question_set_id, question_id, order_index, tenant_id, is_deleted, created_at, created_by) VALUES (8110211, 811210007, 7, 'system', FALSE, NOW(), 'system') ON CONFLICT (study_question_set_id, question_id) DO UPDATE SET order_index = EXCLUDED.order_index, is_deleted = FALSE;
INSERT INTO study_question_set_questions (study_question_set_id, question_id, order_index, tenant_id, is_deleted, created_at, created_by) VALUES (8110211, 811210008, 8, 'system', FALSE, NOW(), 'system') ON CONFLICT (study_question_set_id, question_id) DO UPDATE SET order_index = EXCLUDED.order_index, is_deleted = FALSE;
INSERT INTO study_question_set_questions (study_question_set_id, question_id, order_index, tenant_id, is_deleted, created_at, created_by) VALUES (8110211, 811210009, 9, 'system', FALSE, NOW(), 'system') ON CONFLICT (study_question_set_id, question_id) DO UPDATE SET order_index = EXCLUDED.order_index, is_deleted = FALSE;
INSERT INTO study_question_set_questions (study_question_set_id, question_id, order_index, tenant_id, is_deleted, created_at, created_by) VALUES (8110211, 811210010, 10, 'system', FALSE, NOW(), 'system') ON CONFLICT (study_question_set_id, question_id) DO UPDATE SET order_index = EXCLUDED.order_index, is_deleted = FALSE;
INSERT INTO study_resource_question_sets (resource_type, resource_id, study_question_set_id, position, context, tenant_id, is_active, is_deleted, created_at, created_by) VALUES ('module', 8011002, 8110211, 1, '{"label": "T2. Tuần đầu trong nhà máy — Bài tập Level 1"}'::jsonb, 'system', TRUE, FALSE, NOW(), 'system') ON CONFLICT (resource_type, resource_id, study_question_set_id) DO UPDATE SET position = EXCLUDED.position, context = EXCLUDED.context, is_active = TRUE, is_deleted = FALSE;

INSERT INTO study_question_sets (id, name, description, set_type, card_count, tenant_id, is_active, is_deleted, created_at, created_by) VALUES (8110212, 'T2. Tuần đầu trong nhà máy — Bài tập Level 2', 'Bài tập trắc nghiệm — Level 2: N5', 'practice', 10, 'system', TRUE, FALSE, NOW(), 'system') ON CONFLICT (id) DO UPDATE SET name = EXCLUDED.name, description = EXCLUDED.description, set_type = EXCLUDED.set_type, card_count = EXCLUDED.card_count, is_active = EXCLUDED.is_active, is_deleted = EXCLUDED.is_deleted, updated_at = NOW(), updated_by = 'system';
INSERT INTO study_question_set_questions (study_question_set_id, question_id, order_index, tenant_id, is_deleted, created_at, created_by) VALUES (8110212, 811210011, 1, 'system', FALSE, NOW(), 'system') ON CONFLICT (study_question_set_id, question_id) DO UPDATE SET order_index = EXCLUDED.order_index, is_deleted = FALSE;
INSERT INTO study_question_set_questions (study_question_set_id, question_id, order_index, tenant_id, is_deleted, created_at, created_by) VALUES (8110212, 811210012, 2, 'system', FALSE, NOW(), 'system') ON CONFLICT (study_question_set_id, question_id) DO UPDATE SET order_index = EXCLUDED.order_index, is_deleted = FALSE;
INSERT INTO study_question_set_questions (study_question_set_id, question_id, order_index, tenant_id, is_deleted, created_at, created_by) VALUES (8110212, 811210013, 3, 'system', FALSE, NOW(), 'system') ON CONFLICT (study_question_set_id, question_id) DO UPDATE SET order_index = EXCLUDED.order_index, is_deleted = FALSE;
INSERT INTO study_question_set_questions (study_question_set_id, question_id, order_index, tenant_id, is_deleted, created_at, created_by) VALUES (8110212, 811210014, 4, 'system', FALSE, NOW(), 'system') ON CONFLICT (study_question_set_id, question_id) DO UPDATE SET order_index = EXCLUDED.order_index, is_deleted = FALSE;
INSERT INTO study_question_set_questions (study_question_set_id, question_id, order_index, tenant_id, is_deleted, created_at, created_by) VALUES (8110212, 811210015, 5, 'system', FALSE, NOW(), 'system') ON CONFLICT (study_question_set_id, question_id) DO UPDATE SET order_index = EXCLUDED.order_index, is_deleted = FALSE;
INSERT INTO study_question_set_questions (study_question_set_id, question_id, order_index, tenant_id, is_deleted, created_at, created_by) VALUES (8110212, 811210016, 6, 'system', FALSE, NOW(), 'system') ON CONFLICT (study_question_set_id, question_id) DO UPDATE SET order_index = EXCLUDED.order_index, is_deleted = FALSE;
INSERT INTO study_question_set_questions (study_question_set_id, question_id, order_index, tenant_id, is_deleted, created_at, created_by) VALUES (8110212, 811210017, 7, 'system', FALSE, NOW(), 'system') ON CONFLICT (study_question_set_id, question_id) DO UPDATE SET order_index = EXCLUDED.order_index, is_deleted = FALSE;
INSERT INTO study_question_set_questions (study_question_set_id, question_id, order_index, tenant_id, is_deleted, created_at, created_by) VALUES (8110212, 811210018, 8, 'system', FALSE, NOW(), 'system') ON CONFLICT (study_question_set_id, question_id) DO UPDATE SET order_index = EXCLUDED.order_index, is_deleted = FALSE;
INSERT INTO study_question_set_questions (study_question_set_id, question_id, order_index, tenant_id, is_deleted, created_at, created_by) VALUES (8110212, 811210019, 9, 'system', FALSE, NOW(), 'system') ON CONFLICT (study_question_set_id, question_id) DO UPDATE SET order_index = EXCLUDED.order_index, is_deleted = FALSE;
INSERT INTO study_question_set_questions (study_question_set_id, question_id, order_index, tenant_id, is_deleted, created_at, created_by) VALUES (8110212, 811210020, 10, 'system', FALSE, NOW(), 'system') ON CONFLICT (study_question_set_id, question_id) DO UPDATE SET order_index = EXCLUDED.order_index, is_deleted = FALSE;
INSERT INTO study_resource_question_sets (resource_type, resource_id, study_question_set_id, position, context, tenant_id, is_active, is_deleted, created_at, created_by) VALUES ('module', 8011002, 8110212, 2, '{"label": "T2. Tuần đầu trong nhà máy — Bài tập Level 2"}'::jsonb, 'system', TRUE, FALSE, NOW(), 'system') ON CONFLICT (resource_type, resource_id, study_question_set_id) DO UPDATE SET position = EXCLUDED.position, context = EXCLUDED.context, is_active = TRUE, is_deleted = FALSE;

INSERT INTO study_question_sets (id, name, description, set_type, card_count, tenant_id, is_active, is_deleted, created_at, created_by) VALUES (8110213, 'T2. Tuần đầu trong nhà máy — Bài tập Level 3', 'Bài tập trắc nghiệm — Level 3: N4', 'practice', 10, 'system', TRUE, FALSE, NOW(), 'system') ON CONFLICT (id) DO UPDATE SET name = EXCLUDED.name, description = EXCLUDED.description, set_type = EXCLUDED.set_type, card_count = EXCLUDED.card_count, is_active = EXCLUDED.is_active, is_deleted = EXCLUDED.is_deleted, updated_at = NOW(), updated_by = 'system';
INSERT INTO study_question_set_questions (study_question_set_id, question_id, order_index, tenant_id, is_deleted, created_at, created_by) VALUES (8110213, 811210021, 1, 'system', FALSE, NOW(), 'system') ON CONFLICT (study_question_set_id, question_id) DO UPDATE SET order_index = EXCLUDED.order_index, is_deleted = FALSE;
INSERT INTO study_question_set_questions (study_question_set_id, question_id, order_index, tenant_id, is_deleted, created_at, created_by) VALUES (8110213, 811210022, 2, 'system', FALSE, NOW(), 'system') ON CONFLICT (study_question_set_id, question_id) DO UPDATE SET order_index = EXCLUDED.order_index, is_deleted = FALSE;
INSERT INTO study_question_set_questions (study_question_set_id, question_id, order_index, tenant_id, is_deleted, created_at, created_by) VALUES (8110213, 811210023, 3, 'system', FALSE, NOW(), 'system') ON CONFLICT (study_question_set_id, question_id) DO UPDATE SET order_index = EXCLUDED.order_index, is_deleted = FALSE;
INSERT INTO study_question_set_questions (study_question_set_id, question_id, order_index, tenant_id, is_deleted, created_at, created_by) VALUES (8110213, 811210024, 4, 'system', FALSE, NOW(), 'system') ON CONFLICT (study_question_set_id, question_id) DO UPDATE SET order_index = EXCLUDED.order_index, is_deleted = FALSE;
INSERT INTO study_question_set_questions (study_question_set_id, question_id, order_index, tenant_id, is_deleted, created_at, created_by) VALUES (8110213, 811210025, 5, 'system', FALSE, NOW(), 'system') ON CONFLICT (study_question_set_id, question_id) DO UPDATE SET order_index = EXCLUDED.order_index, is_deleted = FALSE;
INSERT INTO study_question_set_questions (study_question_set_id, question_id, order_index, tenant_id, is_deleted, created_at, created_by) VALUES (8110213, 811210026, 6, 'system', FALSE, NOW(), 'system') ON CONFLICT (study_question_set_id, question_id) DO UPDATE SET order_index = EXCLUDED.order_index, is_deleted = FALSE;
INSERT INTO study_question_set_questions (study_question_set_id, question_id, order_index, tenant_id, is_deleted, created_at, created_by) VALUES (8110213, 811210027, 7, 'system', FALSE, NOW(), 'system') ON CONFLICT (study_question_set_id, question_id) DO UPDATE SET order_index = EXCLUDED.order_index, is_deleted = FALSE;
INSERT INTO study_question_set_questions (study_question_set_id, question_id, order_index, tenant_id, is_deleted, created_at, created_by) VALUES (8110213, 811210028, 8, 'system', FALSE, NOW(), 'system') ON CONFLICT (study_question_set_id, question_id) DO UPDATE SET order_index = EXCLUDED.order_index, is_deleted = FALSE;
INSERT INTO study_question_set_questions (study_question_set_id, question_id, order_index, tenant_id, is_deleted, created_at, created_by) VALUES (8110213, 811210029, 9, 'system', FALSE, NOW(), 'system') ON CONFLICT (study_question_set_id, question_id) DO UPDATE SET order_index = EXCLUDED.order_index, is_deleted = FALSE;
INSERT INTO study_question_set_questions (study_question_set_id, question_id, order_index, tenant_id, is_deleted, created_at, created_by) VALUES (8110213, 811210030, 10, 'system', FALSE, NOW(), 'system') ON CONFLICT (study_question_set_id, question_id) DO UPDATE SET order_index = EXCLUDED.order_index, is_deleted = FALSE;
INSERT INTO study_resource_question_sets (resource_type, resource_id, study_question_set_id, position, context, tenant_id, is_active, is_deleted, created_at, created_by) VALUES ('module', 8011002, 8110213, 3, '{"label": "T2. Tuần đầu trong nhà máy — Bài tập Level 3"}'::jsonb, 'system', TRUE, FALSE, NOW(), 'system') ON CONFLICT (resource_type, resource_id, study_question_set_id) DO UPDATE SET position = EXCLUDED.position, context = EXCLUDED.context, is_active = TRUE, is_deleted = FALSE;

INSERT INTO study_question_sets (id, name, description, set_type, card_count, tenant_id, is_active, is_deleted, created_at, created_by) VALUES (8110214, 'T2. Tuần đầu trong nhà máy — Bài tập Level 4', 'Bài tập trắc nghiệm — Level 4: N4', 'practice', 10, 'system', TRUE, FALSE, NOW(), 'system') ON CONFLICT (id) DO UPDATE SET name = EXCLUDED.name, description = EXCLUDED.description, set_type = EXCLUDED.set_type, card_count = EXCLUDED.card_count, is_active = EXCLUDED.is_active, is_deleted = EXCLUDED.is_deleted, updated_at = NOW(), updated_by = 'system';
INSERT INTO study_question_set_questions (study_question_set_id, question_id, order_index, tenant_id, is_deleted, created_at, created_by) VALUES (8110214, 811210031, 1, 'system', FALSE, NOW(), 'system') ON CONFLICT (study_question_set_id, question_id) DO UPDATE SET order_index = EXCLUDED.order_index, is_deleted = FALSE;
INSERT INTO study_question_set_questions (study_question_set_id, question_id, order_index, tenant_id, is_deleted, created_at, created_by) VALUES (8110214, 811210032, 2, 'system', FALSE, NOW(), 'system') ON CONFLICT (study_question_set_id, question_id) DO UPDATE SET order_index = EXCLUDED.order_index, is_deleted = FALSE;
INSERT INTO study_question_set_questions (study_question_set_id, question_id, order_index, tenant_id, is_deleted, created_at, created_by) VALUES (8110214, 811210033, 3, 'system', FALSE, NOW(), 'system') ON CONFLICT (study_question_set_id, question_id) DO UPDATE SET order_index = EXCLUDED.order_index, is_deleted = FALSE;
INSERT INTO study_question_set_questions (study_question_set_id, question_id, order_index, tenant_id, is_deleted, created_at, created_by) VALUES (8110214, 811210034, 4, 'system', FALSE, NOW(), 'system') ON CONFLICT (study_question_set_id, question_id) DO UPDATE SET order_index = EXCLUDED.order_index, is_deleted = FALSE;
INSERT INTO study_question_set_questions (study_question_set_id, question_id, order_index, tenant_id, is_deleted, created_at, created_by) VALUES (8110214, 811210035, 5, 'system', FALSE, NOW(), 'system') ON CONFLICT (study_question_set_id, question_id) DO UPDATE SET order_index = EXCLUDED.order_index, is_deleted = FALSE;
INSERT INTO study_question_set_questions (study_question_set_id, question_id, order_index, tenant_id, is_deleted, created_at, created_by) VALUES (8110214, 811210036, 6, 'system', FALSE, NOW(), 'system') ON CONFLICT (study_question_set_id, question_id) DO UPDATE SET order_index = EXCLUDED.order_index, is_deleted = FALSE;
INSERT INTO study_question_set_questions (study_question_set_id, question_id, order_index, tenant_id, is_deleted, created_at, created_by) VALUES (8110214, 811210037, 7, 'system', FALSE, NOW(), 'system') ON CONFLICT (study_question_set_id, question_id) DO UPDATE SET order_index = EXCLUDED.order_index, is_deleted = FALSE;
INSERT INTO study_question_set_questions (study_question_set_id, question_id, order_index, tenant_id, is_deleted, created_at, created_by) VALUES (8110214, 811210038, 8, 'system', FALSE, NOW(), 'system') ON CONFLICT (study_question_set_id, question_id) DO UPDATE SET order_index = EXCLUDED.order_index, is_deleted = FALSE;
INSERT INTO study_question_set_questions (study_question_set_id, question_id, order_index, tenant_id, is_deleted, created_at, created_by) VALUES (8110214, 811210039, 9, 'system', FALSE, NOW(), 'system') ON CONFLICT (study_question_set_id, question_id) DO UPDATE SET order_index = EXCLUDED.order_index, is_deleted = FALSE;
INSERT INTO study_question_set_questions (study_question_set_id, question_id, order_index, tenant_id, is_deleted, created_at, created_by) VALUES (8110214, 811210040, 10, 'system', FALSE, NOW(), 'system') ON CONFLICT (study_question_set_id, question_id) DO UPDATE SET order_index = EXCLUDED.order_index, is_deleted = FALSE;
INSERT INTO study_resource_question_sets (resource_type, resource_id, study_question_set_id, position, context, tenant_id, is_active, is_deleted, created_at, created_by) VALUES ('module', 8011002, 8110214, 4, '{"label": "T2. Tuần đầu trong nhà máy — Bài tập Level 4"}'::jsonb, 'system', TRUE, FALSE, NOW(), 'system') ON CONFLICT (resource_type, resource_id, study_question_set_id) DO UPDATE SET position = EXCLUDED.position, context = EXCLUDED.context, is_active = TRUE, is_deleted = FALSE;

-- Mogishiken: t02_tuan_dau_nha_may (5 passages, 20 questions)
INSERT INTO reading_passages (id, user_id, is_system, is_public, title, content, translation, jlpt_level, category, difficulty, word_count, tenant_id, is_active, is_deleted, created_at, created_by) VALUES (81102001, NULL, TRUE, TRUE, '工場での最初の一週間 — プロセスシート 1', 'これは 工場での最初の一週間 の プロセスシート です。Vocab thiết bị + bảo hộ + 5S + cold chain + ~てください に関する内容を含みます。実習生が業務中に必要な情報をまとめています。詳細は工場のマニュアルを参照してください。', 'Đây là Bảng quy trình của T2. Tuần đầu trong nhà máy. Bao gồm nội dung liên quan đến Vocab thiết bị + bảo hộ + 5S + cold chain + ~てください. Tổng hợp thông tin thực tập sinh cần biết khi làm việc. Chi tiết xem sổ tay nhà máy.', 'N4', 'notice', 1, 150, 'system', TRUE, FALSE, NOW(), 'system') ON CONFLICT (id) DO UPDATE SET title = EXCLUDED.title, content = EXCLUDED.content, translation = EXCLUDED.translation, jlpt_level = EXCLUDED.jlpt_level, category = EXCLUDED.category, difficulty = EXCLUDED.difficulty, word_count = EXCLUDED.word_count, is_active = EXCLUDED.is_active, is_deleted = EXCLUDED.is_deleted, updated_at = NOW(), updated_by = 'system';
INSERT INTO reading_passages (id, user_id, is_system, is_public, title, content, translation, jlpt_level, category, difficulty, word_count, tenant_id, is_active, is_deleted, created_at, created_by) VALUES (81102002, NULL, TRUE, TRUE, '工場での最初の一週間 — マニュアル 2', 'これは 工場での最初の一週間 の マニュアル です。Vocab thiết bị + bảo hộ + 5S + cold chain + ~てください に関する内容を含みます。実習生が業務中に必要な情報をまとめています。詳細は工場のマニュアルを参照してください。', 'Đây là Sổ tay hướng dẫn của T2. Tuần đầu trong nhà máy. Bao gồm nội dung liên quan đến Vocab thiết bị + bảo hộ + 5S + cold chain + ~てください. Tổng hợp thông tin thực tập sinh cần biết khi làm việc. Chi tiết xem sổ tay nhà máy.', 'N4', 'notice', 1, 150, 'system', TRUE, FALSE, NOW(), 'system') ON CONFLICT (id) DO UPDATE SET title = EXCLUDED.title, content = EXCLUDED.content, translation = EXCLUDED.translation, jlpt_level = EXCLUDED.jlpt_level, category = EXCLUDED.category, difficulty = EXCLUDED.difficulty, word_count = EXCLUDED.word_count, is_active = EXCLUDED.is_active, is_deleted = EXCLUDED.is_deleted, updated_at = NOW(), updated_by = 'system';
INSERT INTO reading_passages (id, user_id, is_system, is_public, title, content, translation, jlpt_level, category, difficulty, word_count, tenant_id, is_active, is_deleted, created_at, created_by) VALUES (81102003, NULL, TRUE, TRUE, '工場での最初の一週間 — 報告書 3', 'これは 工場での最初の一週間 の 報告書 です。Vocab thiết bị + bảo hộ + 5S + cold chain + ~てください に関する内容を含みます。実習生が業務中に必要な情報をまとめています。詳細は工場のマニュアルを参照してください。', 'Đây là Báo cáo của T2. Tuần đầu trong nhà máy. Bao gồm nội dung liên quan đến Vocab thiết bị + bảo hộ + 5S + cold chain + ~てください. Tổng hợp thông tin thực tập sinh cần biết khi làm việc. Chi tiết xem sổ tay nhà máy.', 'N4', 'notice', 1, 150, 'system', TRUE, FALSE, NOW(), 'system') ON CONFLICT (id) DO UPDATE SET title = EXCLUDED.title, content = EXCLUDED.content, translation = EXCLUDED.translation, jlpt_level = EXCLUDED.jlpt_level, category = EXCLUDED.category, difficulty = EXCLUDED.difficulty, word_count = EXCLUDED.word_count, is_active = EXCLUDED.is_active, is_deleted = EXCLUDED.is_deleted, updated_at = NOW(), updated_by = 'system';
INSERT INTO reading_passages (id, user_id, is_system, is_public, title, content, translation, jlpt_level, category, difficulty, word_count, tenant_id, is_active, is_deleted, created_at, created_by) VALUES (81102004, NULL, TRUE, TRUE, '工場での最初の一週間 — 通知 4', 'これは 工場での最初の一週間 の 通知 です。Vocab thiết bị + bảo hộ + 5S + cold chain + ~てください に関する内容を含みます。実習生が業務中に必要な情報をまとめています。詳細は工場のマニュアルを参照してください。', 'Đây là Thông báo của T2. Tuần đầu trong nhà máy. Bao gồm nội dung liên quan đến Vocab thiết bị + bảo hộ + 5S + cold chain + ~てください. Tổng hợp thông tin thực tập sinh cần biết khi làm việc. Chi tiết xem sổ tay nhà máy.', 'N4', 'notice', 1, 150, 'system', TRUE, FALSE, NOW(), 'system') ON CONFLICT (id) DO UPDATE SET title = EXCLUDED.title, content = EXCLUDED.content, translation = EXCLUDED.translation, jlpt_level = EXCLUDED.jlpt_level, category = EXCLUDED.category, difficulty = EXCLUDED.difficulty, word_count = EXCLUDED.word_count, is_active = EXCLUDED.is_active, is_deleted = EXCLUDED.is_deleted, updated_at = NOW(), updated_by = 'system';
INSERT INTO reading_passages (id, user_id, is_system, is_public, title, content, translation, jlpt_level, category, difficulty, word_count, tenant_id, is_active, is_deleted, created_at, created_by) VALUES (81102005, NULL, TRUE, TRUE, '工場での最初の一週間 — チェックリスト 5', 'これは 工場での最初の一週間 の チェックリスト です。Vocab thiết bị + bảo hộ + 5S + cold chain + ~てください に関する内容を含みます。実習生が業務中に必要な情報をまとめています。詳細は工場のマニュアルを参照してください。', 'Đây là Danh mục kiểm tra của T2. Tuần đầu trong nhà máy. Bao gồm nội dung liên quan đến Vocab thiết bị + bảo hộ + 5S + cold chain + ~てください. Tổng hợp thông tin thực tập sinh cần biết khi làm việc. Chi tiết xem sổ tay nhà máy.', 'N4', 'notice', 1, 150, 'system', TRUE, FALSE, NOW(), 'system') ON CONFLICT (id) DO UPDATE SET title = EXCLUDED.title, content = EXCLUDED.content, translation = EXCLUDED.translation, jlpt_level = EXCLUDED.jlpt_level, category = EXCLUDED.category, difficulty = EXCLUDED.difficulty, word_count = EXCLUDED.word_count, is_active = EXCLUDED.is_active, is_deleted = EXCLUDED.is_deleted, updated_at = NOW(), updated_by = 'system';

INSERT INTO questions (id, user_id, is_system, is_khoa_cu, question_type, content_type, level, selection_type, question, passage, passage_translation, general_explanation, skill_category, base_difficulty, tenant_id, is_active, is_deleted, created_at, created_by) VALUES (811220001, NULL, TRUE, FALSE, 'reading', 'jisshusei_mogishiken_t02_tuan_dau_nha_may', 'N4', 'single', 'この プロセスシート の主旨は何ですか? (Q1)

Ý chính của Bảng quy trình này là gì? (Q1)', '81102001', NULL, 'プロセスシート chứa thông tin về Vocab thiết bị + bảo hộ + 5S + cold chain + ~てください.', 'dokkai', 1, 'system', TRUE, FALSE, NOW(), 'system') ON CONFLICT (id) DO UPDATE SET question_type = EXCLUDED.question_type, content_type = EXCLUDED.content_type, level = EXCLUDED.level, question = EXCLUDED.question, passage = EXCLUDED.passage, passage_translation = EXCLUDED.passage_translation, general_explanation = EXCLUDED.general_explanation, skill_category = EXCLUDED.skill_category, is_active = EXCLUDED.is_active, is_deleted = EXCLUDED.is_deleted, updated_at = NOW(), updated_by = 'system';
DELETE FROM questions_answers WHERE question_id = 811220001;
INSERT INTO questions_answers (question_id, sentence, sentence_translation, is_correct, "order") VALUES (811220001, 'Vocab thiết bị + bảo hộ + 5S + cold chaiに関する情報', 'Thông tin liên quan đến Vocab thiết bị + bảo hộ + 5S + cold chai', TRUE, 1);
INSERT INTO questions_answers (question_id, sentence, sentence_translation, is_correct, "order") VALUES (811220001, '工場の歴史', 'Lịch sử nhà máy', FALSE, 2);
INSERT INTO questions_answers (question_id, sentence, sentence_translation, is_correct, "order") VALUES (811220001, '社員の名前リスト', 'Danh sách tên nhân viên', FALSE, 3);
INSERT INTO questions_answers (question_id, sentence, sentence_translation, is_correct, "order") VALUES (811220001, '設備の値段', 'Giá thiết bị', FALSE, 4);
INSERT INTO questions (id, user_id, is_system, is_khoa_cu, question_type, content_type, level, selection_type, question, passage, passage_translation, general_explanation, skill_category, base_difficulty, tenant_id, is_active, is_deleted, created_at, created_by) VALUES (811220002, NULL, TRUE, FALSE, 'reading', 'jisshusei_mogishiken_t02_tuan_dau_nha_may', 'N4', 'single', 'この プロセスシート の主旨は何ですか? (Q2)

Ý chính của Bảng quy trình này là gì? (Q2)', '81102001', NULL, 'プロセスシート chứa thông tin về Vocab thiết bị + bảo hộ + 5S + cold chain + ~てください.', 'dokkai', 1, 'system', TRUE, FALSE, NOW(), 'system') ON CONFLICT (id) DO UPDATE SET question_type = EXCLUDED.question_type, content_type = EXCLUDED.content_type, level = EXCLUDED.level, question = EXCLUDED.question, passage = EXCLUDED.passage, passage_translation = EXCLUDED.passage_translation, general_explanation = EXCLUDED.general_explanation, skill_category = EXCLUDED.skill_category, is_active = EXCLUDED.is_active, is_deleted = EXCLUDED.is_deleted, updated_at = NOW(), updated_by = 'system';
DELETE FROM questions_answers WHERE question_id = 811220002;
INSERT INTO questions_answers (question_id, sentence, sentence_translation, is_correct, "order") VALUES (811220002, 'Vocab thiết bị + bảo hộ + 5S + cold chaiに関する情報', 'Thông tin liên quan đến Vocab thiết bị + bảo hộ + 5S + cold chai', TRUE, 1);
INSERT INTO questions_answers (question_id, sentence, sentence_translation, is_correct, "order") VALUES (811220002, '工場の歴史', 'Lịch sử nhà máy', FALSE, 2);
INSERT INTO questions_answers (question_id, sentence, sentence_translation, is_correct, "order") VALUES (811220002, '社員の名前リスト', 'Danh sách tên nhân viên', FALSE, 3);
INSERT INTO questions_answers (question_id, sentence, sentence_translation, is_correct, "order") VALUES (811220002, '設備の値段', 'Giá thiết bị', FALSE, 4);
INSERT INTO questions (id, user_id, is_system, is_khoa_cu, question_type, content_type, level, selection_type, question, passage, passage_translation, general_explanation, skill_category, base_difficulty, tenant_id, is_active, is_deleted, created_at, created_by) VALUES (811220003, NULL, TRUE, FALSE, 'reading', 'jisshusei_mogishiken_t02_tuan_dau_nha_may', 'N4', 'single', 'この プロセスシート の主旨は何ですか? (Q3)

Ý chính của Bảng quy trình này là gì? (Q3)', '81102001', NULL, 'プロセスシート chứa thông tin về Vocab thiết bị + bảo hộ + 5S + cold chain + ~てください.', 'dokkai', 1, 'system', TRUE, FALSE, NOW(), 'system') ON CONFLICT (id) DO UPDATE SET question_type = EXCLUDED.question_type, content_type = EXCLUDED.content_type, level = EXCLUDED.level, question = EXCLUDED.question, passage = EXCLUDED.passage, passage_translation = EXCLUDED.passage_translation, general_explanation = EXCLUDED.general_explanation, skill_category = EXCLUDED.skill_category, is_active = EXCLUDED.is_active, is_deleted = EXCLUDED.is_deleted, updated_at = NOW(), updated_by = 'system';
DELETE FROM questions_answers WHERE question_id = 811220003;
INSERT INTO questions_answers (question_id, sentence, sentence_translation, is_correct, "order") VALUES (811220003, 'Vocab thiết bị + bảo hộ + 5S + cold chaiに関する情報', 'Thông tin liên quan đến Vocab thiết bị + bảo hộ + 5S + cold chai', TRUE, 1);
INSERT INTO questions_answers (question_id, sentence, sentence_translation, is_correct, "order") VALUES (811220003, '工場の歴史', 'Lịch sử nhà máy', FALSE, 2);
INSERT INTO questions_answers (question_id, sentence, sentence_translation, is_correct, "order") VALUES (811220003, '社員の名前リスト', 'Danh sách tên nhân viên', FALSE, 3);
INSERT INTO questions_answers (question_id, sentence, sentence_translation, is_correct, "order") VALUES (811220003, '設備の値段', 'Giá thiết bị', FALSE, 4);
INSERT INTO questions (id, user_id, is_system, is_khoa_cu, question_type, content_type, level, selection_type, question, passage, passage_translation, general_explanation, skill_category, base_difficulty, tenant_id, is_active, is_deleted, created_at, created_by) VALUES (811220004, NULL, TRUE, FALSE, 'reading', 'jisshusei_mogishiken_t02_tuan_dau_nha_may', 'N4', 'single', 'この プロセスシート の主旨は何ですか? (Q4)

Ý chính của Bảng quy trình này là gì? (Q4)', '81102001', NULL, 'プロセスシート chứa thông tin về Vocab thiết bị + bảo hộ + 5S + cold chain + ~てください.', 'dokkai', 1, 'system', TRUE, FALSE, NOW(), 'system') ON CONFLICT (id) DO UPDATE SET question_type = EXCLUDED.question_type, content_type = EXCLUDED.content_type, level = EXCLUDED.level, question = EXCLUDED.question, passage = EXCLUDED.passage, passage_translation = EXCLUDED.passage_translation, general_explanation = EXCLUDED.general_explanation, skill_category = EXCLUDED.skill_category, is_active = EXCLUDED.is_active, is_deleted = EXCLUDED.is_deleted, updated_at = NOW(), updated_by = 'system';
DELETE FROM questions_answers WHERE question_id = 811220004;
INSERT INTO questions_answers (question_id, sentence, sentence_translation, is_correct, "order") VALUES (811220004, 'Vocab thiết bị + bảo hộ + 5S + cold chaiに関する情報', 'Thông tin liên quan đến Vocab thiết bị + bảo hộ + 5S + cold chai', TRUE, 1);
INSERT INTO questions_answers (question_id, sentence, sentence_translation, is_correct, "order") VALUES (811220004, '工場の歴史', 'Lịch sử nhà máy', FALSE, 2);
INSERT INTO questions_answers (question_id, sentence, sentence_translation, is_correct, "order") VALUES (811220004, '社員の名前リスト', 'Danh sách tên nhân viên', FALSE, 3);
INSERT INTO questions_answers (question_id, sentence, sentence_translation, is_correct, "order") VALUES (811220004, '設備の値段', 'Giá thiết bị', FALSE, 4);
INSERT INTO questions (id, user_id, is_system, is_khoa_cu, question_type, content_type, level, selection_type, question, passage, passage_translation, general_explanation, skill_category, base_difficulty, tenant_id, is_active, is_deleted, created_at, created_by) VALUES (811220005, NULL, TRUE, FALSE, 'reading', 'jisshusei_mogishiken_t02_tuan_dau_nha_may', 'N4', 'single', 'この マニュアル の主旨は何ですか? (Q1)

Ý chính của Sổ tay hướng dẫn này là gì? (Q1)', '81102002', NULL, 'マニュアル chứa thông tin về Vocab thiết bị + bảo hộ + 5S + cold chain + ~てください.', 'dokkai', 1, 'system', TRUE, FALSE, NOW(), 'system') ON CONFLICT (id) DO UPDATE SET question_type = EXCLUDED.question_type, content_type = EXCLUDED.content_type, level = EXCLUDED.level, question = EXCLUDED.question, passage = EXCLUDED.passage, passage_translation = EXCLUDED.passage_translation, general_explanation = EXCLUDED.general_explanation, skill_category = EXCLUDED.skill_category, is_active = EXCLUDED.is_active, is_deleted = EXCLUDED.is_deleted, updated_at = NOW(), updated_by = 'system';
DELETE FROM questions_answers WHERE question_id = 811220005;
INSERT INTO questions_answers (question_id, sentence, sentence_translation, is_correct, "order") VALUES (811220005, 'Vocab thiết bị + bảo hộ + 5S + cold chaiに関する情報', 'Thông tin liên quan đến Vocab thiết bị + bảo hộ + 5S + cold chai', TRUE, 1);
INSERT INTO questions_answers (question_id, sentence, sentence_translation, is_correct, "order") VALUES (811220005, '工場の歴史', 'Lịch sử nhà máy', FALSE, 2);
INSERT INTO questions_answers (question_id, sentence, sentence_translation, is_correct, "order") VALUES (811220005, '社員の名前リスト', 'Danh sách tên nhân viên', FALSE, 3);
INSERT INTO questions_answers (question_id, sentence, sentence_translation, is_correct, "order") VALUES (811220005, '設備の値段', 'Giá thiết bị', FALSE, 4);
INSERT INTO questions (id, user_id, is_system, is_khoa_cu, question_type, content_type, level, selection_type, question, passage, passage_translation, general_explanation, skill_category, base_difficulty, tenant_id, is_active, is_deleted, created_at, created_by) VALUES (811220006, NULL, TRUE, FALSE, 'reading', 'jisshusei_mogishiken_t02_tuan_dau_nha_may', 'N4', 'single', 'この マニュアル の主旨は何ですか? (Q2)

Ý chính của Sổ tay hướng dẫn này là gì? (Q2)', '81102002', NULL, 'マニュアル chứa thông tin về Vocab thiết bị + bảo hộ + 5S + cold chain + ~てください.', 'dokkai', 1, 'system', TRUE, FALSE, NOW(), 'system') ON CONFLICT (id) DO UPDATE SET question_type = EXCLUDED.question_type, content_type = EXCLUDED.content_type, level = EXCLUDED.level, question = EXCLUDED.question, passage = EXCLUDED.passage, passage_translation = EXCLUDED.passage_translation, general_explanation = EXCLUDED.general_explanation, skill_category = EXCLUDED.skill_category, is_active = EXCLUDED.is_active, is_deleted = EXCLUDED.is_deleted, updated_at = NOW(), updated_by = 'system';
DELETE FROM questions_answers WHERE question_id = 811220006;
INSERT INTO questions_answers (question_id, sentence, sentence_translation, is_correct, "order") VALUES (811220006, 'Vocab thiết bị + bảo hộ + 5S + cold chaiに関する情報', 'Thông tin liên quan đến Vocab thiết bị + bảo hộ + 5S + cold chai', TRUE, 1);
INSERT INTO questions_answers (question_id, sentence, sentence_translation, is_correct, "order") VALUES (811220006, '工場の歴史', 'Lịch sử nhà máy', FALSE, 2);
INSERT INTO questions_answers (question_id, sentence, sentence_translation, is_correct, "order") VALUES (811220006, '社員の名前リスト', 'Danh sách tên nhân viên', FALSE, 3);
INSERT INTO questions_answers (question_id, sentence, sentence_translation, is_correct, "order") VALUES (811220006, '設備の値段', 'Giá thiết bị', FALSE, 4);
INSERT INTO questions (id, user_id, is_system, is_khoa_cu, question_type, content_type, level, selection_type, question, passage, passage_translation, general_explanation, skill_category, base_difficulty, tenant_id, is_active, is_deleted, created_at, created_by) VALUES (811220007, NULL, TRUE, FALSE, 'reading', 'jisshusei_mogishiken_t02_tuan_dau_nha_may', 'N4', 'single', 'この マニュアル の主旨は何ですか? (Q3)

Ý chính của Sổ tay hướng dẫn này là gì? (Q3)', '81102002', NULL, 'マニュアル chứa thông tin về Vocab thiết bị + bảo hộ + 5S + cold chain + ~てください.', 'dokkai', 1, 'system', TRUE, FALSE, NOW(), 'system') ON CONFLICT (id) DO UPDATE SET question_type = EXCLUDED.question_type, content_type = EXCLUDED.content_type, level = EXCLUDED.level, question = EXCLUDED.question, passage = EXCLUDED.passage, passage_translation = EXCLUDED.passage_translation, general_explanation = EXCLUDED.general_explanation, skill_category = EXCLUDED.skill_category, is_active = EXCLUDED.is_active, is_deleted = EXCLUDED.is_deleted, updated_at = NOW(), updated_by = 'system';
DELETE FROM questions_answers WHERE question_id = 811220007;
INSERT INTO questions_answers (question_id, sentence, sentence_translation, is_correct, "order") VALUES (811220007, 'Vocab thiết bị + bảo hộ + 5S + cold chaiに関する情報', 'Thông tin liên quan đến Vocab thiết bị + bảo hộ + 5S + cold chai', TRUE, 1);
INSERT INTO questions_answers (question_id, sentence, sentence_translation, is_correct, "order") VALUES (811220007, '工場の歴史', 'Lịch sử nhà máy', FALSE, 2);
INSERT INTO questions_answers (question_id, sentence, sentence_translation, is_correct, "order") VALUES (811220007, '社員の名前リスト', 'Danh sách tên nhân viên', FALSE, 3);
INSERT INTO questions_answers (question_id, sentence, sentence_translation, is_correct, "order") VALUES (811220007, '設備の値段', 'Giá thiết bị', FALSE, 4);
INSERT INTO questions (id, user_id, is_system, is_khoa_cu, question_type, content_type, level, selection_type, question, passage, passage_translation, general_explanation, skill_category, base_difficulty, tenant_id, is_active, is_deleted, created_at, created_by) VALUES (811220008, NULL, TRUE, FALSE, 'reading', 'jisshusei_mogishiken_t02_tuan_dau_nha_may', 'N4', 'single', 'この マニュアル の主旨は何ですか? (Q4)

Ý chính của Sổ tay hướng dẫn này là gì? (Q4)', '81102002', NULL, 'マニュアル chứa thông tin về Vocab thiết bị + bảo hộ + 5S + cold chain + ~てください.', 'dokkai', 1, 'system', TRUE, FALSE, NOW(), 'system') ON CONFLICT (id) DO UPDATE SET question_type = EXCLUDED.question_type, content_type = EXCLUDED.content_type, level = EXCLUDED.level, question = EXCLUDED.question, passage = EXCLUDED.passage, passage_translation = EXCLUDED.passage_translation, general_explanation = EXCLUDED.general_explanation, skill_category = EXCLUDED.skill_category, is_active = EXCLUDED.is_active, is_deleted = EXCLUDED.is_deleted, updated_at = NOW(), updated_by = 'system';
DELETE FROM questions_answers WHERE question_id = 811220008;
INSERT INTO questions_answers (question_id, sentence, sentence_translation, is_correct, "order") VALUES (811220008, 'Vocab thiết bị + bảo hộ + 5S + cold chaiに関する情報', 'Thông tin liên quan đến Vocab thiết bị + bảo hộ + 5S + cold chai', TRUE, 1);
INSERT INTO questions_answers (question_id, sentence, sentence_translation, is_correct, "order") VALUES (811220008, '工場の歴史', 'Lịch sử nhà máy', FALSE, 2);
INSERT INTO questions_answers (question_id, sentence, sentence_translation, is_correct, "order") VALUES (811220008, '社員の名前リスト', 'Danh sách tên nhân viên', FALSE, 3);
INSERT INTO questions_answers (question_id, sentence, sentence_translation, is_correct, "order") VALUES (811220008, '設備の値段', 'Giá thiết bị', FALSE, 4);
INSERT INTO questions (id, user_id, is_system, is_khoa_cu, question_type, content_type, level, selection_type, question, passage, passage_translation, general_explanation, skill_category, base_difficulty, tenant_id, is_active, is_deleted, created_at, created_by) VALUES (811220009, NULL, TRUE, FALSE, 'reading', 'jisshusei_mogishiken_t02_tuan_dau_nha_may', 'N4', 'single', 'この 報告書 の主旨は何ですか? (Q1)

Ý chính của Báo cáo này là gì? (Q1)', '81102003', NULL, '報告書 chứa thông tin về Vocab thiết bị + bảo hộ + 5S + cold chain + ~てください.', 'dokkai', 1, 'system', TRUE, FALSE, NOW(), 'system') ON CONFLICT (id) DO UPDATE SET question_type = EXCLUDED.question_type, content_type = EXCLUDED.content_type, level = EXCLUDED.level, question = EXCLUDED.question, passage = EXCLUDED.passage, passage_translation = EXCLUDED.passage_translation, general_explanation = EXCLUDED.general_explanation, skill_category = EXCLUDED.skill_category, is_active = EXCLUDED.is_active, is_deleted = EXCLUDED.is_deleted, updated_at = NOW(), updated_by = 'system';
DELETE FROM questions_answers WHERE question_id = 811220009;
INSERT INTO questions_answers (question_id, sentence, sentence_translation, is_correct, "order") VALUES (811220009, 'Vocab thiết bị + bảo hộ + 5S + cold chaiに関する情報', 'Thông tin liên quan đến Vocab thiết bị + bảo hộ + 5S + cold chai', TRUE, 1);
INSERT INTO questions_answers (question_id, sentence, sentence_translation, is_correct, "order") VALUES (811220009, '工場の歴史', 'Lịch sử nhà máy', FALSE, 2);
INSERT INTO questions_answers (question_id, sentence, sentence_translation, is_correct, "order") VALUES (811220009, '社員の名前リスト', 'Danh sách tên nhân viên', FALSE, 3);
INSERT INTO questions_answers (question_id, sentence, sentence_translation, is_correct, "order") VALUES (811220009, '設備の値段', 'Giá thiết bị', FALSE, 4);
INSERT INTO questions (id, user_id, is_system, is_khoa_cu, question_type, content_type, level, selection_type, question, passage, passage_translation, general_explanation, skill_category, base_difficulty, tenant_id, is_active, is_deleted, created_at, created_by) VALUES (811220010, NULL, TRUE, FALSE, 'reading', 'jisshusei_mogishiken_t02_tuan_dau_nha_may', 'N4', 'single', 'この 報告書 の主旨は何ですか? (Q2)

Ý chính của Báo cáo này là gì? (Q2)', '81102003', NULL, '報告書 chứa thông tin về Vocab thiết bị + bảo hộ + 5S + cold chain + ~てください.', 'dokkai', 1, 'system', TRUE, FALSE, NOW(), 'system') ON CONFLICT (id) DO UPDATE SET question_type = EXCLUDED.question_type, content_type = EXCLUDED.content_type, level = EXCLUDED.level, question = EXCLUDED.question, passage = EXCLUDED.passage, passage_translation = EXCLUDED.passage_translation, general_explanation = EXCLUDED.general_explanation, skill_category = EXCLUDED.skill_category, is_active = EXCLUDED.is_active, is_deleted = EXCLUDED.is_deleted, updated_at = NOW(), updated_by = 'system';
DELETE FROM questions_answers WHERE question_id = 811220010;
INSERT INTO questions_answers (question_id, sentence, sentence_translation, is_correct, "order") VALUES (811220010, 'Vocab thiết bị + bảo hộ + 5S + cold chaiに関する情報', 'Thông tin liên quan đến Vocab thiết bị + bảo hộ + 5S + cold chai', TRUE, 1);
INSERT INTO questions_answers (question_id, sentence, sentence_translation, is_correct, "order") VALUES (811220010, '工場の歴史', 'Lịch sử nhà máy', FALSE, 2);
INSERT INTO questions_answers (question_id, sentence, sentence_translation, is_correct, "order") VALUES (811220010, '社員の名前リスト', 'Danh sách tên nhân viên', FALSE, 3);
INSERT INTO questions_answers (question_id, sentence, sentence_translation, is_correct, "order") VALUES (811220010, '設備の値段', 'Giá thiết bị', FALSE, 4);
INSERT INTO questions (id, user_id, is_system, is_khoa_cu, question_type, content_type, level, selection_type, question, passage, passage_translation, general_explanation, skill_category, base_difficulty, tenant_id, is_active, is_deleted, created_at, created_by) VALUES (811220011, NULL, TRUE, FALSE, 'reading', 'jisshusei_mogishiken_t02_tuan_dau_nha_may', 'N4', 'single', 'この 報告書 の主旨は何ですか? (Q3)

Ý chính của Báo cáo này là gì? (Q3)', '81102003', NULL, '報告書 chứa thông tin về Vocab thiết bị + bảo hộ + 5S + cold chain + ~てください.', 'dokkai', 1, 'system', TRUE, FALSE, NOW(), 'system') ON CONFLICT (id) DO UPDATE SET question_type = EXCLUDED.question_type, content_type = EXCLUDED.content_type, level = EXCLUDED.level, question = EXCLUDED.question, passage = EXCLUDED.passage, passage_translation = EXCLUDED.passage_translation, general_explanation = EXCLUDED.general_explanation, skill_category = EXCLUDED.skill_category, is_active = EXCLUDED.is_active, is_deleted = EXCLUDED.is_deleted, updated_at = NOW(), updated_by = 'system';
DELETE FROM questions_answers WHERE question_id = 811220011;
INSERT INTO questions_answers (question_id, sentence, sentence_translation, is_correct, "order") VALUES (811220011, 'Vocab thiết bị + bảo hộ + 5S + cold chaiに関する情報', 'Thông tin liên quan đến Vocab thiết bị + bảo hộ + 5S + cold chai', TRUE, 1);
INSERT INTO questions_answers (question_id, sentence, sentence_translation, is_correct, "order") VALUES (811220011, '工場の歴史', 'Lịch sử nhà máy', FALSE, 2);
INSERT INTO questions_answers (question_id, sentence, sentence_translation, is_correct, "order") VALUES (811220011, '社員の名前リスト', 'Danh sách tên nhân viên', FALSE, 3);
INSERT INTO questions_answers (question_id, sentence, sentence_translation, is_correct, "order") VALUES (811220011, '設備の値段', 'Giá thiết bị', FALSE, 4);
INSERT INTO questions (id, user_id, is_system, is_khoa_cu, question_type, content_type, level, selection_type, question, passage, passage_translation, general_explanation, skill_category, base_difficulty, tenant_id, is_active, is_deleted, created_at, created_by) VALUES (811220012, NULL, TRUE, FALSE, 'reading', 'jisshusei_mogishiken_t02_tuan_dau_nha_may', 'N4', 'single', 'この 報告書 の主旨は何ですか? (Q4)

Ý chính của Báo cáo này là gì? (Q4)', '81102003', NULL, '報告書 chứa thông tin về Vocab thiết bị + bảo hộ + 5S + cold chain + ~てください.', 'dokkai', 1, 'system', TRUE, FALSE, NOW(), 'system') ON CONFLICT (id) DO UPDATE SET question_type = EXCLUDED.question_type, content_type = EXCLUDED.content_type, level = EXCLUDED.level, question = EXCLUDED.question, passage = EXCLUDED.passage, passage_translation = EXCLUDED.passage_translation, general_explanation = EXCLUDED.general_explanation, skill_category = EXCLUDED.skill_category, is_active = EXCLUDED.is_active, is_deleted = EXCLUDED.is_deleted, updated_at = NOW(), updated_by = 'system';
DELETE FROM questions_answers WHERE question_id = 811220012;
INSERT INTO questions_answers (question_id, sentence, sentence_translation, is_correct, "order") VALUES (811220012, 'Vocab thiết bị + bảo hộ + 5S + cold chaiに関する情報', 'Thông tin liên quan đến Vocab thiết bị + bảo hộ + 5S + cold chai', TRUE, 1);
INSERT INTO questions_answers (question_id, sentence, sentence_translation, is_correct, "order") VALUES (811220012, '工場の歴史', 'Lịch sử nhà máy', FALSE, 2);
INSERT INTO questions_answers (question_id, sentence, sentence_translation, is_correct, "order") VALUES (811220012, '社員の名前リスト', 'Danh sách tên nhân viên', FALSE, 3);
INSERT INTO questions_answers (question_id, sentence, sentence_translation, is_correct, "order") VALUES (811220012, '設備の値段', 'Giá thiết bị', FALSE, 4);
INSERT INTO questions (id, user_id, is_system, is_khoa_cu, question_type, content_type, level, selection_type, question, passage, passage_translation, general_explanation, skill_category, base_difficulty, tenant_id, is_active, is_deleted, created_at, created_by) VALUES (811220013, NULL, TRUE, FALSE, 'reading', 'jisshusei_mogishiken_t02_tuan_dau_nha_may', 'N4', 'single', 'この 通知 の主旨は何ですか? (Q1)

Ý chính của Thông báo này là gì? (Q1)', '81102004', NULL, '通知 chứa thông tin về Vocab thiết bị + bảo hộ + 5S + cold chain + ~てください.', 'dokkai', 1, 'system', TRUE, FALSE, NOW(), 'system') ON CONFLICT (id) DO UPDATE SET question_type = EXCLUDED.question_type, content_type = EXCLUDED.content_type, level = EXCLUDED.level, question = EXCLUDED.question, passage = EXCLUDED.passage, passage_translation = EXCLUDED.passage_translation, general_explanation = EXCLUDED.general_explanation, skill_category = EXCLUDED.skill_category, is_active = EXCLUDED.is_active, is_deleted = EXCLUDED.is_deleted, updated_at = NOW(), updated_by = 'system';
DELETE FROM questions_answers WHERE question_id = 811220013;
INSERT INTO questions_answers (question_id, sentence, sentence_translation, is_correct, "order") VALUES (811220013, 'Vocab thiết bị + bảo hộ + 5S + cold chaiに関する情報', 'Thông tin liên quan đến Vocab thiết bị + bảo hộ + 5S + cold chai', TRUE, 1);
INSERT INTO questions_answers (question_id, sentence, sentence_translation, is_correct, "order") VALUES (811220013, '工場の歴史', 'Lịch sử nhà máy', FALSE, 2);
INSERT INTO questions_answers (question_id, sentence, sentence_translation, is_correct, "order") VALUES (811220013, '社員の名前リスト', 'Danh sách tên nhân viên', FALSE, 3);
INSERT INTO questions_answers (question_id, sentence, sentence_translation, is_correct, "order") VALUES (811220013, '設備の値段', 'Giá thiết bị', FALSE, 4);
INSERT INTO questions (id, user_id, is_system, is_khoa_cu, question_type, content_type, level, selection_type, question, passage, passage_translation, general_explanation, skill_category, base_difficulty, tenant_id, is_active, is_deleted, created_at, created_by) VALUES (811220014, NULL, TRUE, FALSE, 'reading', 'jisshusei_mogishiken_t02_tuan_dau_nha_may', 'N4', 'single', 'この 通知 の主旨は何ですか? (Q2)

Ý chính của Thông báo này là gì? (Q2)', '81102004', NULL, '通知 chứa thông tin về Vocab thiết bị + bảo hộ + 5S + cold chain + ~てください.', 'dokkai', 1, 'system', TRUE, FALSE, NOW(), 'system') ON CONFLICT (id) DO UPDATE SET question_type = EXCLUDED.question_type, content_type = EXCLUDED.content_type, level = EXCLUDED.level, question = EXCLUDED.question, passage = EXCLUDED.passage, passage_translation = EXCLUDED.passage_translation, general_explanation = EXCLUDED.general_explanation, skill_category = EXCLUDED.skill_category, is_active = EXCLUDED.is_active, is_deleted = EXCLUDED.is_deleted, updated_at = NOW(), updated_by = 'system';
DELETE FROM questions_answers WHERE question_id = 811220014;
INSERT INTO questions_answers (question_id, sentence, sentence_translation, is_correct, "order") VALUES (811220014, 'Vocab thiết bị + bảo hộ + 5S + cold chaiに関する情報', 'Thông tin liên quan đến Vocab thiết bị + bảo hộ + 5S + cold chai', TRUE, 1);
INSERT INTO questions_answers (question_id, sentence, sentence_translation, is_correct, "order") VALUES (811220014, '工場の歴史', 'Lịch sử nhà máy', FALSE, 2);
INSERT INTO questions_answers (question_id, sentence, sentence_translation, is_correct, "order") VALUES (811220014, '社員の名前リスト', 'Danh sách tên nhân viên', FALSE, 3);
INSERT INTO questions_answers (question_id, sentence, sentence_translation, is_correct, "order") VALUES (811220014, '設備の値段', 'Giá thiết bị', FALSE, 4);
INSERT INTO questions (id, user_id, is_system, is_khoa_cu, question_type, content_type, level, selection_type, question, passage, passage_translation, general_explanation, skill_category, base_difficulty, tenant_id, is_active, is_deleted, created_at, created_by) VALUES (811220015, NULL, TRUE, FALSE, 'reading', 'jisshusei_mogishiken_t02_tuan_dau_nha_may', 'N4', 'single', 'この 通知 の主旨は何ですか? (Q3)

Ý chính của Thông báo này là gì? (Q3)', '81102004', NULL, '通知 chứa thông tin về Vocab thiết bị + bảo hộ + 5S + cold chain + ~てください.', 'dokkai', 1, 'system', TRUE, FALSE, NOW(), 'system') ON CONFLICT (id) DO UPDATE SET question_type = EXCLUDED.question_type, content_type = EXCLUDED.content_type, level = EXCLUDED.level, question = EXCLUDED.question, passage = EXCLUDED.passage, passage_translation = EXCLUDED.passage_translation, general_explanation = EXCLUDED.general_explanation, skill_category = EXCLUDED.skill_category, is_active = EXCLUDED.is_active, is_deleted = EXCLUDED.is_deleted, updated_at = NOW(), updated_by = 'system';
DELETE FROM questions_answers WHERE question_id = 811220015;
INSERT INTO questions_answers (question_id, sentence, sentence_translation, is_correct, "order") VALUES (811220015, 'Vocab thiết bị + bảo hộ + 5S + cold chaiに関する情報', 'Thông tin liên quan đến Vocab thiết bị + bảo hộ + 5S + cold chai', TRUE, 1);
INSERT INTO questions_answers (question_id, sentence, sentence_translation, is_correct, "order") VALUES (811220015, '工場の歴史', 'Lịch sử nhà máy', FALSE, 2);
INSERT INTO questions_answers (question_id, sentence, sentence_translation, is_correct, "order") VALUES (811220015, '社員の名前リスト', 'Danh sách tên nhân viên', FALSE, 3);
INSERT INTO questions_answers (question_id, sentence, sentence_translation, is_correct, "order") VALUES (811220015, '設備の値段', 'Giá thiết bị', FALSE, 4);
INSERT INTO questions (id, user_id, is_system, is_khoa_cu, question_type, content_type, level, selection_type, question, passage, passage_translation, general_explanation, skill_category, base_difficulty, tenant_id, is_active, is_deleted, created_at, created_by) VALUES (811220016, NULL, TRUE, FALSE, 'reading', 'jisshusei_mogishiken_t02_tuan_dau_nha_may', 'N4', 'single', 'この 通知 の主旨は何ですか? (Q4)

Ý chính của Thông báo này là gì? (Q4)', '81102004', NULL, '通知 chứa thông tin về Vocab thiết bị + bảo hộ + 5S + cold chain + ~てください.', 'dokkai', 1, 'system', TRUE, FALSE, NOW(), 'system') ON CONFLICT (id) DO UPDATE SET question_type = EXCLUDED.question_type, content_type = EXCLUDED.content_type, level = EXCLUDED.level, question = EXCLUDED.question, passage = EXCLUDED.passage, passage_translation = EXCLUDED.passage_translation, general_explanation = EXCLUDED.general_explanation, skill_category = EXCLUDED.skill_category, is_active = EXCLUDED.is_active, is_deleted = EXCLUDED.is_deleted, updated_at = NOW(), updated_by = 'system';
DELETE FROM questions_answers WHERE question_id = 811220016;
INSERT INTO questions_answers (question_id, sentence, sentence_translation, is_correct, "order") VALUES (811220016, 'Vocab thiết bị + bảo hộ + 5S + cold chaiに関する情報', 'Thông tin liên quan đến Vocab thiết bị + bảo hộ + 5S + cold chai', TRUE, 1);
INSERT INTO questions_answers (question_id, sentence, sentence_translation, is_correct, "order") VALUES (811220016, '工場の歴史', 'Lịch sử nhà máy', FALSE, 2);
INSERT INTO questions_answers (question_id, sentence, sentence_translation, is_correct, "order") VALUES (811220016, '社員の名前リスト', 'Danh sách tên nhân viên', FALSE, 3);
INSERT INTO questions_answers (question_id, sentence, sentence_translation, is_correct, "order") VALUES (811220016, '設備の値段', 'Giá thiết bị', FALSE, 4);
INSERT INTO questions (id, user_id, is_system, is_khoa_cu, question_type, content_type, level, selection_type, question, passage, passage_translation, general_explanation, skill_category, base_difficulty, tenant_id, is_active, is_deleted, created_at, created_by) VALUES (811220017, NULL, TRUE, FALSE, 'reading', 'jisshusei_mogishiken_t02_tuan_dau_nha_may', 'N4', 'single', 'この チェックリスト の主旨は何ですか? (Q1)

Ý chính của Danh mục kiểm tra này là gì? (Q1)', '81102005', NULL, 'チェックリスト chứa thông tin về Vocab thiết bị + bảo hộ + 5S + cold chain + ~てください.', 'dokkai', 1, 'system', TRUE, FALSE, NOW(), 'system') ON CONFLICT (id) DO UPDATE SET question_type = EXCLUDED.question_type, content_type = EXCLUDED.content_type, level = EXCLUDED.level, question = EXCLUDED.question, passage = EXCLUDED.passage, passage_translation = EXCLUDED.passage_translation, general_explanation = EXCLUDED.general_explanation, skill_category = EXCLUDED.skill_category, is_active = EXCLUDED.is_active, is_deleted = EXCLUDED.is_deleted, updated_at = NOW(), updated_by = 'system';
DELETE FROM questions_answers WHERE question_id = 811220017;
INSERT INTO questions_answers (question_id, sentence, sentence_translation, is_correct, "order") VALUES (811220017, 'Vocab thiết bị + bảo hộ + 5S + cold chaiに関する情報', 'Thông tin liên quan đến Vocab thiết bị + bảo hộ + 5S + cold chai', TRUE, 1);
INSERT INTO questions_answers (question_id, sentence, sentence_translation, is_correct, "order") VALUES (811220017, '工場の歴史', 'Lịch sử nhà máy', FALSE, 2);
INSERT INTO questions_answers (question_id, sentence, sentence_translation, is_correct, "order") VALUES (811220017, '社員の名前リスト', 'Danh sách tên nhân viên', FALSE, 3);
INSERT INTO questions_answers (question_id, sentence, sentence_translation, is_correct, "order") VALUES (811220017, '設備の値段', 'Giá thiết bị', FALSE, 4);
INSERT INTO questions (id, user_id, is_system, is_khoa_cu, question_type, content_type, level, selection_type, question, passage, passage_translation, general_explanation, skill_category, base_difficulty, tenant_id, is_active, is_deleted, created_at, created_by) VALUES (811220018, NULL, TRUE, FALSE, 'reading', 'jisshusei_mogishiken_t02_tuan_dau_nha_may', 'N4', 'single', 'この チェックリスト の主旨は何ですか? (Q2)

Ý chính của Danh mục kiểm tra này là gì? (Q2)', '81102005', NULL, 'チェックリスト chứa thông tin về Vocab thiết bị + bảo hộ + 5S + cold chain + ~てください.', 'dokkai', 1, 'system', TRUE, FALSE, NOW(), 'system') ON CONFLICT (id) DO UPDATE SET question_type = EXCLUDED.question_type, content_type = EXCLUDED.content_type, level = EXCLUDED.level, question = EXCLUDED.question, passage = EXCLUDED.passage, passage_translation = EXCLUDED.passage_translation, general_explanation = EXCLUDED.general_explanation, skill_category = EXCLUDED.skill_category, is_active = EXCLUDED.is_active, is_deleted = EXCLUDED.is_deleted, updated_at = NOW(), updated_by = 'system';
DELETE FROM questions_answers WHERE question_id = 811220018;
INSERT INTO questions_answers (question_id, sentence, sentence_translation, is_correct, "order") VALUES (811220018, 'Vocab thiết bị + bảo hộ + 5S + cold chaiに関する情報', 'Thông tin liên quan đến Vocab thiết bị + bảo hộ + 5S + cold chai', TRUE, 1);
INSERT INTO questions_answers (question_id, sentence, sentence_translation, is_correct, "order") VALUES (811220018, '工場の歴史', 'Lịch sử nhà máy', FALSE, 2);
INSERT INTO questions_answers (question_id, sentence, sentence_translation, is_correct, "order") VALUES (811220018, '社員の名前リスト', 'Danh sách tên nhân viên', FALSE, 3);
INSERT INTO questions_answers (question_id, sentence, sentence_translation, is_correct, "order") VALUES (811220018, '設備の値段', 'Giá thiết bị', FALSE, 4);
INSERT INTO questions (id, user_id, is_system, is_khoa_cu, question_type, content_type, level, selection_type, question, passage, passage_translation, general_explanation, skill_category, base_difficulty, tenant_id, is_active, is_deleted, created_at, created_by) VALUES (811220019, NULL, TRUE, FALSE, 'reading', 'jisshusei_mogishiken_t02_tuan_dau_nha_may', 'N4', 'single', 'この チェックリスト の主旨は何ですか? (Q3)

Ý chính của Danh mục kiểm tra này là gì? (Q3)', '81102005', NULL, 'チェックリスト chứa thông tin về Vocab thiết bị + bảo hộ + 5S + cold chain + ~てください.', 'dokkai', 1, 'system', TRUE, FALSE, NOW(), 'system') ON CONFLICT (id) DO UPDATE SET question_type = EXCLUDED.question_type, content_type = EXCLUDED.content_type, level = EXCLUDED.level, question = EXCLUDED.question, passage = EXCLUDED.passage, passage_translation = EXCLUDED.passage_translation, general_explanation = EXCLUDED.general_explanation, skill_category = EXCLUDED.skill_category, is_active = EXCLUDED.is_active, is_deleted = EXCLUDED.is_deleted, updated_at = NOW(), updated_by = 'system';
DELETE FROM questions_answers WHERE question_id = 811220019;
INSERT INTO questions_answers (question_id, sentence, sentence_translation, is_correct, "order") VALUES (811220019, 'Vocab thiết bị + bảo hộ + 5S + cold chaiに関する情報', 'Thông tin liên quan đến Vocab thiết bị + bảo hộ + 5S + cold chai', TRUE, 1);
INSERT INTO questions_answers (question_id, sentence, sentence_translation, is_correct, "order") VALUES (811220019, '工場の歴史', 'Lịch sử nhà máy', FALSE, 2);
INSERT INTO questions_answers (question_id, sentence, sentence_translation, is_correct, "order") VALUES (811220019, '社員の名前リスト', 'Danh sách tên nhân viên', FALSE, 3);
INSERT INTO questions_answers (question_id, sentence, sentence_translation, is_correct, "order") VALUES (811220019, '設備の値段', 'Giá thiết bị', FALSE, 4);
INSERT INTO questions (id, user_id, is_system, is_khoa_cu, question_type, content_type, level, selection_type, question, passage, passage_translation, general_explanation, skill_category, base_difficulty, tenant_id, is_active, is_deleted, created_at, created_by) VALUES (811220020, NULL, TRUE, FALSE, 'reading', 'jisshusei_mogishiken_t02_tuan_dau_nha_may', 'N4', 'single', 'この チェックリスト の主旨は何ですか? (Q4)

Ý chính của Danh mục kiểm tra này là gì? (Q4)', '81102005', NULL, 'チェックリスト chứa thông tin về Vocab thiết bị + bảo hộ + 5S + cold chain + ~てください.', 'dokkai', 1, 'system', TRUE, FALSE, NOW(), 'system') ON CONFLICT (id) DO UPDATE SET question_type = EXCLUDED.question_type, content_type = EXCLUDED.content_type, level = EXCLUDED.level, question = EXCLUDED.question, passage = EXCLUDED.passage, passage_translation = EXCLUDED.passage_translation, general_explanation = EXCLUDED.general_explanation, skill_category = EXCLUDED.skill_category, is_active = EXCLUDED.is_active, is_deleted = EXCLUDED.is_deleted, updated_at = NOW(), updated_by = 'system';
DELETE FROM questions_answers WHERE question_id = 811220020;
INSERT INTO questions_answers (question_id, sentence, sentence_translation, is_correct, "order") VALUES (811220020, 'Vocab thiết bị + bảo hộ + 5S + cold chaiに関する情報', 'Thông tin liên quan đến Vocab thiết bị + bảo hộ + 5S + cold chai', TRUE, 1);
INSERT INTO questions_answers (question_id, sentence, sentence_translation, is_correct, "order") VALUES (811220020, '工場の歴史', 'Lịch sử nhà máy', FALSE, 2);
INSERT INTO questions_answers (question_id, sentence, sentence_translation, is_correct, "order") VALUES (811220020, '社員の名前リスト', 'Danh sách tên nhân viên', FALSE, 3);
INSERT INTO questions_answers (question_id, sentence, sentence_translation, is_correct, "order") VALUES (811220020, '設備の値段', 'Giá thiết bị', FALSE, 4);

INSERT INTO study_question_sets (id, name, description, set_type, card_count, tenant_id, is_active, is_deleted, created_at, created_by) VALUES (8110221, 'T2. Tuần đầu trong nhà máy — Reading Section 1: Bảng quy trình', 'Đọc hiểu Bảng quy trình', 'reading', 4, 'system', TRUE, FALSE, NOW(), 'system') ON CONFLICT (id) DO UPDATE SET name = EXCLUDED.name, description = EXCLUDED.description, set_type = EXCLUDED.set_type, card_count = EXCLUDED.card_count, is_active = EXCLUDED.is_active, is_deleted = EXCLUDED.is_deleted, updated_at = NOW(), updated_by = 'system';
INSERT INTO study_question_set_questions (study_question_set_id, question_id, order_index, tenant_id, is_deleted, created_at, created_by) VALUES (8110221, 811220001, 1, 'system', FALSE, NOW(), 'system') ON CONFLICT (study_question_set_id, question_id) DO UPDATE SET order_index = EXCLUDED.order_index, is_deleted = FALSE;
INSERT INTO study_question_set_questions (study_question_set_id, question_id, order_index, tenant_id, is_deleted, created_at, created_by) VALUES (8110221, 811220002, 2, 'system', FALSE, NOW(), 'system') ON CONFLICT (study_question_set_id, question_id) DO UPDATE SET order_index = EXCLUDED.order_index, is_deleted = FALSE;
INSERT INTO study_question_set_questions (study_question_set_id, question_id, order_index, tenant_id, is_deleted, created_at, created_by) VALUES (8110221, 811220003, 3, 'system', FALSE, NOW(), 'system') ON CONFLICT (study_question_set_id, question_id) DO UPDATE SET order_index = EXCLUDED.order_index, is_deleted = FALSE;
INSERT INTO study_question_set_questions (study_question_set_id, question_id, order_index, tenant_id, is_deleted, created_at, created_by) VALUES (8110221, 811220004, 4, 'system', FALSE, NOW(), 'system') ON CONFLICT (study_question_set_id, question_id) DO UPDATE SET order_index = EXCLUDED.order_index, is_deleted = FALSE;
INSERT INTO study_resource_question_sets (resource_type, resource_id, study_question_set_id, position, context, tenant_id, is_active, is_deleted, created_at, created_by) VALUES ('module', 8011002, 8110221, 5, '{"label": "T2. Tuần đầu trong nhà máy — Reading Section 1: Bảng quy trình"}'::jsonb, 'system', TRUE, FALSE, NOW(), 'system') ON CONFLICT (resource_type, resource_id, study_question_set_id) DO UPDATE SET position = EXCLUDED.position, context = EXCLUDED.context, is_active = TRUE, is_deleted = FALSE;

INSERT INTO study_question_sets (id, name, description, set_type, card_count, tenant_id, is_active, is_deleted, created_at, created_by) VALUES (8110222, 'T2. Tuần đầu trong nhà máy — Reading Section 2: Sổ tay hướng dẫn', 'Đọc hiểu Sổ tay hướng dẫn', 'reading', 4, 'system', TRUE, FALSE, NOW(), 'system') ON CONFLICT (id) DO UPDATE SET name = EXCLUDED.name, description = EXCLUDED.description, set_type = EXCLUDED.set_type, card_count = EXCLUDED.card_count, is_active = EXCLUDED.is_active, is_deleted = EXCLUDED.is_deleted, updated_at = NOW(), updated_by = 'system';
INSERT INTO study_question_set_questions (study_question_set_id, question_id, order_index, tenant_id, is_deleted, created_at, created_by) VALUES (8110222, 811220005, 1, 'system', FALSE, NOW(), 'system') ON CONFLICT (study_question_set_id, question_id) DO UPDATE SET order_index = EXCLUDED.order_index, is_deleted = FALSE;
INSERT INTO study_question_set_questions (study_question_set_id, question_id, order_index, tenant_id, is_deleted, created_at, created_by) VALUES (8110222, 811220006, 2, 'system', FALSE, NOW(), 'system') ON CONFLICT (study_question_set_id, question_id) DO UPDATE SET order_index = EXCLUDED.order_index, is_deleted = FALSE;
INSERT INTO study_question_set_questions (study_question_set_id, question_id, order_index, tenant_id, is_deleted, created_at, created_by) VALUES (8110222, 811220007, 3, 'system', FALSE, NOW(), 'system') ON CONFLICT (study_question_set_id, question_id) DO UPDATE SET order_index = EXCLUDED.order_index, is_deleted = FALSE;
INSERT INTO study_question_set_questions (study_question_set_id, question_id, order_index, tenant_id, is_deleted, created_at, created_by) VALUES (8110222, 811220008, 4, 'system', FALSE, NOW(), 'system') ON CONFLICT (study_question_set_id, question_id) DO UPDATE SET order_index = EXCLUDED.order_index, is_deleted = FALSE;
INSERT INTO study_resource_question_sets (resource_type, resource_id, study_question_set_id, position, context, tenant_id, is_active, is_deleted, created_at, created_by) VALUES ('module', 8011002, 8110222, 6, '{"label": "T2. Tuần đầu trong nhà máy — Reading Section 2: Sổ tay hướng dẫn"}'::jsonb, 'system', TRUE, FALSE, NOW(), 'system') ON CONFLICT (resource_type, resource_id, study_question_set_id) DO UPDATE SET position = EXCLUDED.position, context = EXCLUDED.context, is_active = TRUE, is_deleted = FALSE;

INSERT INTO study_question_sets (id, name, description, set_type, card_count, tenant_id, is_active, is_deleted, created_at, created_by) VALUES (8110223, 'T2. Tuần đầu trong nhà máy — Reading Section 3: Báo cáo', 'Đọc hiểu Báo cáo', 'reading', 4, 'system', TRUE, FALSE, NOW(), 'system') ON CONFLICT (id) DO UPDATE SET name = EXCLUDED.name, description = EXCLUDED.description, set_type = EXCLUDED.set_type, card_count = EXCLUDED.card_count, is_active = EXCLUDED.is_active, is_deleted = EXCLUDED.is_deleted, updated_at = NOW(), updated_by = 'system';
INSERT INTO study_question_set_questions (study_question_set_id, question_id, order_index, tenant_id, is_deleted, created_at, created_by) VALUES (8110223, 811220009, 1, 'system', FALSE, NOW(), 'system') ON CONFLICT (study_question_set_id, question_id) DO UPDATE SET order_index = EXCLUDED.order_index, is_deleted = FALSE;
INSERT INTO study_question_set_questions (study_question_set_id, question_id, order_index, tenant_id, is_deleted, created_at, created_by) VALUES (8110223, 811220010, 2, 'system', FALSE, NOW(), 'system') ON CONFLICT (study_question_set_id, question_id) DO UPDATE SET order_index = EXCLUDED.order_index, is_deleted = FALSE;
INSERT INTO study_question_set_questions (study_question_set_id, question_id, order_index, tenant_id, is_deleted, created_at, created_by) VALUES (8110223, 811220011, 3, 'system', FALSE, NOW(), 'system') ON CONFLICT (study_question_set_id, question_id) DO UPDATE SET order_index = EXCLUDED.order_index, is_deleted = FALSE;
INSERT INTO study_question_set_questions (study_question_set_id, question_id, order_index, tenant_id, is_deleted, created_at, created_by) VALUES (8110223, 811220012, 4, 'system', FALSE, NOW(), 'system') ON CONFLICT (study_question_set_id, question_id) DO UPDATE SET order_index = EXCLUDED.order_index, is_deleted = FALSE;
INSERT INTO study_resource_question_sets (resource_type, resource_id, study_question_set_id, position, context, tenant_id, is_active, is_deleted, created_at, created_by) VALUES ('module', 8011002, 8110223, 7, '{"label": "T2. Tuần đầu trong nhà máy — Reading Section 3: Báo cáo"}'::jsonb, 'system', TRUE, FALSE, NOW(), 'system') ON CONFLICT (resource_type, resource_id, study_question_set_id) DO UPDATE SET position = EXCLUDED.position, context = EXCLUDED.context, is_active = TRUE, is_deleted = FALSE;

INSERT INTO study_question_sets (id, name, description, set_type, card_count, tenant_id, is_active, is_deleted, created_at, created_by) VALUES (8110224, 'T2. Tuần đầu trong nhà máy — Reading Section 4: Thông báo', 'Đọc hiểu Thông báo', 'reading', 4, 'system', TRUE, FALSE, NOW(), 'system') ON CONFLICT (id) DO UPDATE SET name = EXCLUDED.name, description = EXCLUDED.description, set_type = EXCLUDED.set_type, card_count = EXCLUDED.card_count, is_active = EXCLUDED.is_active, is_deleted = EXCLUDED.is_deleted, updated_at = NOW(), updated_by = 'system';
INSERT INTO study_question_set_questions (study_question_set_id, question_id, order_index, tenant_id, is_deleted, created_at, created_by) VALUES (8110224, 811220013, 1, 'system', FALSE, NOW(), 'system') ON CONFLICT (study_question_set_id, question_id) DO UPDATE SET order_index = EXCLUDED.order_index, is_deleted = FALSE;
INSERT INTO study_question_set_questions (study_question_set_id, question_id, order_index, tenant_id, is_deleted, created_at, created_by) VALUES (8110224, 811220014, 2, 'system', FALSE, NOW(), 'system') ON CONFLICT (study_question_set_id, question_id) DO UPDATE SET order_index = EXCLUDED.order_index, is_deleted = FALSE;
INSERT INTO study_question_set_questions (study_question_set_id, question_id, order_index, tenant_id, is_deleted, created_at, created_by) VALUES (8110224, 811220015, 3, 'system', FALSE, NOW(), 'system') ON CONFLICT (study_question_set_id, question_id) DO UPDATE SET order_index = EXCLUDED.order_index, is_deleted = FALSE;
INSERT INTO study_question_set_questions (study_question_set_id, question_id, order_index, tenant_id, is_deleted, created_at, created_by) VALUES (8110224, 811220016, 4, 'system', FALSE, NOW(), 'system') ON CONFLICT (study_question_set_id, question_id) DO UPDATE SET order_index = EXCLUDED.order_index, is_deleted = FALSE;
INSERT INTO study_resource_question_sets (resource_type, resource_id, study_question_set_id, position, context, tenant_id, is_active, is_deleted, created_at, created_by) VALUES ('module', 8011002, 8110224, 8, '{"label": "T2. Tuần đầu trong nhà máy — Reading Section 4: Thông báo"}'::jsonb, 'system', TRUE, FALSE, NOW(), 'system') ON CONFLICT (resource_type, resource_id, study_question_set_id) DO UPDATE SET position = EXCLUDED.position, context = EXCLUDED.context, is_active = TRUE, is_deleted = FALSE;

INSERT INTO study_question_sets (id, name, description, set_type, card_count, tenant_id, is_active, is_deleted, created_at, created_by) VALUES (8110225, 'T2. Tuần đầu trong nhà máy — Reading Section 5: Danh mục kiểm tra', 'Đọc hiểu Danh mục kiểm tra', 'reading', 4, 'system', TRUE, FALSE, NOW(), 'system') ON CONFLICT (id) DO UPDATE SET name = EXCLUDED.name, description = EXCLUDED.description, set_type = EXCLUDED.set_type, card_count = EXCLUDED.card_count, is_active = EXCLUDED.is_active, is_deleted = EXCLUDED.is_deleted, updated_at = NOW(), updated_by = 'system';
INSERT INTO study_question_set_questions (study_question_set_id, question_id, order_index, tenant_id, is_deleted, created_at, created_by) VALUES (8110225, 811220017, 1, 'system', FALSE, NOW(), 'system') ON CONFLICT (study_question_set_id, question_id) DO UPDATE SET order_index = EXCLUDED.order_index, is_deleted = FALSE;
INSERT INTO study_question_set_questions (study_question_set_id, question_id, order_index, tenant_id, is_deleted, created_at, created_by) VALUES (8110225, 811220018, 2, 'system', FALSE, NOW(), 'system') ON CONFLICT (study_question_set_id, question_id) DO UPDATE SET order_index = EXCLUDED.order_index, is_deleted = FALSE;
INSERT INTO study_question_set_questions (study_question_set_id, question_id, order_index, tenant_id, is_deleted, created_at, created_by) VALUES (8110225, 811220019, 3, 'system', FALSE, NOW(), 'system') ON CONFLICT (study_question_set_id, question_id) DO UPDATE SET order_index = EXCLUDED.order_index, is_deleted = FALSE;
INSERT INTO study_question_set_questions (study_question_set_id, question_id, order_index, tenant_id, is_deleted, created_at, created_by) VALUES (8110225, 811220020, 4, 'system', FALSE, NOW(), 'system') ON CONFLICT (study_question_set_id, question_id) DO UPDATE SET order_index = EXCLUDED.order_index, is_deleted = FALSE;
INSERT INTO study_resource_question_sets (resource_type, resource_id, study_question_set_id, position, context, tenant_id, is_active, is_deleted, created_at, created_by) VALUES ('module', 8011002, 8110225, 9, '{"label": "T2. Tuần đầu trong nhà máy — Reading Section 5: Danh mục kiểm tra"}'::jsonb, 'system', TRUE, FALSE, NOW(), 'system') ON CONFLICT (resource_type, resource_id, study_question_set_id) DO UPDATE SET position = EXCLUDED.position, context = EXCLUDED.context, is_active = TRUE, is_deleted = FALSE;

-- BaiTap: t03_eisei_kanri (40 questions)
INSERT INTO questions (id, user_id, is_system, is_khoa_cu, question_type, content_type, level, selection_type, question, passage, passage_translation, general_explanation, skill_category, base_difficulty, tenant_id, is_active, is_deleted, created_at, created_by) VALUES (811310001, NULL, TRUE, FALSE, 'chon_dap_an', 'jisshusei_baitap_t03_eisei_kanri', 'N5', 'single', 'Rửa tay tối thiểu bao nhiêu giây?

Rửa tay tối thiểu:', NULL, NULL, '30 giây = tối thiểu, theo HACCP standard.', 'vocab', 1, 'system', TRUE, FALSE, NOW(), 'system') ON CONFLICT (id) DO UPDATE SET question_type = EXCLUDED.question_type, content_type = EXCLUDED.content_type, level = EXCLUDED.level, question = EXCLUDED.question, passage = EXCLUDED.passage, passage_translation = EXCLUDED.passage_translation, general_explanation = EXCLUDED.general_explanation, skill_category = EXCLUDED.skill_category, is_active = EXCLUDED.is_active, is_deleted = EXCLUDED.is_deleted, updated_at = NOW(), updated_by = 'system';
DELETE FROM questions_answers WHERE question_id = 811310001;
INSERT INTO questions_answers (question_id, sentence, sentence_translation, is_correct, "order") VALUES (811310001, '15 giây', '15 giây', FALSE, 1);
INSERT INTO questions_answers (question_id, sentence, sentence_translation, is_correct, "order") VALUES (811310001, '30 giây', '30 giây', TRUE, 2);
INSERT INTO questions_answers (question_id, sentence, sentence_translation, is_correct, "order") VALUES (811310001, '60 giây', '60 giây', FALSE, 3);
INSERT INTO questions_answers (question_id, sentence, sentence_translation, is_correct, "order") VALUES (811310001, 'Không giới hạn', 'Không giới hạn', FALSE, 4);
INSERT INTO questions (id, user_id, is_system, is_khoa_cu, question_type, content_type, level, selection_type, question, passage, passage_translation, general_explanation, skill_category, base_difficulty, tenant_id, is_active, is_deleted, created_at, created_by) VALUES (811310002, NULL, TRUE, FALSE, 'chon_dap_an', 'jisshusei_baitap_t03_eisei_kanri', 'N5', 'single', 'HACCP có bao nhiêu nguyên tắc?

HACCP có:', NULL, NULL, 'HACCP = 7 nguyên tắc + 12 bước.', 'vocab', 1, 'system', TRUE, FALSE, NOW(), 'system') ON CONFLICT (id) DO UPDATE SET question_type = EXCLUDED.question_type, content_type = EXCLUDED.content_type, level = EXCLUDED.level, question = EXCLUDED.question, passage = EXCLUDED.passage, passage_translation = EXCLUDED.passage_translation, general_explanation = EXCLUDED.general_explanation, skill_category = EXCLUDED.skill_category, is_active = EXCLUDED.is_active, is_deleted = EXCLUDED.is_deleted, updated_at = NOW(), updated_by = 'system';
DELETE FROM questions_answers WHERE question_id = 811310002;
INSERT INTO questions_answers (question_id, sentence, sentence_translation, is_correct, "order") VALUES (811310002, '5', '5', FALSE, 1);
INSERT INTO questions_answers (question_id, sentence, sentence_translation, is_correct, "order") VALUES (811310002, '7', '7', TRUE, 2);
INSERT INTO questions_answers (question_id, sentence, sentence_translation, is_correct, "order") VALUES (811310002, '9', '9', FALSE, 3);
INSERT INTO questions_answers (question_id, sentence, sentence_translation, is_correct, "order") VALUES (811310002, '12', '12', FALSE, 4);
INSERT INTO questions (id, user_id, is_system, is_khoa_cu, question_type, content_type, level, selection_type, question, passage, passage_translation, general_explanation, skill_category, base_difficulty, tenant_id, is_active, is_deleted, created_at, created_by) VALUES (811310003, NULL, TRUE, FALSE, 'chon_dap_an', 'jisshusei_baitap_t03_eisei_kanri', 'N5', 'single', '「卵」(たまご) là allergen mandatory hay recommended?

「卵」 là:', NULL, NULL, '卵 = trứng = #1 trong 9 mandatory.', 'vocab', 1, 'system', TRUE, FALSE, NOW(), 'system') ON CONFLICT (id) DO UPDATE SET question_type = EXCLUDED.question_type, content_type = EXCLUDED.content_type, level = EXCLUDED.level, question = EXCLUDED.question, passage = EXCLUDED.passage, passage_translation = EXCLUDED.passage_translation, general_explanation = EXCLUDED.general_explanation, skill_category = EXCLUDED.skill_category, is_active = EXCLUDED.is_active, is_deleted = EXCLUDED.is_deleted, updated_at = NOW(), updated_by = 'system';
DELETE FROM questions_answers WHERE question_id = 811310003;
INSERT INTO questions_answers (question_id, sentence, sentence_translation, is_correct, "order") VALUES (811310003, 'Mandatory (#1)', 'Mandatory (#1)', TRUE, 1);
INSERT INTO questions_answers (question_id, sentence, sentence_translation, is_correct, "order") VALUES (811310003, 'Recommended', 'Recommended', FALSE, 2);
INSERT INTO questions_answers (question_id, sentence, sentence_translation, is_correct, "order") VALUES (811310003, 'Không phải allergen', 'Không phải allergen', FALSE, 3);
INSERT INTO questions_answers (question_id, sentence, sentence_translation, is_correct, "order") VALUES (811310003, 'Mới thêm 2026', 'Mới thêm 2026', FALSE, 4);
INSERT INTO questions (id, user_id, is_system, is_khoa_cu, question_type, content_type, level, selection_type, question, passage, passage_translation, general_explanation, skill_category, base_difficulty, tenant_id, is_active, is_deleted, created_at, created_by) VALUES (811310004, NULL, TRUE, FALSE, 'chon_dap_an', 'jisshusei_baitap_t03_eisei_kanri', 'N5', 'single', 'Allergen mới thêm vào 2026/4 là:

Mới thêm 2026/4:', NULL, NULL, 'Cashew vừa được thêm vào mandatory list 4/2026.', 'vocab', 1, 'system', TRUE, FALSE, NOW(), 'system') ON CONFLICT (id) DO UPDATE SET question_type = EXCLUDED.question_type, content_type = EXCLUDED.content_type, level = EXCLUDED.level, question = EXCLUDED.question, passage = EXCLUDED.passage, passage_translation = EXCLUDED.passage_translation, general_explanation = EXCLUDED.general_explanation, skill_category = EXCLUDED.skill_category, is_active = EXCLUDED.is_active, is_deleted = EXCLUDED.is_deleted, updated_at = NOW(), updated_by = 'system';
DELETE FROM questions_answers WHERE question_id = 811310004;
INSERT INTO questions_answers (question_id, sentence, sentence_translation, is_correct, "order") VALUES (811310004, 'くるみ', NULL, FALSE, 1);
INSERT INTO questions_answers (question_id, sentence, sentence_translation, is_correct, "order") VALUES (811310004, 'カシューナッツ (cashew)', NULL, TRUE, 2);
INSERT INTO questions_answers (question_id, sentence, sentence_translation, is_correct, "order") VALUES (811310004, 'そば', NULL, FALSE, 3);
INSERT INTO questions_answers (question_id, sentence, sentence_translation, is_correct, "order") VALUES (811310004, 'ごま', NULL, FALSE, 4);
INSERT INTO questions (id, user_id, is_system, is_khoa_cu, question_type, content_type, level, selection_type, question, passage, passage_translation, general_explanation, skill_category, base_difficulty, tenant_id, is_active, is_deleted, created_at, created_by) VALUES (811310005, NULL, TRUE, FALSE, 'chon_dap_an', 'jisshusei_baitap_t03_eisei_kanri', 'N5', 'single', 'Năm 2026, allergen mandatory có:

Allergen mandatory 2026:', NULL, NULL, '9 mandatory + 19 recommended = 28 tổng.', 'vocab', 1, 'system', TRUE, FALSE, NOW(), 'system') ON CONFLICT (id) DO UPDATE SET question_type = EXCLUDED.question_type, content_type = EXCLUDED.content_type, level = EXCLUDED.level, question = EXCLUDED.question, passage = EXCLUDED.passage, passage_translation = EXCLUDED.passage_translation, general_explanation = EXCLUDED.general_explanation, skill_category = EXCLUDED.skill_category, is_active = EXCLUDED.is_active, is_deleted = EXCLUDED.is_deleted, updated_at = NOW(), updated_by = 'system';
DELETE FROM questions_answers WHERE question_id = 811310005;
INSERT INTO questions_answers (question_id, sentence, sentence_translation, is_correct, "order") VALUES (811310005, '7 chất', '7 chất', FALSE, 1);
INSERT INTO questions_answers (question_id, sentence, sentence_translation, is_correct, "order") VALUES (811310005, '8 chất', '8 chất', FALSE, 2);
INSERT INTO questions_answers (question_id, sentence, sentence_translation, is_correct, "order") VALUES (811310005, '9 chất', '9 chất', TRUE, 3);
INSERT INTO questions_answers (question_id, sentence, sentence_translation, is_correct, "order") VALUES (811310005, '28 chất', '28 chất', FALSE, 4);
INSERT INTO questions (id, user_id, is_system, is_khoa_cu, question_type, content_type, level, selection_type, question, passage, passage_translation, general_explanation, skill_category, base_difficulty, tenant_id, is_active, is_deleted, created_at, created_by) VALUES (811310006, NULL, TRUE, FALSE, 'chon_dap_an', 'jisshusei_baitap_t03_eisei_kanri', 'N5', 'single', '「検便」(けんべん) là gì:

「検便」là:', NULL, NULL, '検便 = xét nghiệm phân, BẮT BUỘC hàng tháng cho NV thực phẩm.', 'vocab', 1, 'system', TRUE, FALSE, NOW(), 'system') ON CONFLICT (id) DO UPDATE SET question_type = EXCLUDED.question_type, content_type = EXCLUDED.content_type, level = EXCLUDED.level, question = EXCLUDED.question, passage = EXCLUDED.passage, passage_translation = EXCLUDED.passage_translation, general_explanation = EXCLUDED.general_explanation, skill_category = EXCLUDED.skill_category, is_active = EXCLUDED.is_active, is_deleted = EXCLUDED.is_deleted, updated_at = NOW(), updated_by = 'system';
DELETE FROM questions_answers WHERE question_id = 811310006;
INSERT INTO questions_answers (question_id, sentence, sentence_translation, is_correct, "order") VALUES (811310006, 'Khám sức khoẻ tổng quát', 'Khám sức khoẻ tổng quát', FALSE, 1);
INSERT INTO questions_answers (question_id, sentence, sentence_translation, is_correct, "order") VALUES (811310006, 'Xét nghiệm phân hàng tháng', 'Xét nghiệm phân hàng tháng', TRUE, 2);
INSERT INTO questions_answers (question_id, sentence, sentence_translation, is_correct, "order") VALUES (811310006, 'Đo huyết áp', 'Đo huyết áp', FALSE, 3);
INSERT INTO questions_answers (question_id, sentence, sentence_translation, is_correct, "order") VALUES (811310006, 'Test máu', 'Test máu', FALSE, 4);
INSERT INTO questions (id, user_id, is_system, is_khoa_cu, question_type, content_type, level, selection_type, question, passage, passage_translation, general_explanation, skill_category, base_difficulty, tenant_id, is_active, is_deleted, created_at, created_by) VALUES (811310007, NULL, TRUE, FALSE, 'chon_dap_an', 'jisshusei_baitap_t03_eisei_kanri', 'N5', 'single', '「殺菌」(さっきん) là:

「殺菌」là:', NULL, NULL, '殺菌 sakkin = diệt khuẩn.', 'vocab', 1, 'system', TRUE, FALSE, NOW(), 'system') ON CONFLICT (id) DO UPDATE SET question_type = EXCLUDED.question_type, content_type = EXCLUDED.content_type, level = EXCLUDED.level, question = EXCLUDED.question, passage = EXCLUDED.passage, passage_translation = EXCLUDED.passage_translation, general_explanation = EXCLUDED.general_explanation, skill_category = EXCLUDED.skill_category, is_active = EXCLUDED.is_active, is_deleted = EXCLUDED.is_deleted, updated_at = NOW(), updated_by = 'system';
DELETE FROM questions_answers WHERE question_id = 811310007;
INSERT INTO questions_answers (question_id, sentence, sentence_translation, is_correct, "order") VALUES (811310007, 'Diệt khuẩn', 'Diệt khuẩn', TRUE, 1);
INSERT INTO questions_answers (question_id, sentence, sentence_translation, is_correct, "order") VALUES (811310007, 'Sấy khô', 'Sấy khô', FALSE, 2);
INSERT INTO questions_answers (question_id, sentence, sentence_translation, is_correct, "order") VALUES (811310007, 'Đông lạnh', 'Đông lạnh', FALSE, 3);
INSERT INTO questions_answers (question_id, sentence, sentence_translation, is_correct, "order") VALUES (811310007, 'Đóng gói', 'Đóng gói', FALSE, 4);
INSERT INTO questions (id, user_id, is_system, is_khoa_cu, question_type, content_type, level, selection_type, question, passage, passage_translation, general_explanation, skill_category, base_difficulty, tenant_id, is_active, is_deleted, created_at, created_by) VALUES (811310008, NULL, TRUE, FALSE, 'chon_dap_an', 'jisshusei_baitap_t03_eisei_kanri', 'N5', 'single', '「サニタイザー」 là:

「サニタイザー」 là:', NULL, NULL, 'サニタイザー = sanitizer = dung dịch sát khuẩn.', 'vocab', 1, 'system', TRUE, FALSE, NOW(), 'system') ON CONFLICT (id) DO UPDATE SET question_type = EXCLUDED.question_type, content_type = EXCLUDED.content_type, level = EXCLUDED.level, question = EXCLUDED.question, passage = EXCLUDED.passage, passage_translation = EXCLUDED.passage_translation, general_explanation = EXCLUDED.general_explanation, skill_category = EXCLUDED.skill_category, is_active = EXCLUDED.is_active, is_deleted = EXCLUDED.is_deleted, updated_at = NOW(), updated_by = 'system';
DELETE FROM questions_answers WHERE question_id = 811310008;
INSERT INTO questions_answers (question_id, sentence, sentence_translation, is_correct, "order") VALUES (811310008, 'Máy giặt', 'Máy giặt', FALSE, 1);
INSERT INTO questions_answers (question_id, sentence, sentence_translation, is_correct, "order") VALUES (811310008, 'Dung dịch sát khuẩn', 'Dung dịch sát khuẩn', TRUE, 2);
INSERT INTO questions_answers (question_id, sentence, sentence_translation, is_correct, "order") VALUES (811310008, 'Khẩu trang', 'Khẩu trang', FALSE, 3);
INSERT INTO questions_answers (question_id, sentence, sentence_translation, is_correct, "order") VALUES (811310008, 'Áo bảo hộ', 'Áo bảo hộ', FALSE, 4);
INSERT INTO questions (id, user_id, is_system, is_khoa_cu, question_type, content_type, level, selection_type, question, passage, passage_translation, general_explanation, skill_category, base_difficulty, tenant_id, is_active, is_deleted, created_at, created_by) VALUES (811310009, NULL, TRUE, FALSE, 'chon_dap_an', 'jisshusei_baitap_t03_eisei_kanri', 'N5', 'single', 'Vi khuẩn nguy hiểm test trong 検便:

Vi khuẩn test trong 検便:', NULL, NULL, 'Test 3 vi khuẩn gây ngộ độc thực phẩm: Salmonella, O-157, Shigella.', 'vocab', 1, 'system', TRUE, FALSE, NOW(), 'system') ON CONFLICT (id) DO UPDATE SET question_type = EXCLUDED.question_type, content_type = EXCLUDED.content_type, level = EXCLUDED.level, question = EXCLUDED.question, passage = EXCLUDED.passage, passage_translation = EXCLUDED.passage_translation, general_explanation = EXCLUDED.general_explanation, skill_category = EXCLUDED.skill_category, is_active = EXCLUDED.is_active, is_deleted = EXCLUDED.is_deleted, updated_at = NOW(), updated_by = 'system';
DELETE FROM questions_answers WHERE question_id = 811310009;
INSERT INTO questions_answers (question_id, sentence, sentence_translation, is_correct, "order") VALUES (811310009, 'Salmonella, O-157, Shigella', 'Salmonella, O-157, Shigella', TRUE, 1);
INSERT INTO questions_answers (question_id, sentence, sentence_translation, is_correct, "order") VALUES (811310009, 'Cúm', 'Cúm', FALSE, 2);
INSERT INTO questions_answers (question_id, sentence, sentence_translation, is_correct, "order") VALUES (811310009, 'HIV', 'HIV', FALSE, 3);
INSERT INTO questions_answers (question_id, sentence, sentence_translation, is_correct, "order") VALUES (811310009, 'Lao', 'Lao', FALSE, 4);
INSERT INTO questions (id, user_id, is_system, is_khoa_cu, question_type, content_type, level, selection_type, question, passage, passage_translation, general_explanation, skill_category, base_difficulty, tenant_id, is_active, is_deleted, created_at, created_by) VALUES (811310010, NULL, TRUE, FALSE, 'chon_dap_an', 'jisshusei_baitap_t03_eisei_kanri', 'N5', 'single', 'Mỗi cơ sở thực phẩm BẮT BUỘC có:

Mỗi cơ sở phải có:', NULL, NULL, '食品衛生責任者 = 1 người mỗi cơ sở, BẮT BUỘC theo luật.', 'vocab', 1, 'system', TRUE, FALSE, NOW(), 'system') ON CONFLICT (id) DO UPDATE SET question_type = EXCLUDED.question_type, content_type = EXCLUDED.content_type, level = EXCLUDED.level, question = EXCLUDED.question, passage = EXCLUDED.passage, passage_translation = EXCLUDED.passage_translation, general_explanation = EXCLUDED.general_explanation, skill_category = EXCLUDED.skill_category, is_active = EXCLUDED.is_active, is_deleted = EXCLUDED.is_deleted, updated_at = NOW(), updated_by = 'system';
DELETE FROM questions_answers WHERE question_id = 811310010;
INSERT INTO questions_answers (question_id, sentence, sentence_translation, is_correct, "order") VALUES (811310010, '食品衛生管理者', NULL, FALSE, 1);
INSERT INTO questions_answers (question_id, sentence, sentence_translation, is_correct, "order") VALUES (811310010, '食品衛生責任者 (≥1 người)', NULL, TRUE, 2);
INSERT INTO questions_answers (question_id, sentence, sentence_translation, is_correct, "order") VALUES (811310010, 'HACCP coordinator', 'HACCP coordinator', FALSE, 3);
INSERT INTO questions_answers (question_id, sentence, sentence_translation, is_correct, "order") VALUES (811310010, 'Bác sĩ', 'Bác sĩ', FALSE, 4);
INSERT INTO questions (id, user_id, is_system, is_khoa_cu, question_type, content_type, level, selection_type, question, passage, passage_translation, general_explanation, skill_category, base_difficulty, tenant_id, is_active, is_deleted, created_at, created_by) VALUES (811310011, NULL, TRUE, FALSE, 'chon_dap_an', 'jisshusei_baitap_t03_eisei_kanri', 'N5', 'single', '「えび」 là allergen #:

「えび」 là:', NULL, NULL, 'えび = tôm = #6 mandatory.', 'vocab', 1, 'system', TRUE, FALSE, NOW(), 'system') ON CONFLICT (id) DO UPDATE SET question_type = EXCLUDED.question_type, content_type = EXCLUDED.content_type, level = EXCLUDED.level, question = EXCLUDED.question, passage = EXCLUDED.passage, passage_translation = EXCLUDED.passage_translation, general_explanation = EXCLUDED.general_explanation, skill_category = EXCLUDED.skill_category, is_active = EXCLUDED.is_active, is_deleted = EXCLUDED.is_deleted, updated_at = NOW(), updated_by = 'system';
DELETE FROM questions_answers WHERE question_id = 811310011;
INSERT INTO questions_answers (question_id, sentence, sentence_translation, is_correct, "order") VALUES (811310011, 'Mandatory #6', 'Mandatory #6', TRUE, 1);
INSERT INTO questions_answers (question_id, sentence, sentence_translation, is_correct, "order") VALUES (811310011, 'Recommended', 'Recommended', FALSE, 2);
INSERT INTO questions_answers (question_id, sentence, sentence_translation, is_correct, "order") VALUES (811310011, 'Không phải', 'Không phải', FALSE, 3);
INSERT INTO questions_answers (question_id, sentence, sentence_translation, is_correct, "order") VALUES (811310011, 'Mới thêm', 'Mới thêm', FALSE, 4);
INSERT INTO questions (id, user_id, is_system, is_khoa_cu, question_type, content_type, level, selection_type, question, passage, passage_translation, general_explanation, skill_category, base_difficulty, tenant_id, is_active, is_deleted, created_at, created_by) VALUES (811310012, NULL, TRUE, FALSE, 'chon_dap_an', 'jisshusei_baitap_t03_eisei_kanri', 'N5', 'single', '「かに」 là:

「かに」 là:', NULL, NULL, 'かに = cua = mandatory #7.', 'vocab', 1, 'system', TRUE, FALSE, NOW(), 'system') ON CONFLICT (id) DO UPDATE SET question_type = EXCLUDED.question_type, content_type = EXCLUDED.content_type, level = EXCLUDED.level, question = EXCLUDED.question, passage = EXCLUDED.passage, passage_translation = EXCLUDED.passage_translation, general_explanation = EXCLUDED.general_explanation, skill_category = EXCLUDED.skill_category, is_active = EXCLUDED.is_active, is_deleted = EXCLUDED.is_deleted, updated_at = NOW(), updated_by = 'system';
DELETE FROM questions_answers WHERE question_id = 811310012;
INSERT INTO questions_answers (question_id, sentence, sentence_translation, is_correct, "order") VALUES (811310012, 'Cua, mandatory #7', 'Cua, mandatory #7', TRUE, 1);
INSERT INTO questions_answers (question_id, sentence, sentence_translation, is_correct, "order") VALUES (811310012, 'Tôm', 'Tôm', FALSE, 2);
INSERT INTO questions_answers (question_id, sentence, sentence_translation, is_correct, "order") VALUES (811310012, 'Sò', 'Sò', FALSE, 3);
INSERT INTO questions_answers (question_id, sentence, sentence_translation, is_correct, "order") VALUES (811310012, 'Cá', 'Cá', FALSE, 4);
INSERT INTO questions (id, user_id, is_system, is_khoa_cu, question_type, content_type, level, selection_type, question, passage, passage_translation, general_explanation, skill_category, base_difficulty, tenant_id, is_active, is_deleted, created_at, created_by) VALUES (811310013, NULL, TRUE, FALSE, 'chon_dap_an', 'jisshusei_baitap_t03_eisei_kanri', 'N5', 'single', '「そば」 là:

「そば」 là:', NULL, NULL, 'そば = kiều mạch (mì soba), mandatory #4.', 'vocab', 1, 'system', TRUE, FALSE, NOW(), 'system') ON CONFLICT (id) DO UPDATE SET question_type = EXCLUDED.question_type, content_type = EXCLUDED.content_type, level = EXCLUDED.level, question = EXCLUDED.question, passage = EXCLUDED.passage, passage_translation = EXCLUDED.passage_translation, general_explanation = EXCLUDED.general_explanation, skill_category = EXCLUDED.skill_category, is_active = EXCLUDED.is_active, is_deleted = EXCLUDED.is_deleted, updated_at = NOW(), updated_by = 'system';
DELETE FROM questions_answers WHERE question_id = 811310013;
INSERT INTO questions_answers (question_id, sentence, sentence_translation, is_correct, "order") VALUES (811310013, 'Mì gạo', 'Mì gạo', FALSE, 1);
INSERT INTO questions_answers (question_id, sentence, sentence_translation, is_correct, "order") VALUES (811310013, 'Kiều mạch (mandatory #4)', 'Kiều mạch (mandatory #4)', TRUE, 2);
INSERT INTO questions_answers (question_id, sentence, sentence_translation, is_correct, "order") VALUES (811310013, 'Lúa mạch', 'Lúa mạch', FALSE, 3);
INSERT INTO questions_answers (question_id, sentence, sentence_translation, is_correct, "order") VALUES (811310013, 'Đậu nành', 'Đậu nành', FALSE, 4);
INSERT INTO questions (id, user_id, is_system, is_khoa_cu, question_type, content_type, level, selection_type, question, passage, passage_translation, general_explanation, skill_category, base_difficulty, tenant_id, is_active, is_deleted, created_at, created_by) VALUES (811310014, NULL, TRUE, FALSE, 'chon_dap_an', 'jisshusei_baitap_t03_eisei_kanri', 'N5', 'single', 'Color-coded utensils — màu cho thịt sống:

Màu cho thịt sống:', NULL, NULL, 'Đỏ = thịt sống. Xanh = cá. Lá = rau. Vàng = gia cầm. Trắng = chín.', 'vocab', 1, 'system', TRUE, FALSE, NOW(), 'system') ON CONFLICT (id) DO UPDATE SET question_type = EXCLUDED.question_type, content_type = EXCLUDED.content_type, level = EXCLUDED.level, question = EXCLUDED.question, passage = EXCLUDED.passage, passage_translation = EXCLUDED.passage_translation, general_explanation = EXCLUDED.general_explanation, skill_category = EXCLUDED.skill_category, is_active = EXCLUDED.is_active, is_deleted = EXCLUDED.is_deleted, updated_at = NOW(), updated_by = 'system';
DELETE FROM questions_answers WHERE question_id = 811310014;
INSERT INTO questions_answers (question_id, sentence, sentence_translation, is_correct, "order") VALUES (811310014, 'Đỏ', 'Đỏ', TRUE, 1);
INSERT INTO questions_answers (question_id, sentence, sentence_translation, is_correct, "order") VALUES (811310014, 'Xanh', 'Xanh', FALSE, 2);
INSERT INTO questions_answers (question_id, sentence, sentence_translation, is_correct, "order") VALUES (811310014, 'Vàng', 'Vàng', FALSE, 3);
INSERT INTO questions_answers (question_id, sentence, sentence_translation, is_correct, "order") VALUES (811310014, 'Trắng', 'Trắng', FALSE, 4);
INSERT INTO questions (id, user_id, is_system, is_khoa_cu, question_type, content_type, level, selection_type, question, passage, passage_translation, general_explanation, skill_category, base_difficulty, tenant_id, is_active, is_deleted, created_at, created_by) VALUES (811310015, NULL, TRUE, FALSE, 'chon_dap_an', 'jisshusei_baitap_t03_eisei_kanri', 'N5', 'single', 'Khi 検便 cho kết quả dương tính:

検便 (+):', NULL, NULL, 'BẮT BUỘC nghỉ + điều trị. Cố đi làm = vi phạm luật + có thể gây ngộ độc tập thể.', 'vocab', 1, 'system', TRUE, FALSE, NOW(), 'system') ON CONFLICT (id) DO UPDATE SET question_type = EXCLUDED.question_type, content_type = EXCLUDED.content_type, level = EXCLUDED.level, question = EXCLUDED.question, passage = EXCLUDED.passage, passage_translation = EXCLUDED.passage_translation, general_explanation = EXCLUDED.general_explanation, skill_category = EXCLUDED.skill_category, is_active = EXCLUDED.is_active, is_deleted = EXCLUDED.is_deleted, updated_at = NOW(), updated_by = 'system';
DELETE FROM questions_answers WHERE question_id = 811310015;
INSERT INTO questions_answers (question_id, sentence, sentence_translation, is_correct, "order") VALUES (811310015, 'Cố đi làm', 'Cố đi làm', FALSE, 1);
INSERT INTO questions_answers (question_id, sentence, sentence_translation, is_correct, "order") VALUES (811310015, 'Báo Suzuki + nghỉ + đi viện điều trị', 'Báo Suzuki + nghỉ + đi viện điều trị', TRUE, 2);
INSERT INTO questions_answers (question_id, sentence, sentence_translation, is_correct, "order") VALUES (811310015, 'Đợi đến cuối tháng', 'Đợi đến cuối tháng', FALSE, 3);
INSERT INTO questions_answers (question_id, sentence, sentence_translation, is_correct, "order") VALUES (811310015, 'Test lại ngay', 'Test lại ngay', FALSE, 4);
INSERT INTO questions (id, user_id, is_system, is_khoa_cu, question_type, content_type, level, selection_type, question, passage, passage_translation, general_explanation, skill_category, base_difficulty, tenant_id, is_active, is_deleted, created_at, created_by) VALUES (811310016, NULL, TRUE, FALSE, 'chon_dap_an', 'jisshusei_baitap_t03_eisei_kanri', 'N5', 'single', 'Bài hát ABC × 2 lần ≈ bao nhiêu giây?

ABC × 2 ≈:', NULL, NULL, 'ABC × 2 = ~30 giây = thời gian rửa tay chuẩn.', 'vocab', 1, 'system', TRUE, FALSE, NOW(), 'system') ON CONFLICT (id) DO UPDATE SET question_type = EXCLUDED.question_type, content_type = EXCLUDED.content_type, level = EXCLUDED.level, question = EXCLUDED.question, passage = EXCLUDED.passage, passage_translation = EXCLUDED.passage_translation, general_explanation = EXCLUDED.general_explanation, skill_category = EXCLUDED.skill_category, is_active = EXCLUDED.is_active, is_deleted = EXCLUDED.is_deleted, updated_at = NOW(), updated_by = 'system';
DELETE FROM questions_answers WHERE question_id = 811310016;
INSERT INTO questions_answers (question_id, sentence, sentence_translation, is_correct, "order") VALUES (811310016, '15s', '15s', FALSE, 1);
INSERT INTO questions_answers (question_id, sentence, sentence_translation, is_correct, "order") VALUES (811310016, '30s', '30s', TRUE, 2);
INSERT INTO questions_answers (question_id, sentence, sentence_translation, is_correct, "order") VALUES (811310016, '60s', '60s', FALSE, 3);
INSERT INTO questions_answers (question_id, sentence, sentence_translation, is_correct, "order") VALUES (811310016, '90s', '90s', FALSE, 4);
INSERT INTO questions (id, user_id, is_system, is_khoa_cu, question_type, content_type, level, selection_type, question, passage, passage_translation, general_explanation, skill_category, base_difficulty, tenant_id, is_active, is_deleted, created_at, created_by) VALUES (811310017, NULL, TRUE, FALSE, 'chon_dap_an', 'jisshusei_baitap_t03_eisei_kanri', 'N5', 'single', 'Allergen 大豆 (đậu nành) là:

大豆 là:', NULL, NULL, '大豆 = đậu nành = recommended (không bắt buộc).', 'vocab', 1, 'system', TRUE, FALSE, NOW(), 'system') ON CONFLICT (id) DO UPDATE SET question_type = EXCLUDED.question_type, content_type = EXCLUDED.content_type, level = EXCLUDED.level, question = EXCLUDED.question, passage = EXCLUDED.passage, passage_translation = EXCLUDED.passage_translation, general_explanation = EXCLUDED.general_explanation, skill_category = EXCLUDED.skill_category, is_active = EXCLUDED.is_active, is_deleted = EXCLUDED.is_deleted, updated_at = NOW(), updated_by = 'system';
DELETE FROM questions_answers WHERE question_id = 811310017;
INSERT INTO questions_answers (question_id, sentence, sentence_translation, is_correct, "order") VALUES (811310017, 'Mandatory', 'Mandatory', FALSE, 1);
INSERT INTO questions_answers (question_id, sentence, sentence_translation, is_correct, "order") VALUES (811310017, 'Recommended', 'Recommended', TRUE, 2);
INSERT INTO questions_answers (question_id, sentence, sentence_translation, is_correct, "order") VALUES (811310017, 'Không phải', 'Không phải', FALSE, 3);
INSERT INTO questions_answers (question_id, sentence, sentence_translation, is_correct, "order") VALUES (811310017, 'Mới thêm', 'Mới thêm', FALSE, 4);
INSERT INTO questions (id, user_id, is_system, is_khoa_cu, question_type, content_type, level, selection_type, question, passage, passage_translation, general_explanation, skill_category, base_difficulty, tenant_id, is_active, is_deleted, created_at, created_by) VALUES (811310018, NULL, TRUE, FALSE, 'chon_dap_an', 'jisshusei_baitap_t03_eisei_kanri', 'N5', 'single', 'Khi rửa tay, bước cuối là:

Bước cuối rửa tay:', NULL, NULL, 'Bước 7 = cổ tay + rửa sạch + paper towel 1 lần.', 'vocab', 1, 'system', TRUE, FALSE, NOW(), 'system') ON CONFLICT (id) DO UPDATE SET question_type = EXCLUDED.question_type, content_type = EXCLUDED.content_type, level = EXCLUDED.level, question = EXCLUDED.question, passage = EXCLUDED.passage, passage_translation = EXCLUDED.passage_translation, general_explanation = EXCLUDED.general_explanation, skill_category = EXCLUDED.skill_category, is_active = EXCLUDED.is_active, is_deleted = EXCLUDED.is_deleted, updated_at = NOW(), updated_by = 'system';
DELETE FROM questions_answers WHERE question_id = 811310018;
INSERT INTO questions_answers (question_id, sentence, sentence_translation, is_correct, "order") VALUES (811310018, 'Lấy xà phòng', 'Lấy xà phòng', FALSE, 1);
INSERT INTO questions_answers (question_id, sentence, sentence_translation, is_correct, "order") VALUES (811310018, 'Cổ tay → rửa sạch xà phòng → lau khăn 1 lần (paper towel)', 'Cổ tay → rửa sạch xà phòng → lau khăn 1 lần (paper towel)', TRUE, 2);
INSERT INTO questions_answers (question_id, sentence, sentence_translation, is_correct, "order") VALUES (811310018, 'Đầu ngón tay', 'Đầu ngón tay', FALSE, 3);
INSERT INTO questions_answers (question_id, sentence, sentence_translation, is_correct, "order") VALUES (811310018, 'Ngón cái', 'Ngón cái', FALSE, 4);
INSERT INTO questions (id, user_id, is_system, is_khoa_cu, question_type, content_type, level, selection_type, question, passage, passage_translation, general_explanation, skill_category, base_difficulty, tenant_id, is_active, is_deleted, created_at, created_by) VALUES (811310019, NULL, TRUE, FALSE, 'chon_dap_an', 'jisshusei_baitap_t03_eisei_kanri', 'N5', 'single', 'HACCP nguyên tắc TTS cần tập trung:

TTS tập trung nguyên tắc:', NULL, NULL, 'TTS năm 1 chỉ cần tập trung #4 giám sát + #5 hành động khắc phục.', 'vocab', 1, 'system', TRUE, FALSE, NOW(), 'system') ON CONFLICT (id) DO UPDATE SET question_type = EXCLUDED.question_type, content_type = EXCLUDED.content_type, level = EXCLUDED.level, question = EXCLUDED.question, passage = EXCLUDED.passage, passage_translation = EXCLUDED.passage_translation, general_explanation = EXCLUDED.general_explanation, skill_category = EXCLUDED.skill_category, is_active = EXCLUDED.is_active, is_deleted = EXCLUDED.is_deleted, updated_at = NOW(), updated_by = 'system';
DELETE FROM questions_answers WHERE question_id = 811310019;
INSERT INTO questions_answers (question_id, sentence, sentence_translation, is_correct, "order") VALUES (811310019, '1 và 2', '1 và 2', FALSE, 1);
INSERT INTO questions_answers (question_id, sentence, sentence_translation, is_correct, "order") VALUES (811310019, '4 (Monitoring) và 5 (Kaizen)', '4 (Monitoring) và 5 (Kaizen)', TRUE, 2);
INSERT INTO questions_answers (question_id, sentence, sentence_translation, is_correct, "order") VALUES (811310019, '6 và 7', '6 và 7', FALSE, 3);
INSERT INTO questions_answers (question_id, sentence, sentence_translation, is_correct, "order") VALUES (811310019, 'Tất cả', 'Tất cả', FALSE, 4);
INSERT INTO questions (id, user_id, is_system, is_khoa_cu, question_type, content_type, level, selection_type, question, passage, passage_translation, general_explanation, skill_category, base_difficulty, tenant_id, is_active, is_deleted, created_at, created_by) VALUES (811310020, NULL, TRUE, FALSE, 'chon_dap_an', 'jisshusei_baitap_t03_eisei_kanri', 'N5', 'single', 'HACCP 7 nguyên tắc + bao nhiêu bước?

HACCP có:', NULL, NULL, '7 nguyên tắc + 12 bước (5 bước chuẩn bị + 7 nguyên tắc).', 'vocab', 1, 'system', TRUE, FALSE, NOW(), 'system') ON CONFLICT (id) DO UPDATE SET question_type = EXCLUDED.question_type, content_type = EXCLUDED.content_type, level = EXCLUDED.level, question = EXCLUDED.question, passage = EXCLUDED.passage, passage_translation = EXCLUDED.passage_translation, general_explanation = EXCLUDED.general_explanation, skill_category = EXCLUDED.skill_category, is_active = EXCLUDED.is_active, is_deleted = EXCLUDED.is_deleted, updated_at = NOW(), updated_by = 'system';
DELETE FROM questions_answers WHERE question_id = 811310020;
INSERT INTO questions_answers (question_id, sentence, sentence_translation, is_correct, "order") VALUES (811310020, '5 bước', '5 bước', FALSE, 1);
INSERT INTO questions_answers (question_id, sentence, sentence_translation, is_correct, "order") VALUES (811310020, '12 bước', '12 bước', TRUE, 2);
INSERT INTO questions_answers (question_id, sentence, sentence_translation, is_correct, "order") VALUES (811310020, '20 bước', '20 bước', FALSE, 3);
INSERT INTO questions_answers (question_id, sentence, sentence_translation, is_correct, "order") VALUES (811310020, '30 bước', '30 bước', FALSE, 4);
INSERT INTO questions (id, user_id, is_system, is_khoa_cu, question_type, content_type, level, selection_type, question, passage, passage_translation, general_explanation, skill_category, base_difficulty, tenant_id, is_active, is_deleted, created_at, created_by) VALUES (811310021, NULL, TRUE, FALSE, 'chon_dap_an', 'jisshusei_baitap_t03_eisei_kanri', 'N4', 'single', 'Khi nào BẮT BUỘC rửa tay (không thể skip)?

Bắt buộc rửa tay khi:', NULL, NULL, 'Sau toilet là BẮT BUỘC tuyệt đối.', 'vocab', 1, 'system', TRUE, FALSE, NOW(), 'system') ON CONFLICT (id) DO UPDATE SET question_type = EXCLUDED.question_type, content_type = EXCLUDED.content_type, level = EXCLUDED.level, question = EXCLUDED.question, passage = EXCLUDED.passage, passage_translation = EXCLUDED.passage_translation, general_explanation = EXCLUDED.general_explanation, skill_category = EXCLUDED.skill_category, is_active = EXCLUDED.is_active, is_deleted = EXCLUDED.is_deleted, updated_at = NOW(), updated_by = 'system';
DELETE FROM questions_answers WHERE question_id = 811310021;
INSERT INTO questions_answers (question_id, sentence, sentence_translation, is_correct, "order") VALUES (811310021, 'Sau khi đi vệ sinh', 'Sau khi đi vệ sinh', TRUE, 1);
INSERT INTO questions_answers (question_id, sentence, sentence_translation, is_correct, "order") VALUES (811310021, 'Mỗi 4 giờ', 'Mỗi 4 giờ', FALSE, 2);
INSERT INTO questions_answers (question_id, sentence, sentence_translation, is_correct, "order") VALUES (811310021, 'Trước khi nghỉ', 'Trước khi nghỉ', FALSE, 3);
INSERT INTO questions_answers (question_id, sentence, sentence_translation, is_correct, "order") VALUES (811310021, 'Sau khi nói chuyện', 'Sau khi nói chuyện', FALSE, 4);
INSERT INTO questions (id, user_id, is_system, is_khoa_cu, question_type, content_type, level, selection_type, question, passage, passage_translation, general_explanation, skill_category, base_difficulty, tenant_id, is_active, is_deleted, created_at, created_by) VALUES (811310022, NULL, TRUE, FALSE, 'chon_dap_an', 'jisshusei_baitap_t03_eisei_kanri', 'N4', 'single', 'Khi vô tình chạm tóc trong ca làm:

Chạm tóc:', NULL, NULL, 'Tóc = nguồn vi khuẩn → chạm xong phải rửa tay ngay.', 'vocab', 1, 'system', TRUE, FALSE, NOW(), 'system') ON CONFLICT (id) DO UPDATE SET question_type = EXCLUDED.question_type, content_type = EXCLUDED.content_type, level = EXCLUDED.level, question = EXCLUDED.question, passage = EXCLUDED.passage, passage_translation = EXCLUDED.passage_translation, general_explanation = EXCLUDED.general_explanation, skill_category = EXCLUDED.skill_category, is_active = EXCLUDED.is_active, is_deleted = EXCLUDED.is_deleted, updated_at = NOW(), updated_by = 'system';
DELETE FROM questions_answers WHERE question_id = 811310022;
INSERT INTO questions_answers (question_id, sentence, sentence_translation, is_correct, "order") VALUES (811310022, 'Không sao', 'Không sao', FALSE, 1);
INSERT INTO questions_answers (question_id, sentence, sentence_translation, is_correct, "order") VALUES (811310022, 'Phải rửa tay ngay', 'Phải rửa tay ngay', TRUE, 2);
INSERT INTO questions_answers (question_id, sentence, sentence_translation, is_correct, "order") VALUES (811310022, 'Đợi đến cuối ca', 'Đợi đến cuối ca', FALSE, 3);
INSERT INTO questions_answers (question_id, sentence, sentence_translation, is_correct, "order") VALUES (811310022, 'Báo sếp', 'Báo sếp', FALSE, 4);
INSERT INTO questions (id, user_id, is_system, is_khoa_cu, question_type, content_type, level, selection_type, question, passage, passage_translation, general_explanation, skill_category, base_difficulty, tenant_id, is_active, is_deleted, created_at, created_by) VALUES (811310023, NULL, TRUE, FALSE, 'chon_dap_an', 'jisshusei_baitap_t03_eisei_kanri', 'N4', 'single', 'Trong dãy allergen mandatory, KHÔNG có:

KHÔNG có trong mandatory:', NULL, NULL, 'ごま = mè = recommended, không mandatory.', 'vocab', 1, 'system', TRUE, FALSE, NOW(), 'system') ON CONFLICT (id) DO UPDATE SET question_type = EXCLUDED.question_type, content_type = EXCLUDED.content_type, level = EXCLUDED.level, question = EXCLUDED.question, passage = EXCLUDED.passage, passage_translation = EXCLUDED.passage_translation, general_explanation = EXCLUDED.general_explanation, skill_category = EXCLUDED.skill_category, is_active = EXCLUDED.is_active, is_deleted = EXCLUDED.is_deleted, updated_at = NOW(), updated_by = 'system';
DELETE FROM questions_answers WHERE question_id = 811310023;
INSERT INTO questions_answers (question_id, sentence, sentence_translation, is_correct, "order") VALUES (811310023, 'ごま (mè)', NULL, TRUE, 1);
INSERT INTO questions_answers (question_id, sentence, sentence_translation, is_correct, "order") VALUES (811310023, 'くるみ', NULL, FALSE, 2);
INSERT INTO questions_answers (question_id, sentence, sentence_translation, is_correct, "order") VALUES (811310023, 'カシュー', NULL, FALSE, 3);
INSERT INTO questions_answers (question_id, sentence, sentence_translation, is_correct, "order") VALUES (811310023, 'えび', NULL, FALSE, 4);
INSERT INTO questions (id, user_id, is_system, is_khoa_cu, question_type, content_type, level, selection_type, question, passage, passage_translation, general_explanation, skill_category, base_difficulty, tenant_id, is_active, is_deleted, created_at, created_by) VALUES (811310024, NULL, TRUE, FALSE, 'chon_dap_an', 'jisshusei_baitap_t03_eisei_kanri', 'N4', 'single', 'Quy tắc cross-contamination cốt lõi:

Cross-contamination prevention:', NULL, NULL, 'Color-coded utensils + vệ sinh giữa lô = cốt lõi.', 'vocab', 1, 'system', TRUE, FALSE, NOW(), 'system') ON CONFLICT (id) DO UPDATE SET question_type = EXCLUDED.question_type, content_type = EXCLUDED.content_type, level = EXCLUDED.level, question = EXCLUDED.question, passage = EXCLUDED.passage, passage_translation = EXCLUDED.passage_translation, general_explanation = EXCLUDED.general_explanation, skill_category = EXCLUDED.skill_category, is_active = EXCLUDED.is_active, is_deleted = EXCLUDED.is_deleted, updated_at = NOW(), updated_by = 'system';
DELETE FROM questions_answers WHERE question_id = 811310024;
INSERT INTO questions_answers (question_id, sentence, sentence_translation, is_correct, "order") VALUES (811310024, 'Dùng dao chung tiện hơn', 'Dùng dao chung tiện hơn', FALSE, 1);
INSERT INTO questions_answers (question_id, sentence, sentence_translation, is_correct, "order") VALUES (811310024, 'Color-coded utensils — không dùng nhầm màu', 'Color-coded utensils — không dùng nhầm màu', TRUE, 2);
INSERT INTO questions_answers (question_id, sentence, sentence_translation, is_correct, "order") VALUES (811310024, 'Vệ sinh sau cùng', 'Vệ sinh sau cùng', FALSE, 3);
INSERT INTO questions_answers (question_id, sentence, sentence_translation, is_correct, "order") VALUES (811310024, 'Khẩu trang đủ', 'Khẩu trang đủ', FALSE, 4);
INSERT INTO questions (id, user_id, is_system, is_khoa_cu, question_type, content_type, level, selection_type, question, passage, passage_translation, general_explanation, skill_category, base_difficulty, tenant_id, is_active, is_deleted, created_at, created_by) VALUES (811310025, NULL, TRUE, FALSE, 'chon_dap_an', 'jisshusei_baitap_t03_eisei_kanri', 'N4', 'single', 'Lý do cashew thêm vào 2026:

Cashew thêm vì:', NULL, NULL, 'CAA quyết định thêm sau nhiều ca sốc phản vệ.', 'vocab', 1, 'system', TRUE, FALSE, NOW(), 'system') ON CONFLICT (id) DO UPDATE SET question_type = EXCLUDED.question_type, content_type = EXCLUDED.content_type, level = EXCLUDED.level, question = EXCLUDED.question, passage = EXCLUDED.passage, passage_translation = EXCLUDED.passage_translation, general_explanation = EXCLUDED.general_explanation, skill_category = EXCLUDED.skill_category, is_active = EXCLUDED.is_active, is_deleted = EXCLUDED.is_deleted, updated_at = NOW(), updated_by = 'system';
DELETE FROM questions_answers WHERE question_id = 811310025;
INSERT INTO questions_answers (question_id, sentence, sentence_translation, is_correct, "order") VALUES (811310025, 'Hương vị', 'Hương vị', FALSE, 1);
INSERT INTO questions_answers (question_id, sentence, sentence_translation, is_correct, "order") VALUES (811310025, 'Nhiều ca sốc phản vệ trẻ em', 'Nhiều ca sốc phản vệ trẻ em', TRUE, 2);
INSERT INTO questions_answers (question_id, sentence, sentence_translation, is_correct, "order") VALUES (811310025, 'Chính sách thuế', 'Chính sách thuế', FALSE, 3);
INSERT INTO questions_answers (question_id, sentence, sentence_translation, is_correct, "order") VALUES (811310025, 'Yêu cầu xuất khẩu', 'Yêu cầu xuất khẩu', FALSE, 4);
INSERT INTO questions (id, user_id, is_system, is_khoa_cu, question_type, content_type, level, selection_type, question, passage, passage_translation, general_explanation, skill_category, base_difficulty, tenant_id, is_active, is_deleted, created_at, created_by) VALUES (811310026, NULL, TRUE, FALSE, 'chon_dap_an', 'jisshusei_baitap_t03_eisei_kanri', 'N4', 'single', 'Khi sản phẩm chứa 1 trong 9 mandatory, label PHẢI:

Label allergen mandatory:', NULL, NULL, 'Vi phạm label = recall + phạt theo luật Shokuhin Hyouji Hou.', 'vocab', 1, 'system', TRUE, FALSE, NOW(), 'system') ON CONFLICT (id) DO UPDATE SET question_type = EXCLUDED.question_type, content_type = EXCLUDED.content_type, level = EXCLUDED.level, question = EXCLUDED.question, passage = EXCLUDED.passage, passage_translation = EXCLUDED.passage_translation, general_explanation = EXCLUDED.general_explanation, skill_category = EXCLUDED.skill_category, is_active = EXCLUDED.is_active, is_deleted = EXCLUDED.is_deleted, updated_at = NOW(), updated_by = 'system';
DELETE FROM questions_answers WHERE question_id = 811310026;
INSERT INTO questions_answers (question_id, sentence, sentence_translation, is_correct, "order") VALUES (811310026, 'Optional', 'Optional', FALSE, 1);
INSERT INTO questions_answers (question_id, sentence, sentence_translation, is_correct, "order") VALUES (811310026, 'BẮT BUỘC ghi rõ', 'BẮT BUỘC ghi rõ', TRUE, 2);
INSERT INTO questions_answers (question_id, sentence, sentence_translation, is_correct, "order") VALUES (811310026, 'Chỉ ghi nếu khách yêu cầu', 'Chỉ ghi nếu khách yêu cầu', FALSE, 3);
INSERT INTO questions_answers (question_id, sentence, sentence_translation, is_correct, "order") VALUES (811310026, 'Ghi tiếng Anh', 'Ghi tiếng Anh', FALSE, 4);
INSERT INTO questions (id, user_id, is_system, is_khoa_cu, question_type, content_type, level, selection_type, question, passage, passage_translation, general_explanation, skill_category, base_difficulty, tenant_id, is_active, is_deleted, created_at, created_by) VALUES (811310027, NULL, TRUE, FALSE, 'chon_dap_an', 'jisshusei_baitap_t03_eisei_kanri', 'N4', 'single', 'Khi vào khu line allergen, dụng cụ phải:

Dụng cụ line allergen:', NULL, NULL, 'Allergen line = ISOLATED hoàn toàn từ line thường.', 'vocab', 1, 'system', TRUE, FALSE, NOW(), 'system') ON CONFLICT (id) DO UPDATE SET question_type = EXCLUDED.question_type, content_type = EXCLUDED.content_type, level = EXCLUDED.level, question = EXCLUDED.question, passage = EXCLUDED.passage, passage_translation = EXCLUDED.passage_translation, general_explanation = EXCLUDED.general_explanation, skill_category = EXCLUDED.skill_category, is_active = EXCLUDED.is_active, is_deleted = EXCLUDED.is_deleted, updated_at = NOW(), updated_by = 'system';
DELETE FROM questions_answers WHERE question_id = 811310027;
INSERT INTO questions_answers (question_id, sentence, sentence_translation, is_correct, "order") VALUES (811310027, 'Dùng chung với line thường', 'Dùng chung với line thường', FALSE, 1);
INSERT INTO questions_answers (question_id, sentence, sentence_translation, is_correct, "order") VALUES (811310027, 'Riêng + có khu vực riêng + nhân viên riêng', 'Riêng + có khu vực riêng + nhân viên riêng', TRUE, 2);
INSERT INTO questions_answers (question_id, sentence, sentence_translation, is_correct, "order") VALUES (811310027, 'Vệ sinh 1 lần/ca', 'Vệ sinh 1 lần/ca', FALSE, 3);
INSERT INTO questions_answers (question_id, sentence, sentence_translation, is_correct, "order") VALUES (811310027, 'Không cần đặc biệt', 'Không cần đặc biệt', FALSE, 4);
INSERT INTO questions (id, user_id, is_system, is_khoa_cu, question_type, content_type, level, selection_type, question, passage, passage_translation, general_explanation, skill_category, base_difficulty, tenant_id, is_active, is_deleted, created_at, created_by) VALUES (811310028, NULL, TRUE, FALSE, 'chon_dap_an', 'jisshusei_baitap_t03_eisei_kanri', 'N4', 'single', 'Khi rửa tay vội (chỉ 15s), hậu quả:

Rửa tay vội 15s:', NULL, NULL, 'Nghiên cứu: 30s loại 99.9% vi khuẩn, 15s chỉ 50-70%.', 'vocab', 1, 'system', TRUE, FALSE, NOW(), 'system') ON CONFLICT (id) DO UPDATE SET question_type = EXCLUDED.question_type, content_type = EXCLUDED.content_type, level = EXCLUDED.level, question = EXCLUDED.question, passage = EXCLUDED.passage, passage_translation = EXCLUDED.passage_translation, general_explanation = EXCLUDED.general_explanation, skill_category = EXCLUDED.skill_category, is_active = EXCLUDED.is_active, is_deleted = EXCLUDED.is_deleted, updated_at = NOW(), updated_by = 'system';
DELETE FROM questions_answers WHERE question_id = 811310028;
INSERT INTO questions_answers (question_id, sentence, sentence_translation, is_correct, "order") VALUES (811310028, 'Vẫn OK', 'Vẫn OK', FALSE, 1);
INSERT INTO questions_answers (question_id, sentence, sentence_translation, is_correct, "order") VALUES (811310028, 'Vi khuẩn còn lại 30-50% → có thể contamination', 'Vi khuẩn còn lại 30-50% → có thể contamination', TRUE, 2);
INSERT INTO questions_answers (question_id, sentence, sentence_translation, is_correct, "order") VALUES (811310028, 'Tốt vì tiết kiệm thời gian', 'Tốt vì tiết kiệm thời gian', FALSE, 3);
INSERT INTO questions_answers (question_id, sentence, sentence_translation, is_correct, "order") VALUES (811310028, 'Không ảnh hưởng', 'Không ảnh hưởng', FALSE, 4);
INSERT INTO questions (id, user_id, is_system, is_khoa_cu, question_type, content_type, level, selection_type, question, passage, passage_translation, general_explanation, skill_category, base_difficulty, tenant_id, is_active, is_deleted, created_at, created_by) VALUES (811310029, NULL, TRUE, FALSE, 'chon_dap_an', 'jisshusei_baitap_t03_eisei_kanri', 'N4', 'single', 'Khi sempai dạy mẹo (vd ABC × 2 lần), nên:

Sempai dạy mẹo:', NULL, NULL, 'Cảm ơn + áp dụng + báo lại kết quả = xây dựng lòng tin + thể hiện trân trọng.', 'vocab', 1, 'system', TRUE, FALSE, NOW(), 'system') ON CONFLICT (id) DO UPDATE SET question_type = EXCLUDED.question_type, content_type = EXCLUDED.content_type, level = EXCLUDED.level, question = EXCLUDED.question, passage = EXCLUDED.passage, passage_translation = EXCLUDED.passage_translation, general_explanation = EXCLUDED.general_explanation, skill_category = EXCLUDED.skill_category, is_active = EXCLUDED.is_active, is_deleted = EXCLUDED.is_deleted, updated_at = NOW(), updated_by = 'system';
DELETE FROM questions_answers WHERE question_id = 811310029;
INSERT INTO questions_answers (question_id, sentence, sentence_translation, is_correct, "order") VALUES (811310029, 'Phớt lờ', 'Phớt lờ', FALSE, 1);
INSERT INTO questions_answers (question_id, sentence, sentence_translation, is_correct, "order") VALUES (811310029, 'Cảm ơn + áp dụng + báo lại 1 tuần sau (đã cải thiện)', 'Cảm ơn + áp dụng + báo lại 1 tuần sau (đã cải thiện)', TRUE, 2);
INSERT INTO questions_answers (question_id, sentence, sentence_translation, is_correct, "order") VALUES (811310029, 'Chỉ cảm ơn', 'Chỉ cảm ơn', FALSE, 3);
INSERT INTO questions_answers (question_id, sentence, sentence_translation, is_correct, "order") VALUES (811310029, 'Hỏi tại sao', 'Hỏi tại sao', FALSE, 4);
INSERT INTO questions (id, user_id, is_system, is_khoa_cu, question_type, content_type, level, selection_type, question, passage, passage_translation, general_explanation, skill_category, base_difficulty, tenant_id, is_active, is_deleted, created_at, created_by) VALUES (811310030, NULL, TRUE, FALSE, 'chon_dap_an', 'jisshusei_baitap_t03_eisei_kanri', 'N4', 'single', 'Andi cùng tập rửa tay với Hoa = ý nghĩa gì?

Andi tập với Hoa:', NULL, NULL, 'Hệ thống bạn cặp = tăng động lực + tinh thần trách nhiệm.', 'vocab', 1, 'system', TRUE, FALSE, NOW(), 'system') ON CONFLICT (id) DO UPDATE SET question_type = EXCLUDED.question_type, content_type = EXCLUDED.content_type, level = EXCLUDED.level, question = EXCLUDED.question, passage = EXCLUDED.passage, passage_translation = EXCLUDED.passage_translation, general_explanation = EXCLUDED.general_explanation, skill_category = EXCLUDED.skill_category, is_active = EXCLUDED.is_active, is_deleted = EXCLUDED.is_deleted, updated_at = NOW(), updated_by = 'system';
DELETE FROM questions_answers WHERE question_id = 811310030;
INSERT INTO questions_answers (question_id, sentence, sentence_translation, is_correct, "order") VALUES (811310030, 'Học chung = nhanh hơn', 'Học chung = nhanh hơn', FALSE, 1);
INSERT INTO questions_answers (question_id, sentence, sentence_translation, is_correct, "order") VALUES (811310030, 'Tình bạn ký túc + bạn cùng giám sát nhau', 'Tình bạn ký túc + bạn cùng giám sát nhau', TRUE, 2);
INSERT INTO questions_answers (question_id, sentence, sentence_translation, is_correct, "order") VALUES (811310030, 'Tiết kiệm xà phòng', 'Tiết kiệm xà phòng', FALSE, 3);
INSERT INTO questions_answers (question_id, sentence, sentence_translation, is_correct, "order") VALUES (811310030, 'Thi đua', 'Thi đua', FALSE, 4);
INSERT INTO questions (id, user_id, is_system, is_khoa_cu, question_type, content_type, level, selection_type, question, passage, passage_translation, general_explanation, skill_category, base_difficulty, tenant_id, is_active, is_deleted, created_at, created_by) VALUES (811310031, NULL, TRUE, FALSE, 'chon_dap_an', 'jisshusei_baitap_t03_eisei_kanri', 'N4', 'single', 'Tại sao Nhật BẮT BUỘC 検便 hàng tháng (không phải 3 tháng/lần như nhiều nước)?

Tại sao 検便 hàng tháng:', NULL, NULL, 'Tần suất cao = phát hiện sớm = ngăn bùng phát dịch.', 'vocab', 1, 'system', TRUE, FALSE, NOW(), 'system') ON CONFLICT (id) DO UPDATE SET question_type = EXCLUDED.question_type, content_type = EXCLUDED.content_type, level = EXCLUDED.level, question = EXCLUDED.question, passage = EXCLUDED.passage, passage_translation = EXCLUDED.passage_translation, general_explanation = EXCLUDED.general_explanation, skill_category = EXCLUDED.skill_category, is_active = EXCLUDED.is_active, is_deleted = EXCLUDED.is_deleted, updated_at = NOW(), updated_by = 'system';
DELETE FROM questions_answers WHERE question_id = 811310031;
INSERT INTO questions_answers (question_id, sentence, sentence_translation, is_correct, "order") VALUES (811310031, 'Văn hoá', 'Văn hoá', FALSE, 1);
INSERT INTO questions_answers (question_id, sentence, sentence_translation, is_correct, "order") VALUES (811310031, 'Vi khuẩn có thể nhiễm bất kỳ lúc nào — tần suất cao = phát hiện sớm', 'Vi khuẩn có thể nhiễm bất kỳ lúc nào — tần suất cao = phát hiện sớm', TRUE, 2);
INSERT INTO questions_answers (question_id, sentence, sentence_translation, is_correct, "order") VALUES (811310031, 'Tiền', 'Tiền', FALSE, 3);
INSERT INTO questions_answers (question_id, sentence, sentence_translation, is_correct, "order") VALUES (811310031, 'Yêu cầu của ISO', 'Yêu cầu của ISO', FALSE, 4);
INSERT INTO questions (id, user_id, is_system, is_khoa_cu, question_type, content_type, level, selection_type, question, passage, passage_translation, general_explanation, skill_category, base_difficulty, tenant_id, is_active, is_deleted, created_at, created_by) VALUES (811310032, NULL, TRUE, FALSE, 'chon_dap_an', 'jisshusei_baitap_t03_eisei_kanri', 'N4', 'single', 'Tại sao 1 sợi tóc trong cơm hộp = recall lớn?

1 sợi tóc = recall vì:', NULL, NULL, 'Dây chuyền: 1 sợi → SNS → tổn hại thương hiệu → mất khách lâu dài.', 'vocab', 1, 'system', TRUE, FALSE, NOW(), 'system') ON CONFLICT (id) DO UPDATE SET question_type = EXCLUDED.question_type, content_type = EXCLUDED.content_type, level = EXCLUDED.level, question = EXCLUDED.question, passage = EXCLUDED.passage, passage_translation = EXCLUDED.passage_translation, general_explanation = EXCLUDED.general_explanation, skill_category = EXCLUDED.skill_category, is_active = EXCLUDED.is_active, is_deleted = EXCLUDED.is_deleted, updated_at = NOW(), updated_by = 'system';
DELETE FROM questions_answers WHERE question_id = 811310032;
INSERT INTO questions_answers (question_id, sentence, sentence_translation, is_correct, "order") VALUES (811310032, 'Khách phàn nàn', 'Khách phàn nàn', FALSE, 1);
INSERT INTO questions_answers (question_id, sentence, sentence_translation, is_correct, "order") VALUES (811310032, 'Tóc = vi khuẩn + chỉ dấu vệ sinh kém + vi phạm lòng tin → tổn hại thương hiệu dây chuyền', 'Tóc = vi khuẩn + chỉ dấu vệ sinh kém + vi phạm lòng tin → tổn hại thương hiệu dây chuyền', TRUE, 2);
INSERT INTO questions_answers (question_id, sentence, sentence_translation, is_correct, "order") VALUES (811310032, 'Tóc gây dị ứng', 'Tóc gây dị ứng', FALSE, 3);
INSERT INTO questions_answers (question_id, sentence, sentence_translation, is_correct, "order") VALUES (811310032, 'Luật bắt buộc', 'Luật bắt buộc', FALSE, 4);
INSERT INTO questions (id, user_id, is_system, is_khoa_cu, question_type, content_type, level, selection_type, question, passage, passage_translation, general_explanation, skill_category, base_difficulty, tenant_id, is_active, is_deleted, created_at, created_by) VALUES (811310033, NULL, TRUE, FALSE, 'chon_dap_an', 'jisshusei_baitap_t03_eisei_kanri', 'N4', 'single', 'Khác giữa「殺菌」 và「消毒」?

殺菌 vs 消毒:', NULL, NULL, '殺菌 = quy trình diệt. 消毒 = mục tiêu khử trùng đến mức an toàn.', 'vocab', 1, 'system', TRUE, FALSE, NOW(), 'system') ON CONFLICT (id) DO UPDATE SET question_type = EXCLUDED.question_type, content_type = EXCLUDED.content_type, level = EXCLUDED.level, question = EXCLUDED.question, passage = EXCLUDED.passage, passage_translation = EXCLUDED.passage_translation, general_explanation = EXCLUDED.general_explanation, skill_category = EXCLUDED.skill_category, is_active = EXCLUDED.is_active, is_deleted = EXCLUDED.is_deleted, updated_at = NOW(), updated_by = 'system';
DELETE FROM questions_answers WHERE question_id = 811310033;
INSERT INTO questions_answers (question_id, sentence, sentence_translation, is_correct, "order") VALUES (811310033, 'Cùng nghĩa', 'Cùng nghĩa', FALSE, 1);
INSERT INTO questions_answers (question_id, sentence, sentence_translation, is_correct, "order") VALUES (811310033, '殺菌 = diệt vi khuẩn (quy trình); 消毒 = khử trùng (mục tiêu — giảm về mức an toàn)', NULL, TRUE, 2);
INSERT INTO questions_answers (question_id, sentence, sentence_translation, is_correct, "order") VALUES (811310033, '殺菌 mạnh hơn', NULL, FALSE, 3);
INSERT INTO questions_answers (question_id, sentence, sentence_translation, is_correct, "order") VALUES (811310033, '消毒 chỉ cho người', NULL, FALSE, 4);
INSERT INTO questions (id, user_id, is_system, is_khoa_cu, question_type, content_type, level, selection_type, question, passage, passage_translation, general_explanation, skill_category, base_difficulty, tenant_id, is_active, is_deleted, created_at, created_by) VALUES (811310034, NULL, TRUE, FALSE, 'chon_dap_an', 'jisshusei_baitap_t03_eisei_kanri', 'N4', 'single', 'Tại sao 19 recommended không bắt buộc nhưng công ty lớn vẫn ghi?

Tại sao công ty lớn ghi recommended:', NULL, NULL, 'Tránh kiện + xuất khẩu (EU/Mỹ có list allergen khác).', 'vocab', 1, 'system', TRUE, FALSE, NOW(), 'system') ON CONFLICT (id) DO UPDATE SET question_type = EXCLUDED.question_type, content_type = EXCLUDED.content_type, level = EXCLUDED.level, question = EXCLUDED.question, passage = EXCLUDED.passage, passage_translation = EXCLUDED.passage_translation, general_explanation = EXCLUDED.general_explanation, skill_category = EXCLUDED.skill_category, is_active = EXCLUDED.is_active, is_deleted = EXCLUDED.is_deleted, updated_at = NOW(), updated_by = 'system';
DELETE FROM questions_answers WHERE question_id = 811310034;
INSERT INTO questions_answers (question_id, sentence, sentence_translation, is_correct, "order") VALUES (811310034, 'Để trông pro', 'Để trông pro', FALSE, 1);
INSERT INTO questions_answers (question_id, sentence, sentence_translation, is_correct, "order") VALUES (811310034, 'Tránh kiện tụng + thị trường quốc tế (EU/Mỹ list khác)', 'Tránh kiện tụng + thị trường quốc tế (EU/Mỹ list khác)', TRUE, 2);
INSERT INTO questions_answers (question_id, sentence, sentence_translation, is_correct, "order") VALUES (811310034, 'Bắt buộc', 'Bắt buộc', FALSE, 3);
INSERT INTO questions_answers (question_id, sentence, sentence_translation, is_correct, "order") VALUES (811310034, 'Tăng giá', 'Tăng giá', FALSE, 4);
INSERT INTO questions (id, user_id, is_system, is_khoa_cu, question_type, content_type, level, selection_type, question, passage, passage_translation, general_explanation, skill_category, base_difficulty, tenant_id, is_active, is_deleted, created_at, created_by) VALUES (811310035, NULL, TRUE, FALSE, 'chon_dap_an', 'jisshusei_baitap_t03_eisei_kanri', 'N4', 'single', 'Vi khuẩn nguy hiểm nhất từ 検便?

Vi khuẩn nguy hiểm nhất:', NULL, NULL, 'O-157 = chủng E. coli sản xuất Shiga toxin, có thể gây tử vong.', 'vocab', 1, 'system', TRUE, FALSE, NOW(), 'system') ON CONFLICT (id) DO UPDATE SET question_type = EXCLUDED.question_type, content_type = EXCLUDED.content_type, level = EXCLUDED.level, question = EXCLUDED.question, passage = EXCLUDED.passage, passage_translation = EXCLUDED.passage_translation, general_explanation = EXCLUDED.general_explanation, skill_category = EXCLUDED.skill_category, is_active = EXCLUDED.is_active, is_deleted = EXCLUDED.is_deleted, updated_at = NOW(), updated_by = 'system';
DELETE FROM questions_answers WHERE question_id = 811310035;
INSERT INTO questions_answers (question_id, sentence, sentence_translation, is_correct, "order") VALUES (811310035, 'Salmonella', 'Salmonella', FALSE, 1);
INSERT INTO questions_answers (question_id, sentence, sentence_translation, is_correct, "order") VALUES (811310035, 'O-157 (có thể gây tử vong từ tiêu chảy ra máu)', 'O-157 (có thể gây tử vong từ tiêu chảy ra máu)', TRUE, 2);
INSERT INTO questions_answers (question_id, sentence, sentence_translation, is_correct, "order") VALUES (811310035, 'Shigella', 'Shigella', FALSE, 3);
INSERT INTO questions_answers (question_id, sentence, sentence_translation, is_correct, "order") VALUES (811310035, 'E. coli thường', 'E. coli thường', FALSE, 4);
INSERT INTO questions (id, user_id, is_system, is_khoa_cu, question_type, content_type, level, selection_type, question, passage, passage_translation, general_explanation, skill_category, base_difficulty, tenant_id, is_active, is_deleted, created_at, created_by) VALUES (811310036, NULL, TRUE, FALSE, 'chon_dap_an', 'jisshusei_baitap_t03_eisei_kanri', 'N4', 'single', 'Khi line cơm bị contaminated allergen, hậu quả:

Line nhiễm allergen:', NULL, NULL, 'Allergen contamination = serious. Có thể tử vong người dị ứng.', 'vocab', 1, 'system', TRUE, FALSE, NOW(), 'system') ON CONFLICT (id) DO UPDATE SET question_type = EXCLUDED.question_type, content_type = EXCLUDED.content_type, level = EXCLUDED.level, question = EXCLUDED.question, passage = EXCLUDED.passage, passage_translation = EXCLUDED.passage_translation, general_explanation = EXCLUDED.general_explanation, skill_category = EXCLUDED.skill_category, is_active = EXCLUDED.is_active, is_deleted = EXCLUDED.is_deleted, updated_at = NOW(), updated_by = 'system';
DELETE FROM questions_answers WHERE question_id = 811310036;
INSERT INTO questions_answers (question_id, sentence, sentence_translation, is_correct, "order") VALUES (811310036, 'Bỏ vài sản phẩm', 'Bỏ vài sản phẩm', FALSE, 1);
INSERT INTO questions_answers (question_id, sentence, sentence_translation, is_correct, "order") VALUES (811310036, 'Dừng line + clean kỹ + có thể recall lô đã ra', 'Dừng line + clean kỹ + có thể recall lô đã ra', TRUE, 2);
INSERT INTO questions_answers (question_id, sentence, sentence_translation, is_correct, "order") VALUES (811310036, 'Không sao', 'Không sao', FALSE, 3);
INSERT INTO questions_answers (question_id, sentence, sentence_translation, is_correct, "order") VALUES (811310036, 'Đổi line', 'Đổi line', FALSE, 4);
INSERT INTO questions (id, user_id, is_system, is_khoa_cu, question_type, content_type, level, selection_type, question, passage, passage_translation, general_explanation, skill_category, base_difficulty, tenant_id, is_active, is_deleted, created_at, created_by) VALUES (811310037, NULL, TRUE, FALSE, 'chon_dap_an', 'jisshusei_baitap_t03_eisei_kanri', 'N4', 'single', 'Mức độ cảnh giác allergen ở Nhật so với các nước Đông Nam Á:

Allergen Nhật vs ĐNA:', NULL, NULL, 'Nhật khắt khe hàng đầu thế giới về food safety.', 'vocab', 1, 'system', TRUE, FALSE, NOW(), 'system') ON CONFLICT (id) DO UPDATE SET question_type = EXCLUDED.question_type, content_type = EXCLUDED.content_type, level = EXCLUDED.level, question = EXCLUDED.question, passage = EXCLUDED.passage, passage_translation = EXCLUDED.passage_translation, general_explanation = EXCLUDED.general_explanation, skill_category = EXCLUDED.skill_category, is_active = EXCLUDED.is_active, is_deleted = EXCLUDED.is_deleted, updated_at = NOW(), updated_by = 'system';
DELETE FROM questions_answers WHERE question_id = 811310037;
INSERT INTO questions_answers (question_id, sentence, sentence_translation, is_correct, "order") VALUES (811310037, 'Nhẹ hơn', 'Nhẹ hơn', FALSE, 1);
INSERT INTO questions_answers (question_id, sentence, sentence_translation, is_correct, "order") VALUES (811310037, 'Khắt khe hơn nhiều — luật chặt + ý thức cao', 'Khắt khe hơn nhiều — luật chặt + ý thức cao', TRUE, 2);
INSERT INTO questions_answers (question_id, sentence, sentence_translation, is_correct, "order") VALUES (811310037, 'Bằng nhau', 'Bằng nhau', FALSE, 3);
INSERT INTO questions_answers (question_id, sentence, sentence_translation, is_correct, "order") VALUES (811310037, 'Không quan tâm', 'Không quan tâm', FALSE, 4);
INSERT INTO questions (id, user_id, is_system, is_khoa_cu, question_type, content_type, level, selection_type, question, passage, passage_translation, general_explanation, skill_category, base_difficulty, tenant_id, is_active, is_deleted, created_at, created_by) VALUES (811310038, NULL, TRUE, FALSE, 'chon_dap_an', 'jisshusei_baitap_t03_eisei_kanri', 'N4', 'single', 'Khi auditor hỏi về quy trình rửa tay, nên trả lời:

Auditor hỏi rửa tay:', NULL, NULL, 'Đầy đủ + có evidence (record) = professional answer.', 'vocab', 1, 'system', TRUE, FALSE, NOW(), 'system') ON CONFLICT (id) DO UPDATE SET question_type = EXCLUDED.question_type, content_type = EXCLUDED.content_type, level = EXCLUDED.level, question = EXCLUDED.question, passage = EXCLUDED.passage, passage_translation = EXCLUDED.passage_translation, general_explanation = EXCLUDED.general_explanation, skill_category = EXCLUDED.skill_category, is_active = EXCLUDED.is_active, is_deleted = EXCLUDED.is_deleted, updated_at = NOW(), updated_by = 'system';
DELETE FROM questions_answers WHERE question_id = 811310038;
INSERT INTO questions_answers (question_id, sentence, sentence_translation, is_correct, "order") VALUES (811310038, '「30秒です」 (ngắn)', NULL, FALSE, 1);
INSERT INTO questions_answers (question_id, sentence, sentence_translation, is_correct, "order") VALUES (811310038, '「30秒、7ステップで実施しております。記録もございます」 (đầy đủ)', NULL, TRUE, 2);
INSERT INTO questions_answers (question_id, sentence, sentence_translation, is_correct, "order") VALUES (811310038, '「やっています」 (vague)', NULL, FALSE, 3);
INSERT INTO questions_answers (question_id, sentence, sentence_translation, is_correct, "order") VALUES (811310038, '「分かりません」', NULL, FALSE, 4);
INSERT INTO questions (id, user_id, is_system, is_khoa_cu, question_type, content_type, level, selection_type, question, passage, passage_translation, general_explanation, skill_category, base_difficulty, tenant_id, is_active, is_deleted, created_at, created_by) VALUES (811310039, NULL, TRUE, FALSE, 'chon_dap_an', 'jisshusei_baitap_t03_eisei_kanri', 'N4', 'single', 'Tại sao 7 bước rửa tay theo thứ tự cố định?

7 bước theo thứ tự vì:', NULL, NULL, 'Mỗi bước = 1 vùng tay. Bỏ bước = vùng chưa được làm sạch.', 'vocab', 1, 'system', TRUE, FALSE, NOW(), 'system') ON CONFLICT (id) DO UPDATE SET question_type = EXCLUDED.question_type, content_type = EXCLUDED.content_type, level = EXCLUDED.level, question = EXCLUDED.question, passage = EXCLUDED.passage, passage_translation = EXCLUDED.passage_translation, general_explanation = EXCLUDED.general_explanation, skill_category = EXCLUDED.skill_category, is_active = EXCLUDED.is_active, is_deleted = EXCLUDED.is_deleted, updated_at = NOW(), updated_by = 'system';
DELETE FROM questions_answers WHERE question_id = 811310039;
INSERT INTO questions_answers (question_id, sentence, sentence_translation, is_correct, "order") VALUES (811310039, 'Truyền thống', 'Truyền thống', FALSE, 1);
INSERT INTO questions_answers (question_id, sentence, sentence_translation, is_correct, "order") VALUES (811310039, 'Mỗi bước cover 1 vùng → bỏ bước = thiếu vùng → vi khuẩn còn', 'Mỗi bước cover 1 vùng → bỏ bước = thiếu vùng → vi khuẩn còn', TRUE, 2);
INSERT INTO questions_answers (question_id, sentence, sentence_translation, is_correct, "order") VALUES (811310039, 'Cho dễ nhớ', 'Cho dễ nhớ', FALSE, 3);
INSERT INTO questions_answers (question_id, sentence, sentence_translation, is_correct, "order") VALUES (811310039, 'Theo luật', 'Theo luật', FALSE, 4);
INSERT INTO questions (id, user_id, is_system, is_khoa_cu, question_type, content_type, level, selection_type, question, passage, passage_translation, general_explanation, skill_category, base_difficulty, tenant_id, is_active, is_deleted, created_at, created_by) VALUES (811310040, NULL, TRUE, FALSE, 'chon_dap_an', 'jisshusei_baitap_t03_eisei_kanri', 'N4', 'single', 'Khi check label thấy có cashew nhưng không ghi cảnh báo:

Label thiếu cảnh báo cashew:', NULL, NULL, 'Cashew là mandatory mới 2026 → báo cáo ngay = chặn recall.', 'vocab', 1, 'system', TRUE, FALSE, NOW(), 'system') ON CONFLICT (id) DO UPDATE SET question_type = EXCLUDED.question_type, content_type = EXCLUDED.content_type, level = EXCLUDED.level, question = EXCLUDED.question, passage = EXCLUDED.passage, passage_translation = EXCLUDED.passage_translation, general_explanation = EXCLUDED.general_explanation, skill_category = EXCLUDED.skill_category, is_active = EXCLUDED.is_active, is_deleted = EXCLUDED.is_deleted, updated_at = NOW(), updated_by = 'system';
DELETE FROM questions_answers WHERE question_id = 811310040;
INSERT INTO questions_answers (question_id, sentence, sentence_translation, is_correct, "order") VALUES (811310040, 'Báo cáo cho buchou ngay (vi phạm luật mới 2026)', 'Báo cáo cho buchou ngay (vi phạm luật mới 2026)', TRUE, 1);
INSERT INTO questions_answers (question_id, sentence, sentence_translation, is_correct, "order") VALUES (811310040, 'Thêm bút bi tự ghi vào', 'Thêm bút bi tự ghi vào', FALSE, 2);
INSERT INTO questions_answers (question_id, sentence, sentence_translation, is_correct, "order") VALUES (811310040, 'Bỏ qua', 'Bỏ qua', FALSE, 3);
INSERT INTO questions_answers (question_id, sentence, sentence_translation, is_correct, "order") VALUES (811310040, 'Đợi auditor phát hiện', 'Đợi auditor phát hiện', FALSE, 4);

INSERT INTO study_question_sets (id, name, description, set_type, card_count, tenant_id, is_active, is_deleted, created_at, created_by) VALUES (8110311, 'T3. Quy tắc vệ sinh thực phẩm — Bài tập Level 1', 'Bài tập trắc nghiệm — Level 1: N5', 'practice', 10, 'system', TRUE, FALSE, NOW(), 'system') ON CONFLICT (id) DO UPDATE SET name = EXCLUDED.name, description = EXCLUDED.description, set_type = EXCLUDED.set_type, card_count = EXCLUDED.card_count, is_active = EXCLUDED.is_active, is_deleted = EXCLUDED.is_deleted, updated_at = NOW(), updated_by = 'system';
INSERT INTO study_question_set_questions (study_question_set_id, question_id, order_index, tenant_id, is_deleted, created_at, created_by) VALUES (8110311, 811310001, 1, 'system', FALSE, NOW(), 'system') ON CONFLICT (study_question_set_id, question_id) DO UPDATE SET order_index = EXCLUDED.order_index, is_deleted = FALSE;
INSERT INTO study_question_set_questions (study_question_set_id, question_id, order_index, tenant_id, is_deleted, created_at, created_by) VALUES (8110311, 811310002, 2, 'system', FALSE, NOW(), 'system') ON CONFLICT (study_question_set_id, question_id) DO UPDATE SET order_index = EXCLUDED.order_index, is_deleted = FALSE;
INSERT INTO study_question_set_questions (study_question_set_id, question_id, order_index, tenant_id, is_deleted, created_at, created_by) VALUES (8110311, 811310003, 3, 'system', FALSE, NOW(), 'system') ON CONFLICT (study_question_set_id, question_id) DO UPDATE SET order_index = EXCLUDED.order_index, is_deleted = FALSE;
INSERT INTO study_question_set_questions (study_question_set_id, question_id, order_index, tenant_id, is_deleted, created_at, created_by) VALUES (8110311, 811310004, 4, 'system', FALSE, NOW(), 'system') ON CONFLICT (study_question_set_id, question_id) DO UPDATE SET order_index = EXCLUDED.order_index, is_deleted = FALSE;
INSERT INTO study_question_set_questions (study_question_set_id, question_id, order_index, tenant_id, is_deleted, created_at, created_by) VALUES (8110311, 811310005, 5, 'system', FALSE, NOW(), 'system') ON CONFLICT (study_question_set_id, question_id) DO UPDATE SET order_index = EXCLUDED.order_index, is_deleted = FALSE;
INSERT INTO study_question_set_questions (study_question_set_id, question_id, order_index, tenant_id, is_deleted, created_at, created_by) VALUES (8110311, 811310006, 6, 'system', FALSE, NOW(), 'system') ON CONFLICT (study_question_set_id, question_id) DO UPDATE SET order_index = EXCLUDED.order_index, is_deleted = FALSE;
INSERT INTO study_question_set_questions (study_question_set_id, question_id, order_index, tenant_id, is_deleted, created_at, created_by) VALUES (8110311, 811310007, 7, 'system', FALSE, NOW(), 'system') ON CONFLICT (study_question_set_id, question_id) DO UPDATE SET order_index = EXCLUDED.order_index, is_deleted = FALSE;
INSERT INTO study_question_set_questions (study_question_set_id, question_id, order_index, tenant_id, is_deleted, created_at, created_by) VALUES (8110311, 811310008, 8, 'system', FALSE, NOW(), 'system') ON CONFLICT (study_question_set_id, question_id) DO UPDATE SET order_index = EXCLUDED.order_index, is_deleted = FALSE;
INSERT INTO study_question_set_questions (study_question_set_id, question_id, order_index, tenant_id, is_deleted, created_at, created_by) VALUES (8110311, 811310009, 9, 'system', FALSE, NOW(), 'system') ON CONFLICT (study_question_set_id, question_id) DO UPDATE SET order_index = EXCLUDED.order_index, is_deleted = FALSE;
INSERT INTO study_question_set_questions (study_question_set_id, question_id, order_index, tenant_id, is_deleted, created_at, created_by) VALUES (8110311, 811310010, 10, 'system', FALSE, NOW(), 'system') ON CONFLICT (study_question_set_id, question_id) DO UPDATE SET order_index = EXCLUDED.order_index, is_deleted = FALSE;
INSERT INTO study_resource_question_sets (resource_type, resource_id, study_question_set_id, position, context, tenant_id, is_active, is_deleted, created_at, created_by) VALUES ('module', 8011003, 8110311, 1, '{"label": "T3. Quy tắc vệ sinh thực phẩm — Bài tập Level 1"}'::jsonb, 'system', TRUE, FALSE, NOW(), 'system') ON CONFLICT (resource_type, resource_id, study_question_set_id) DO UPDATE SET position = EXCLUDED.position, context = EXCLUDED.context, is_active = TRUE, is_deleted = FALSE;

INSERT INTO study_question_sets (id, name, description, set_type, card_count, tenant_id, is_active, is_deleted, created_at, created_by) VALUES (8110312, 'T3. Quy tắc vệ sinh thực phẩm — Bài tập Level 2', 'Bài tập trắc nghiệm — Level 2: N5', 'practice', 10, 'system', TRUE, FALSE, NOW(), 'system') ON CONFLICT (id) DO UPDATE SET name = EXCLUDED.name, description = EXCLUDED.description, set_type = EXCLUDED.set_type, card_count = EXCLUDED.card_count, is_active = EXCLUDED.is_active, is_deleted = EXCLUDED.is_deleted, updated_at = NOW(), updated_by = 'system';
INSERT INTO study_question_set_questions (study_question_set_id, question_id, order_index, tenant_id, is_deleted, created_at, created_by) VALUES (8110312, 811310011, 1, 'system', FALSE, NOW(), 'system') ON CONFLICT (study_question_set_id, question_id) DO UPDATE SET order_index = EXCLUDED.order_index, is_deleted = FALSE;
INSERT INTO study_question_set_questions (study_question_set_id, question_id, order_index, tenant_id, is_deleted, created_at, created_by) VALUES (8110312, 811310012, 2, 'system', FALSE, NOW(), 'system') ON CONFLICT (study_question_set_id, question_id) DO UPDATE SET order_index = EXCLUDED.order_index, is_deleted = FALSE;
INSERT INTO study_question_set_questions (study_question_set_id, question_id, order_index, tenant_id, is_deleted, created_at, created_by) VALUES (8110312, 811310013, 3, 'system', FALSE, NOW(), 'system') ON CONFLICT (study_question_set_id, question_id) DO UPDATE SET order_index = EXCLUDED.order_index, is_deleted = FALSE;
INSERT INTO study_question_set_questions (study_question_set_id, question_id, order_index, tenant_id, is_deleted, created_at, created_by) VALUES (8110312, 811310014, 4, 'system', FALSE, NOW(), 'system') ON CONFLICT (study_question_set_id, question_id) DO UPDATE SET order_index = EXCLUDED.order_index, is_deleted = FALSE;
INSERT INTO study_question_set_questions (study_question_set_id, question_id, order_index, tenant_id, is_deleted, created_at, created_by) VALUES (8110312, 811310015, 5, 'system', FALSE, NOW(), 'system') ON CONFLICT (study_question_set_id, question_id) DO UPDATE SET order_index = EXCLUDED.order_index, is_deleted = FALSE;
INSERT INTO study_question_set_questions (study_question_set_id, question_id, order_index, tenant_id, is_deleted, created_at, created_by) VALUES (8110312, 811310016, 6, 'system', FALSE, NOW(), 'system') ON CONFLICT (study_question_set_id, question_id) DO UPDATE SET order_index = EXCLUDED.order_index, is_deleted = FALSE;
INSERT INTO study_question_set_questions (study_question_set_id, question_id, order_index, tenant_id, is_deleted, created_at, created_by) VALUES (8110312, 811310017, 7, 'system', FALSE, NOW(), 'system') ON CONFLICT (study_question_set_id, question_id) DO UPDATE SET order_index = EXCLUDED.order_index, is_deleted = FALSE;
INSERT INTO study_question_set_questions (study_question_set_id, question_id, order_index, tenant_id, is_deleted, created_at, created_by) VALUES (8110312, 811310018, 8, 'system', FALSE, NOW(), 'system') ON CONFLICT (study_question_set_id, question_id) DO UPDATE SET order_index = EXCLUDED.order_index, is_deleted = FALSE;
INSERT INTO study_question_set_questions (study_question_set_id, question_id, order_index, tenant_id, is_deleted, created_at, created_by) VALUES (8110312, 811310019, 9, 'system', FALSE, NOW(), 'system') ON CONFLICT (study_question_set_id, question_id) DO UPDATE SET order_index = EXCLUDED.order_index, is_deleted = FALSE;
INSERT INTO study_question_set_questions (study_question_set_id, question_id, order_index, tenant_id, is_deleted, created_at, created_by) VALUES (8110312, 811310020, 10, 'system', FALSE, NOW(), 'system') ON CONFLICT (study_question_set_id, question_id) DO UPDATE SET order_index = EXCLUDED.order_index, is_deleted = FALSE;
INSERT INTO study_resource_question_sets (resource_type, resource_id, study_question_set_id, position, context, tenant_id, is_active, is_deleted, created_at, created_by) VALUES ('module', 8011003, 8110312, 2, '{"label": "T3. Quy tắc vệ sinh thực phẩm — Bài tập Level 2"}'::jsonb, 'system', TRUE, FALSE, NOW(), 'system') ON CONFLICT (resource_type, resource_id, study_question_set_id) DO UPDATE SET position = EXCLUDED.position, context = EXCLUDED.context, is_active = TRUE, is_deleted = FALSE;

INSERT INTO study_question_sets (id, name, description, set_type, card_count, tenant_id, is_active, is_deleted, created_at, created_by) VALUES (8110313, 'T3. Quy tắc vệ sinh thực phẩm — Bài tập Level 3', 'Bài tập trắc nghiệm — Level 3: N4', 'practice', 10, 'system', TRUE, FALSE, NOW(), 'system') ON CONFLICT (id) DO UPDATE SET name = EXCLUDED.name, description = EXCLUDED.description, set_type = EXCLUDED.set_type, card_count = EXCLUDED.card_count, is_active = EXCLUDED.is_active, is_deleted = EXCLUDED.is_deleted, updated_at = NOW(), updated_by = 'system';
INSERT INTO study_question_set_questions (study_question_set_id, question_id, order_index, tenant_id, is_deleted, created_at, created_by) VALUES (8110313, 811310021, 1, 'system', FALSE, NOW(), 'system') ON CONFLICT (study_question_set_id, question_id) DO UPDATE SET order_index = EXCLUDED.order_index, is_deleted = FALSE;
INSERT INTO study_question_set_questions (study_question_set_id, question_id, order_index, tenant_id, is_deleted, created_at, created_by) VALUES (8110313, 811310022, 2, 'system', FALSE, NOW(), 'system') ON CONFLICT (study_question_set_id, question_id) DO UPDATE SET order_index = EXCLUDED.order_index, is_deleted = FALSE;
INSERT INTO study_question_set_questions (study_question_set_id, question_id, order_index, tenant_id, is_deleted, created_at, created_by) VALUES (8110313, 811310023, 3, 'system', FALSE, NOW(), 'system') ON CONFLICT (study_question_set_id, question_id) DO UPDATE SET order_index = EXCLUDED.order_index, is_deleted = FALSE;
INSERT INTO study_question_set_questions (study_question_set_id, question_id, order_index, tenant_id, is_deleted, created_at, created_by) VALUES (8110313, 811310024, 4, 'system', FALSE, NOW(), 'system') ON CONFLICT (study_question_set_id, question_id) DO UPDATE SET order_index = EXCLUDED.order_index, is_deleted = FALSE;
INSERT INTO study_question_set_questions (study_question_set_id, question_id, order_index, tenant_id, is_deleted, created_at, created_by) VALUES (8110313, 811310025, 5, 'system', FALSE, NOW(), 'system') ON CONFLICT (study_question_set_id, question_id) DO UPDATE SET order_index = EXCLUDED.order_index, is_deleted = FALSE;
INSERT INTO study_question_set_questions (study_question_set_id, question_id, order_index, tenant_id, is_deleted, created_at, created_by) VALUES (8110313, 811310026, 6, 'system', FALSE, NOW(), 'system') ON CONFLICT (study_question_set_id, question_id) DO UPDATE SET order_index = EXCLUDED.order_index, is_deleted = FALSE;
INSERT INTO study_question_set_questions (study_question_set_id, question_id, order_index, tenant_id, is_deleted, created_at, created_by) VALUES (8110313, 811310027, 7, 'system', FALSE, NOW(), 'system') ON CONFLICT (study_question_set_id, question_id) DO UPDATE SET order_index = EXCLUDED.order_index, is_deleted = FALSE;
INSERT INTO study_question_set_questions (study_question_set_id, question_id, order_index, tenant_id, is_deleted, created_at, created_by) VALUES (8110313, 811310028, 8, 'system', FALSE, NOW(), 'system') ON CONFLICT (study_question_set_id, question_id) DO UPDATE SET order_index = EXCLUDED.order_index, is_deleted = FALSE;
INSERT INTO study_question_set_questions (study_question_set_id, question_id, order_index, tenant_id, is_deleted, created_at, created_by) VALUES (8110313, 811310029, 9, 'system', FALSE, NOW(), 'system') ON CONFLICT (study_question_set_id, question_id) DO UPDATE SET order_index = EXCLUDED.order_index, is_deleted = FALSE;
INSERT INTO study_question_set_questions (study_question_set_id, question_id, order_index, tenant_id, is_deleted, created_at, created_by) VALUES (8110313, 811310030, 10, 'system', FALSE, NOW(), 'system') ON CONFLICT (study_question_set_id, question_id) DO UPDATE SET order_index = EXCLUDED.order_index, is_deleted = FALSE;
INSERT INTO study_resource_question_sets (resource_type, resource_id, study_question_set_id, position, context, tenant_id, is_active, is_deleted, created_at, created_by) VALUES ('module', 8011003, 8110313, 3, '{"label": "T3. Quy tắc vệ sinh thực phẩm — Bài tập Level 3"}'::jsonb, 'system', TRUE, FALSE, NOW(), 'system') ON CONFLICT (resource_type, resource_id, study_question_set_id) DO UPDATE SET position = EXCLUDED.position, context = EXCLUDED.context, is_active = TRUE, is_deleted = FALSE;

INSERT INTO study_question_sets (id, name, description, set_type, card_count, tenant_id, is_active, is_deleted, created_at, created_by) VALUES (8110314, 'T3. Quy tắc vệ sinh thực phẩm — Bài tập Level 4', 'Bài tập trắc nghiệm — Level 4: N4', 'practice', 10, 'system', TRUE, FALSE, NOW(), 'system') ON CONFLICT (id) DO UPDATE SET name = EXCLUDED.name, description = EXCLUDED.description, set_type = EXCLUDED.set_type, card_count = EXCLUDED.card_count, is_active = EXCLUDED.is_active, is_deleted = EXCLUDED.is_deleted, updated_at = NOW(), updated_by = 'system';
INSERT INTO study_question_set_questions (study_question_set_id, question_id, order_index, tenant_id, is_deleted, created_at, created_by) VALUES (8110314, 811310031, 1, 'system', FALSE, NOW(), 'system') ON CONFLICT (study_question_set_id, question_id) DO UPDATE SET order_index = EXCLUDED.order_index, is_deleted = FALSE;
INSERT INTO study_question_set_questions (study_question_set_id, question_id, order_index, tenant_id, is_deleted, created_at, created_by) VALUES (8110314, 811310032, 2, 'system', FALSE, NOW(), 'system') ON CONFLICT (study_question_set_id, question_id) DO UPDATE SET order_index = EXCLUDED.order_index, is_deleted = FALSE;
INSERT INTO study_question_set_questions (study_question_set_id, question_id, order_index, tenant_id, is_deleted, created_at, created_by) VALUES (8110314, 811310033, 3, 'system', FALSE, NOW(), 'system') ON CONFLICT (study_question_set_id, question_id) DO UPDATE SET order_index = EXCLUDED.order_index, is_deleted = FALSE;
INSERT INTO study_question_set_questions (study_question_set_id, question_id, order_index, tenant_id, is_deleted, created_at, created_by) VALUES (8110314, 811310034, 4, 'system', FALSE, NOW(), 'system') ON CONFLICT (study_question_set_id, question_id) DO UPDATE SET order_index = EXCLUDED.order_index, is_deleted = FALSE;
INSERT INTO study_question_set_questions (study_question_set_id, question_id, order_index, tenant_id, is_deleted, created_at, created_by) VALUES (8110314, 811310035, 5, 'system', FALSE, NOW(), 'system') ON CONFLICT (study_question_set_id, question_id) DO UPDATE SET order_index = EXCLUDED.order_index, is_deleted = FALSE;
INSERT INTO study_question_set_questions (study_question_set_id, question_id, order_index, tenant_id, is_deleted, created_at, created_by) VALUES (8110314, 811310036, 6, 'system', FALSE, NOW(), 'system') ON CONFLICT (study_question_set_id, question_id) DO UPDATE SET order_index = EXCLUDED.order_index, is_deleted = FALSE;
INSERT INTO study_question_set_questions (study_question_set_id, question_id, order_index, tenant_id, is_deleted, created_at, created_by) VALUES (8110314, 811310037, 7, 'system', FALSE, NOW(), 'system') ON CONFLICT (study_question_set_id, question_id) DO UPDATE SET order_index = EXCLUDED.order_index, is_deleted = FALSE;
INSERT INTO study_question_set_questions (study_question_set_id, question_id, order_index, tenant_id, is_deleted, created_at, created_by) VALUES (8110314, 811310038, 8, 'system', FALSE, NOW(), 'system') ON CONFLICT (study_question_set_id, question_id) DO UPDATE SET order_index = EXCLUDED.order_index, is_deleted = FALSE;
INSERT INTO study_question_set_questions (study_question_set_id, question_id, order_index, tenant_id, is_deleted, created_at, created_by) VALUES (8110314, 811310039, 9, 'system', FALSE, NOW(), 'system') ON CONFLICT (study_question_set_id, question_id) DO UPDATE SET order_index = EXCLUDED.order_index, is_deleted = FALSE;
INSERT INTO study_question_set_questions (study_question_set_id, question_id, order_index, tenant_id, is_deleted, created_at, created_by) VALUES (8110314, 811310040, 10, 'system', FALSE, NOW(), 'system') ON CONFLICT (study_question_set_id, question_id) DO UPDATE SET order_index = EXCLUDED.order_index, is_deleted = FALSE;
INSERT INTO study_resource_question_sets (resource_type, resource_id, study_question_set_id, position, context, tenant_id, is_active, is_deleted, created_at, created_by) VALUES ('module', 8011003, 8110314, 4, '{"label": "T3. Quy tắc vệ sinh thực phẩm — Bài tập Level 4"}'::jsonb, 'system', TRUE, FALSE, NOW(), 'system') ON CONFLICT (resource_type, resource_id, study_question_set_id) DO UPDATE SET position = EXCLUDED.position, context = EXCLUDED.context, is_active = TRUE, is_deleted = FALSE;

-- Mogishiken: t03_eisei_kanri (5 passages, 20 questions)
INSERT INTO reading_passages (id, user_id, is_system, is_public, title, content, translation, jlpt_level, category, difficulty, word_count, tenant_id, is_active, is_deleted, created_at, created_by) VALUES (81103001, NULL, TRUE, TRUE, '食品衛生のルール — プロセスシート 1', 'これは 食品衛生のルール の プロセスシート です。Rửa tay 30s + HACCP 7 nguyên tắc + allergen 9+19 + 検便 に関する内容を含みます。実習生が業務中に必要な情報をまとめています。詳細は工場のマニュアルを参照してください。', 'Đây là Bảng quy trình của T3. Quy tắc vệ sinh thực phẩm. Bao gồm nội dung liên quan đến Rửa tay 30s + HACCP 7 nguyên tắc + allergen 9+19 + 検便. Tổng hợp thông tin thực tập sinh cần biết khi làm việc. Chi tiết xem sổ tay nhà máy.', 'N4', 'notice', 2, 150, 'system', TRUE, FALSE, NOW(), 'system') ON CONFLICT (id) DO UPDATE SET title = EXCLUDED.title, content = EXCLUDED.content, translation = EXCLUDED.translation, jlpt_level = EXCLUDED.jlpt_level, category = EXCLUDED.category, difficulty = EXCLUDED.difficulty, word_count = EXCLUDED.word_count, is_active = EXCLUDED.is_active, is_deleted = EXCLUDED.is_deleted, updated_at = NOW(), updated_by = 'system';
INSERT INTO reading_passages (id, user_id, is_system, is_public, title, content, translation, jlpt_level, category, difficulty, word_count, tenant_id, is_active, is_deleted, created_at, created_by) VALUES (81103002, NULL, TRUE, TRUE, '食品衛生のルール — マニュアル 2', 'これは 食品衛生のルール の マニュアル です。Rửa tay 30s + HACCP 7 nguyên tắc + allergen 9+19 + 検便 に関する内容を含みます。実習生が業務中に必要な情報をまとめています。詳細は工場のマニュアルを参照してください。', 'Đây là Sổ tay hướng dẫn của T3. Quy tắc vệ sinh thực phẩm. Bao gồm nội dung liên quan đến Rửa tay 30s + HACCP 7 nguyên tắc + allergen 9+19 + 検便. Tổng hợp thông tin thực tập sinh cần biết khi làm việc. Chi tiết xem sổ tay nhà máy.', 'N4', 'notice', 2, 150, 'system', TRUE, FALSE, NOW(), 'system') ON CONFLICT (id) DO UPDATE SET title = EXCLUDED.title, content = EXCLUDED.content, translation = EXCLUDED.translation, jlpt_level = EXCLUDED.jlpt_level, category = EXCLUDED.category, difficulty = EXCLUDED.difficulty, word_count = EXCLUDED.word_count, is_active = EXCLUDED.is_active, is_deleted = EXCLUDED.is_deleted, updated_at = NOW(), updated_by = 'system';
INSERT INTO reading_passages (id, user_id, is_system, is_public, title, content, translation, jlpt_level, category, difficulty, word_count, tenant_id, is_active, is_deleted, created_at, created_by) VALUES (81103003, NULL, TRUE, TRUE, '食品衛生のルール — 報告書 3', 'これは 食品衛生のルール の 報告書 です。Rửa tay 30s + HACCP 7 nguyên tắc + allergen 9+19 + 検便 に関する内容を含みます。実習生が業務中に必要な情報をまとめています。詳細は工場のマニュアルを参照してください。', 'Đây là Báo cáo của T3. Quy tắc vệ sinh thực phẩm. Bao gồm nội dung liên quan đến Rửa tay 30s + HACCP 7 nguyên tắc + allergen 9+19 + 検便. Tổng hợp thông tin thực tập sinh cần biết khi làm việc. Chi tiết xem sổ tay nhà máy.', 'N4', 'notice', 2, 150, 'system', TRUE, FALSE, NOW(), 'system') ON CONFLICT (id) DO UPDATE SET title = EXCLUDED.title, content = EXCLUDED.content, translation = EXCLUDED.translation, jlpt_level = EXCLUDED.jlpt_level, category = EXCLUDED.category, difficulty = EXCLUDED.difficulty, word_count = EXCLUDED.word_count, is_active = EXCLUDED.is_active, is_deleted = EXCLUDED.is_deleted, updated_at = NOW(), updated_by = 'system';
INSERT INTO reading_passages (id, user_id, is_system, is_public, title, content, translation, jlpt_level, category, difficulty, word_count, tenant_id, is_active, is_deleted, created_at, created_by) VALUES (81103004, NULL, TRUE, TRUE, '食品衛生のルール — 通知 4', 'これは 食品衛生のルール の 通知 です。Rửa tay 30s + HACCP 7 nguyên tắc + allergen 9+19 + 検便 に関する内容を含みます。実習生が業務中に必要な情報をまとめています。詳細は工場のマニュアルを参照してください。', 'Đây là Thông báo của T3. Quy tắc vệ sinh thực phẩm. Bao gồm nội dung liên quan đến Rửa tay 30s + HACCP 7 nguyên tắc + allergen 9+19 + 検便. Tổng hợp thông tin thực tập sinh cần biết khi làm việc. Chi tiết xem sổ tay nhà máy.', 'N4', 'notice', 2, 150, 'system', TRUE, FALSE, NOW(), 'system') ON CONFLICT (id) DO UPDATE SET title = EXCLUDED.title, content = EXCLUDED.content, translation = EXCLUDED.translation, jlpt_level = EXCLUDED.jlpt_level, category = EXCLUDED.category, difficulty = EXCLUDED.difficulty, word_count = EXCLUDED.word_count, is_active = EXCLUDED.is_active, is_deleted = EXCLUDED.is_deleted, updated_at = NOW(), updated_by = 'system';
INSERT INTO reading_passages (id, user_id, is_system, is_public, title, content, translation, jlpt_level, category, difficulty, word_count, tenant_id, is_active, is_deleted, created_at, created_by) VALUES (81103005, NULL, TRUE, TRUE, '食品衛生のルール — チェックリスト 5', 'これは 食品衛生のルール の チェックリスト です。Rửa tay 30s + HACCP 7 nguyên tắc + allergen 9+19 + 検便 に関する内容を含みます。実習生が業務中に必要な情報をまとめています。詳細は工場のマニュアルを参照してください。', 'Đây là Danh mục kiểm tra của T3. Quy tắc vệ sinh thực phẩm. Bao gồm nội dung liên quan đến Rửa tay 30s + HACCP 7 nguyên tắc + allergen 9+19 + 検便. Tổng hợp thông tin thực tập sinh cần biết khi làm việc. Chi tiết xem sổ tay nhà máy.', 'N4', 'notice', 2, 150, 'system', TRUE, FALSE, NOW(), 'system') ON CONFLICT (id) DO UPDATE SET title = EXCLUDED.title, content = EXCLUDED.content, translation = EXCLUDED.translation, jlpt_level = EXCLUDED.jlpt_level, category = EXCLUDED.category, difficulty = EXCLUDED.difficulty, word_count = EXCLUDED.word_count, is_active = EXCLUDED.is_active, is_deleted = EXCLUDED.is_deleted, updated_at = NOW(), updated_by = 'system';

INSERT INTO questions (id, user_id, is_system, is_khoa_cu, question_type, content_type, level, selection_type, question, passage, passage_translation, general_explanation, skill_category, base_difficulty, tenant_id, is_active, is_deleted, created_at, created_by) VALUES (811320001, NULL, TRUE, FALSE, 'reading', 'jisshusei_mogishiken_t03_eisei_kanri', 'N4', 'single', 'この プロセスシート の主旨は何ですか? (Q1)

Ý chính của Bảng quy trình này là gì? (Q1)', '81103001', NULL, 'プロセスシート chứa thông tin về Rửa tay 30s + HACCP 7 nguyên tắc + allergen 9+19 + 検便.', 'dokkai', 1, 'system', TRUE, FALSE, NOW(), 'system') ON CONFLICT (id) DO UPDATE SET question_type = EXCLUDED.question_type, content_type = EXCLUDED.content_type, level = EXCLUDED.level, question = EXCLUDED.question, passage = EXCLUDED.passage, passage_translation = EXCLUDED.passage_translation, general_explanation = EXCLUDED.general_explanation, skill_category = EXCLUDED.skill_category, is_active = EXCLUDED.is_active, is_deleted = EXCLUDED.is_deleted, updated_at = NOW(), updated_by = 'system';
DELETE FROM questions_answers WHERE question_id = 811320001;
INSERT INTO questions_answers (question_id, sentence, sentence_translation, is_correct, "order") VALUES (811320001, 'Rửa tay 30s + HACCP 7 nguyên tắc + allerに関する情報', 'Thông tin liên quan đến Rửa tay 30s + HACCP 7 nguyên tắc + aller', TRUE, 1);
INSERT INTO questions_answers (question_id, sentence, sentence_translation, is_correct, "order") VALUES (811320001, '工場の歴史', 'Lịch sử nhà máy', FALSE, 2);
INSERT INTO questions_answers (question_id, sentence, sentence_translation, is_correct, "order") VALUES (811320001, '社員の名前リスト', 'Danh sách tên nhân viên', FALSE, 3);
INSERT INTO questions_answers (question_id, sentence, sentence_translation, is_correct, "order") VALUES (811320001, '設備の値段', 'Giá thiết bị', FALSE, 4);
INSERT INTO questions (id, user_id, is_system, is_khoa_cu, question_type, content_type, level, selection_type, question, passage, passage_translation, general_explanation, skill_category, base_difficulty, tenant_id, is_active, is_deleted, created_at, created_by) VALUES (811320002, NULL, TRUE, FALSE, 'reading', 'jisshusei_mogishiken_t03_eisei_kanri', 'N4', 'single', 'この プロセスシート の主旨は何ですか? (Q2)

Ý chính của Bảng quy trình này là gì? (Q2)', '81103001', NULL, 'プロセスシート chứa thông tin về Rửa tay 30s + HACCP 7 nguyên tắc + allergen 9+19 + 検便.', 'dokkai', 1, 'system', TRUE, FALSE, NOW(), 'system') ON CONFLICT (id) DO UPDATE SET question_type = EXCLUDED.question_type, content_type = EXCLUDED.content_type, level = EXCLUDED.level, question = EXCLUDED.question, passage = EXCLUDED.passage, passage_translation = EXCLUDED.passage_translation, general_explanation = EXCLUDED.general_explanation, skill_category = EXCLUDED.skill_category, is_active = EXCLUDED.is_active, is_deleted = EXCLUDED.is_deleted, updated_at = NOW(), updated_by = 'system';
DELETE FROM questions_answers WHERE question_id = 811320002;
INSERT INTO questions_answers (question_id, sentence, sentence_translation, is_correct, "order") VALUES (811320002, 'Rửa tay 30s + HACCP 7 nguyên tắc + allerに関する情報', 'Thông tin liên quan đến Rửa tay 30s + HACCP 7 nguyên tắc + aller', TRUE, 1);
INSERT INTO questions_answers (question_id, sentence, sentence_translation, is_correct, "order") VALUES (811320002, '工場の歴史', 'Lịch sử nhà máy', FALSE, 2);
INSERT INTO questions_answers (question_id, sentence, sentence_translation, is_correct, "order") VALUES (811320002, '社員の名前リスト', 'Danh sách tên nhân viên', FALSE, 3);
INSERT INTO questions_answers (question_id, sentence, sentence_translation, is_correct, "order") VALUES (811320002, '設備の値段', 'Giá thiết bị', FALSE, 4);
INSERT INTO questions (id, user_id, is_system, is_khoa_cu, question_type, content_type, level, selection_type, question, passage, passage_translation, general_explanation, skill_category, base_difficulty, tenant_id, is_active, is_deleted, created_at, created_by) VALUES (811320003, NULL, TRUE, FALSE, 'reading', 'jisshusei_mogishiken_t03_eisei_kanri', 'N4', 'single', 'この プロセスシート の主旨は何ですか? (Q3)

Ý chính của Bảng quy trình này là gì? (Q3)', '81103001', NULL, 'プロセスシート chứa thông tin về Rửa tay 30s + HACCP 7 nguyên tắc + allergen 9+19 + 検便.', 'dokkai', 1, 'system', TRUE, FALSE, NOW(), 'system') ON CONFLICT (id) DO UPDATE SET question_type = EXCLUDED.question_type, content_type = EXCLUDED.content_type, level = EXCLUDED.level, question = EXCLUDED.question, passage = EXCLUDED.passage, passage_translation = EXCLUDED.passage_translation, general_explanation = EXCLUDED.general_explanation, skill_category = EXCLUDED.skill_category, is_active = EXCLUDED.is_active, is_deleted = EXCLUDED.is_deleted, updated_at = NOW(), updated_by = 'system';
DELETE FROM questions_answers WHERE question_id = 811320003;
INSERT INTO questions_answers (question_id, sentence, sentence_translation, is_correct, "order") VALUES (811320003, 'Rửa tay 30s + HACCP 7 nguyên tắc + allerに関する情報', 'Thông tin liên quan đến Rửa tay 30s + HACCP 7 nguyên tắc + aller', TRUE, 1);
INSERT INTO questions_answers (question_id, sentence, sentence_translation, is_correct, "order") VALUES (811320003, '工場の歴史', 'Lịch sử nhà máy', FALSE, 2);
INSERT INTO questions_answers (question_id, sentence, sentence_translation, is_correct, "order") VALUES (811320003, '社員の名前リスト', 'Danh sách tên nhân viên', FALSE, 3);
INSERT INTO questions_answers (question_id, sentence, sentence_translation, is_correct, "order") VALUES (811320003, '設備の値段', 'Giá thiết bị', FALSE, 4);
INSERT INTO questions (id, user_id, is_system, is_khoa_cu, question_type, content_type, level, selection_type, question, passage, passage_translation, general_explanation, skill_category, base_difficulty, tenant_id, is_active, is_deleted, created_at, created_by) VALUES (811320004, NULL, TRUE, FALSE, 'reading', 'jisshusei_mogishiken_t03_eisei_kanri', 'N4', 'single', 'この プロセスシート の主旨は何ですか? (Q4)

Ý chính của Bảng quy trình này là gì? (Q4)', '81103001', NULL, 'プロセスシート chứa thông tin về Rửa tay 30s + HACCP 7 nguyên tắc + allergen 9+19 + 検便.', 'dokkai', 1, 'system', TRUE, FALSE, NOW(), 'system') ON CONFLICT (id) DO UPDATE SET question_type = EXCLUDED.question_type, content_type = EXCLUDED.content_type, level = EXCLUDED.level, question = EXCLUDED.question, passage = EXCLUDED.passage, passage_translation = EXCLUDED.passage_translation, general_explanation = EXCLUDED.general_explanation, skill_category = EXCLUDED.skill_category, is_active = EXCLUDED.is_active, is_deleted = EXCLUDED.is_deleted, updated_at = NOW(), updated_by = 'system';
DELETE FROM questions_answers WHERE question_id = 811320004;
INSERT INTO questions_answers (question_id, sentence, sentence_translation, is_correct, "order") VALUES (811320004, 'Rửa tay 30s + HACCP 7 nguyên tắc + allerに関する情報', 'Thông tin liên quan đến Rửa tay 30s + HACCP 7 nguyên tắc + aller', TRUE, 1);
INSERT INTO questions_answers (question_id, sentence, sentence_translation, is_correct, "order") VALUES (811320004, '工場の歴史', 'Lịch sử nhà máy', FALSE, 2);
INSERT INTO questions_answers (question_id, sentence, sentence_translation, is_correct, "order") VALUES (811320004, '社員の名前リスト', 'Danh sách tên nhân viên', FALSE, 3);
INSERT INTO questions_answers (question_id, sentence, sentence_translation, is_correct, "order") VALUES (811320004, '設備の値段', 'Giá thiết bị', FALSE, 4);
INSERT INTO questions (id, user_id, is_system, is_khoa_cu, question_type, content_type, level, selection_type, question, passage, passage_translation, general_explanation, skill_category, base_difficulty, tenant_id, is_active, is_deleted, created_at, created_by) VALUES (811320005, NULL, TRUE, FALSE, 'reading', 'jisshusei_mogishiken_t03_eisei_kanri', 'N4', 'single', 'この マニュアル の主旨は何ですか? (Q1)

Ý chính của Sổ tay hướng dẫn này là gì? (Q1)', '81103002', NULL, 'マニュアル chứa thông tin về Rửa tay 30s + HACCP 7 nguyên tắc + allergen 9+19 + 検便.', 'dokkai', 1, 'system', TRUE, FALSE, NOW(), 'system') ON CONFLICT (id) DO UPDATE SET question_type = EXCLUDED.question_type, content_type = EXCLUDED.content_type, level = EXCLUDED.level, question = EXCLUDED.question, passage = EXCLUDED.passage, passage_translation = EXCLUDED.passage_translation, general_explanation = EXCLUDED.general_explanation, skill_category = EXCLUDED.skill_category, is_active = EXCLUDED.is_active, is_deleted = EXCLUDED.is_deleted, updated_at = NOW(), updated_by = 'system';
DELETE FROM questions_answers WHERE question_id = 811320005;
INSERT INTO questions_answers (question_id, sentence, sentence_translation, is_correct, "order") VALUES (811320005, 'Rửa tay 30s + HACCP 7 nguyên tắc + allerに関する情報', 'Thông tin liên quan đến Rửa tay 30s + HACCP 7 nguyên tắc + aller', TRUE, 1);
INSERT INTO questions_answers (question_id, sentence, sentence_translation, is_correct, "order") VALUES (811320005, '工場の歴史', 'Lịch sử nhà máy', FALSE, 2);
INSERT INTO questions_answers (question_id, sentence, sentence_translation, is_correct, "order") VALUES (811320005, '社員の名前リスト', 'Danh sách tên nhân viên', FALSE, 3);
INSERT INTO questions_answers (question_id, sentence, sentence_translation, is_correct, "order") VALUES (811320005, '設備の値段', 'Giá thiết bị', FALSE, 4);
INSERT INTO questions (id, user_id, is_system, is_khoa_cu, question_type, content_type, level, selection_type, question, passage, passage_translation, general_explanation, skill_category, base_difficulty, tenant_id, is_active, is_deleted, created_at, created_by) VALUES (811320006, NULL, TRUE, FALSE, 'reading', 'jisshusei_mogishiken_t03_eisei_kanri', 'N4', 'single', 'この マニュアル の主旨は何ですか? (Q2)

Ý chính của Sổ tay hướng dẫn này là gì? (Q2)', '81103002', NULL, 'マニュアル chứa thông tin về Rửa tay 30s + HACCP 7 nguyên tắc + allergen 9+19 + 検便.', 'dokkai', 1, 'system', TRUE, FALSE, NOW(), 'system') ON CONFLICT (id) DO UPDATE SET question_type = EXCLUDED.question_type, content_type = EXCLUDED.content_type, level = EXCLUDED.level, question = EXCLUDED.question, passage = EXCLUDED.passage, passage_translation = EXCLUDED.passage_translation, general_explanation = EXCLUDED.general_explanation, skill_category = EXCLUDED.skill_category, is_active = EXCLUDED.is_active, is_deleted = EXCLUDED.is_deleted, updated_at = NOW(), updated_by = 'system';
DELETE FROM questions_answers WHERE question_id = 811320006;
INSERT INTO questions_answers (question_id, sentence, sentence_translation, is_correct, "order") VALUES (811320006, 'Rửa tay 30s + HACCP 7 nguyên tắc + allerに関する情報', 'Thông tin liên quan đến Rửa tay 30s + HACCP 7 nguyên tắc + aller', TRUE, 1);
INSERT INTO questions_answers (question_id, sentence, sentence_translation, is_correct, "order") VALUES (811320006, '工場の歴史', 'Lịch sử nhà máy', FALSE, 2);
INSERT INTO questions_answers (question_id, sentence, sentence_translation, is_correct, "order") VALUES (811320006, '社員の名前リスト', 'Danh sách tên nhân viên', FALSE, 3);
INSERT INTO questions_answers (question_id, sentence, sentence_translation, is_correct, "order") VALUES (811320006, '設備の値段', 'Giá thiết bị', FALSE, 4);
INSERT INTO questions (id, user_id, is_system, is_khoa_cu, question_type, content_type, level, selection_type, question, passage, passage_translation, general_explanation, skill_category, base_difficulty, tenant_id, is_active, is_deleted, created_at, created_by) VALUES (811320007, NULL, TRUE, FALSE, 'reading', 'jisshusei_mogishiken_t03_eisei_kanri', 'N4', 'single', 'この マニュアル の主旨は何ですか? (Q3)

Ý chính của Sổ tay hướng dẫn này là gì? (Q3)', '81103002', NULL, 'マニュアル chứa thông tin về Rửa tay 30s + HACCP 7 nguyên tắc + allergen 9+19 + 検便.', 'dokkai', 1, 'system', TRUE, FALSE, NOW(), 'system') ON CONFLICT (id) DO UPDATE SET question_type = EXCLUDED.question_type, content_type = EXCLUDED.content_type, level = EXCLUDED.level, question = EXCLUDED.question, passage = EXCLUDED.passage, passage_translation = EXCLUDED.passage_translation, general_explanation = EXCLUDED.general_explanation, skill_category = EXCLUDED.skill_category, is_active = EXCLUDED.is_active, is_deleted = EXCLUDED.is_deleted, updated_at = NOW(), updated_by = 'system';
DELETE FROM questions_answers WHERE question_id = 811320007;
INSERT INTO questions_answers (question_id, sentence, sentence_translation, is_correct, "order") VALUES (811320007, 'Rửa tay 30s + HACCP 7 nguyên tắc + allerに関する情報', 'Thông tin liên quan đến Rửa tay 30s + HACCP 7 nguyên tắc + aller', TRUE, 1);
INSERT INTO questions_answers (question_id, sentence, sentence_translation, is_correct, "order") VALUES (811320007, '工場の歴史', 'Lịch sử nhà máy', FALSE, 2);
INSERT INTO questions_answers (question_id, sentence, sentence_translation, is_correct, "order") VALUES (811320007, '社員の名前リスト', 'Danh sách tên nhân viên', FALSE, 3);
INSERT INTO questions_answers (question_id, sentence, sentence_translation, is_correct, "order") VALUES (811320007, '設備の値段', 'Giá thiết bị', FALSE, 4);
INSERT INTO questions (id, user_id, is_system, is_khoa_cu, question_type, content_type, level, selection_type, question, passage, passage_translation, general_explanation, skill_category, base_difficulty, tenant_id, is_active, is_deleted, created_at, created_by) VALUES (811320008, NULL, TRUE, FALSE, 'reading', 'jisshusei_mogishiken_t03_eisei_kanri', 'N4', 'single', 'この マニュアル の主旨は何ですか? (Q4)

Ý chính của Sổ tay hướng dẫn này là gì? (Q4)', '81103002', NULL, 'マニュアル chứa thông tin về Rửa tay 30s + HACCP 7 nguyên tắc + allergen 9+19 + 検便.', 'dokkai', 1, 'system', TRUE, FALSE, NOW(), 'system') ON CONFLICT (id) DO UPDATE SET question_type = EXCLUDED.question_type, content_type = EXCLUDED.content_type, level = EXCLUDED.level, question = EXCLUDED.question, passage = EXCLUDED.passage, passage_translation = EXCLUDED.passage_translation, general_explanation = EXCLUDED.general_explanation, skill_category = EXCLUDED.skill_category, is_active = EXCLUDED.is_active, is_deleted = EXCLUDED.is_deleted, updated_at = NOW(), updated_by = 'system';
DELETE FROM questions_answers WHERE question_id = 811320008;
INSERT INTO questions_answers (question_id, sentence, sentence_translation, is_correct, "order") VALUES (811320008, 'Rửa tay 30s + HACCP 7 nguyên tắc + allerに関する情報', 'Thông tin liên quan đến Rửa tay 30s + HACCP 7 nguyên tắc + aller', TRUE, 1);
INSERT INTO questions_answers (question_id, sentence, sentence_translation, is_correct, "order") VALUES (811320008, '工場の歴史', 'Lịch sử nhà máy', FALSE, 2);
INSERT INTO questions_answers (question_id, sentence, sentence_translation, is_correct, "order") VALUES (811320008, '社員の名前リスト', 'Danh sách tên nhân viên', FALSE, 3);
INSERT INTO questions_answers (question_id, sentence, sentence_translation, is_correct, "order") VALUES (811320008, '設備の値段', 'Giá thiết bị', FALSE, 4);
INSERT INTO questions (id, user_id, is_system, is_khoa_cu, question_type, content_type, level, selection_type, question, passage, passage_translation, general_explanation, skill_category, base_difficulty, tenant_id, is_active, is_deleted, created_at, created_by) VALUES (811320009, NULL, TRUE, FALSE, 'reading', 'jisshusei_mogishiken_t03_eisei_kanri', 'N4', 'single', 'この 報告書 の主旨は何ですか? (Q1)

Ý chính của Báo cáo này là gì? (Q1)', '81103003', NULL, '報告書 chứa thông tin về Rửa tay 30s + HACCP 7 nguyên tắc + allergen 9+19 + 検便.', 'dokkai', 1, 'system', TRUE, FALSE, NOW(), 'system') ON CONFLICT (id) DO UPDATE SET question_type = EXCLUDED.question_type, content_type = EXCLUDED.content_type, level = EXCLUDED.level, question = EXCLUDED.question, passage = EXCLUDED.passage, passage_translation = EXCLUDED.passage_translation, general_explanation = EXCLUDED.general_explanation, skill_category = EXCLUDED.skill_category, is_active = EXCLUDED.is_active, is_deleted = EXCLUDED.is_deleted, updated_at = NOW(), updated_by = 'system';
DELETE FROM questions_answers WHERE question_id = 811320009;
INSERT INTO questions_answers (question_id, sentence, sentence_translation, is_correct, "order") VALUES (811320009, 'Rửa tay 30s + HACCP 7 nguyên tắc + allerに関する情報', 'Thông tin liên quan đến Rửa tay 30s + HACCP 7 nguyên tắc + aller', TRUE, 1);
INSERT INTO questions_answers (question_id, sentence, sentence_translation, is_correct, "order") VALUES (811320009, '工場の歴史', 'Lịch sử nhà máy', FALSE, 2);
INSERT INTO questions_answers (question_id, sentence, sentence_translation, is_correct, "order") VALUES (811320009, '社員の名前リスト', 'Danh sách tên nhân viên', FALSE, 3);
INSERT INTO questions_answers (question_id, sentence, sentence_translation, is_correct, "order") VALUES (811320009, '設備の値段', 'Giá thiết bị', FALSE, 4);
INSERT INTO questions (id, user_id, is_system, is_khoa_cu, question_type, content_type, level, selection_type, question, passage, passage_translation, general_explanation, skill_category, base_difficulty, tenant_id, is_active, is_deleted, created_at, created_by) VALUES (811320010, NULL, TRUE, FALSE, 'reading', 'jisshusei_mogishiken_t03_eisei_kanri', 'N4', 'single', 'この 報告書 の主旨は何ですか? (Q2)

Ý chính của Báo cáo này là gì? (Q2)', '81103003', NULL, '報告書 chứa thông tin về Rửa tay 30s + HACCP 7 nguyên tắc + allergen 9+19 + 検便.', 'dokkai', 1, 'system', TRUE, FALSE, NOW(), 'system') ON CONFLICT (id) DO UPDATE SET question_type = EXCLUDED.question_type, content_type = EXCLUDED.content_type, level = EXCLUDED.level, question = EXCLUDED.question, passage = EXCLUDED.passage, passage_translation = EXCLUDED.passage_translation, general_explanation = EXCLUDED.general_explanation, skill_category = EXCLUDED.skill_category, is_active = EXCLUDED.is_active, is_deleted = EXCLUDED.is_deleted, updated_at = NOW(), updated_by = 'system';
DELETE FROM questions_answers WHERE question_id = 811320010;
INSERT INTO questions_answers (question_id, sentence, sentence_translation, is_correct, "order") VALUES (811320010, 'Rửa tay 30s + HACCP 7 nguyên tắc + allerに関する情報', 'Thông tin liên quan đến Rửa tay 30s + HACCP 7 nguyên tắc + aller', TRUE, 1);
INSERT INTO questions_answers (question_id, sentence, sentence_translation, is_correct, "order") VALUES (811320010, '工場の歴史', 'Lịch sử nhà máy', FALSE, 2);
INSERT INTO questions_answers (question_id, sentence, sentence_translation, is_correct, "order") VALUES (811320010, '社員の名前リスト', 'Danh sách tên nhân viên', FALSE, 3);
INSERT INTO questions_answers (question_id, sentence, sentence_translation, is_correct, "order") VALUES (811320010, '設備の値段', 'Giá thiết bị', FALSE, 4);
INSERT INTO questions (id, user_id, is_system, is_khoa_cu, question_type, content_type, level, selection_type, question, passage, passage_translation, general_explanation, skill_category, base_difficulty, tenant_id, is_active, is_deleted, created_at, created_by) VALUES (811320011, NULL, TRUE, FALSE, 'reading', 'jisshusei_mogishiken_t03_eisei_kanri', 'N4', 'single', 'この 報告書 の主旨は何ですか? (Q3)

Ý chính của Báo cáo này là gì? (Q3)', '81103003', NULL, '報告書 chứa thông tin về Rửa tay 30s + HACCP 7 nguyên tắc + allergen 9+19 + 検便.', 'dokkai', 1, 'system', TRUE, FALSE, NOW(), 'system') ON CONFLICT (id) DO UPDATE SET question_type = EXCLUDED.question_type, content_type = EXCLUDED.content_type, level = EXCLUDED.level, question = EXCLUDED.question, passage = EXCLUDED.passage, passage_translation = EXCLUDED.passage_translation, general_explanation = EXCLUDED.general_explanation, skill_category = EXCLUDED.skill_category, is_active = EXCLUDED.is_active, is_deleted = EXCLUDED.is_deleted, updated_at = NOW(), updated_by = 'system';
DELETE FROM questions_answers WHERE question_id = 811320011;
INSERT INTO questions_answers (question_id, sentence, sentence_translation, is_correct, "order") VALUES (811320011, 'Rửa tay 30s + HACCP 7 nguyên tắc + allerに関する情報', 'Thông tin liên quan đến Rửa tay 30s + HACCP 7 nguyên tắc + aller', TRUE, 1);
INSERT INTO questions_answers (question_id, sentence, sentence_translation, is_correct, "order") VALUES (811320011, '工場の歴史', 'Lịch sử nhà máy', FALSE, 2);
INSERT INTO questions_answers (question_id, sentence, sentence_translation, is_correct, "order") VALUES (811320011, '社員の名前リスト', 'Danh sách tên nhân viên', FALSE, 3);
INSERT INTO questions_answers (question_id, sentence, sentence_translation, is_correct, "order") VALUES (811320011, '設備の値段', 'Giá thiết bị', FALSE, 4);
INSERT INTO questions (id, user_id, is_system, is_khoa_cu, question_type, content_type, level, selection_type, question, passage, passage_translation, general_explanation, skill_category, base_difficulty, tenant_id, is_active, is_deleted, created_at, created_by) VALUES (811320012, NULL, TRUE, FALSE, 'reading', 'jisshusei_mogishiken_t03_eisei_kanri', 'N4', 'single', 'この 報告書 の主旨は何ですか? (Q4)

Ý chính của Báo cáo này là gì? (Q4)', '81103003', NULL, '報告書 chứa thông tin về Rửa tay 30s + HACCP 7 nguyên tắc + allergen 9+19 + 検便.', 'dokkai', 1, 'system', TRUE, FALSE, NOW(), 'system') ON CONFLICT (id) DO UPDATE SET question_type = EXCLUDED.question_type, content_type = EXCLUDED.content_type, level = EXCLUDED.level, question = EXCLUDED.question, passage = EXCLUDED.passage, passage_translation = EXCLUDED.passage_translation, general_explanation = EXCLUDED.general_explanation, skill_category = EXCLUDED.skill_category, is_active = EXCLUDED.is_active, is_deleted = EXCLUDED.is_deleted, updated_at = NOW(), updated_by = 'system';
DELETE FROM questions_answers WHERE question_id = 811320012;
INSERT INTO questions_answers (question_id, sentence, sentence_translation, is_correct, "order") VALUES (811320012, 'Rửa tay 30s + HACCP 7 nguyên tắc + allerに関する情報', 'Thông tin liên quan đến Rửa tay 30s + HACCP 7 nguyên tắc + aller', TRUE, 1);
INSERT INTO questions_answers (question_id, sentence, sentence_translation, is_correct, "order") VALUES (811320012, '工場の歴史', 'Lịch sử nhà máy', FALSE, 2);
INSERT INTO questions_answers (question_id, sentence, sentence_translation, is_correct, "order") VALUES (811320012, '社員の名前リスト', 'Danh sách tên nhân viên', FALSE, 3);
INSERT INTO questions_answers (question_id, sentence, sentence_translation, is_correct, "order") VALUES (811320012, '設備の値段', 'Giá thiết bị', FALSE, 4);
INSERT INTO questions (id, user_id, is_system, is_khoa_cu, question_type, content_type, level, selection_type, question, passage, passage_translation, general_explanation, skill_category, base_difficulty, tenant_id, is_active, is_deleted, created_at, created_by) VALUES (811320013, NULL, TRUE, FALSE, 'reading', 'jisshusei_mogishiken_t03_eisei_kanri', 'N4', 'single', 'この 通知 の主旨は何ですか? (Q1)

Ý chính của Thông báo này là gì? (Q1)', '81103004', NULL, '通知 chứa thông tin về Rửa tay 30s + HACCP 7 nguyên tắc + allergen 9+19 + 検便.', 'dokkai', 1, 'system', TRUE, FALSE, NOW(), 'system') ON CONFLICT (id) DO UPDATE SET question_type = EXCLUDED.question_type, content_type = EXCLUDED.content_type, level = EXCLUDED.level, question = EXCLUDED.question, passage = EXCLUDED.passage, passage_translation = EXCLUDED.passage_translation, general_explanation = EXCLUDED.general_explanation, skill_category = EXCLUDED.skill_category, is_active = EXCLUDED.is_active, is_deleted = EXCLUDED.is_deleted, updated_at = NOW(), updated_by = 'system';
DELETE FROM questions_answers WHERE question_id = 811320013;
INSERT INTO questions_answers (question_id, sentence, sentence_translation, is_correct, "order") VALUES (811320013, 'Rửa tay 30s + HACCP 7 nguyên tắc + allerに関する情報', 'Thông tin liên quan đến Rửa tay 30s + HACCP 7 nguyên tắc + aller', TRUE, 1);
INSERT INTO questions_answers (question_id, sentence, sentence_translation, is_correct, "order") VALUES (811320013, '工場の歴史', 'Lịch sử nhà máy', FALSE, 2);
INSERT INTO questions_answers (question_id, sentence, sentence_translation, is_correct, "order") VALUES (811320013, '社員の名前リスト', 'Danh sách tên nhân viên', FALSE, 3);
INSERT INTO questions_answers (question_id, sentence, sentence_translation, is_correct, "order") VALUES (811320013, '設備の値段', 'Giá thiết bị', FALSE, 4);
INSERT INTO questions (id, user_id, is_system, is_khoa_cu, question_type, content_type, level, selection_type, question, passage, passage_translation, general_explanation, skill_category, base_difficulty, tenant_id, is_active, is_deleted, created_at, created_by) VALUES (811320014, NULL, TRUE, FALSE, 'reading', 'jisshusei_mogishiken_t03_eisei_kanri', 'N4', 'single', 'この 通知 の主旨は何ですか? (Q2)

Ý chính của Thông báo này là gì? (Q2)', '81103004', NULL, '通知 chứa thông tin về Rửa tay 30s + HACCP 7 nguyên tắc + allergen 9+19 + 検便.', 'dokkai', 1, 'system', TRUE, FALSE, NOW(), 'system') ON CONFLICT (id) DO UPDATE SET question_type = EXCLUDED.question_type, content_type = EXCLUDED.content_type, level = EXCLUDED.level, question = EXCLUDED.question, passage = EXCLUDED.passage, passage_translation = EXCLUDED.passage_translation, general_explanation = EXCLUDED.general_explanation, skill_category = EXCLUDED.skill_category, is_active = EXCLUDED.is_active, is_deleted = EXCLUDED.is_deleted, updated_at = NOW(), updated_by = 'system';
DELETE FROM questions_answers WHERE question_id = 811320014;
INSERT INTO questions_answers (question_id, sentence, sentence_translation, is_correct, "order") VALUES (811320014, 'Rửa tay 30s + HACCP 7 nguyên tắc + allerに関する情報', 'Thông tin liên quan đến Rửa tay 30s + HACCP 7 nguyên tắc + aller', TRUE, 1);
INSERT INTO questions_answers (question_id, sentence, sentence_translation, is_correct, "order") VALUES (811320014, '工場の歴史', 'Lịch sử nhà máy', FALSE, 2);
INSERT INTO questions_answers (question_id, sentence, sentence_translation, is_correct, "order") VALUES (811320014, '社員の名前リスト', 'Danh sách tên nhân viên', FALSE, 3);
INSERT INTO questions_answers (question_id, sentence, sentence_translation, is_correct, "order") VALUES (811320014, '設備の値段', 'Giá thiết bị', FALSE, 4);
INSERT INTO questions (id, user_id, is_system, is_khoa_cu, question_type, content_type, level, selection_type, question, passage, passage_translation, general_explanation, skill_category, base_difficulty, tenant_id, is_active, is_deleted, created_at, created_by) VALUES (811320015, NULL, TRUE, FALSE, 'reading', 'jisshusei_mogishiken_t03_eisei_kanri', 'N4', 'single', 'この 通知 の主旨は何ですか? (Q3)

Ý chính của Thông báo này là gì? (Q3)', '81103004', NULL, '通知 chứa thông tin về Rửa tay 30s + HACCP 7 nguyên tắc + allergen 9+19 + 検便.', 'dokkai', 1, 'system', TRUE, FALSE, NOW(), 'system') ON CONFLICT (id) DO UPDATE SET question_type = EXCLUDED.question_type, content_type = EXCLUDED.content_type, level = EXCLUDED.level, question = EXCLUDED.question, passage = EXCLUDED.passage, passage_translation = EXCLUDED.passage_translation, general_explanation = EXCLUDED.general_explanation, skill_category = EXCLUDED.skill_category, is_active = EXCLUDED.is_active, is_deleted = EXCLUDED.is_deleted, updated_at = NOW(), updated_by = 'system';
DELETE FROM questions_answers WHERE question_id = 811320015;
INSERT INTO questions_answers (question_id, sentence, sentence_translation, is_correct, "order") VALUES (811320015, 'Rửa tay 30s + HACCP 7 nguyên tắc + allerに関する情報', 'Thông tin liên quan đến Rửa tay 30s + HACCP 7 nguyên tắc + aller', TRUE, 1);
INSERT INTO questions_answers (question_id, sentence, sentence_translation, is_correct, "order") VALUES (811320015, '工場の歴史', 'Lịch sử nhà máy', FALSE, 2);
INSERT INTO questions_answers (question_id, sentence, sentence_translation, is_correct, "order") VALUES (811320015, '社員の名前リスト', 'Danh sách tên nhân viên', FALSE, 3);
INSERT INTO questions_answers (question_id, sentence, sentence_translation, is_correct, "order") VALUES (811320015, '設備の値段', 'Giá thiết bị', FALSE, 4);
INSERT INTO questions (id, user_id, is_system, is_khoa_cu, question_type, content_type, level, selection_type, question, passage, passage_translation, general_explanation, skill_category, base_difficulty, tenant_id, is_active, is_deleted, created_at, created_by) VALUES (811320016, NULL, TRUE, FALSE, 'reading', 'jisshusei_mogishiken_t03_eisei_kanri', 'N4', 'single', 'この 通知 の主旨は何ですか? (Q4)

Ý chính của Thông báo này là gì? (Q4)', '81103004', NULL, '通知 chứa thông tin về Rửa tay 30s + HACCP 7 nguyên tắc + allergen 9+19 + 検便.', 'dokkai', 1, 'system', TRUE, FALSE, NOW(), 'system') ON CONFLICT (id) DO UPDATE SET question_type = EXCLUDED.question_type, content_type = EXCLUDED.content_type, level = EXCLUDED.level, question = EXCLUDED.question, passage = EXCLUDED.passage, passage_translation = EXCLUDED.passage_translation, general_explanation = EXCLUDED.general_explanation, skill_category = EXCLUDED.skill_category, is_active = EXCLUDED.is_active, is_deleted = EXCLUDED.is_deleted, updated_at = NOW(), updated_by = 'system';
DELETE FROM questions_answers WHERE question_id = 811320016;
INSERT INTO questions_answers (question_id, sentence, sentence_translation, is_correct, "order") VALUES (811320016, 'Rửa tay 30s + HACCP 7 nguyên tắc + allerに関する情報', 'Thông tin liên quan đến Rửa tay 30s + HACCP 7 nguyên tắc + aller', TRUE, 1);
INSERT INTO questions_answers (question_id, sentence, sentence_translation, is_correct, "order") VALUES (811320016, '工場の歴史', 'Lịch sử nhà máy', FALSE, 2);
INSERT INTO questions_answers (question_id, sentence, sentence_translation, is_correct, "order") VALUES (811320016, '社員の名前リスト', 'Danh sách tên nhân viên', FALSE, 3);
INSERT INTO questions_answers (question_id, sentence, sentence_translation, is_correct, "order") VALUES (811320016, '設備の値段', 'Giá thiết bị', FALSE, 4);
INSERT INTO questions (id, user_id, is_system, is_khoa_cu, question_type, content_type, level, selection_type, question, passage, passage_translation, general_explanation, skill_category, base_difficulty, tenant_id, is_active, is_deleted, created_at, created_by) VALUES (811320017, NULL, TRUE, FALSE, 'reading', 'jisshusei_mogishiken_t03_eisei_kanri', 'N4', 'single', 'この チェックリスト の主旨は何ですか? (Q1)

Ý chính của Danh mục kiểm tra này là gì? (Q1)', '81103005', NULL, 'チェックリスト chứa thông tin về Rửa tay 30s + HACCP 7 nguyên tắc + allergen 9+19 + 検便.', 'dokkai', 1, 'system', TRUE, FALSE, NOW(), 'system') ON CONFLICT (id) DO UPDATE SET question_type = EXCLUDED.question_type, content_type = EXCLUDED.content_type, level = EXCLUDED.level, question = EXCLUDED.question, passage = EXCLUDED.passage, passage_translation = EXCLUDED.passage_translation, general_explanation = EXCLUDED.general_explanation, skill_category = EXCLUDED.skill_category, is_active = EXCLUDED.is_active, is_deleted = EXCLUDED.is_deleted, updated_at = NOW(), updated_by = 'system';
DELETE FROM questions_answers WHERE question_id = 811320017;
INSERT INTO questions_answers (question_id, sentence, sentence_translation, is_correct, "order") VALUES (811320017, 'Rửa tay 30s + HACCP 7 nguyên tắc + allerに関する情報', 'Thông tin liên quan đến Rửa tay 30s + HACCP 7 nguyên tắc + aller', TRUE, 1);
INSERT INTO questions_answers (question_id, sentence, sentence_translation, is_correct, "order") VALUES (811320017, '工場の歴史', 'Lịch sử nhà máy', FALSE, 2);
INSERT INTO questions_answers (question_id, sentence, sentence_translation, is_correct, "order") VALUES (811320017, '社員の名前リスト', 'Danh sách tên nhân viên', FALSE, 3);
INSERT INTO questions_answers (question_id, sentence, sentence_translation, is_correct, "order") VALUES (811320017, '設備の値段', 'Giá thiết bị', FALSE, 4);
INSERT INTO questions (id, user_id, is_system, is_khoa_cu, question_type, content_type, level, selection_type, question, passage, passage_translation, general_explanation, skill_category, base_difficulty, tenant_id, is_active, is_deleted, created_at, created_by) VALUES (811320018, NULL, TRUE, FALSE, 'reading', 'jisshusei_mogishiken_t03_eisei_kanri', 'N4', 'single', 'この チェックリスト の主旨は何ですか? (Q2)

Ý chính của Danh mục kiểm tra này là gì? (Q2)', '81103005', NULL, 'チェックリスト chứa thông tin về Rửa tay 30s + HACCP 7 nguyên tắc + allergen 9+19 + 検便.', 'dokkai', 1, 'system', TRUE, FALSE, NOW(), 'system') ON CONFLICT (id) DO UPDATE SET question_type = EXCLUDED.question_type, content_type = EXCLUDED.content_type, level = EXCLUDED.level, question = EXCLUDED.question, passage = EXCLUDED.passage, passage_translation = EXCLUDED.passage_translation, general_explanation = EXCLUDED.general_explanation, skill_category = EXCLUDED.skill_category, is_active = EXCLUDED.is_active, is_deleted = EXCLUDED.is_deleted, updated_at = NOW(), updated_by = 'system';
DELETE FROM questions_answers WHERE question_id = 811320018;
INSERT INTO questions_answers (question_id, sentence, sentence_translation, is_correct, "order") VALUES (811320018, 'Rửa tay 30s + HACCP 7 nguyên tắc + allerに関する情報', 'Thông tin liên quan đến Rửa tay 30s + HACCP 7 nguyên tắc + aller', TRUE, 1);
INSERT INTO questions_answers (question_id, sentence, sentence_translation, is_correct, "order") VALUES (811320018, '工場の歴史', 'Lịch sử nhà máy', FALSE, 2);
INSERT INTO questions_answers (question_id, sentence, sentence_translation, is_correct, "order") VALUES (811320018, '社員の名前リスト', 'Danh sách tên nhân viên', FALSE, 3);
INSERT INTO questions_answers (question_id, sentence, sentence_translation, is_correct, "order") VALUES (811320018, '設備の値段', 'Giá thiết bị', FALSE, 4);
INSERT INTO questions (id, user_id, is_system, is_khoa_cu, question_type, content_type, level, selection_type, question, passage, passage_translation, general_explanation, skill_category, base_difficulty, tenant_id, is_active, is_deleted, created_at, created_by) VALUES (811320019, NULL, TRUE, FALSE, 'reading', 'jisshusei_mogishiken_t03_eisei_kanri', 'N4', 'single', 'この チェックリスト の主旨は何ですか? (Q3)

Ý chính của Danh mục kiểm tra này là gì? (Q3)', '81103005', NULL, 'チェックリスト chứa thông tin về Rửa tay 30s + HACCP 7 nguyên tắc + allergen 9+19 + 検便.', 'dokkai', 1, 'system', TRUE, FALSE, NOW(), 'system') ON CONFLICT (id) DO UPDATE SET question_type = EXCLUDED.question_type, content_type = EXCLUDED.content_type, level = EXCLUDED.level, question = EXCLUDED.question, passage = EXCLUDED.passage, passage_translation = EXCLUDED.passage_translation, general_explanation = EXCLUDED.general_explanation, skill_category = EXCLUDED.skill_category, is_active = EXCLUDED.is_active, is_deleted = EXCLUDED.is_deleted, updated_at = NOW(), updated_by = 'system';
DELETE FROM questions_answers WHERE question_id = 811320019;
INSERT INTO questions_answers (question_id, sentence, sentence_translation, is_correct, "order") VALUES (811320019, 'Rửa tay 30s + HACCP 7 nguyên tắc + allerに関する情報', 'Thông tin liên quan đến Rửa tay 30s + HACCP 7 nguyên tắc + aller', TRUE, 1);
INSERT INTO questions_answers (question_id, sentence, sentence_translation, is_correct, "order") VALUES (811320019, '工場の歴史', 'Lịch sử nhà máy', FALSE, 2);
INSERT INTO questions_answers (question_id, sentence, sentence_translation, is_correct, "order") VALUES (811320019, '社員の名前リスト', 'Danh sách tên nhân viên', FALSE, 3);
INSERT INTO questions_answers (question_id, sentence, sentence_translation, is_correct, "order") VALUES (811320019, '設備の値段', 'Giá thiết bị', FALSE, 4);
INSERT INTO questions (id, user_id, is_system, is_khoa_cu, question_type, content_type, level, selection_type, question, passage, passage_translation, general_explanation, skill_category, base_difficulty, tenant_id, is_active, is_deleted, created_at, created_by) VALUES (811320020, NULL, TRUE, FALSE, 'reading', 'jisshusei_mogishiken_t03_eisei_kanri', 'N4', 'single', 'この チェックリスト の主旨は何ですか? (Q4)

Ý chính của Danh mục kiểm tra này là gì? (Q4)', '81103005', NULL, 'チェックリスト chứa thông tin về Rửa tay 30s + HACCP 7 nguyên tắc + allergen 9+19 + 検便.', 'dokkai', 1, 'system', TRUE, FALSE, NOW(), 'system') ON CONFLICT (id) DO UPDATE SET question_type = EXCLUDED.question_type, content_type = EXCLUDED.content_type, level = EXCLUDED.level, question = EXCLUDED.question, passage = EXCLUDED.passage, passage_translation = EXCLUDED.passage_translation, general_explanation = EXCLUDED.general_explanation, skill_category = EXCLUDED.skill_category, is_active = EXCLUDED.is_active, is_deleted = EXCLUDED.is_deleted, updated_at = NOW(), updated_by = 'system';
DELETE FROM questions_answers WHERE question_id = 811320020;
INSERT INTO questions_answers (question_id, sentence, sentence_translation, is_correct, "order") VALUES (811320020, 'Rửa tay 30s + HACCP 7 nguyên tắc + allerに関する情報', 'Thông tin liên quan đến Rửa tay 30s + HACCP 7 nguyên tắc + aller', TRUE, 1);
INSERT INTO questions_answers (question_id, sentence, sentence_translation, is_correct, "order") VALUES (811320020, '工場の歴史', 'Lịch sử nhà máy', FALSE, 2);
INSERT INTO questions_answers (question_id, sentence, sentence_translation, is_correct, "order") VALUES (811320020, '社員の名前リスト', 'Danh sách tên nhân viên', FALSE, 3);
INSERT INTO questions_answers (question_id, sentence, sentence_translation, is_correct, "order") VALUES (811320020, '設備の値段', 'Giá thiết bị', FALSE, 4);

INSERT INTO study_question_sets (id, name, description, set_type, card_count, tenant_id, is_active, is_deleted, created_at, created_by) VALUES (8110321, 'T3. Quy tắc vệ sinh thực phẩm — Reading Section 1: Bảng quy trình', 'Đọc hiểu Bảng quy trình', 'reading', 4, 'system', TRUE, FALSE, NOW(), 'system') ON CONFLICT (id) DO UPDATE SET name = EXCLUDED.name, description = EXCLUDED.description, set_type = EXCLUDED.set_type, card_count = EXCLUDED.card_count, is_active = EXCLUDED.is_active, is_deleted = EXCLUDED.is_deleted, updated_at = NOW(), updated_by = 'system';
INSERT INTO study_question_set_questions (study_question_set_id, question_id, order_index, tenant_id, is_deleted, created_at, created_by) VALUES (8110321, 811320001, 1, 'system', FALSE, NOW(), 'system') ON CONFLICT (study_question_set_id, question_id) DO UPDATE SET order_index = EXCLUDED.order_index, is_deleted = FALSE;
INSERT INTO study_question_set_questions (study_question_set_id, question_id, order_index, tenant_id, is_deleted, created_at, created_by) VALUES (8110321, 811320002, 2, 'system', FALSE, NOW(), 'system') ON CONFLICT (study_question_set_id, question_id) DO UPDATE SET order_index = EXCLUDED.order_index, is_deleted = FALSE;
INSERT INTO study_question_set_questions (study_question_set_id, question_id, order_index, tenant_id, is_deleted, created_at, created_by) VALUES (8110321, 811320003, 3, 'system', FALSE, NOW(), 'system') ON CONFLICT (study_question_set_id, question_id) DO UPDATE SET order_index = EXCLUDED.order_index, is_deleted = FALSE;
INSERT INTO study_question_set_questions (study_question_set_id, question_id, order_index, tenant_id, is_deleted, created_at, created_by) VALUES (8110321, 811320004, 4, 'system', FALSE, NOW(), 'system') ON CONFLICT (study_question_set_id, question_id) DO UPDATE SET order_index = EXCLUDED.order_index, is_deleted = FALSE;
INSERT INTO study_resource_question_sets (resource_type, resource_id, study_question_set_id, position, context, tenant_id, is_active, is_deleted, created_at, created_by) VALUES ('module', 8011003, 8110321, 5, '{"label": "T3. Quy tắc vệ sinh thực phẩm — Reading Section 1: Bảng quy trình"}'::jsonb, 'system', TRUE, FALSE, NOW(), 'system') ON CONFLICT (resource_type, resource_id, study_question_set_id) DO UPDATE SET position = EXCLUDED.position, context = EXCLUDED.context, is_active = TRUE, is_deleted = FALSE;

INSERT INTO study_question_sets (id, name, description, set_type, card_count, tenant_id, is_active, is_deleted, created_at, created_by) VALUES (8110322, 'T3. Quy tắc vệ sinh thực phẩm — Reading Section 2: Sổ tay hướng dẫn', 'Đọc hiểu Sổ tay hướng dẫn', 'reading', 4, 'system', TRUE, FALSE, NOW(), 'system') ON CONFLICT (id) DO UPDATE SET name = EXCLUDED.name, description = EXCLUDED.description, set_type = EXCLUDED.set_type, card_count = EXCLUDED.card_count, is_active = EXCLUDED.is_active, is_deleted = EXCLUDED.is_deleted, updated_at = NOW(), updated_by = 'system';
INSERT INTO study_question_set_questions (study_question_set_id, question_id, order_index, tenant_id, is_deleted, created_at, created_by) VALUES (8110322, 811320005, 1, 'system', FALSE, NOW(), 'system') ON CONFLICT (study_question_set_id, question_id) DO UPDATE SET order_index = EXCLUDED.order_index, is_deleted = FALSE;
INSERT INTO study_question_set_questions (study_question_set_id, question_id, order_index, tenant_id, is_deleted, created_at, created_by) VALUES (8110322, 811320006, 2, 'system', FALSE, NOW(), 'system') ON CONFLICT (study_question_set_id, question_id) DO UPDATE SET order_index = EXCLUDED.order_index, is_deleted = FALSE;
INSERT INTO study_question_set_questions (study_question_set_id, question_id, order_index, tenant_id, is_deleted, created_at, created_by) VALUES (8110322, 811320007, 3, 'system', FALSE, NOW(), 'system') ON CONFLICT (study_question_set_id, question_id) DO UPDATE SET order_index = EXCLUDED.order_index, is_deleted = FALSE;
INSERT INTO study_question_set_questions (study_question_set_id, question_id, order_index, tenant_id, is_deleted, created_at, created_by) VALUES (8110322, 811320008, 4, 'system', FALSE, NOW(), 'system') ON CONFLICT (study_question_set_id, question_id) DO UPDATE SET order_index = EXCLUDED.order_index, is_deleted = FALSE;
INSERT INTO study_resource_question_sets (resource_type, resource_id, study_question_set_id, position, context, tenant_id, is_active, is_deleted, created_at, created_by) VALUES ('module', 8011003, 8110322, 6, '{"label": "T3. Quy tắc vệ sinh thực phẩm — Reading Section 2: Sổ tay hướng dẫn"}'::jsonb, 'system', TRUE, FALSE, NOW(), 'system') ON CONFLICT (resource_type, resource_id, study_question_set_id) DO UPDATE SET position = EXCLUDED.position, context = EXCLUDED.context, is_active = TRUE, is_deleted = FALSE;

INSERT INTO study_question_sets (id, name, description, set_type, card_count, tenant_id, is_active, is_deleted, created_at, created_by) VALUES (8110323, 'T3. Quy tắc vệ sinh thực phẩm — Reading Section 3: Báo cáo', 'Đọc hiểu Báo cáo', 'reading', 4, 'system', TRUE, FALSE, NOW(), 'system') ON CONFLICT (id) DO UPDATE SET name = EXCLUDED.name, description = EXCLUDED.description, set_type = EXCLUDED.set_type, card_count = EXCLUDED.card_count, is_active = EXCLUDED.is_active, is_deleted = EXCLUDED.is_deleted, updated_at = NOW(), updated_by = 'system';
INSERT INTO study_question_set_questions (study_question_set_id, question_id, order_index, tenant_id, is_deleted, created_at, created_by) VALUES (8110323, 811320009, 1, 'system', FALSE, NOW(), 'system') ON CONFLICT (study_question_set_id, question_id) DO UPDATE SET order_index = EXCLUDED.order_index, is_deleted = FALSE;
INSERT INTO study_question_set_questions (study_question_set_id, question_id, order_index, tenant_id, is_deleted, created_at, created_by) VALUES (8110323, 811320010, 2, 'system', FALSE, NOW(), 'system') ON CONFLICT (study_question_set_id, question_id) DO UPDATE SET order_index = EXCLUDED.order_index, is_deleted = FALSE;
INSERT INTO study_question_set_questions (study_question_set_id, question_id, order_index, tenant_id, is_deleted, created_at, created_by) VALUES (8110323, 811320011, 3, 'system', FALSE, NOW(), 'system') ON CONFLICT (study_question_set_id, question_id) DO UPDATE SET order_index = EXCLUDED.order_index, is_deleted = FALSE;
INSERT INTO study_question_set_questions (study_question_set_id, question_id, order_index, tenant_id, is_deleted, created_at, created_by) VALUES (8110323, 811320012, 4, 'system', FALSE, NOW(), 'system') ON CONFLICT (study_question_set_id, question_id) DO UPDATE SET order_index = EXCLUDED.order_index, is_deleted = FALSE;
INSERT INTO study_resource_question_sets (resource_type, resource_id, study_question_set_id, position, context, tenant_id, is_active, is_deleted, created_at, created_by) VALUES ('module', 8011003, 8110323, 7, '{"label": "T3. Quy tắc vệ sinh thực phẩm — Reading Section 3: Báo cáo"}'::jsonb, 'system', TRUE, FALSE, NOW(), 'system') ON CONFLICT (resource_type, resource_id, study_question_set_id) DO UPDATE SET position = EXCLUDED.position, context = EXCLUDED.context, is_active = TRUE, is_deleted = FALSE;

INSERT INTO study_question_sets (id, name, description, set_type, card_count, tenant_id, is_active, is_deleted, created_at, created_by) VALUES (8110324, 'T3. Quy tắc vệ sinh thực phẩm — Reading Section 4: Thông báo', 'Đọc hiểu Thông báo', 'reading', 4, 'system', TRUE, FALSE, NOW(), 'system') ON CONFLICT (id) DO UPDATE SET name = EXCLUDED.name, description = EXCLUDED.description, set_type = EXCLUDED.set_type, card_count = EXCLUDED.card_count, is_active = EXCLUDED.is_active, is_deleted = EXCLUDED.is_deleted, updated_at = NOW(), updated_by = 'system';
INSERT INTO study_question_set_questions (study_question_set_id, question_id, order_index, tenant_id, is_deleted, created_at, created_by) VALUES (8110324, 811320013, 1, 'system', FALSE, NOW(), 'system') ON CONFLICT (study_question_set_id, question_id) DO UPDATE SET order_index = EXCLUDED.order_index, is_deleted = FALSE;
INSERT INTO study_question_set_questions (study_question_set_id, question_id, order_index, tenant_id, is_deleted, created_at, created_by) VALUES (8110324, 811320014, 2, 'system', FALSE, NOW(), 'system') ON CONFLICT (study_question_set_id, question_id) DO UPDATE SET order_index = EXCLUDED.order_index, is_deleted = FALSE;
INSERT INTO study_question_set_questions (study_question_set_id, question_id, order_index, tenant_id, is_deleted, created_at, created_by) VALUES (8110324, 811320015, 3, 'system', FALSE, NOW(), 'system') ON CONFLICT (study_question_set_id, question_id) DO UPDATE SET order_index = EXCLUDED.order_index, is_deleted = FALSE;
INSERT INTO study_question_set_questions (study_question_set_id, question_id, order_index, tenant_id, is_deleted, created_at, created_by) VALUES (8110324, 811320016, 4, 'system', FALSE, NOW(), 'system') ON CONFLICT (study_question_set_id, question_id) DO UPDATE SET order_index = EXCLUDED.order_index, is_deleted = FALSE;
INSERT INTO study_resource_question_sets (resource_type, resource_id, study_question_set_id, position, context, tenant_id, is_active, is_deleted, created_at, created_by) VALUES ('module', 8011003, 8110324, 8, '{"label": "T3. Quy tắc vệ sinh thực phẩm — Reading Section 4: Thông báo"}'::jsonb, 'system', TRUE, FALSE, NOW(), 'system') ON CONFLICT (resource_type, resource_id, study_question_set_id) DO UPDATE SET position = EXCLUDED.position, context = EXCLUDED.context, is_active = TRUE, is_deleted = FALSE;

INSERT INTO study_question_sets (id, name, description, set_type, card_count, tenant_id, is_active, is_deleted, created_at, created_by) VALUES (8110325, 'T3. Quy tắc vệ sinh thực phẩm — Reading Section 5: Danh mục kiểm tra', 'Đọc hiểu Danh mục kiểm tra', 'reading', 4, 'system', TRUE, FALSE, NOW(), 'system') ON CONFLICT (id) DO UPDATE SET name = EXCLUDED.name, description = EXCLUDED.description, set_type = EXCLUDED.set_type, card_count = EXCLUDED.card_count, is_active = EXCLUDED.is_active, is_deleted = EXCLUDED.is_deleted, updated_at = NOW(), updated_by = 'system';
INSERT INTO study_question_set_questions (study_question_set_id, question_id, order_index, tenant_id, is_deleted, created_at, created_by) VALUES (8110325, 811320017, 1, 'system', FALSE, NOW(), 'system') ON CONFLICT (study_question_set_id, question_id) DO UPDATE SET order_index = EXCLUDED.order_index, is_deleted = FALSE;
INSERT INTO study_question_set_questions (study_question_set_id, question_id, order_index, tenant_id, is_deleted, created_at, created_by) VALUES (8110325, 811320018, 2, 'system', FALSE, NOW(), 'system') ON CONFLICT (study_question_set_id, question_id) DO UPDATE SET order_index = EXCLUDED.order_index, is_deleted = FALSE;
INSERT INTO study_question_set_questions (study_question_set_id, question_id, order_index, tenant_id, is_deleted, created_at, created_by) VALUES (8110325, 811320019, 3, 'system', FALSE, NOW(), 'system') ON CONFLICT (study_question_set_id, question_id) DO UPDATE SET order_index = EXCLUDED.order_index, is_deleted = FALSE;
INSERT INTO study_question_set_questions (study_question_set_id, question_id, order_index, tenant_id, is_deleted, created_at, created_by) VALUES (8110325, 811320020, 4, 'system', FALSE, NOW(), 'system') ON CONFLICT (study_question_set_id, question_id) DO UPDATE SET order_index = EXCLUDED.order_index, is_deleted = FALSE;
INSERT INTO study_resource_question_sets (resource_type, resource_id, study_question_set_id, position, context, tenant_id, is_active, is_deleted, created_at, created_by) VALUES ('module', 8011003, 8110325, 9, '{"label": "T3. Quy tắc vệ sinh thực phẩm — Reading Section 5: Danh mục kiểm tra"}'::jsonb, 'system', TRUE, FALSE, NOW(), 'system') ON CONFLICT (resource_type, resource_id, study_question_set_id) DO UPDATE SET position = EXCLUDED.position, context = EXCLUDED.context, is_active = TRUE, is_deleted = FALSE;

-- BaiTap: t04_line_operation (40 questions)
INSERT INTO questions (id, user_id, is_system, is_khoa_cu, question_type, content_type, level, selection_type, question, passage, passage_translation, general_explanation, skill_category, base_difficulty, tenant_id, is_active, is_deleted, created_at, created_by) VALUES (811410001, NULL, TRUE, FALSE, 'chon_dap_an', 'jisshusei_baitap_t04_line_operation', 'N5', 'single', '「異常があります」 trong ngữ cảnh chương 4 có nghĩa liên quan đến gì?

「異常があります」 trong chương 4 liên quan đến:', NULL, NULL, '「異常があります」 thuộc chủ đề: Hou-ren-sou + 異常があります + KAIZEN + かしこまりました.', 'grammar', 1, 'system', TRUE, FALSE, NOW(), 'system') ON CONFLICT (id) DO UPDATE SET question_type = EXCLUDED.question_type, content_type = EXCLUDED.content_type, level = EXCLUDED.level, question = EXCLUDED.question, passage = EXCLUDED.passage, passage_translation = EXCLUDED.passage_translation, general_explanation = EXCLUDED.general_explanation, skill_category = EXCLUDED.skill_category, is_active = EXCLUDED.is_active, is_deleted = EXCLUDED.is_deleted, updated_at = NOW(), updated_by = 'system';
DELETE FROM questions_answers WHERE question_id = 811410001;
INSERT INTO questions_answers (question_id, sentence, sentence_translation, is_correct, "order") VALUES (811410001, 'Hou-ren-sou + 異常があります + KAIZEN', NULL, TRUE, 1);
INSERT INTO questions_answers (question_id, sentence, sentence_translation, is_correct, "order") VALUES (811410001, 'Khái niệm không liên quan A', 'Khái niệm không liên quan A', FALSE, 2);
INSERT INTO questions_answers (question_id, sentence, sentence_translation, is_correct, "order") VALUES (811410001, 'Khái niệm không liên quan B', 'Khái niệm không liên quan B', FALSE, 3);
INSERT INTO questions_answers (question_id, sentence, sentence_translation, is_correct, "order") VALUES (811410001, 'Khái niệm không liên quan C', 'Khái niệm không liên quan C', FALSE, 4);
INSERT INTO questions (id, user_id, is_system, is_khoa_cu, question_type, content_type, level, selection_type, question, passage, passage_translation, general_explanation, skill_category, base_difficulty, tenant_id, is_active, is_deleted, created_at, created_by) VALUES (811410002, NULL, TRUE, FALSE, 'chon_dap_an', 'jisshusei_baitap_t04_line_operation', 'N5', 'single', '「報告」 trong ngữ cảnh chương 4 có nghĩa liên quan đến gì?

「報告」 trong chương 4 liên quan đến:', NULL, NULL, '「報告」 thuộc chủ đề: Hou-ren-sou + 異常があります + KAIZEN + かしこまりました.', 'grammar', 1, 'system', TRUE, FALSE, NOW(), 'system') ON CONFLICT (id) DO UPDATE SET question_type = EXCLUDED.question_type, content_type = EXCLUDED.content_type, level = EXCLUDED.level, question = EXCLUDED.question, passage = EXCLUDED.passage, passage_translation = EXCLUDED.passage_translation, general_explanation = EXCLUDED.general_explanation, skill_category = EXCLUDED.skill_category, is_active = EXCLUDED.is_active, is_deleted = EXCLUDED.is_deleted, updated_at = NOW(), updated_by = 'system';
DELETE FROM questions_answers WHERE question_id = 811410002;
INSERT INTO questions_answers (question_id, sentence, sentence_translation, is_correct, "order") VALUES (811410002, 'Hou-ren-sou + 異常があります + KAIZEN', NULL, TRUE, 1);
INSERT INTO questions_answers (question_id, sentence, sentence_translation, is_correct, "order") VALUES (811410002, 'Khái niệm không liên quan A', 'Khái niệm không liên quan A', FALSE, 2);
INSERT INTO questions_answers (question_id, sentence, sentence_translation, is_correct, "order") VALUES (811410002, 'Khái niệm không liên quan B', 'Khái niệm không liên quan B', FALSE, 3);
INSERT INTO questions_answers (question_id, sentence, sentence_translation, is_correct, "order") VALUES (811410002, 'Khái niệm không liên quan C', 'Khái niệm không liên quan C', FALSE, 4);
INSERT INTO questions (id, user_id, is_system, is_khoa_cu, question_type, content_type, level, selection_type, question, passage, passage_translation, general_explanation, skill_category, base_difficulty, tenant_id, is_active, is_deleted, created_at, created_by) VALUES (811410003, NULL, TRUE, FALSE, 'chon_dap_an', 'jisshusei_baitap_t04_line_operation', 'N5', 'single', '「連絡」 trong ngữ cảnh chương 4 có nghĩa liên quan đến gì?

「連絡」 trong chương 4 liên quan đến:', NULL, NULL, '「連絡」 thuộc chủ đề: Hou-ren-sou + 異常があります + KAIZEN + かしこまりました.', 'grammar', 1, 'system', TRUE, FALSE, NOW(), 'system') ON CONFLICT (id) DO UPDATE SET question_type = EXCLUDED.question_type, content_type = EXCLUDED.content_type, level = EXCLUDED.level, question = EXCLUDED.question, passage = EXCLUDED.passage, passage_translation = EXCLUDED.passage_translation, general_explanation = EXCLUDED.general_explanation, skill_category = EXCLUDED.skill_category, is_active = EXCLUDED.is_active, is_deleted = EXCLUDED.is_deleted, updated_at = NOW(), updated_by = 'system';
DELETE FROM questions_answers WHERE question_id = 811410003;
INSERT INTO questions_answers (question_id, sentence, sentence_translation, is_correct, "order") VALUES (811410003, 'Hou-ren-sou + 異常があります + KAIZEN', NULL, TRUE, 1);
INSERT INTO questions_answers (question_id, sentence, sentence_translation, is_correct, "order") VALUES (811410003, 'Khái niệm không liên quan A', 'Khái niệm không liên quan A', FALSE, 2);
INSERT INTO questions_answers (question_id, sentence, sentence_translation, is_correct, "order") VALUES (811410003, 'Khái niệm không liên quan B', 'Khái niệm không liên quan B', FALSE, 3);
INSERT INTO questions_answers (question_id, sentence, sentence_translation, is_correct, "order") VALUES (811410003, 'Khái niệm không liên quan C', 'Khái niệm không liên quan C', FALSE, 4);
INSERT INTO questions (id, user_id, is_system, is_khoa_cu, question_type, content_type, level, selection_type, question, passage, passage_translation, general_explanation, skill_category, base_difficulty, tenant_id, is_active, is_deleted, created_at, created_by) VALUES (811410004, NULL, TRUE, FALSE, 'chon_dap_an', 'jisshusei_baitap_t04_line_operation', 'N5', 'single', '「相談」 trong ngữ cảnh chương 4 có nghĩa liên quan đến gì?

「相談」 trong chương 4 liên quan đến:', NULL, NULL, '「相談」 thuộc chủ đề: Hou-ren-sou + 異常があります + KAIZEN + かしこまりました.', 'grammar', 1, 'system', TRUE, FALSE, NOW(), 'system') ON CONFLICT (id) DO UPDATE SET question_type = EXCLUDED.question_type, content_type = EXCLUDED.content_type, level = EXCLUDED.level, question = EXCLUDED.question, passage = EXCLUDED.passage, passage_translation = EXCLUDED.passage_translation, general_explanation = EXCLUDED.general_explanation, skill_category = EXCLUDED.skill_category, is_active = EXCLUDED.is_active, is_deleted = EXCLUDED.is_deleted, updated_at = NOW(), updated_by = 'system';
DELETE FROM questions_answers WHERE question_id = 811410004;
INSERT INTO questions_answers (question_id, sentence, sentence_translation, is_correct, "order") VALUES (811410004, 'Hou-ren-sou + 異常があります + KAIZEN', NULL, TRUE, 1);
INSERT INTO questions_answers (question_id, sentence, sentence_translation, is_correct, "order") VALUES (811410004, 'Khái niệm không liên quan A', 'Khái niệm không liên quan A', FALSE, 2);
INSERT INTO questions_answers (question_id, sentence, sentence_translation, is_correct, "order") VALUES (811410004, 'Khái niệm không liên quan B', 'Khái niệm không liên quan B', FALSE, 3);
INSERT INTO questions_answers (question_id, sentence, sentence_translation, is_correct, "order") VALUES (811410004, 'Khái niệm không liên quan C', 'Khái niệm không liên quan C', FALSE, 4);
INSERT INTO questions (id, user_id, is_system, is_khoa_cu, question_type, content_type, level, selection_type, question, passage, passage_translation, general_explanation, skill_category, base_difficulty, tenant_id, is_active, is_deleted, created_at, created_by) VALUES (811410005, NULL, TRUE, FALSE, 'chon_dap_an', 'jisshusei_baitap_t04_line_operation', 'N5', 'single', '「KAIZEN」 trong ngữ cảnh chương 4 có nghĩa liên quan đến gì?

「KAIZEN」 trong chương 4 liên quan đến:', NULL, NULL, '「KAIZEN」 thuộc chủ đề: Hou-ren-sou + 異常があります + KAIZEN + かしこまりました.', 'grammar', 1, 'system', TRUE, FALSE, NOW(), 'system') ON CONFLICT (id) DO UPDATE SET question_type = EXCLUDED.question_type, content_type = EXCLUDED.content_type, level = EXCLUDED.level, question = EXCLUDED.question, passage = EXCLUDED.passage, passage_translation = EXCLUDED.passage_translation, general_explanation = EXCLUDED.general_explanation, skill_category = EXCLUDED.skill_category, is_active = EXCLUDED.is_active, is_deleted = EXCLUDED.is_deleted, updated_at = NOW(), updated_by = 'system';
DELETE FROM questions_answers WHERE question_id = 811410005;
INSERT INTO questions_answers (question_id, sentence, sentence_translation, is_correct, "order") VALUES (811410005, 'Hou-ren-sou + 異常があります + KAIZEN', NULL, TRUE, 1);
INSERT INTO questions_answers (question_id, sentence, sentence_translation, is_correct, "order") VALUES (811410005, 'Khái niệm không liên quan A', 'Khái niệm không liên quan A', FALSE, 2);
INSERT INTO questions_answers (question_id, sentence, sentence_translation, is_correct, "order") VALUES (811410005, 'Khái niệm không liên quan B', 'Khái niệm không liên quan B', FALSE, 3);
INSERT INTO questions_answers (question_id, sentence, sentence_translation, is_correct, "order") VALUES (811410005, 'Khái niệm không liên quan C', 'Khái niệm không liên quan C', FALSE, 4);
INSERT INTO questions (id, user_id, is_system, is_khoa_cu, question_type, content_type, level, selection_type, question, passage, passage_translation, general_explanation, skill_category, base_difficulty, tenant_id, is_active, is_deleted, created_at, created_by) VALUES (811410006, NULL, TRUE, FALSE, 'chon_dap_an', 'jisshusei_baitap_t04_line_operation', 'N5', 'single', '「かしこまりました」 trong ngữ cảnh chương 4 có nghĩa liên quan đến gì?

「かしこまりました」 trong chương 4 liên quan đến:', NULL, NULL, '「かしこまりました」 thuộc chủ đề: Hou-ren-sou + 異常があります + KAIZEN + かしこまりました.', 'grammar', 1, 'system', TRUE, FALSE, NOW(), 'system') ON CONFLICT (id) DO UPDATE SET question_type = EXCLUDED.question_type, content_type = EXCLUDED.content_type, level = EXCLUDED.level, question = EXCLUDED.question, passage = EXCLUDED.passage, passage_translation = EXCLUDED.passage_translation, general_explanation = EXCLUDED.general_explanation, skill_category = EXCLUDED.skill_category, is_active = EXCLUDED.is_active, is_deleted = EXCLUDED.is_deleted, updated_at = NOW(), updated_by = 'system';
DELETE FROM questions_answers WHERE question_id = 811410006;
INSERT INTO questions_answers (question_id, sentence, sentence_translation, is_correct, "order") VALUES (811410006, 'Hou-ren-sou + 異常があります + KAIZEN', NULL, TRUE, 1);
INSERT INTO questions_answers (question_id, sentence, sentence_translation, is_correct, "order") VALUES (811410006, 'Khái niệm không liên quan A', 'Khái niệm không liên quan A', FALSE, 2);
INSERT INTO questions_answers (question_id, sentence, sentence_translation, is_correct, "order") VALUES (811410006, 'Khái niệm không liên quan B', 'Khái niệm không liên quan B', FALSE, 3);
INSERT INTO questions_answers (question_id, sentence, sentence_translation, is_correct, "order") VALUES (811410006, 'Khái niệm không liên quan C', 'Khái niệm không liên quan C', FALSE, 4);
INSERT INTO questions (id, user_id, is_system, is_khoa_cu, question_type, content_type, level, selection_type, question, passage, passage_translation, general_explanation, skill_category, base_difficulty, tenant_id, is_active, is_deleted, created_at, created_by) VALUES (811410007, NULL, TRUE, FALSE, 'chon_dap_an', 'jisshusei_baitap_t04_line_operation', 'N5', 'single', '「金属探知機」 trong ngữ cảnh chương 4 có nghĩa liên quan đến gì?

「金属探知機」 trong chương 4 liên quan đến:', NULL, NULL, '「金属探知機」 thuộc chủ đề: Hou-ren-sou + 異常があります + KAIZEN + かしこまりました.', 'grammar', 1, 'system', TRUE, FALSE, NOW(), 'system') ON CONFLICT (id) DO UPDATE SET question_type = EXCLUDED.question_type, content_type = EXCLUDED.content_type, level = EXCLUDED.level, question = EXCLUDED.question, passage = EXCLUDED.passage, passage_translation = EXCLUDED.passage_translation, general_explanation = EXCLUDED.general_explanation, skill_category = EXCLUDED.skill_category, is_active = EXCLUDED.is_active, is_deleted = EXCLUDED.is_deleted, updated_at = NOW(), updated_by = 'system';
DELETE FROM questions_answers WHERE question_id = 811410007;
INSERT INTO questions_answers (question_id, sentence, sentence_translation, is_correct, "order") VALUES (811410007, 'Hou-ren-sou + 異常があります + KAIZEN', NULL, TRUE, 1);
INSERT INTO questions_answers (question_id, sentence, sentence_translation, is_correct, "order") VALUES (811410007, 'Khái niệm không liên quan A', 'Khái niệm không liên quan A', FALSE, 2);
INSERT INTO questions_answers (question_id, sentence, sentence_translation, is_correct, "order") VALUES (811410007, 'Khái niệm không liên quan B', 'Khái niệm không liên quan B', FALSE, 3);
INSERT INTO questions_answers (question_id, sentence, sentence_translation, is_correct, "order") VALUES (811410007, 'Khái niệm không liên quan C', 'Khái niệm không liên quan C', FALSE, 4);
INSERT INTO questions (id, user_id, is_system, is_khoa_cu, question_type, content_type, level, selection_type, question, passage, passage_translation, general_explanation, skill_category, base_difficulty, tenant_id, is_active, is_deleted, created_at, created_by) VALUES (811410008, NULL, TRUE, FALSE, 'chon_dap_an', 'jisshusei_baitap_t04_line_operation', 'N5', 'single', '「稼働」 trong ngữ cảnh chương 4 có nghĩa liên quan đến gì?

「稼働」 trong chương 4 liên quan đến:', NULL, NULL, '「稼働」 thuộc chủ đề: Hou-ren-sou + 異常があります + KAIZEN + かしこまりました.', 'grammar', 1, 'system', TRUE, FALSE, NOW(), 'system') ON CONFLICT (id) DO UPDATE SET question_type = EXCLUDED.question_type, content_type = EXCLUDED.content_type, level = EXCLUDED.level, question = EXCLUDED.question, passage = EXCLUDED.passage, passage_translation = EXCLUDED.passage_translation, general_explanation = EXCLUDED.general_explanation, skill_category = EXCLUDED.skill_category, is_active = EXCLUDED.is_active, is_deleted = EXCLUDED.is_deleted, updated_at = NOW(), updated_by = 'system';
DELETE FROM questions_answers WHERE question_id = 811410008;
INSERT INTO questions_answers (question_id, sentence, sentence_translation, is_correct, "order") VALUES (811410008, 'Hou-ren-sou + 異常があります + KAIZEN', NULL, TRUE, 1);
INSERT INTO questions_answers (question_id, sentence, sentence_translation, is_correct, "order") VALUES (811410008, 'Khái niệm không liên quan A', 'Khái niệm không liên quan A', FALSE, 2);
INSERT INTO questions_answers (question_id, sentence, sentence_translation, is_correct, "order") VALUES (811410008, 'Khái niệm không liên quan B', 'Khái niệm không liên quan B', FALSE, 3);
INSERT INTO questions_answers (question_id, sentence, sentence_translation, is_correct, "order") VALUES (811410008, 'Khái niệm không liên quan C', 'Khái niệm không liên quan C', FALSE, 4);
INSERT INTO questions (id, user_id, is_system, is_khoa_cu, question_type, content_type, level, selection_type, question, passage, passage_translation, general_explanation, skill_category, base_difficulty, tenant_id, is_active, is_deleted, created_at, created_by) VALUES (811410009, NULL, TRUE, FALSE, 'chon_dap_an', 'jisshusei_baitap_t04_line_operation', 'N5', 'single', '「停止」 trong ngữ cảnh chương 4 có nghĩa liên quan đến gì?

「停止」 trong chương 4 liên quan đến:', NULL, NULL, '「停止」 thuộc chủ đề: Hou-ren-sou + 異常があります + KAIZEN + かしこまりました.', 'grammar', 1, 'system', TRUE, FALSE, NOW(), 'system') ON CONFLICT (id) DO UPDATE SET question_type = EXCLUDED.question_type, content_type = EXCLUDED.content_type, level = EXCLUDED.level, question = EXCLUDED.question, passage = EXCLUDED.passage, passage_translation = EXCLUDED.passage_translation, general_explanation = EXCLUDED.general_explanation, skill_category = EXCLUDED.skill_category, is_active = EXCLUDED.is_active, is_deleted = EXCLUDED.is_deleted, updated_at = NOW(), updated_by = 'system';
DELETE FROM questions_answers WHERE question_id = 811410009;
INSERT INTO questions_answers (question_id, sentence, sentence_translation, is_correct, "order") VALUES (811410009, 'Hou-ren-sou + 異常があります + KAIZEN', NULL, TRUE, 1);
INSERT INTO questions_answers (question_id, sentence, sentence_translation, is_correct, "order") VALUES (811410009, 'Khái niệm không liên quan A', 'Khái niệm không liên quan A', FALSE, 2);
INSERT INTO questions_answers (question_id, sentence, sentence_translation, is_correct, "order") VALUES (811410009, 'Khái niệm không liên quan B', 'Khái niệm không liên quan B', FALSE, 3);
INSERT INTO questions_answers (question_id, sentence, sentence_translation, is_correct, "order") VALUES (811410009, 'Khái niệm không liên quan C', 'Khái niệm không liên quan C', FALSE, 4);
INSERT INTO questions (id, user_id, is_system, is_khoa_cu, question_type, content_type, level, selection_type, question, passage, passage_translation, general_explanation, skill_category, base_difficulty, tenant_id, is_active, is_deleted, created_at, created_by) VALUES (811410010, NULL, TRUE, FALSE, 'chon_dap_an', 'jisshusei_baitap_t04_line_operation', 'N5', 'single', '「故障」 trong ngữ cảnh chương 4 có nghĩa liên quan đến gì?

「故障」 trong chương 4 liên quan đến:', NULL, NULL, '「故障」 thuộc chủ đề: Hou-ren-sou + 異常があります + KAIZEN + かしこまりました.', 'grammar', 1, 'system', TRUE, FALSE, NOW(), 'system') ON CONFLICT (id) DO UPDATE SET question_type = EXCLUDED.question_type, content_type = EXCLUDED.content_type, level = EXCLUDED.level, question = EXCLUDED.question, passage = EXCLUDED.passage, passage_translation = EXCLUDED.passage_translation, general_explanation = EXCLUDED.general_explanation, skill_category = EXCLUDED.skill_category, is_active = EXCLUDED.is_active, is_deleted = EXCLUDED.is_deleted, updated_at = NOW(), updated_by = 'system';
DELETE FROM questions_answers WHERE question_id = 811410010;
INSERT INTO questions_answers (question_id, sentence, sentence_translation, is_correct, "order") VALUES (811410010, 'Hou-ren-sou + 異常があります + KAIZEN', NULL, TRUE, 1);
INSERT INTO questions_answers (question_id, sentence, sentence_translation, is_correct, "order") VALUES (811410010, 'Khái niệm không liên quan A', 'Khái niệm không liên quan A', FALSE, 2);
INSERT INTO questions_answers (question_id, sentence, sentence_translation, is_correct, "order") VALUES (811410010, 'Khái niệm không liên quan B', 'Khái niệm không liên quan B', FALSE, 3);
INSERT INTO questions_answers (question_id, sentence, sentence_translation, is_correct, "order") VALUES (811410010, 'Khái niệm không liên quan C', 'Khái niệm không liên quan C', FALSE, 4);
INSERT INTO questions (id, user_id, is_system, is_khoa_cu, question_type, content_type, level, selection_type, question, passage, passage_translation, general_explanation, skill_category, base_difficulty, tenant_id, is_active, is_deleted, created_at, created_by) VALUES (811410011, NULL, TRUE, FALSE, 'chon_dap_an', 'jisshusei_baitap_t04_line_operation', 'N5', 'single', 'Cụm「異常があったら、すぐ呼んでください」 thường dùng khi nào trong chương 4?

「異常があったら、すぐ呼んでください」 dùng khi nào?', NULL, NULL, '「異常があったら、すぐ呼んでください」 được dạy trong chương 4 (Hou-ren-sou + 異常があります + KAIZEN + かしこまりました).', 'grammar', 1, 'system', TRUE, FALSE, NOW(), 'system') ON CONFLICT (id) DO UPDATE SET question_type = EXCLUDED.question_type, content_type = EXCLUDED.content_type, level = EXCLUDED.level, question = EXCLUDED.question, passage = EXCLUDED.passage, passage_translation = EXCLUDED.passage_translation, general_explanation = EXCLUDED.general_explanation, skill_category = EXCLUDED.skill_category, is_active = EXCLUDED.is_active, is_deleted = EXCLUDED.is_deleted, updated_at = NOW(), updated_by = 'system';
DELETE FROM questions_answers WHERE question_id = 811410011;
INSERT INTO questions_answers (question_id, sentence, sentence_translation, is_correct, "order") VALUES (811410011, 'Trong tình huống chương 4: Hou-ren-sou + 異常があります + KAIZEN + かしこまりまし', NULL, TRUE, 1);
INSERT INTO questions_answers (question_id, sentence, sentence_translation, is_correct, "order") VALUES (811410011, 'Khi ngủ', 'Khi ngủ', FALSE, 2);
INSERT INTO questions_answers (question_id, sentence, sentence_translation, is_correct, "order") VALUES (811410011, 'Khi ăn', 'Khi ăn', FALSE, 3);
INSERT INTO questions_answers (question_id, sentence, sentence_translation, is_correct, "order") VALUES (811410011, 'Không dùng', 'Không dùng', FALSE, 4);
INSERT INTO questions (id, user_id, is_system, is_khoa_cu, question_type, content_type, level, selection_type, question, passage, passage_translation, general_explanation, skill_category, base_difficulty, tenant_id, is_active, is_deleted, created_at, created_by) VALUES (811410012, NULL, TRUE, FALSE, 'chon_dap_an', 'jisshusei_baitap_t04_line_operation', 'N5', 'single', 'Cụm「確認させていただきます」 thường dùng khi nào trong chương 4?

「確認させていただきます」 dùng khi nào?', NULL, NULL, '「確認させていただきます」 được dạy trong chương 4 (Hou-ren-sou + 異常があります + KAIZEN + かしこまりました).', 'grammar', 1, 'system', TRUE, FALSE, NOW(), 'system') ON CONFLICT (id) DO UPDATE SET question_type = EXCLUDED.question_type, content_type = EXCLUDED.content_type, level = EXCLUDED.level, question = EXCLUDED.question, passage = EXCLUDED.passage, passage_translation = EXCLUDED.passage_translation, general_explanation = EXCLUDED.general_explanation, skill_category = EXCLUDED.skill_category, is_active = EXCLUDED.is_active, is_deleted = EXCLUDED.is_deleted, updated_at = NOW(), updated_by = 'system';
DELETE FROM questions_answers WHERE question_id = 811410012;
INSERT INTO questions_answers (question_id, sentence, sentence_translation, is_correct, "order") VALUES (811410012, 'Trong tình huống chương 4: Hou-ren-sou + 異常があります + KAIZEN + かしこまりまし', NULL, TRUE, 1);
INSERT INTO questions_answers (question_id, sentence, sentence_translation, is_correct, "order") VALUES (811410012, 'Khi ngủ', 'Khi ngủ', FALSE, 2);
INSERT INTO questions_answers (question_id, sentence, sentence_translation, is_correct, "order") VALUES (811410012, 'Khi ăn', 'Khi ăn', FALSE, 3);
INSERT INTO questions_answers (question_id, sentence, sentence_translation, is_correct, "order") VALUES (811410012, 'Không dùng', 'Không dùng', FALSE, 4);
INSERT INTO questions (id, user_id, is_system, is_khoa_cu, question_type, content_type, level, selection_type, question, passage, passage_translation, general_explanation, skill_category, base_difficulty, tenant_id, is_active, is_deleted, created_at, created_by) VALUES (811410013, NULL, TRUE, FALSE, 'chon_dap_an', 'jisshusei_baitap_t04_line_operation', 'N5', 'single', 'Cụm「承知しました」 thường dùng khi nào trong chương 4?

「承知しました」 dùng khi nào?', NULL, NULL, '「承知しました」 được dạy trong chương 4 (Hou-ren-sou + 異常があります + KAIZEN + かしこまりました).', 'grammar', 1, 'system', TRUE, FALSE, NOW(), 'system') ON CONFLICT (id) DO UPDATE SET question_type = EXCLUDED.question_type, content_type = EXCLUDED.content_type, level = EXCLUDED.level, question = EXCLUDED.question, passage = EXCLUDED.passage, passage_translation = EXCLUDED.passage_translation, general_explanation = EXCLUDED.general_explanation, skill_category = EXCLUDED.skill_category, is_active = EXCLUDED.is_active, is_deleted = EXCLUDED.is_deleted, updated_at = NOW(), updated_by = 'system';
DELETE FROM questions_answers WHERE question_id = 811410013;
INSERT INTO questions_answers (question_id, sentence, sentence_translation, is_correct, "order") VALUES (811410013, 'Trong tình huống chương 4: Hou-ren-sou + 異常があります + KAIZEN + かしこまりまし', NULL, TRUE, 1);
INSERT INTO questions_answers (question_id, sentence, sentence_translation, is_correct, "order") VALUES (811410013, 'Khi ngủ', 'Khi ngủ', FALSE, 2);
INSERT INTO questions_answers (question_id, sentence, sentence_translation, is_correct, "order") VALUES (811410013, 'Khi ăn', 'Khi ăn', FALSE, 3);
INSERT INTO questions_answers (question_id, sentence, sentence_translation, is_correct, "order") VALUES (811410013, 'Không dùng', 'Không dùng', FALSE, 4);
INSERT INTO questions (id, user_id, is_system, is_khoa_cu, question_type, content_type, level, selection_type, question, passage, passage_translation, general_explanation, skill_category, base_difficulty, tenant_id, is_active, is_deleted, created_at, created_by) VALUES (811410014, NULL, TRUE, FALSE, 'chon_dap_an', 'jisshusei_baitap_t04_line_operation', 'N5', 'single', 'Cụm「異常があったら、すぐ呼んでください」 thường dùng khi nào trong chương 4?

「異常があったら、すぐ呼んでください」 dùng khi nào?', NULL, NULL, '「異常があったら、すぐ呼んでください」 được dạy trong chương 4 (Hou-ren-sou + 異常があります + KAIZEN + かしこまりました).', 'grammar', 1, 'system', TRUE, FALSE, NOW(), 'system') ON CONFLICT (id) DO UPDATE SET question_type = EXCLUDED.question_type, content_type = EXCLUDED.content_type, level = EXCLUDED.level, question = EXCLUDED.question, passage = EXCLUDED.passage, passage_translation = EXCLUDED.passage_translation, general_explanation = EXCLUDED.general_explanation, skill_category = EXCLUDED.skill_category, is_active = EXCLUDED.is_active, is_deleted = EXCLUDED.is_deleted, updated_at = NOW(), updated_by = 'system';
DELETE FROM questions_answers WHERE question_id = 811410014;
INSERT INTO questions_answers (question_id, sentence, sentence_translation, is_correct, "order") VALUES (811410014, 'Trong tình huống chương 4: Hou-ren-sou + 異常があります + KAIZEN + かしこまりまし', NULL, TRUE, 1);
INSERT INTO questions_answers (question_id, sentence, sentence_translation, is_correct, "order") VALUES (811410014, 'Khi ngủ', 'Khi ngủ', FALSE, 2);
INSERT INTO questions_answers (question_id, sentence, sentence_translation, is_correct, "order") VALUES (811410014, 'Khi ăn', 'Khi ăn', FALSE, 3);
INSERT INTO questions_answers (question_id, sentence, sentence_translation, is_correct, "order") VALUES (811410014, 'Không dùng', 'Không dùng', FALSE, 4);
INSERT INTO questions (id, user_id, is_system, is_khoa_cu, question_type, content_type, level, selection_type, question, passage, passage_translation, general_explanation, skill_category, base_difficulty, tenant_id, is_active, is_deleted, created_at, created_by) VALUES (811410015, NULL, TRUE, FALSE, 'chon_dap_an', 'jisshusei_baitap_t04_line_operation', 'N5', 'single', 'Cụm「確認させていただきます」 thường dùng khi nào trong chương 4?

「確認させていただきます」 dùng khi nào?', NULL, NULL, '「確認させていただきます」 được dạy trong chương 4 (Hou-ren-sou + 異常があります + KAIZEN + かしこまりました).', 'grammar', 1, 'system', TRUE, FALSE, NOW(), 'system') ON CONFLICT (id) DO UPDATE SET question_type = EXCLUDED.question_type, content_type = EXCLUDED.content_type, level = EXCLUDED.level, question = EXCLUDED.question, passage = EXCLUDED.passage, passage_translation = EXCLUDED.passage_translation, general_explanation = EXCLUDED.general_explanation, skill_category = EXCLUDED.skill_category, is_active = EXCLUDED.is_active, is_deleted = EXCLUDED.is_deleted, updated_at = NOW(), updated_by = 'system';
DELETE FROM questions_answers WHERE question_id = 811410015;
INSERT INTO questions_answers (question_id, sentence, sentence_translation, is_correct, "order") VALUES (811410015, 'Trong tình huống chương 4: Hou-ren-sou + 異常があります + KAIZEN + かしこまりまし', NULL, TRUE, 1);
INSERT INTO questions_answers (question_id, sentence, sentence_translation, is_correct, "order") VALUES (811410015, 'Khi ngủ', 'Khi ngủ', FALSE, 2);
INSERT INTO questions_answers (question_id, sentence, sentence_translation, is_correct, "order") VALUES (811410015, 'Khi ăn', 'Khi ăn', FALSE, 3);
INSERT INTO questions_answers (question_id, sentence, sentence_translation, is_correct, "order") VALUES (811410015, 'Không dùng', 'Không dùng', FALSE, 4);
INSERT INTO questions (id, user_id, is_system, is_khoa_cu, question_type, content_type, level, selection_type, question, passage, passage_translation, general_explanation, skill_category, base_difficulty, tenant_id, is_active, is_deleted, created_at, created_by) VALUES (811410016, NULL, TRUE, FALSE, 'chon_dap_an', 'jisshusei_baitap_t04_line_operation', 'N5', 'single', 'Cụm「承知しました」 thường dùng khi nào trong chương 4?

「承知しました」 dùng khi nào?', NULL, NULL, '「承知しました」 được dạy trong chương 4 (Hou-ren-sou + 異常があります + KAIZEN + かしこまりました).', 'grammar', 1, 'system', TRUE, FALSE, NOW(), 'system') ON CONFLICT (id) DO UPDATE SET question_type = EXCLUDED.question_type, content_type = EXCLUDED.content_type, level = EXCLUDED.level, question = EXCLUDED.question, passage = EXCLUDED.passage, passage_translation = EXCLUDED.passage_translation, general_explanation = EXCLUDED.general_explanation, skill_category = EXCLUDED.skill_category, is_active = EXCLUDED.is_active, is_deleted = EXCLUDED.is_deleted, updated_at = NOW(), updated_by = 'system';
DELETE FROM questions_answers WHERE question_id = 811410016;
INSERT INTO questions_answers (question_id, sentence, sentence_translation, is_correct, "order") VALUES (811410016, 'Trong tình huống chương 4: Hou-ren-sou + 異常があります + KAIZEN + かしこまりまし', NULL, TRUE, 1);
INSERT INTO questions_answers (question_id, sentence, sentence_translation, is_correct, "order") VALUES (811410016, 'Khi ngủ', 'Khi ngủ', FALSE, 2);
INSERT INTO questions_answers (question_id, sentence, sentence_translation, is_correct, "order") VALUES (811410016, 'Khi ăn', 'Khi ăn', FALSE, 3);
INSERT INTO questions_answers (question_id, sentence, sentence_translation, is_correct, "order") VALUES (811410016, 'Không dùng', 'Không dùng', FALSE, 4);
INSERT INTO questions (id, user_id, is_system, is_khoa_cu, question_type, content_type, level, selection_type, question, passage, passage_translation, general_explanation, skill_category, base_difficulty, tenant_id, is_active, is_deleted, created_at, created_by) VALUES (811410017, NULL, TRUE, FALSE, 'chon_dap_an', 'jisshusei_baitap_t04_line_operation', 'N5', 'single', 'Cụm「異常があったら、すぐ呼んでください」 thường dùng khi nào trong chương 4?

「異常があったら、すぐ呼んでください」 dùng khi nào?', NULL, NULL, '「異常があったら、すぐ呼んでください」 được dạy trong chương 4 (Hou-ren-sou + 異常があります + KAIZEN + かしこまりました).', 'grammar', 1, 'system', TRUE, FALSE, NOW(), 'system') ON CONFLICT (id) DO UPDATE SET question_type = EXCLUDED.question_type, content_type = EXCLUDED.content_type, level = EXCLUDED.level, question = EXCLUDED.question, passage = EXCLUDED.passage, passage_translation = EXCLUDED.passage_translation, general_explanation = EXCLUDED.general_explanation, skill_category = EXCLUDED.skill_category, is_active = EXCLUDED.is_active, is_deleted = EXCLUDED.is_deleted, updated_at = NOW(), updated_by = 'system';
DELETE FROM questions_answers WHERE question_id = 811410017;
INSERT INTO questions_answers (question_id, sentence, sentence_translation, is_correct, "order") VALUES (811410017, 'Trong tình huống chương 4: Hou-ren-sou + 異常があります + KAIZEN + かしこまりまし', NULL, TRUE, 1);
INSERT INTO questions_answers (question_id, sentence, sentence_translation, is_correct, "order") VALUES (811410017, 'Khi ngủ', 'Khi ngủ', FALSE, 2);
INSERT INTO questions_answers (question_id, sentence, sentence_translation, is_correct, "order") VALUES (811410017, 'Khi ăn', 'Khi ăn', FALSE, 3);
INSERT INTO questions_answers (question_id, sentence, sentence_translation, is_correct, "order") VALUES (811410017, 'Không dùng', 'Không dùng', FALSE, 4);
INSERT INTO questions (id, user_id, is_system, is_khoa_cu, question_type, content_type, level, selection_type, question, passage, passage_translation, general_explanation, skill_category, base_difficulty, tenant_id, is_active, is_deleted, created_at, created_by) VALUES (811410018, NULL, TRUE, FALSE, 'chon_dap_an', 'jisshusei_baitap_t04_line_operation', 'N5', 'single', 'Cụm「確認させていただきます」 thường dùng khi nào trong chương 4?

「確認させていただきます」 dùng khi nào?', NULL, NULL, '「確認させていただきます」 được dạy trong chương 4 (Hou-ren-sou + 異常があります + KAIZEN + かしこまりました).', 'grammar', 1, 'system', TRUE, FALSE, NOW(), 'system') ON CONFLICT (id) DO UPDATE SET question_type = EXCLUDED.question_type, content_type = EXCLUDED.content_type, level = EXCLUDED.level, question = EXCLUDED.question, passage = EXCLUDED.passage, passage_translation = EXCLUDED.passage_translation, general_explanation = EXCLUDED.general_explanation, skill_category = EXCLUDED.skill_category, is_active = EXCLUDED.is_active, is_deleted = EXCLUDED.is_deleted, updated_at = NOW(), updated_by = 'system';
DELETE FROM questions_answers WHERE question_id = 811410018;
INSERT INTO questions_answers (question_id, sentence, sentence_translation, is_correct, "order") VALUES (811410018, 'Trong tình huống chương 4: Hou-ren-sou + 異常があります + KAIZEN + かしこまりまし', NULL, TRUE, 1);
INSERT INTO questions_answers (question_id, sentence, sentence_translation, is_correct, "order") VALUES (811410018, 'Khi ngủ', 'Khi ngủ', FALSE, 2);
INSERT INTO questions_answers (question_id, sentence, sentence_translation, is_correct, "order") VALUES (811410018, 'Khi ăn', 'Khi ăn', FALSE, 3);
INSERT INTO questions_answers (question_id, sentence, sentence_translation, is_correct, "order") VALUES (811410018, 'Không dùng', 'Không dùng', FALSE, 4);
INSERT INTO questions (id, user_id, is_system, is_khoa_cu, question_type, content_type, level, selection_type, question, passage, passage_translation, general_explanation, skill_category, base_difficulty, tenant_id, is_active, is_deleted, created_at, created_by) VALUES (811410019, NULL, TRUE, FALSE, 'chon_dap_an', 'jisshusei_baitap_t04_line_operation', 'N5', 'single', 'Cụm「承知しました」 thường dùng khi nào trong chương 4?

「承知しました」 dùng khi nào?', NULL, NULL, '「承知しました」 được dạy trong chương 4 (Hou-ren-sou + 異常があります + KAIZEN + かしこまりました).', 'grammar', 1, 'system', TRUE, FALSE, NOW(), 'system') ON CONFLICT (id) DO UPDATE SET question_type = EXCLUDED.question_type, content_type = EXCLUDED.content_type, level = EXCLUDED.level, question = EXCLUDED.question, passage = EXCLUDED.passage, passage_translation = EXCLUDED.passage_translation, general_explanation = EXCLUDED.general_explanation, skill_category = EXCLUDED.skill_category, is_active = EXCLUDED.is_active, is_deleted = EXCLUDED.is_deleted, updated_at = NOW(), updated_by = 'system';
DELETE FROM questions_answers WHERE question_id = 811410019;
INSERT INTO questions_answers (question_id, sentence, sentence_translation, is_correct, "order") VALUES (811410019, 'Trong tình huống chương 4: Hou-ren-sou + 異常があります + KAIZEN + かしこまりまし', NULL, TRUE, 1);
INSERT INTO questions_answers (question_id, sentence, sentence_translation, is_correct, "order") VALUES (811410019, 'Khi ngủ', 'Khi ngủ', FALSE, 2);
INSERT INTO questions_answers (question_id, sentence, sentence_translation, is_correct, "order") VALUES (811410019, 'Khi ăn', 'Khi ăn', FALSE, 3);
INSERT INTO questions_answers (question_id, sentence, sentence_translation, is_correct, "order") VALUES (811410019, 'Không dùng', 'Không dùng', FALSE, 4);
INSERT INTO questions (id, user_id, is_system, is_khoa_cu, question_type, content_type, level, selection_type, question, passage, passage_translation, general_explanation, skill_category, base_difficulty, tenant_id, is_active, is_deleted, created_at, created_by) VALUES (811410020, NULL, TRUE, FALSE, 'chon_dap_an', 'jisshusei_baitap_t04_line_operation', 'N5', 'single', 'Cụm「異常があったら、すぐ呼んでください」 thường dùng khi nào trong chương 4?

「異常があったら、すぐ呼んでください」 dùng khi nào?', NULL, NULL, '「異常があったら、すぐ呼んでください」 được dạy trong chương 4 (Hou-ren-sou + 異常があります + KAIZEN + かしこまりました).', 'grammar', 1, 'system', TRUE, FALSE, NOW(), 'system') ON CONFLICT (id) DO UPDATE SET question_type = EXCLUDED.question_type, content_type = EXCLUDED.content_type, level = EXCLUDED.level, question = EXCLUDED.question, passage = EXCLUDED.passage, passage_translation = EXCLUDED.passage_translation, general_explanation = EXCLUDED.general_explanation, skill_category = EXCLUDED.skill_category, is_active = EXCLUDED.is_active, is_deleted = EXCLUDED.is_deleted, updated_at = NOW(), updated_by = 'system';
DELETE FROM questions_answers WHERE question_id = 811410020;
INSERT INTO questions_answers (question_id, sentence, sentence_translation, is_correct, "order") VALUES (811410020, 'Trong tình huống chương 4: Hou-ren-sou + 異常があります + KAIZEN + かしこまりまし', NULL, TRUE, 1);
INSERT INTO questions_answers (question_id, sentence, sentence_translation, is_correct, "order") VALUES (811410020, 'Khi ngủ', 'Khi ngủ', FALSE, 2);
INSERT INTO questions_answers (question_id, sentence, sentence_translation, is_correct, "order") VALUES (811410020, 'Khi ăn', 'Khi ăn', FALSE, 3);
INSERT INTO questions_answers (question_id, sentence, sentence_translation, is_correct, "order") VALUES (811410020, 'Không dùng', 'Không dùng', FALSE, 4);
INSERT INTO questions (id, user_id, is_system, is_khoa_cu, question_type, content_type, level, selection_type, question, passage, passage_translation, general_explanation, skill_category, base_difficulty, tenant_id, is_active, is_deleted, created_at, created_by) VALUES (811410021, NULL, TRUE, FALSE, 'chon_dap_an', 'jisshusei_baitap_t04_line_operation', 'N4', 'single', 'Tình huống 1 trong chương 4: phản ứng đúng là?

Phản ứng đúng cho tình huống 1:', NULL, NULL, 'Áp dụng nguyên tắc của chương: Hou-ren-sou + 異常があります + KAIZEN + かしこまりました.', 'grammar', 1, 'system', TRUE, FALSE, NOW(), 'system') ON CONFLICT (id) DO UPDATE SET question_type = EXCLUDED.question_type, content_type = EXCLUDED.content_type, level = EXCLUDED.level, question = EXCLUDED.question, passage = EXCLUDED.passage, passage_translation = EXCLUDED.passage_translation, general_explanation = EXCLUDED.general_explanation, skill_category = EXCLUDED.skill_category, is_active = EXCLUDED.is_active, is_deleted = EXCLUDED.is_deleted, updated_at = NOW(), updated_by = 'system';
DELETE FROM questions_answers WHERE question_id = 811410021;
INSERT INTO questions_answers (question_id, sentence, sentence_translation, is_correct, "order") VALUES (811410021, 'Theo nguyên tắc đã học trong chương', 'Theo nguyên tắc đã học trong chương', TRUE, 1);
INSERT INTO questions_answers (question_id, sentence, sentence_translation, is_correct, "order") VALUES (811410021, 'Tự ý làm theo ý mình', 'Tự ý làm theo ý mình', FALSE, 2);
INSERT INTO questions_answers (question_id, sentence, sentence_translation, is_correct, "order") VALUES (811410021, 'Im lặng không làm gì', 'Im lặng không làm gì', FALSE, 3);
INSERT INTO questions_answers (question_id, sentence, sentence_translation, is_correct, "order") VALUES (811410021, 'Nhờ người khác làm hộ', 'Nhờ người khác làm hộ', FALSE, 4);
INSERT INTO questions (id, user_id, is_system, is_khoa_cu, question_type, content_type, level, selection_type, question, passage, passage_translation, general_explanation, skill_category, base_difficulty, tenant_id, is_active, is_deleted, created_at, created_by) VALUES (811410022, NULL, TRUE, FALSE, 'chon_dap_an', 'jisshusei_baitap_t04_line_operation', 'N4', 'single', 'Tình huống 2 trong chương 4: phản ứng đúng là?

Phản ứng đúng cho tình huống 2:', NULL, NULL, 'Áp dụng nguyên tắc của chương: Hou-ren-sou + 異常があります + KAIZEN + かしこまりました.', 'grammar', 1, 'system', TRUE, FALSE, NOW(), 'system') ON CONFLICT (id) DO UPDATE SET question_type = EXCLUDED.question_type, content_type = EXCLUDED.content_type, level = EXCLUDED.level, question = EXCLUDED.question, passage = EXCLUDED.passage, passage_translation = EXCLUDED.passage_translation, general_explanation = EXCLUDED.general_explanation, skill_category = EXCLUDED.skill_category, is_active = EXCLUDED.is_active, is_deleted = EXCLUDED.is_deleted, updated_at = NOW(), updated_by = 'system';
DELETE FROM questions_answers WHERE question_id = 811410022;
INSERT INTO questions_answers (question_id, sentence, sentence_translation, is_correct, "order") VALUES (811410022, 'Theo nguyên tắc đã học trong chương', 'Theo nguyên tắc đã học trong chương', TRUE, 1);
INSERT INTO questions_answers (question_id, sentence, sentence_translation, is_correct, "order") VALUES (811410022, 'Tự ý làm theo ý mình', 'Tự ý làm theo ý mình', FALSE, 2);
INSERT INTO questions_answers (question_id, sentence, sentence_translation, is_correct, "order") VALUES (811410022, 'Im lặng không làm gì', 'Im lặng không làm gì', FALSE, 3);
INSERT INTO questions_answers (question_id, sentence, sentence_translation, is_correct, "order") VALUES (811410022, 'Nhờ người khác làm hộ', 'Nhờ người khác làm hộ', FALSE, 4);
INSERT INTO questions (id, user_id, is_system, is_khoa_cu, question_type, content_type, level, selection_type, question, passage, passage_translation, general_explanation, skill_category, base_difficulty, tenant_id, is_active, is_deleted, created_at, created_by) VALUES (811410023, NULL, TRUE, FALSE, 'chon_dap_an', 'jisshusei_baitap_t04_line_operation', 'N4', 'single', 'Tình huống 3 trong chương 4: phản ứng đúng là?

Phản ứng đúng cho tình huống 3:', NULL, NULL, 'Áp dụng nguyên tắc của chương: Hou-ren-sou + 異常があります + KAIZEN + かしこまりました.', 'grammar', 1, 'system', TRUE, FALSE, NOW(), 'system') ON CONFLICT (id) DO UPDATE SET question_type = EXCLUDED.question_type, content_type = EXCLUDED.content_type, level = EXCLUDED.level, question = EXCLUDED.question, passage = EXCLUDED.passage, passage_translation = EXCLUDED.passage_translation, general_explanation = EXCLUDED.general_explanation, skill_category = EXCLUDED.skill_category, is_active = EXCLUDED.is_active, is_deleted = EXCLUDED.is_deleted, updated_at = NOW(), updated_by = 'system';
DELETE FROM questions_answers WHERE question_id = 811410023;
INSERT INTO questions_answers (question_id, sentence, sentence_translation, is_correct, "order") VALUES (811410023, 'Theo nguyên tắc đã học trong chương', 'Theo nguyên tắc đã học trong chương', TRUE, 1);
INSERT INTO questions_answers (question_id, sentence, sentence_translation, is_correct, "order") VALUES (811410023, 'Tự ý làm theo ý mình', 'Tự ý làm theo ý mình', FALSE, 2);
INSERT INTO questions_answers (question_id, sentence, sentence_translation, is_correct, "order") VALUES (811410023, 'Im lặng không làm gì', 'Im lặng không làm gì', FALSE, 3);
INSERT INTO questions_answers (question_id, sentence, sentence_translation, is_correct, "order") VALUES (811410023, 'Nhờ người khác làm hộ', 'Nhờ người khác làm hộ', FALSE, 4);
INSERT INTO questions (id, user_id, is_system, is_khoa_cu, question_type, content_type, level, selection_type, question, passage, passage_translation, general_explanation, skill_category, base_difficulty, tenant_id, is_active, is_deleted, created_at, created_by) VALUES (811410024, NULL, TRUE, FALSE, 'chon_dap_an', 'jisshusei_baitap_t04_line_operation', 'N4', 'single', 'Tình huống 4 trong chương 4: phản ứng đúng là?

Phản ứng đúng cho tình huống 4:', NULL, NULL, 'Áp dụng nguyên tắc của chương: Hou-ren-sou + 異常があります + KAIZEN + かしこまりました.', 'grammar', 1, 'system', TRUE, FALSE, NOW(), 'system') ON CONFLICT (id) DO UPDATE SET question_type = EXCLUDED.question_type, content_type = EXCLUDED.content_type, level = EXCLUDED.level, question = EXCLUDED.question, passage = EXCLUDED.passage, passage_translation = EXCLUDED.passage_translation, general_explanation = EXCLUDED.general_explanation, skill_category = EXCLUDED.skill_category, is_active = EXCLUDED.is_active, is_deleted = EXCLUDED.is_deleted, updated_at = NOW(), updated_by = 'system';
DELETE FROM questions_answers WHERE question_id = 811410024;
INSERT INTO questions_answers (question_id, sentence, sentence_translation, is_correct, "order") VALUES (811410024, 'Theo nguyên tắc đã học trong chương', 'Theo nguyên tắc đã học trong chương', TRUE, 1);
INSERT INTO questions_answers (question_id, sentence, sentence_translation, is_correct, "order") VALUES (811410024, 'Tự ý làm theo ý mình', 'Tự ý làm theo ý mình', FALSE, 2);
INSERT INTO questions_answers (question_id, sentence, sentence_translation, is_correct, "order") VALUES (811410024, 'Im lặng không làm gì', 'Im lặng không làm gì', FALSE, 3);
INSERT INTO questions_answers (question_id, sentence, sentence_translation, is_correct, "order") VALUES (811410024, 'Nhờ người khác làm hộ', 'Nhờ người khác làm hộ', FALSE, 4);
INSERT INTO questions (id, user_id, is_system, is_khoa_cu, question_type, content_type, level, selection_type, question, passage, passage_translation, general_explanation, skill_category, base_difficulty, tenant_id, is_active, is_deleted, created_at, created_by) VALUES (811410025, NULL, TRUE, FALSE, 'chon_dap_an', 'jisshusei_baitap_t04_line_operation', 'N4', 'single', 'Tình huống 5 trong chương 4: phản ứng đúng là?

Phản ứng đúng cho tình huống 5:', NULL, NULL, 'Áp dụng nguyên tắc của chương: Hou-ren-sou + 異常があります + KAIZEN + かしこまりました.', 'grammar', 1, 'system', TRUE, FALSE, NOW(), 'system') ON CONFLICT (id) DO UPDATE SET question_type = EXCLUDED.question_type, content_type = EXCLUDED.content_type, level = EXCLUDED.level, question = EXCLUDED.question, passage = EXCLUDED.passage, passage_translation = EXCLUDED.passage_translation, general_explanation = EXCLUDED.general_explanation, skill_category = EXCLUDED.skill_category, is_active = EXCLUDED.is_active, is_deleted = EXCLUDED.is_deleted, updated_at = NOW(), updated_by = 'system';
DELETE FROM questions_answers WHERE question_id = 811410025;
INSERT INTO questions_answers (question_id, sentence, sentence_translation, is_correct, "order") VALUES (811410025, 'Theo nguyên tắc đã học trong chương', 'Theo nguyên tắc đã học trong chương', TRUE, 1);
INSERT INTO questions_answers (question_id, sentence, sentence_translation, is_correct, "order") VALUES (811410025, 'Tự ý làm theo ý mình', 'Tự ý làm theo ý mình', FALSE, 2);
INSERT INTO questions_answers (question_id, sentence, sentence_translation, is_correct, "order") VALUES (811410025, 'Im lặng không làm gì', 'Im lặng không làm gì', FALSE, 3);
INSERT INTO questions_answers (question_id, sentence, sentence_translation, is_correct, "order") VALUES (811410025, 'Nhờ người khác làm hộ', 'Nhờ người khác làm hộ', FALSE, 4);
INSERT INTO questions (id, user_id, is_system, is_khoa_cu, question_type, content_type, level, selection_type, question, passage, passage_translation, general_explanation, skill_category, base_difficulty, tenant_id, is_active, is_deleted, created_at, created_by) VALUES (811410026, NULL, TRUE, FALSE, 'chon_dap_an', 'jisshusei_baitap_t04_line_operation', 'N4', 'single', 'Tình huống 6 trong chương 4: phản ứng đúng là?

Phản ứng đúng cho tình huống 6:', NULL, NULL, 'Áp dụng nguyên tắc của chương: Hou-ren-sou + 異常があります + KAIZEN + かしこまりました.', 'grammar', 1, 'system', TRUE, FALSE, NOW(), 'system') ON CONFLICT (id) DO UPDATE SET question_type = EXCLUDED.question_type, content_type = EXCLUDED.content_type, level = EXCLUDED.level, question = EXCLUDED.question, passage = EXCLUDED.passage, passage_translation = EXCLUDED.passage_translation, general_explanation = EXCLUDED.general_explanation, skill_category = EXCLUDED.skill_category, is_active = EXCLUDED.is_active, is_deleted = EXCLUDED.is_deleted, updated_at = NOW(), updated_by = 'system';
DELETE FROM questions_answers WHERE question_id = 811410026;
INSERT INTO questions_answers (question_id, sentence, sentence_translation, is_correct, "order") VALUES (811410026, 'Theo nguyên tắc đã học trong chương', 'Theo nguyên tắc đã học trong chương', TRUE, 1);
INSERT INTO questions_answers (question_id, sentence, sentence_translation, is_correct, "order") VALUES (811410026, 'Tự ý làm theo ý mình', 'Tự ý làm theo ý mình', FALSE, 2);
INSERT INTO questions_answers (question_id, sentence, sentence_translation, is_correct, "order") VALUES (811410026, 'Im lặng không làm gì', 'Im lặng không làm gì', FALSE, 3);
INSERT INTO questions_answers (question_id, sentence, sentence_translation, is_correct, "order") VALUES (811410026, 'Nhờ người khác làm hộ', 'Nhờ người khác làm hộ', FALSE, 4);
INSERT INTO questions (id, user_id, is_system, is_khoa_cu, question_type, content_type, level, selection_type, question, passage, passage_translation, general_explanation, skill_category, base_difficulty, tenant_id, is_active, is_deleted, created_at, created_by) VALUES (811410027, NULL, TRUE, FALSE, 'chon_dap_an', 'jisshusei_baitap_t04_line_operation', 'N4', 'single', 'Tình huống 7 trong chương 4: phản ứng đúng là?

Phản ứng đúng cho tình huống 7:', NULL, NULL, 'Áp dụng nguyên tắc của chương: Hou-ren-sou + 異常があります + KAIZEN + かしこまりました.', 'grammar', 1, 'system', TRUE, FALSE, NOW(), 'system') ON CONFLICT (id) DO UPDATE SET question_type = EXCLUDED.question_type, content_type = EXCLUDED.content_type, level = EXCLUDED.level, question = EXCLUDED.question, passage = EXCLUDED.passage, passage_translation = EXCLUDED.passage_translation, general_explanation = EXCLUDED.general_explanation, skill_category = EXCLUDED.skill_category, is_active = EXCLUDED.is_active, is_deleted = EXCLUDED.is_deleted, updated_at = NOW(), updated_by = 'system';
DELETE FROM questions_answers WHERE question_id = 811410027;
INSERT INTO questions_answers (question_id, sentence, sentence_translation, is_correct, "order") VALUES (811410027, 'Theo nguyên tắc đã học trong chương', 'Theo nguyên tắc đã học trong chương', TRUE, 1);
INSERT INTO questions_answers (question_id, sentence, sentence_translation, is_correct, "order") VALUES (811410027, 'Tự ý làm theo ý mình', 'Tự ý làm theo ý mình', FALSE, 2);
INSERT INTO questions_answers (question_id, sentence, sentence_translation, is_correct, "order") VALUES (811410027, 'Im lặng không làm gì', 'Im lặng không làm gì', FALSE, 3);
INSERT INTO questions_answers (question_id, sentence, sentence_translation, is_correct, "order") VALUES (811410027, 'Nhờ người khác làm hộ', 'Nhờ người khác làm hộ', FALSE, 4);
INSERT INTO questions (id, user_id, is_system, is_khoa_cu, question_type, content_type, level, selection_type, question, passage, passage_translation, general_explanation, skill_category, base_difficulty, tenant_id, is_active, is_deleted, created_at, created_by) VALUES (811410028, NULL, TRUE, FALSE, 'chon_dap_an', 'jisshusei_baitap_t04_line_operation', 'N4', 'single', 'Tình huống 8 trong chương 4: phản ứng đúng là?

Phản ứng đúng cho tình huống 8:', NULL, NULL, 'Áp dụng nguyên tắc của chương: Hou-ren-sou + 異常があります + KAIZEN + かしこまりました.', 'grammar', 1, 'system', TRUE, FALSE, NOW(), 'system') ON CONFLICT (id) DO UPDATE SET question_type = EXCLUDED.question_type, content_type = EXCLUDED.content_type, level = EXCLUDED.level, question = EXCLUDED.question, passage = EXCLUDED.passage, passage_translation = EXCLUDED.passage_translation, general_explanation = EXCLUDED.general_explanation, skill_category = EXCLUDED.skill_category, is_active = EXCLUDED.is_active, is_deleted = EXCLUDED.is_deleted, updated_at = NOW(), updated_by = 'system';
DELETE FROM questions_answers WHERE question_id = 811410028;
INSERT INTO questions_answers (question_id, sentence, sentence_translation, is_correct, "order") VALUES (811410028, 'Theo nguyên tắc đã học trong chương', 'Theo nguyên tắc đã học trong chương', TRUE, 1);
INSERT INTO questions_answers (question_id, sentence, sentence_translation, is_correct, "order") VALUES (811410028, 'Tự ý làm theo ý mình', 'Tự ý làm theo ý mình', FALSE, 2);
INSERT INTO questions_answers (question_id, sentence, sentence_translation, is_correct, "order") VALUES (811410028, 'Im lặng không làm gì', 'Im lặng không làm gì', FALSE, 3);
INSERT INTO questions_answers (question_id, sentence, sentence_translation, is_correct, "order") VALUES (811410028, 'Nhờ người khác làm hộ', 'Nhờ người khác làm hộ', FALSE, 4);
INSERT INTO questions (id, user_id, is_system, is_khoa_cu, question_type, content_type, level, selection_type, question, passage, passage_translation, general_explanation, skill_category, base_difficulty, tenant_id, is_active, is_deleted, created_at, created_by) VALUES (811410029, NULL, TRUE, FALSE, 'chon_dap_an', 'jisshusei_baitap_t04_line_operation', 'N4', 'single', 'Tình huống 9 trong chương 4: phản ứng đúng là?

Phản ứng đúng cho tình huống 9:', NULL, NULL, 'Áp dụng nguyên tắc của chương: Hou-ren-sou + 異常があります + KAIZEN + かしこまりました.', 'grammar', 1, 'system', TRUE, FALSE, NOW(), 'system') ON CONFLICT (id) DO UPDATE SET question_type = EXCLUDED.question_type, content_type = EXCLUDED.content_type, level = EXCLUDED.level, question = EXCLUDED.question, passage = EXCLUDED.passage, passage_translation = EXCLUDED.passage_translation, general_explanation = EXCLUDED.general_explanation, skill_category = EXCLUDED.skill_category, is_active = EXCLUDED.is_active, is_deleted = EXCLUDED.is_deleted, updated_at = NOW(), updated_by = 'system';
DELETE FROM questions_answers WHERE question_id = 811410029;
INSERT INTO questions_answers (question_id, sentence, sentence_translation, is_correct, "order") VALUES (811410029, 'Theo nguyên tắc đã học trong chương', 'Theo nguyên tắc đã học trong chương', TRUE, 1);
INSERT INTO questions_answers (question_id, sentence, sentence_translation, is_correct, "order") VALUES (811410029, 'Tự ý làm theo ý mình', 'Tự ý làm theo ý mình', FALSE, 2);
INSERT INTO questions_answers (question_id, sentence, sentence_translation, is_correct, "order") VALUES (811410029, 'Im lặng không làm gì', 'Im lặng không làm gì', FALSE, 3);
INSERT INTO questions_answers (question_id, sentence, sentence_translation, is_correct, "order") VALUES (811410029, 'Nhờ người khác làm hộ', 'Nhờ người khác làm hộ', FALSE, 4);
INSERT INTO questions (id, user_id, is_system, is_khoa_cu, question_type, content_type, level, selection_type, question, passage, passage_translation, general_explanation, skill_category, base_difficulty, tenant_id, is_active, is_deleted, created_at, created_by) VALUES (811410030, NULL, TRUE, FALSE, 'chon_dap_an', 'jisshusei_baitap_t04_line_operation', 'N4', 'single', 'Tình huống 10 trong chương 4: phản ứng đúng là?

Phản ứng đúng cho tình huống 10:', NULL, NULL, 'Áp dụng nguyên tắc của chương: Hou-ren-sou + 異常があります + KAIZEN + かしこまりました.', 'grammar', 1, 'system', TRUE, FALSE, NOW(), 'system') ON CONFLICT (id) DO UPDATE SET question_type = EXCLUDED.question_type, content_type = EXCLUDED.content_type, level = EXCLUDED.level, question = EXCLUDED.question, passage = EXCLUDED.passage, passage_translation = EXCLUDED.passage_translation, general_explanation = EXCLUDED.general_explanation, skill_category = EXCLUDED.skill_category, is_active = EXCLUDED.is_active, is_deleted = EXCLUDED.is_deleted, updated_at = NOW(), updated_by = 'system';
DELETE FROM questions_answers WHERE question_id = 811410030;
INSERT INTO questions_answers (question_id, sentence, sentence_translation, is_correct, "order") VALUES (811410030, 'Theo nguyên tắc đã học trong chương', 'Theo nguyên tắc đã học trong chương', TRUE, 1);
INSERT INTO questions_answers (question_id, sentence, sentence_translation, is_correct, "order") VALUES (811410030, 'Tự ý làm theo ý mình', 'Tự ý làm theo ý mình', FALSE, 2);
INSERT INTO questions_answers (question_id, sentence, sentence_translation, is_correct, "order") VALUES (811410030, 'Im lặng không làm gì', 'Im lặng không làm gì', FALSE, 3);
INSERT INTO questions_answers (question_id, sentence, sentence_translation, is_correct, "order") VALUES (811410030, 'Nhờ người khác làm hộ', 'Nhờ người khác làm hộ', FALSE, 4);
INSERT INTO questions (id, user_id, is_system, is_khoa_cu, question_type, content_type, level, selection_type, question, passage, passage_translation, general_explanation, skill_category, base_difficulty, tenant_id, is_active, is_deleted, created_at, created_by) VALUES (811410031, NULL, TRUE, FALSE, 'chon_dap_an', 'jisshusei_baitap_t04_line_operation', 'N4', 'single', 'Văn hoá Nhật trong chương 4, nuance #1:

Văn hoá Nhật chương 4, sắc thái #1:', NULL, NULL, 'Chi tiết xem trong LyThuyet chương 4.', 'grammar', 1, 'system', TRUE, FALSE, NOW(), 'system') ON CONFLICT (id) DO UPDATE SET question_type = EXCLUDED.question_type, content_type = EXCLUDED.content_type, level = EXCLUDED.level, question = EXCLUDED.question, passage = EXCLUDED.passage, passage_translation = EXCLUDED.passage_translation, general_explanation = EXCLUDED.general_explanation, skill_category = EXCLUDED.skill_category, is_active = EXCLUDED.is_active, is_deleted = EXCLUDED.is_deleted, updated_at = NOW(), updated_by = 'system';
DELETE FROM questions_answers WHERE question_id = 811410031;
INSERT INTO questions_answers (question_id, sentence, sentence_translation, is_correct, "order") VALUES (811410031, 'Cách tiếp cận tinh tế phù hợp văn hoá Nhật (đã giải thích trong LyThuyet)', 'Cách tiếp cận tinh tế phù hợp văn hoá Nhật (đã giải thích trong LyThuyet)', TRUE, 1);
INSERT INTO questions_answers (question_id, sentence, sentence_translation, is_correct, "order") VALUES (811410031, 'Cách tiếp cận thẳng thắn theo style phương Tây', 'Cách tiếp cận thẳng thắn theo style phương Tây', FALSE, 2);
INSERT INTO questions_answers (question_id, sentence, sentence_translation, is_correct, "order") VALUES (811410031, 'Im lặng là tốt nhất', 'Im lặng là tốt nhất', FALSE, 3);
INSERT INTO questions_answers (question_id, sentence, sentence_translation, is_correct, "order") VALUES (811410031, 'Không có sự khác biệt văn hoá', 'Không có sự khác biệt văn hoá', FALSE, 4);
INSERT INTO questions (id, user_id, is_system, is_khoa_cu, question_type, content_type, level, selection_type, question, passage, passage_translation, general_explanation, skill_category, base_difficulty, tenant_id, is_active, is_deleted, created_at, created_by) VALUES (811410032, NULL, TRUE, FALSE, 'chon_dap_an', 'jisshusei_baitap_t04_line_operation', 'N4', 'single', 'Văn hoá Nhật trong chương 4, nuance #2:

Văn hoá Nhật chương 4, sắc thái #2:', NULL, NULL, 'Chi tiết xem trong LyThuyet chương 4.', 'grammar', 1, 'system', TRUE, FALSE, NOW(), 'system') ON CONFLICT (id) DO UPDATE SET question_type = EXCLUDED.question_type, content_type = EXCLUDED.content_type, level = EXCLUDED.level, question = EXCLUDED.question, passage = EXCLUDED.passage, passage_translation = EXCLUDED.passage_translation, general_explanation = EXCLUDED.general_explanation, skill_category = EXCLUDED.skill_category, is_active = EXCLUDED.is_active, is_deleted = EXCLUDED.is_deleted, updated_at = NOW(), updated_by = 'system';
DELETE FROM questions_answers WHERE question_id = 811410032;
INSERT INTO questions_answers (question_id, sentence, sentence_translation, is_correct, "order") VALUES (811410032, 'Cách tiếp cận tinh tế phù hợp văn hoá Nhật (đã giải thích trong LyThuyet)', 'Cách tiếp cận tinh tế phù hợp văn hoá Nhật (đã giải thích trong LyThuyet)', TRUE, 1);
INSERT INTO questions_answers (question_id, sentence, sentence_translation, is_correct, "order") VALUES (811410032, 'Cách tiếp cận thẳng thắn theo style phương Tây', 'Cách tiếp cận thẳng thắn theo style phương Tây', FALSE, 2);
INSERT INTO questions_answers (question_id, sentence, sentence_translation, is_correct, "order") VALUES (811410032, 'Im lặng là tốt nhất', 'Im lặng là tốt nhất', FALSE, 3);
INSERT INTO questions_answers (question_id, sentence, sentence_translation, is_correct, "order") VALUES (811410032, 'Không có sự khác biệt văn hoá', 'Không có sự khác biệt văn hoá', FALSE, 4);
INSERT INTO questions (id, user_id, is_system, is_khoa_cu, question_type, content_type, level, selection_type, question, passage, passage_translation, general_explanation, skill_category, base_difficulty, tenant_id, is_active, is_deleted, created_at, created_by) VALUES (811410033, NULL, TRUE, FALSE, 'chon_dap_an', 'jisshusei_baitap_t04_line_operation', 'N4', 'single', 'Văn hoá Nhật trong chương 4, nuance #3:

Văn hoá Nhật chương 4, sắc thái #3:', NULL, NULL, 'Chi tiết xem trong LyThuyet chương 4.', 'grammar', 1, 'system', TRUE, FALSE, NOW(), 'system') ON CONFLICT (id) DO UPDATE SET question_type = EXCLUDED.question_type, content_type = EXCLUDED.content_type, level = EXCLUDED.level, question = EXCLUDED.question, passage = EXCLUDED.passage, passage_translation = EXCLUDED.passage_translation, general_explanation = EXCLUDED.general_explanation, skill_category = EXCLUDED.skill_category, is_active = EXCLUDED.is_active, is_deleted = EXCLUDED.is_deleted, updated_at = NOW(), updated_by = 'system';
DELETE FROM questions_answers WHERE question_id = 811410033;
INSERT INTO questions_answers (question_id, sentence, sentence_translation, is_correct, "order") VALUES (811410033, 'Cách tiếp cận tinh tế phù hợp văn hoá Nhật (đã giải thích trong LyThuyet)', 'Cách tiếp cận tinh tế phù hợp văn hoá Nhật (đã giải thích trong LyThuyet)', TRUE, 1);
INSERT INTO questions_answers (question_id, sentence, sentence_translation, is_correct, "order") VALUES (811410033, 'Cách tiếp cận thẳng thắn theo style phương Tây', 'Cách tiếp cận thẳng thắn theo style phương Tây', FALSE, 2);
INSERT INTO questions_answers (question_id, sentence, sentence_translation, is_correct, "order") VALUES (811410033, 'Im lặng là tốt nhất', 'Im lặng là tốt nhất', FALSE, 3);
INSERT INTO questions_answers (question_id, sentence, sentence_translation, is_correct, "order") VALUES (811410033, 'Không có sự khác biệt văn hoá', 'Không có sự khác biệt văn hoá', FALSE, 4);
INSERT INTO questions (id, user_id, is_system, is_khoa_cu, question_type, content_type, level, selection_type, question, passage, passage_translation, general_explanation, skill_category, base_difficulty, tenant_id, is_active, is_deleted, created_at, created_by) VALUES (811410034, NULL, TRUE, FALSE, 'chon_dap_an', 'jisshusei_baitap_t04_line_operation', 'N4', 'single', 'Văn hoá Nhật trong chương 4, nuance #4:

Văn hoá Nhật chương 4, sắc thái #4:', NULL, NULL, 'Chi tiết xem trong LyThuyet chương 4.', 'grammar', 1, 'system', TRUE, FALSE, NOW(), 'system') ON CONFLICT (id) DO UPDATE SET question_type = EXCLUDED.question_type, content_type = EXCLUDED.content_type, level = EXCLUDED.level, question = EXCLUDED.question, passage = EXCLUDED.passage, passage_translation = EXCLUDED.passage_translation, general_explanation = EXCLUDED.general_explanation, skill_category = EXCLUDED.skill_category, is_active = EXCLUDED.is_active, is_deleted = EXCLUDED.is_deleted, updated_at = NOW(), updated_by = 'system';
DELETE FROM questions_answers WHERE question_id = 811410034;
INSERT INTO questions_answers (question_id, sentence, sentence_translation, is_correct, "order") VALUES (811410034, 'Cách tiếp cận tinh tế phù hợp văn hoá Nhật (đã giải thích trong LyThuyet)', 'Cách tiếp cận tinh tế phù hợp văn hoá Nhật (đã giải thích trong LyThuyet)', TRUE, 1);
INSERT INTO questions_answers (question_id, sentence, sentence_translation, is_correct, "order") VALUES (811410034, 'Cách tiếp cận thẳng thắn theo style phương Tây', 'Cách tiếp cận thẳng thắn theo style phương Tây', FALSE, 2);
INSERT INTO questions_answers (question_id, sentence, sentence_translation, is_correct, "order") VALUES (811410034, 'Im lặng là tốt nhất', 'Im lặng là tốt nhất', FALSE, 3);
INSERT INTO questions_answers (question_id, sentence, sentence_translation, is_correct, "order") VALUES (811410034, 'Không có sự khác biệt văn hoá', 'Không có sự khác biệt văn hoá', FALSE, 4);
INSERT INTO questions (id, user_id, is_system, is_khoa_cu, question_type, content_type, level, selection_type, question, passage, passage_translation, general_explanation, skill_category, base_difficulty, tenant_id, is_active, is_deleted, created_at, created_by) VALUES (811410035, NULL, TRUE, FALSE, 'chon_dap_an', 'jisshusei_baitap_t04_line_operation', 'N4', 'single', 'Văn hoá Nhật trong chương 4, nuance #5:

Văn hoá Nhật chương 4, sắc thái #5:', NULL, NULL, 'Chi tiết xem trong LyThuyet chương 4.', 'grammar', 1, 'system', TRUE, FALSE, NOW(), 'system') ON CONFLICT (id) DO UPDATE SET question_type = EXCLUDED.question_type, content_type = EXCLUDED.content_type, level = EXCLUDED.level, question = EXCLUDED.question, passage = EXCLUDED.passage, passage_translation = EXCLUDED.passage_translation, general_explanation = EXCLUDED.general_explanation, skill_category = EXCLUDED.skill_category, is_active = EXCLUDED.is_active, is_deleted = EXCLUDED.is_deleted, updated_at = NOW(), updated_by = 'system';
DELETE FROM questions_answers WHERE question_id = 811410035;
INSERT INTO questions_answers (question_id, sentence, sentence_translation, is_correct, "order") VALUES (811410035, 'Cách tiếp cận tinh tế phù hợp văn hoá Nhật (đã giải thích trong LyThuyet)', 'Cách tiếp cận tinh tế phù hợp văn hoá Nhật (đã giải thích trong LyThuyet)', TRUE, 1);
INSERT INTO questions_answers (question_id, sentence, sentence_translation, is_correct, "order") VALUES (811410035, 'Cách tiếp cận thẳng thắn theo style phương Tây', 'Cách tiếp cận thẳng thắn theo style phương Tây', FALSE, 2);
INSERT INTO questions_answers (question_id, sentence, sentence_translation, is_correct, "order") VALUES (811410035, 'Im lặng là tốt nhất', 'Im lặng là tốt nhất', FALSE, 3);
INSERT INTO questions_answers (question_id, sentence, sentence_translation, is_correct, "order") VALUES (811410035, 'Không có sự khác biệt văn hoá', 'Không có sự khác biệt văn hoá', FALSE, 4);
INSERT INTO questions (id, user_id, is_system, is_khoa_cu, question_type, content_type, level, selection_type, question, passage, passage_translation, general_explanation, skill_category, base_difficulty, tenant_id, is_active, is_deleted, created_at, created_by) VALUES (811410036, NULL, TRUE, FALSE, 'chon_dap_an', 'jisshusei_baitap_t04_line_operation', 'N4', 'single', 'Văn hoá Nhật trong chương 4, nuance #6:

Văn hoá Nhật chương 4, sắc thái #6:', NULL, NULL, 'Chi tiết xem trong LyThuyet chương 4.', 'grammar', 1, 'system', TRUE, FALSE, NOW(), 'system') ON CONFLICT (id) DO UPDATE SET question_type = EXCLUDED.question_type, content_type = EXCLUDED.content_type, level = EXCLUDED.level, question = EXCLUDED.question, passage = EXCLUDED.passage, passage_translation = EXCLUDED.passage_translation, general_explanation = EXCLUDED.general_explanation, skill_category = EXCLUDED.skill_category, is_active = EXCLUDED.is_active, is_deleted = EXCLUDED.is_deleted, updated_at = NOW(), updated_by = 'system';
DELETE FROM questions_answers WHERE question_id = 811410036;
INSERT INTO questions_answers (question_id, sentence, sentence_translation, is_correct, "order") VALUES (811410036, 'Cách tiếp cận tinh tế phù hợp văn hoá Nhật (đã giải thích trong LyThuyet)', 'Cách tiếp cận tinh tế phù hợp văn hoá Nhật (đã giải thích trong LyThuyet)', TRUE, 1);
INSERT INTO questions_answers (question_id, sentence, sentence_translation, is_correct, "order") VALUES (811410036, 'Cách tiếp cận thẳng thắn theo style phương Tây', 'Cách tiếp cận thẳng thắn theo style phương Tây', FALSE, 2);
INSERT INTO questions_answers (question_id, sentence, sentence_translation, is_correct, "order") VALUES (811410036, 'Im lặng là tốt nhất', 'Im lặng là tốt nhất', FALSE, 3);
INSERT INTO questions_answers (question_id, sentence, sentence_translation, is_correct, "order") VALUES (811410036, 'Không có sự khác biệt văn hoá', 'Không có sự khác biệt văn hoá', FALSE, 4);
INSERT INTO questions (id, user_id, is_system, is_khoa_cu, question_type, content_type, level, selection_type, question, passage, passage_translation, general_explanation, skill_category, base_difficulty, tenant_id, is_active, is_deleted, created_at, created_by) VALUES (811410037, NULL, TRUE, FALSE, 'chon_dap_an', 'jisshusei_baitap_t04_line_operation', 'N4', 'single', 'Văn hoá Nhật trong chương 4, nuance #7:

Văn hoá Nhật chương 4, sắc thái #7:', NULL, NULL, 'Chi tiết xem trong LyThuyet chương 4.', 'grammar', 1, 'system', TRUE, FALSE, NOW(), 'system') ON CONFLICT (id) DO UPDATE SET question_type = EXCLUDED.question_type, content_type = EXCLUDED.content_type, level = EXCLUDED.level, question = EXCLUDED.question, passage = EXCLUDED.passage, passage_translation = EXCLUDED.passage_translation, general_explanation = EXCLUDED.general_explanation, skill_category = EXCLUDED.skill_category, is_active = EXCLUDED.is_active, is_deleted = EXCLUDED.is_deleted, updated_at = NOW(), updated_by = 'system';
DELETE FROM questions_answers WHERE question_id = 811410037;
INSERT INTO questions_answers (question_id, sentence, sentence_translation, is_correct, "order") VALUES (811410037, 'Cách tiếp cận tinh tế phù hợp văn hoá Nhật (đã giải thích trong LyThuyet)', 'Cách tiếp cận tinh tế phù hợp văn hoá Nhật (đã giải thích trong LyThuyet)', TRUE, 1);
INSERT INTO questions_answers (question_id, sentence, sentence_translation, is_correct, "order") VALUES (811410037, 'Cách tiếp cận thẳng thắn theo style phương Tây', 'Cách tiếp cận thẳng thắn theo style phương Tây', FALSE, 2);
INSERT INTO questions_answers (question_id, sentence, sentence_translation, is_correct, "order") VALUES (811410037, 'Im lặng là tốt nhất', 'Im lặng là tốt nhất', FALSE, 3);
INSERT INTO questions_answers (question_id, sentence, sentence_translation, is_correct, "order") VALUES (811410037, 'Không có sự khác biệt văn hoá', 'Không có sự khác biệt văn hoá', FALSE, 4);
INSERT INTO questions (id, user_id, is_system, is_khoa_cu, question_type, content_type, level, selection_type, question, passage, passage_translation, general_explanation, skill_category, base_difficulty, tenant_id, is_active, is_deleted, created_at, created_by) VALUES (811410038, NULL, TRUE, FALSE, 'chon_dap_an', 'jisshusei_baitap_t04_line_operation', 'N4', 'single', 'Văn hoá Nhật trong chương 4, nuance #8:

Văn hoá Nhật chương 4, sắc thái #8:', NULL, NULL, 'Chi tiết xem trong LyThuyet chương 4.', 'grammar', 1, 'system', TRUE, FALSE, NOW(), 'system') ON CONFLICT (id) DO UPDATE SET question_type = EXCLUDED.question_type, content_type = EXCLUDED.content_type, level = EXCLUDED.level, question = EXCLUDED.question, passage = EXCLUDED.passage, passage_translation = EXCLUDED.passage_translation, general_explanation = EXCLUDED.general_explanation, skill_category = EXCLUDED.skill_category, is_active = EXCLUDED.is_active, is_deleted = EXCLUDED.is_deleted, updated_at = NOW(), updated_by = 'system';
DELETE FROM questions_answers WHERE question_id = 811410038;
INSERT INTO questions_answers (question_id, sentence, sentence_translation, is_correct, "order") VALUES (811410038, 'Cách tiếp cận tinh tế phù hợp văn hoá Nhật (đã giải thích trong LyThuyet)', 'Cách tiếp cận tinh tế phù hợp văn hoá Nhật (đã giải thích trong LyThuyet)', TRUE, 1);
INSERT INTO questions_answers (question_id, sentence, sentence_translation, is_correct, "order") VALUES (811410038, 'Cách tiếp cận thẳng thắn theo style phương Tây', 'Cách tiếp cận thẳng thắn theo style phương Tây', FALSE, 2);
INSERT INTO questions_answers (question_id, sentence, sentence_translation, is_correct, "order") VALUES (811410038, 'Im lặng là tốt nhất', 'Im lặng là tốt nhất', FALSE, 3);
INSERT INTO questions_answers (question_id, sentence, sentence_translation, is_correct, "order") VALUES (811410038, 'Không có sự khác biệt văn hoá', 'Không có sự khác biệt văn hoá', FALSE, 4);
INSERT INTO questions (id, user_id, is_system, is_khoa_cu, question_type, content_type, level, selection_type, question, passage, passage_translation, general_explanation, skill_category, base_difficulty, tenant_id, is_active, is_deleted, created_at, created_by) VALUES (811410039, NULL, TRUE, FALSE, 'chon_dap_an', 'jisshusei_baitap_t04_line_operation', 'N4', 'single', 'Văn hoá Nhật trong chương 4, nuance #9:

Văn hoá Nhật chương 4, sắc thái #9:', NULL, NULL, 'Chi tiết xem trong LyThuyet chương 4.', 'grammar', 1, 'system', TRUE, FALSE, NOW(), 'system') ON CONFLICT (id) DO UPDATE SET question_type = EXCLUDED.question_type, content_type = EXCLUDED.content_type, level = EXCLUDED.level, question = EXCLUDED.question, passage = EXCLUDED.passage, passage_translation = EXCLUDED.passage_translation, general_explanation = EXCLUDED.general_explanation, skill_category = EXCLUDED.skill_category, is_active = EXCLUDED.is_active, is_deleted = EXCLUDED.is_deleted, updated_at = NOW(), updated_by = 'system';
DELETE FROM questions_answers WHERE question_id = 811410039;
INSERT INTO questions_answers (question_id, sentence, sentence_translation, is_correct, "order") VALUES (811410039, 'Cách tiếp cận tinh tế phù hợp văn hoá Nhật (đã giải thích trong LyThuyet)', 'Cách tiếp cận tinh tế phù hợp văn hoá Nhật (đã giải thích trong LyThuyet)', TRUE, 1);
INSERT INTO questions_answers (question_id, sentence, sentence_translation, is_correct, "order") VALUES (811410039, 'Cách tiếp cận thẳng thắn theo style phương Tây', 'Cách tiếp cận thẳng thắn theo style phương Tây', FALSE, 2);
INSERT INTO questions_answers (question_id, sentence, sentence_translation, is_correct, "order") VALUES (811410039, 'Im lặng là tốt nhất', 'Im lặng là tốt nhất', FALSE, 3);
INSERT INTO questions_answers (question_id, sentence, sentence_translation, is_correct, "order") VALUES (811410039, 'Không có sự khác biệt văn hoá', 'Không có sự khác biệt văn hoá', FALSE, 4);
INSERT INTO questions (id, user_id, is_system, is_khoa_cu, question_type, content_type, level, selection_type, question, passage, passage_translation, general_explanation, skill_category, base_difficulty, tenant_id, is_active, is_deleted, created_at, created_by) VALUES (811410040, NULL, TRUE, FALSE, 'chon_dap_an', 'jisshusei_baitap_t04_line_operation', 'N4', 'single', 'Văn hoá Nhật trong chương 4, nuance #10:

Văn hoá Nhật chương 4, sắc thái #10:', NULL, NULL, 'Chi tiết xem trong LyThuyet chương 4.', 'grammar', 1, 'system', TRUE, FALSE, NOW(), 'system') ON CONFLICT (id) DO UPDATE SET question_type = EXCLUDED.question_type, content_type = EXCLUDED.content_type, level = EXCLUDED.level, question = EXCLUDED.question, passage = EXCLUDED.passage, passage_translation = EXCLUDED.passage_translation, general_explanation = EXCLUDED.general_explanation, skill_category = EXCLUDED.skill_category, is_active = EXCLUDED.is_active, is_deleted = EXCLUDED.is_deleted, updated_at = NOW(), updated_by = 'system';
DELETE FROM questions_answers WHERE question_id = 811410040;
INSERT INTO questions_answers (question_id, sentence, sentence_translation, is_correct, "order") VALUES (811410040, 'Cách tiếp cận tinh tế phù hợp văn hoá Nhật (đã giải thích trong LyThuyet)', 'Cách tiếp cận tinh tế phù hợp văn hoá Nhật (đã giải thích trong LyThuyet)', TRUE, 1);
INSERT INTO questions_answers (question_id, sentence, sentence_translation, is_correct, "order") VALUES (811410040, 'Cách tiếp cận thẳng thắn theo style phương Tây', 'Cách tiếp cận thẳng thắn theo style phương Tây', FALSE, 2);
INSERT INTO questions_answers (question_id, sentence, sentence_translation, is_correct, "order") VALUES (811410040, 'Im lặng là tốt nhất', 'Im lặng là tốt nhất', FALSE, 3);
INSERT INTO questions_answers (question_id, sentence, sentence_translation, is_correct, "order") VALUES (811410040, 'Không có sự khác biệt văn hoá', 'Không có sự khác biệt văn hoá', FALSE, 4);

INSERT INTO study_question_sets (id, name, description, set_type, card_count, tenant_id, is_active, is_deleted, created_at, created_by) VALUES (8110411, 'T4. Lần đầu đứng dây chuyền — Bài tập Level 1', 'Bài tập trắc nghiệm — Level 1: N5', 'practice', 10, 'system', TRUE, FALSE, NOW(), 'system') ON CONFLICT (id) DO UPDATE SET name = EXCLUDED.name, description = EXCLUDED.description, set_type = EXCLUDED.set_type, card_count = EXCLUDED.card_count, is_active = EXCLUDED.is_active, is_deleted = EXCLUDED.is_deleted, updated_at = NOW(), updated_by = 'system';
INSERT INTO study_question_set_questions (study_question_set_id, question_id, order_index, tenant_id, is_deleted, created_at, created_by) VALUES (8110411, 811410001, 1, 'system', FALSE, NOW(), 'system') ON CONFLICT (study_question_set_id, question_id) DO UPDATE SET order_index = EXCLUDED.order_index, is_deleted = FALSE;
INSERT INTO study_question_set_questions (study_question_set_id, question_id, order_index, tenant_id, is_deleted, created_at, created_by) VALUES (8110411, 811410002, 2, 'system', FALSE, NOW(), 'system') ON CONFLICT (study_question_set_id, question_id) DO UPDATE SET order_index = EXCLUDED.order_index, is_deleted = FALSE;
INSERT INTO study_question_set_questions (study_question_set_id, question_id, order_index, tenant_id, is_deleted, created_at, created_by) VALUES (8110411, 811410003, 3, 'system', FALSE, NOW(), 'system') ON CONFLICT (study_question_set_id, question_id) DO UPDATE SET order_index = EXCLUDED.order_index, is_deleted = FALSE;
INSERT INTO study_question_set_questions (study_question_set_id, question_id, order_index, tenant_id, is_deleted, created_at, created_by) VALUES (8110411, 811410004, 4, 'system', FALSE, NOW(), 'system') ON CONFLICT (study_question_set_id, question_id) DO UPDATE SET order_index = EXCLUDED.order_index, is_deleted = FALSE;
INSERT INTO study_question_set_questions (study_question_set_id, question_id, order_index, tenant_id, is_deleted, created_at, created_by) VALUES (8110411, 811410005, 5, 'system', FALSE, NOW(), 'system') ON CONFLICT (study_question_set_id, question_id) DO UPDATE SET order_index = EXCLUDED.order_index, is_deleted = FALSE;
INSERT INTO study_question_set_questions (study_question_set_id, question_id, order_index, tenant_id, is_deleted, created_at, created_by) VALUES (8110411, 811410006, 6, 'system', FALSE, NOW(), 'system') ON CONFLICT (study_question_set_id, question_id) DO UPDATE SET order_index = EXCLUDED.order_index, is_deleted = FALSE;
INSERT INTO study_question_set_questions (study_question_set_id, question_id, order_index, tenant_id, is_deleted, created_at, created_by) VALUES (8110411, 811410007, 7, 'system', FALSE, NOW(), 'system') ON CONFLICT (study_question_set_id, question_id) DO UPDATE SET order_index = EXCLUDED.order_index, is_deleted = FALSE;
INSERT INTO study_question_set_questions (study_question_set_id, question_id, order_index, tenant_id, is_deleted, created_at, created_by) VALUES (8110411, 811410008, 8, 'system', FALSE, NOW(), 'system') ON CONFLICT (study_question_set_id, question_id) DO UPDATE SET order_index = EXCLUDED.order_index, is_deleted = FALSE;
INSERT INTO study_question_set_questions (study_question_set_id, question_id, order_index, tenant_id, is_deleted, created_at, created_by) VALUES (8110411, 811410009, 9, 'system', FALSE, NOW(), 'system') ON CONFLICT (study_question_set_id, question_id) DO UPDATE SET order_index = EXCLUDED.order_index, is_deleted = FALSE;
INSERT INTO study_question_set_questions (study_question_set_id, question_id, order_index, tenant_id, is_deleted, created_at, created_by) VALUES (8110411, 811410010, 10, 'system', FALSE, NOW(), 'system') ON CONFLICT (study_question_set_id, question_id) DO UPDATE SET order_index = EXCLUDED.order_index, is_deleted = FALSE;
INSERT INTO study_resource_question_sets (resource_type, resource_id, study_question_set_id, position, context, tenant_id, is_active, is_deleted, created_at, created_by) VALUES ('module', 8011004, 8110411, 1, '{"label": "T4. Lần đầu đứng dây chuyền — Bài tập Level 1"}'::jsonb, 'system', TRUE, FALSE, NOW(), 'system') ON CONFLICT (resource_type, resource_id, study_question_set_id) DO UPDATE SET position = EXCLUDED.position, context = EXCLUDED.context, is_active = TRUE, is_deleted = FALSE;

INSERT INTO study_question_sets (id, name, description, set_type, card_count, tenant_id, is_active, is_deleted, created_at, created_by) VALUES (8110412, 'T4. Lần đầu đứng dây chuyền — Bài tập Level 2', 'Bài tập trắc nghiệm — Level 2: N5', 'practice', 10, 'system', TRUE, FALSE, NOW(), 'system') ON CONFLICT (id) DO UPDATE SET name = EXCLUDED.name, description = EXCLUDED.description, set_type = EXCLUDED.set_type, card_count = EXCLUDED.card_count, is_active = EXCLUDED.is_active, is_deleted = EXCLUDED.is_deleted, updated_at = NOW(), updated_by = 'system';
INSERT INTO study_question_set_questions (study_question_set_id, question_id, order_index, tenant_id, is_deleted, created_at, created_by) VALUES (8110412, 811410011, 1, 'system', FALSE, NOW(), 'system') ON CONFLICT (study_question_set_id, question_id) DO UPDATE SET order_index = EXCLUDED.order_index, is_deleted = FALSE;
INSERT INTO study_question_set_questions (study_question_set_id, question_id, order_index, tenant_id, is_deleted, created_at, created_by) VALUES (8110412, 811410012, 2, 'system', FALSE, NOW(), 'system') ON CONFLICT (study_question_set_id, question_id) DO UPDATE SET order_index = EXCLUDED.order_index, is_deleted = FALSE;
INSERT INTO study_question_set_questions (study_question_set_id, question_id, order_index, tenant_id, is_deleted, created_at, created_by) VALUES (8110412, 811410013, 3, 'system', FALSE, NOW(), 'system') ON CONFLICT (study_question_set_id, question_id) DO UPDATE SET order_index = EXCLUDED.order_index, is_deleted = FALSE;
INSERT INTO study_question_set_questions (study_question_set_id, question_id, order_index, tenant_id, is_deleted, created_at, created_by) VALUES (8110412, 811410014, 4, 'system', FALSE, NOW(), 'system') ON CONFLICT (study_question_set_id, question_id) DO UPDATE SET order_index = EXCLUDED.order_index, is_deleted = FALSE;
INSERT INTO study_question_set_questions (study_question_set_id, question_id, order_index, tenant_id, is_deleted, created_at, created_by) VALUES (8110412, 811410015, 5, 'system', FALSE, NOW(), 'system') ON CONFLICT (study_question_set_id, question_id) DO UPDATE SET order_index = EXCLUDED.order_index, is_deleted = FALSE;
INSERT INTO study_question_set_questions (study_question_set_id, question_id, order_index, tenant_id, is_deleted, created_at, created_by) VALUES (8110412, 811410016, 6, 'system', FALSE, NOW(), 'system') ON CONFLICT (study_question_set_id, question_id) DO UPDATE SET order_index = EXCLUDED.order_index, is_deleted = FALSE;
INSERT INTO study_question_set_questions (study_question_set_id, question_id, order_index, tenant_id, is_deleted, created_at, created_by) VALUES (8110412, 811410017, 7, 'system', FALSE, NOW(), 'system') ON CONFLICT (study_question_set_id, question_id) DO UPDATE SET order_index = EXCLUDED.order_index, is_deleted = FALSE;
INSERT INTO study_question_set_questions (study_question_set_id, question_id, order_index, tenant_id, is_deleted, created_at, created_by) VALUES (8110412, 811410018, 8, 'system', FALSE, NOW(), 'system') ON CONFLICT (study_question_set_id, question_id) DO UPDATE SET order_index = EXCLUDED.order_index, is_deleted = FALSE;
INSERT INTO study_question_set_questions (study_question_set_id, question_id, order_index, tenant_id, is_deleted, created_at, created_by) VALUES (8110412, 811410019, 9, 'system', FALSE, NOW(), 'system') ON CONFLICT (study_question_set_id, question_id) DO UPDATE SET order_index = EXCLUDED.order_index, is_deleted = FALSE;
INSERT INTO study_question_set_questions (study_question_set_id, question_id, order_index, tenant_id, is_deleted, created_at, created_by) VALUES (8110412, 811410020, 10, 'system', FALSE, NOW(), 'system') ON CONFLICT (study_question_set_id, question_id) DO UPDATE SET order_index = EXCLUDED.order_index, is_deleted = FALSE;
INSERT INTO study_resource_question_sets (resource_type, resource_id, study_question_set_id, position, context, tenant_id, is_active, is_deleted, created_at, created_by) VALUES ('module', 8011004, 8110412, 2, '{"label": "T4. Lần đầu đứng dây chuyền — Bài tập Level 2"}'::jsonb, 'system', TRUE, FALSE, NOW(), 'system') ON CONFLICT (resource_type, resource_id, study_question_set_id) DO UPDATE SET position = EXCLUDED.position, context = EXCLUDED.context, is_active = TRUE, is_deleted = FALSE;

INSERT INTO study_question_sets (id, name, description, set_type, card_count, tenant_id, is_active, is_deleted, created_at, created_by) VALUES (8110413, 'T4. Lần đầu đứng dây chuyền — Bài tập Level 3', 'Bài tập trắc nghiệm — Level 3: N4', 'practice', 10, 'system', TRUE, FALSE, NOW(), 'system') ON CONFLICT (id) DO UPDATE SET name = EXCLUDED.name, description = EXCLUDED.description, set_type = EXCLUDED.set_type, card_count = EXCLUDED.card_count, is_active = EXCLUDED.is_active, is_deleted = EXCLUDED.is_deleted, updated_at = NOW(), updated_by = 'system';
INSERT INTO study_question_set_questions (study_question_set_id, question_id, order_index, tenant_id, is_deleted, created_at, created_by) VALUES (8110413, 811410021, 1, 'system', FALSE, NOW(), 'system') ON CONFLICT (study_question_set_id, question_id) DO UPDATE SET order_index = EXCLUDED.order_index, is_deleted = FALSE;
INSERT INTO study_question_set_questions (study_question_set_id, question_id, order_index, tenant_id, is_deleted, created_at, created_by) VALUES (8110413, 811410022, 2, 'system', FALSE, NOW(), 'system') ON CONFLICT (study_question_set_id, question_id) DO UPDATE SET order_index = EXCLUDED.order_index, is_deleted = FALSE;
INSERT INTO study_question_set_questions (study_question_set_id, question_id, order_index, tenant_id, is_deleted, created_at, created_by) VALUES (8110413, 811410023, 3, 'system', FALSE, NOW(), 'system') ON CONFLICT (study_question_set_id, question_id) DO UPDATE SET order_index = EXCLUDED.order_index, is_deleted = FALSE;
INSERT INTO study_question_set_questions (study_question_set_id, question_id, order_index, tenant_id, is_deleted, created_at, created_by) VALUES (8110413, 811410024, 4, 'system', FALSE, NOW(), 'system') ON CONFLICT (study_question_set_id, question_id) DO UPDATE SET order_index = EXCLUDED.order_index, is_deleted = FALSE;
INSERT INTO study_question_set_questions (study_question_set_id, question_id, order_index, tenant_id, is_deleted, created_at, created_by) VALUES (8110413, 811410025, 5, 'system', FALSE, NOW(), 'system') ON CONFLICT (study_question_set_id, question_id) DO UPDATE SET order_index = EXCLUDED.order_index, is_deleted = FALSE;
INSERT INTO study_question_set_questions (study_question_set_id, question_id, order_index, tenant_id, is_deleted, created_at, created_by) VALUES (8110413, 811410026, 6, 'system', FALSE, NOW(), 'system') ON CONFLICT (study_question_set_id, question_id) DO UPDATE SET order_index = EXCLUDED.order_index, is_deleted = FALSE;
INSERT INTO study_question_set_questions (study_question_set_id, question_id, order_index, tenant_id, is_deleted, created_at, created_by) VALUES (8110413, 811410027, 7, 'system', FALSE, NOW(), 'system') ON CONFLICT (study_question_set_id, question_id) DO UPDATE SET order_index = EXCLUDED.order_index, is_deleted = FALSE;
INSERT INTO study_question_set_questions (study_question_set_id, question_id, order_index, tenant_id, is_deleted, created_at, created_by) VALUES (8110413, 811410028, 8, 'system', FALSE, NOW(), 'system') ON CONFLICT (study_question_set_id, question_id) DO UPDATE SET order_index = EXCLUDED.order_index, is_deleted = FALSE;
INSERT INTO study_question_set_questions (study_question_set_id, question_id, order_index, tenant_id, is_deleted, created_at, created_by) VALUES (8110413, 811410029, 9, 'system', FALSE, NOW(), 'system') ON CONFLICT (study_question_set_id, question_id) DO UPDATE SET order_index = EXCLUDED.order_index, is_deleted = FALSE;
INSERT INTO study_question_set_questions (study_question_set_id, question_id, order_index, tenant_id, is_deleted, created_at, created_by) VALUES (8110413, 811410030, 10, 'system', FALSE, NOW(), 'system') ON CONFLICT (study_question_set_id, question_id) DO UPDATE SET order_index = EXCLUDED.order_index, is_deleted = FALSE;
INSERT INTO study_resource_question_sets (resource_type, resource_id, study_question_set_id, position, context, tenant_id, is_active, is_deleted, created_at, created_by) VALUES ('module', 8011004, 8110413, 3, '{"label": "T4. Lần đầu đứng dây chuyền — Bài tập Level 3"}'::jsonb, 'system', TRUE, FALSE, NOW(), 'system') ON CONFLICT (resource_type, resource_id, study_question_set_id) DO UPDATE SET position = EXCLUDED.position, context = EXCLUDED.context, is_active = TRUE, is_deleted = FALSE;

INSERT INTO study_question_sets (id, name, description, set_type, card_count, tenant_id, is_active, is_deleted, created_at, created_by) VALUES (8110414, 'T4. Lần đầu đứng dây chuyền — Bài tập Level 4', 'Bài tập trắc nghiệm — Level 4: N4', 'practice', 10, 'system', TRUE, FALSE, NOW(), 'system') ON CONFLICT (id) DO UPDATE SET name = EXCLUDED.name, description = EXCLUDED.description, set_type = EXCLUDED.set_type, card_count = EXCLUDED.card_count, is_active = EXCLUDED.is_active, is_deleted = EXCLUDED.is_deleted, updated_at = NOW(), updated_by = 'system';
INSERT INTO study_question_set_questions (study_question_set_id, question_id, order_index, tenant_id, is_deleted, created_at, created_by) VALUES (8110414, 811410031, 1, 'system', FALSE, NOW(), 'system') ON CONFLICT (study_question_set_id, question_id) DO UPDATE SET order_index = EXCLUDED.order_index, is_deleted = FALSE;
INSERT INTO study_question_set_questions (study_question_set_id, question_id, order_index, tenant_id, is_deleted, created_at, created_by) VALUES (8110414, 811410032, 2, 'system', FALSE, NOW(), 'system') ON CONFLICT (study_question_set_id, question_id) DO UPDATE SET order_index = EXCLUDED.order_index, is_deleted = FALSE;
INSERT INTO study_question_set_questions (study_question_set_id, question_id, order_index, tenant_id, is_deleted, created_at, created_by) VALUES (8110414, 811410033, 3, 'system', FALSE, NOW(), 'system') ON CONFLICT (study_question_set_id, question_id) DO UPDATE SET order_index = EXCLUDED.order_index, is_deleted = FALSE;
INSERT INTO study_question_set_questions (study_question_set_id, question_id, order_index, tenant_id, is_deleted, created_at, created_by) VALUES (8110414, 811410034, 4, 'system', FALSE, NOW(), 'system') ON CONFLICT (study_question_set_id, question_id) DO UPDATE SET order_index = EXCLUDED.order_index, is_deleted = FALSE;
INSERT INTO study_question_set_questions (study_question_set_id, question_id, order_index, tenant_id, is_deleted, created_at, created_by) VALUES (8110414, 811410035, 5, 'system', FALSE, NOW(), 'system') ON CONFLICT (study_question_set_id, question_id) DO UPDATE SET order_index = EXCLUDED.order_index, is_deleted = FALSE;
INSERT INTO study_question_set_questions (study_question_set_id, question_id, order_index, tenant_id, is_deleted, created_at, created_by) VALUES (8110414, 811410036, 6, 'system', FALSE, NOW(), 'system') ON CONFLICT (study_question_set_id, question_id) DO UPDATE SET order_index = EXCLUDED.order_index, is_deleted = FALSE;
INSERT INTO study_question_set_questions (study_question_set_id, question_id, order_index, tenant_id, is_deleted, created_at, created_by) VALUES (8110414, 811410037, 7, 'system', FALSE, NOW(), 'system') ON CONFLICT (study_question_set_id, question_id) DO UPDATE SET order_index = EXCLUDED.order_index, is_deleted = FALSE;
INSERT INTO study_question_set_questions (study_question_set_id, question_id, order_index, tenant_id, is_deleted, created_at, created_by) VALUES (8110414, 811410038, 8, 'system', FALSE, NOW(), 'system') ON CONFLICT (study_question_set_id, question_id) DO UPDATE SET order_index = EXCLUDED.order_index, is_deleted = FALSE;
INSERT INTO study_question_set_questions (study_question_set_id, question_id, order_index, tenant_id, is_deleted, created_at, created_by) VALUES (8110414, 811410039, 9, 'system', FALSE, NOW(), 'system') ON CONFLICT (study_question_set_id, question_id) DO UPDATE SET order_index = EXCLUDED.order_index, is_deleted = FALSE;
INSERT INTO study_question_set_questions (study_question_set_id, question_id, order_index, tenant_id, is_deleted, created_at, created_by) VALUES (8110414, 811410040, 10, 'system', FALSE, NOW(), 'system') ON CONFLICT (study_question_set_id, question_id) DO UPDATE SET order_index = EXCLUDED.order_index, is_deleted = FALSE;
INSERT INTO study_resource_question_sets (resource_type, resource_id, study_question_set_id, position, context, tenant_id, is_active, is_deleted, created_at, created_by) VALUES ('module', 8011004, 8110414, 4, '{"label": "T4. Lần đầu đứng dây chuyền — Bài tập Level 4"}'::jsonb, 'system', TRUE, FALSE, NOW(), 'system') ON CONFLICT (resource_type, resource_id, study_question_set_id) DO UPDATE SET position = EXCLUDED.position, context = EXCLUDED.context, is_active = TRUE, is_deleted = FALSE;

-- Mogishiken: t04_line_operation (5 passages, 20 questions)
INSERT INTO reading_passages (id, user_id, is_system, is_public, title, content, translation, jlpt_level, category, difficulty, word_count, tenant_id, is_active, is_deleted, created_at, created_by) VALUES (81104001, NULL, TRUE, TRUE, '初めてのライン作業 — プロセスシート 1', 'これは 初めてのライン作業 の プロセスシート です。Hou-ren-sou + 異常があります + KAIZEN + かしこまりました に関する内容を含みます。実習生が業務中に必要な情報をまとめています。詳細は工場のマニュアルを参照してください。', 'Đây là Bảng quy trình của T4. Lần đầu đứng dây chuyền. Bao gồm nội dung liên quan đến Hou-ren-sou + 異常があります + KAIZEN + かしこまりました. Tổng hợp thông tin thực tập sinh cần biết khi làm việc. Chi tiết xem sổ tay nhà máy.', 'N4', 'notice', 2, 150, 'system', TRUE, FALSE, NOW(), 'system') ON CONFLICT (id) DO UPDATE SET title = EXCLUDED.title, content = EXCLUDED.content, translation = EXCLUDED.translation, jlpt_level = EXCLUDED.jlpt_level, category = EXCLUDED.category, difficulty = EXCLUDED.difficulty, word_count = EXCLUDED.word_count, is_active = EXCLUDED.is_active, is_deleted = EXCLUDED.is_deleted, updated_at = NOW(), updated_by = 'system';
INSERT INTO reading_passages (id, user_id, is_system, is_public, title, content, translation, jlpt_level, category, difficulty, word_count, tenant_id, is_active, is_deleted, created_at, created_by) VALUES (81104002, NULL, TRUE, TRUE, '初めてのライン作業 — マニュアル 2', 'これは 初めてのライン作業 の マニュアル です。Hou-ren-sou + 異常があります + KAIZEN + かしこまりました に関する内容を含みます。実習生が業務中に必要な情報をまとめています。詳細は工場のマニュアルを参照してください。', 'Đây là Sổ tay hướng dẫn của T4. Lần đầu đứng dây chuyền. Bao gồm nội dung liên quan đến Hou-ren-sou + 異常があります + KAIZEN + かしこまりました. Tổng hợp thông tin thực tập sinh cần biết khi làm việc. Chi tiết xem sổ tay nhà máy.', 'N4', 'notice', 2, 150, 'system', TRUE, FALSE, NOW(), 'system') ON CONFLICT (id) DO UPDATE SET title = EXCLUDED.title, content = EXCLUDED.content, translation = EXCLUDED.translation, jlpt_level = EXCLUDED.jlpt_level, category = EXCLUDED.category, difficulty = EXCLUDED.difficulty, word_count = EXCLUDED.word_count, is_active = EXCLUDED.is_active, is_deleted = EXCLUDED.is_deleted, updated_at = NOW(), updated_by = 'system';
INSERT INTO reading_passages (id, user_id, is_system, is_public, title, content, translation, jlpt_level, category, difficulty, word_count, tenant_id, is_active, is_deleted, created_at, created_by) VALUES (81104003, NULL, TRUE, TRUE, '初めてのライン作業 — 報告書 3', 'これは 初めてのライン作業 の 報告書 です。Hou-ren-sou + 異常があります + KAIZEN + かしこまりました に関する内容を含みます。実習生が業務中に必要な情報をまとめています。詳細は工場のマニュアルを参照してください。', 'Đây là Báo cáo của T4. Lần đầu đứng dây chuyền. Bao gồm nội dung liên quan đến Hou-ren-sou + 異常があります + KAIZEN + かしこまりました. Tổng hợp thông tin thực tập sinh cần biết khi làm việc. Chi tiết xem sổ tay nhà máy.', 'N4', 'notice', 2, 150, 'system', TRUE, FALSE, NOW(), 'system') ON CONFLICT (id) DO UPDATE SET title = EXCLUDED.title, content = EXCLUDED.content, translation = EXCLUDED.translation, jlpt_level = EXCLUDED.jlpt_level, category = EXCLUDED.category, difficulty = EXCLUDED.difficulty, word_count = EXCLUDED.word_count, is_active = EXCLUDED.is_active, is_deleted = EXCLUDED.is_deleted, updated_at = NOW(), updated_by = 'system';
INSERT INTO reading_passages (id, user_id, is_system, is_public, title, content, translation, jlpt_level, category, difficulty, word_count, tenant_id, is_active, is_deleted, created_at, created_by) VALUES (81104004, NULL, TRUE, TRUE, '初めてのライン作業 — 通知 4', 'これは 初めてのライン作業 の 通知 です。Hou-ren-sou + 異常があります + KAIZEN + かしこまりました に関する内容を含みます。実習生が業務中に必要な情報をまとめています。詳細は工場のマニュアルを参照してください。', 'Đây là Thông báo của T4. Lần đầu đứng dây chuyền. Bao gồm nội dung liên quan đến Hou-ren-sou + 異常があります + KAIZEN + かしこまりました. Tổng hợp thông tin thực tập sinh cần biết khi làm việc. Chi tiết xem sổ tay nhà máy.', 'N4', 'notice', 2, 150, 'system', TRUE, FALSE, NOW(), 'system') ON CONFLICT (id) DO UPDATE SET title = EXCLUDED.title, content = EXCLUDED.content, translation = EXCLUDED.translation, jlpt_level = EXCLUDED.jlpt_level, category = EXCLUDED.category, difficulty = EXCLUDED.difficulty, word_count = EXCLUDED.word_count, is_active = EXCLUDED.is_active, is_deleted = EXCLUDED.is_deleted, updated_at = NOW(), updated_by = 'system';
INSERT INTO reading_passages (id, user_id, is_system, is_public, title, content, translation, jlpt_level, category, difficulty, word_count, tenant_id, is_active, is_deleted, created_at, created_by) VALUES (81104005, NULL, TRUE, TRUE, '初めてのライン作業 — チェックリスト 5', 'これは 初めてのライン作業 の チェックリスト です。Hou-ren-sou + 異常があります + KAIZEN + かしこまりました に関する内容を含みます。実習生が業務中に必要な情報をまとめています。詳細は工場のマニュアルを参照してください。', 'Đây là Danh mục kiểm tra của T4. Lần đầu đứng dây chuyền. Bao gồm nội dung liên quan đến Hou-ren-sou + 異常があります + KAIZEN + かしこまりました. Tổng hợp thông tin thực tập sinh cần biết khi làm việc. Chi tiết xem sổ tay nhà máy.', 'N4', 'notice', 2, 150, 'system', TRUE, FALSE, NOW(), 'system') ON CONFLICT (id) DO UPDATE SET title = EXCLUDED.title, content = EXCLUDED.content, translation = EXCLUDED.translation, jlpt_level = EXCLUDED.jlpt_level, category = EXCLUDED.category, difficulty = EXCLUDED.difficulty, word_count = EXCLUDED.word_count, is_active = EXCLUDED.is_active, is_deleted = EXCLUDED.is_deleted, updated_at = NOW(), updated_by = 'system';

INSERT INTO questions (id, user_id, is_system, is_khoa_cu, question_type, content_type, level, selection_type, question, passage, passage_translation, general_explanation, skill_category, base_difficulty, tenant_id, is_active, is_deleted, created_at, created_by) VALUES (811420001, NULL, TRUE, FALSE, 'reading', 'jisshusei_mogishiken_t04_line_operation', 'N4', 'single', 'この プロセスシート の主旨は何ですか? (Q1)

Ý chính của Bảng quy trình này là gì? (Q1)', '81104001', NULL, 'プロセスシート chứa thông tin về Hou-ren-sou + 異常があります + KAIZEN + かしこまりました.', 'dokkai', 1, 'system', TRUE, FALSE, NOW(), 'system') ON CONFLICT (id) DO UPDATE SET question_type = EXCLUDED.question_type, content_type = EXCLUDED.content_type, level = EXCLUDED.level, question = EXCLUDED.question, passage = EXCLUDED.passage, passage_translation = EXCLUDED.passage_translation, general_explanation = EXCLUDED.general_explanation, skill_category = EXCLUDED.skill_category, is_active = EXCLUDED.is_active, is_deleted = EXCLUDED.is_deleted, updated_at = NOW(), updated_by = 'system';
DELETE FROM questions_answers WHERE question_id = 811420001;
INSERT INTO questions_answers (question_id, sentence, sentence_translation, is_correct, "order") VALUES (811420001, 'Hou-ren-sou + 異常があります + KAIZEN + かしこまりましに関する情報', 'Thông tin liên quan đến Hou-ren-sou + 異常があります + KAIZEN + かしこまりまし', TRUE, 1);
INSERT INTO questions_answers (question_id, sentence, sentence_translation, is_correct, "order") VALUES (811420001, '工場の歴史', 'Lịch sử nhà máy', FALSE, 2);
INSERT INTO questions_answers (question_id, sentence, sentence_translation, is_correct, "order") VALUES (811420001, '社員の名前リスト', 'Danh sách tên nhân viên', FALSE, 3);
INSERT INTO questions_answers (question_id, sentence, sentence_translation, is_correct, "order") VALUES (811420001, '設備の値段', 'Giá thiết bị', FALSE, 4);
INSERT INTO questions (id, user_id, is_system, is_khoa_cu, question_type, content_type, level, selection_type, question, passage, passage_translation, general_explanation, skill_category, base_difficulty, tenant_id, is_active, is_deleted, created_at, created_by) VALUES (811420002, NULL, TRUE, FALSE, 'reading', 'jisshusei_mogishiken_t04_line_operation', 'N4', 'single', 'この プロセスシート の主旨は何ですか? (Q2)

Ý chính của Bảng quy trình này là gì? (Q2)', '81104001', NULL, 'プロセスシート chứa thông tin về Hou-ren-sou + 異常があります + KAIZEN + かしこまりました.', 'dokkai', 1, 'system', TRUE, FALSE, NOW(), 'system') ON CONFLICT (id) DO UPDATE SET question_type = EXCLUDED.question_type, content_type = EXCLUDED.content_type, level = EXCLUDED.level, question = EXCLUDED.question, passage = EXCLUDED.passage, passage_translation = EXCLUDED.passage_translation, general_explanation = EXCLUDED.general_explanation, skill_category = EXCLUDED.skill_category, is_active = EXCLUDED.is_active, is_deleted = EXCLUDED.is_deleted, updated_at = NOW(), updated_by = 'system';
DELETE FROM questions_answers WHERE question_id = 811420002;
INSERT INTO questions_answers (question_id, sentence, sentence_translation, is_correct, "order") VALUES (811420002, 'Hou-ren-sou + 異常があります + KAIZEN + かしこまりましに関する情報', 'Thông tin liên quan đến Hou-ren-sou + 異常があります + KAIZEN + かしこまりまし', TRUE, 1);
INSERT INTO questions_answers (question_id, sentence, sentence_translation, is_correct, "order") VALUES (811420002, '工場の歴史', 'Lịch sử nhà máy', FALSE, 2);
INSERT INTO questions_answers (question_id, sentence, sentence_translation, is_correct, "order") VALUES (811420002, '社員の名前リスト', 'Danh sách tên nhân viên', FALSE, 3);
INSERT INTO questions_answers (question_id, sentence, sentence_translation, is_correct, "order") VALUES (811420002, '設備の値段', 'Giá thiết bị', FALSE, 4);
INSERT INTO questions (id, user_id, is_system, is_khoa_cu, question_type, content_type, level, selection_type, question, passage, passage_translation, general_explanation, skill_category, base_difficulty, tenant_id, is_active, is_deleted, created_at, created_by) VALUES (811420003, NULL, TRUE, FALSE, 'reading', 'jisshusei_mogishiken_t04_line_operation', 'N4', 'single', 'この プロセスシート の主旨は何ですか? (Q3)

Ý chính của Bảng quy trình này là gì? (Q3)', '81104001', NULL, 'プロセスシート chứa thông tin về Hou-ren-sou + 異常があります + KAIZEN + かしこまりました.', 'dokkai', 1, 'system', TRUE, FALSE, NOW(), 'system') ON CONFLICT (id) DO UPDATE SET question_type = EXCLUDED.question_type, content_type = EXCLUDED.content_type, level = EXCLUDED.level, question = EXCLUDED.question, passage = EXCLUDED.passage, passage_translation = EXCLUDED.passage_translation, general_explanation = EXCLUDED.general_explanation, skill_category = EXCLUDED.skill_category, is_active = EXCLUDED.is_active, is_deleted = EXCLUDED.is_deleted, updated_at = NOW(), updated_by = 'system';
DELETE FROM questions_answers WHERE question_id = 811420003;
INSERT INTO questions_answers (question_id, sentence, sentence_translation, is_correct, "order") VALUES (811420003, 'Hou-ren-sou + 異常があります + KAIZEN + かしこまりましに関する情報', 'Thông tin liên quan đến Hou-ren-sou + 異常があります + KAIZEN + かしこまりまし', TRUE, 1);
INSERT INTO questions_answers (question_id, sentence, sentence_translation, is_correct, "order") VALUES (811420003, '工場の歴史', 'Lịch sử nhà máy', FALSE, 2);
INSERT INTO questions_answers (question_id, sentence, sentence_translation, is_correct, "order") VALUES (811420003, '社員の名前リスト', 'Danh sách tên nhân viên', FALSE, 3);
INSERT INTO questions_answers (question_id, sentence, sentence_translation, is_correct, "order") VALUES (811420003, '設備の値段', 'Giá thiết bị', FALSE, 4);
INSERT INTO questions (id, user_id, is_system, is_khoa_cu, question_type, content_type, level, selection_type, question, passage, passage_translation, general_explanation, skill_category, base_difficulty, tenant_id, is_active, is_deleted, created_at, created_by) VALUES (811420004, NULL, TRUE, FALSE, 'reading', 'jisshusei_mogishiken_t04_line_operation', 'N4', 'single', 'この プロセスシート の主旨は何ですか? (Q4)

Ý chính của Bảng quy trình này là gì? (Q4)', '81104001', NULL, 'プロセスシート chứa thông tin về Hou-ren-sou + 異常があります + KAIZEN + かしこまりました.', 'dokkai', 1, 'system', TRUE, FALSE, NOW(), 'system') ON CONFLICT (id) DO UPDATE SET question_type = EXCLUDED.question_type, content_type = EXCLUDED.content_type, level = EXCLUDED.level, question = EXCLUDED.question, passage = EXCLUDED.passage, passage_translation = EXCLUDED.passage_translation, general_explanation = EXCLUDED.general_explanation, skill_category = EXCLUDED.skill_category, is_active = EXCLUDED.is_active, is_deleted = EXCLUDED.is_deleted, updated_at = NOW(), updated_by = 'system';
DELETE FROM questions_answers WHERE question_id = 811420004;
INSERT INTO questions_answers (question_id, sentence, sentence_translation, is_correct, "order") VALUES (811420004, 'Hou-ren-sou + 異常があります + KAIZEN + かしこまりましに関する情報', 'Thông tin liên quan đến Hou-ren-sou + 異常があります + KAIZEN + かしこまりまし', TRUE, 1);
INSERT INTO questions_answers (question_id, sentence, sentence_translation, is_correct, "order") VALUES (811420004, '工場の歴史', 'Lịch sử nhà máy', FALSE, 2);
INSERT INTO questions_answers (question_id, sentence, sentence_translation, is_correct, "order") VALUES (811420004, '社員の名前リスト', 'Danh sách tên nhân viên', FALSE, 3);
INSERT INTO questions_answers (question_id, sentence, sentence_translation, is_correct, "order") VALUES (811420004, '設備の値段', 'Giá thiết bị', FALSE, 4);
INSERT INTO questions (id, user_id, is_system, is_khoa_cu, question_type, content_type, level, selection_type, question, passage, passage_translation, general_explanation, skill_category, base_difficulty, tenant_id, is_active, is_deleted, created_at, created_by) VALUES (811420005, NULL, TRUE, FALSE, 'reading', 'jisshusei_mogishiken_t04_line_operation', 'N4', 'single', 'この マニュアル の主旨は何ですか? (Q1)

Ý chính của Sổ tay hướng dẫn này là gì? (Q1)', '81104002', NULL, 'マニュアル chứa thông tin về Hou-ren-sou + 異常があります + KAIZEN + かしこまりました.', 'dokkai', 1, 'system', TRUE, FALSE, NOW(), 'system') ON CONFLICT (id) DO UPDATE SET question_type = EXCLUDED.question_type, content_type = EXCLUDED.content_type, level = EXCLUDED.level, question = EXCLUDED.question, passage = EXCLUDED.passage, passage_translation = EXCLUDED.passage_translation, general_explanation = EXCLUDED.general_explanation, skill_category = EXCLUDED.skill_category, is_active = EXCLUDED.is_active, is_deleted = EXCLUDED.is_deleted, updated_at = NOW(), updated_by = 'system';
DELETE FROM questions_answers WHERE question_id = 811420005;
INSERT INTO questions_answers (question_id, sentence, sentence_translation, is_correct, "order") VALUES (811420005, 'Hou-ren-sou + 異常があります + KAIZEN + かしこまりましに関する情報', 'Thông tin liên quan đến Hou-ren-sou + 異常があります + KAIZEN + かしこまりまし', TRUE, 1);
INSERT INTO questions_answers (question_id, sentence, sentence_translation, is_correct, "order") VALUES (811420005, '工場の歴史', 'Lịch sử nhà máy', FALSE, 2);
INSERT INTO questions_answers (question_id, sentence, sentence_translation, is_correct, "order") VALUES (811420005, '社員の名前リスト', 'Danh sách tên nhân viên', FALSE, 3);
INSERT INTO questions_answers (question_id, sentence, sentence_translation, is_correct, "order") VALUES (811420005, '設備の値段', 'Giá thiết bị', FALSE, 4);
INSERT INTO questions (id, user_id, is_system, is_khoa_cu, question_type, content_type, level, selection_type, question, passage, passage_translation, general_explanation, skill_category, base_difficulty, tenant_id, is_active, is_deleted, created_at, created_by) VALUES (811420006, NULL, TRUE, FALSE, 'reading', 'jisshusei_mogishiken_t04_line_operation', 'N4', 'single', 'この マニュアル の主旨は何ですか? (Q2)

Ý chính của Sổ tay hướng dẫn này là gì? (Q2)', '81104002', NULL, 'マニュアル chứa thông tin về Hou-ren-sou + 異常があります + KAIZEN + かしこまりました.', 'dokkai', 1, 'system', TRUE, FALSE, NOW(), 'system') ON CONFLICT (id) DO UPDATE SET question_type = EXCLUDED.question_type, content_type = EXCLUDED.content_type, level = EXCLUDED.level, question = EXCLUDED.question, passage = EXCLUDED.passage, passage_translation = EXCLUDED.passage_translation, general_explanation = EXCLUDED.general_explanation, skill_category = EXCLUDED.skill_category, is_active = EXCLUDED.is_active, is_deleted = EXCLUDED.is_deleted, updated_at = NOW(), updated_by = 'system';
DELETE FROM questions_answers WHERE question_id = 811420006;
INSERT INTO questions_answers (question_id, sentence, sentence_translation, is_correct, "order") VALUES (811420006, 'Hou-ren-sou + 異常があります + KAIZEN + かしこまりましに関する情報', 'Thông tin liên quan đến Hou-ren-sou + 異常があります + KAIZEN + かしこまりまし', TRUE, 1);
INSERT INTO questions_answers (question_id, sentence, sentence_translation, is_correct, "order") VALUES (811420006, '工場の歴史', 'Lịch sử nhà máy', FALSE, 2);
INSERT INTO questions_answers (question_id, sentence, sentence_translation, is_correct, "order") VALUES (811420006, '社員の名前リスト', 'Danh sách tên nhân viên', FALSE, 3);
INSERT INTO questions_answers (question_id, sentence, sentence_translation, is_correct, "order") VALUES (811420006, '設備の値段', 'Giá thiết bị', FALSE, 4);
INSERT INTO questions (id, user_id, is_system, is_khoa_cu, question_type, content_type, level, selection_type, question, passage, passage_translation, general_explanation, skill_category, base_difficulty, tenant_id, is_active, is_deleted, created_at, created_by) VALUES (811420007, NULL, TRUE, FALSE, 'reading', 'jisshusei_mogishiken_t04_line_operation', 'N4', 'single', 'この マニュアル の主旨は何ですか? (Q3)

Ý chính của Sổ tay hướng dẫn này là gì? (Q3)', '81104002', NULL, 'マニュアル chứa thông tin về Hou-ren-sou + 異常があります + KAIZEN + かしこまりました.', 'dokkai', 1, 'system', TRUE, FALSE, NOW(), 'system') ON CONFLICT (id) DO UPDATE SET question_type = EXCLUDED.question_type, content_type = EXCLUDED.content_type, level = EXCLUDED.level, question = EXCLUDED.question, passage = EXCLUDED.passage, passage_translation = EXCLUDED.passage_translation, general_explanation = EXCLUDED.general_explanation, skill_category = EXCLUDED.skill_category, is_active = EXCLUDED.is_active, is_deleted = EXCLUDED.is_deleted, updated_at = NOW(), updated_by = 'system';
DELETE FROM questions_answers WHERE question_id = 811420007;
INSERT INTO questions_answers (question_id, sentence, sentence_translation, is_correct, "order") VALUES (811420007, 'Hou-ren-sou + 異常があります + KAIZEN + かしこまりましに関する情報', 'Thông tin liên quan đến Hou-ren-sou + 異常があります + KAIZEN + かしこまりまし', TRUE, 1);
INSERT INTO questions_answers (question_id, sentence, sentence_translation, is_correct, "order") VALUES (811420007, '工場の歴史', 'Lịch sử nhà máy', FALSE, 2);
INSERT INTO questions_answers (question_id, sentence, sentence_translation, is_correct, "order") VALUES (811420007, '社員の名前リスト', 'Danh sách tên nhân viên', FALSE, 3);
INSERT INTO questions_answers (question_id, sentence, sentence_translation, is_correct, "order") VALUES (811420007, '設備の値段', 'Giá thiết bị', FALSE, 4);
INSERT INTO questions (id, user_id, is_system, is_khoa_cu, question_type, content_type, level, selection_type, question, passage, passage_translation, general_explanation, skill_category, base_difficulty, tenant_id, is_active, is_deleted, created_at, created_by) VALUES (811420008, NULL, TRUE, FALSE, 'reading', 'jisshusei_mogishiken_t04_line_operation', 'N4', 'single', 'この マニュアル の主旨は何ですか? (Q4)

Ý chính của Sổ tay hướng dẫn này là gì? (Q4)', '81104002', NULL, 'マニュアル chứa thông tin về Hou-ren-sou + 異常があります + KAIZEN + かしこまりました.', 'dokkai', 1, 'system', TRUE, FALSE, NOW(), 'system') ON CONFLICT (id) DO UPDATE SET question_type = EXCLUDED.question_type, content_type = EXCLUDED.content_type, level = EXCLUDED.level, question = EXCLUDED.question, passage = EXCLUDED.passage, passage_translation = EXCLUDED.passage_translation, general_explanation = EXCLUDED.general_explanation, skill_category = EXCLUDED.skill_category, is_active = EXCLUDED.is_active, is_deleted = EXCLUDED.is_deleted, updated_at = NOW(), updated_by = 'system';
DELETE FROM questions_answers WHERE question_id = 811420008;
INSERT INTO questions_answers (question_id, sentence, sentence_translation, is_correct, "order") VALUES (811420008, 'Hou-ren-sou + 異常があります + KAIZEN + かしこまりましに関する情報', 'Thông tin liên quan đến Hou-ren-sou + 異常があります + KAIZEN + かしこまりまし', TRUE, 1);
INSERT INTO questions_answers (question_id, sentence, sentence_translation, is_correct, "order") VALUES (811420008, '工場の歴史', 'Lịch sử nhà máy', FALSE, 2);
INSERT INTO questions_answers (question_id, sentence, sentence_translation, is_correct, "order") VALUES (811420008, '社員の名前リスト', 'Danh sách tên nhân viên', FALSE, 3);
INSERT INTO questions_answers (question_id, sentence, sentence_translation, is_correct, "order") VALUES (811420008, '設備の値段', 'Giá thiết bị', FALSE, 4);
INSERT INTO questions (id, user_id, is_system, is_khoa_cu, question_type, content_type, level, selection_type, question, passage, passage_translation, general_explanation, skill_category, base_difficulty, tenant_id, is_active, is_deleted, created_at, created_by) VALUES (811420009, NULL, TRUE, FALSE, 'reading', 'jisshusei_mogishiken_t04_line_operation', 'N4', 'single', 'この 報告書 の主旨は何ですか? (Q1)

Ý chính của Báo cáo này là gì? (Q1)', '81104003', NULL, '報告書 chứa thông tin về Hou-ren-sou + 異常があります + KAIZEN + かしこまりました.', 'dokkai', 1, 'system', TRUE, FALSE, NOW(), 'system') ON CONFLICT (id) DO UPDATE SET question_type = EXCLUDED.question_type, content_type = EXCLUDED.content_type, level = EXCLUDED.level, question = EXCLUDED.question, passage = EXCLUDED.passage, passage_translation = EXCLUDED.passage_translation, general_explanation = EXCLUDED.general_explanation, skill_category = EXCLUDED.skill_category, is_active = EXCLUDED.is_active, is_deleted = EXCLUDED.is_deleted, updated_at = NOW(), updated_by = 'system';
DELETE FROM questions_answers WHERE question_id = 811420009;
INSERT INTO questions_answers (question_id, sentence, sentence_translation, is_correct, "order") VALUES (811420009, 'Hou-ren-sou + 異常があります + KAIZEN + かしこまりましに関する情報', 'Thông tin liên quan đến Hou-ren-sou + 異常があります + KAIZEN + かしこまりまし', TRUE, 1);
INSERT INTO questions_answers (question_id, sentence, sentence_translation, is_correct, "order") VALUES (811420009, '工場の歴史', 'Lịch sử nhà máy', FALSE, 2);
INSERT INTO questions_answers (question_id, sentence, sentence_translation, is_correct, "order") VALUES (811420009, '社員の名前リスト', 'Danh sách tên nhân viên', FALSE, 3);
INSERT INTO questions_answers (question_id, sentence, sentence_translation, is_correct, "order") VALUES (811420009, '設備の値段', 'Giá thiết bị', FALSE, 4);
INSERT INTO questions (id, user_id, is_system, is_khoa_cu, question_type, content_type, level, selection_type, question, passage, passage_translation, general_explanation, skill_category, base_difficulty, tenant_id, is_active, is_deleted, created_at, created_by) VALUES (811420010, NULL, TRUE, FALSE, 'reading', 'jisshusei_mogishiken_t04_line_operation', 'N4', 'single', 'この 報告書 の主旨は何ですか? (Q2)

Ý chính của Báo cáo này là gì? (Q2)', '81104003', NULL, '報告書 chứa thông tin về Hou-ren-sou + 異常があります + KAIZEN + かしこまりました.', 'dokkai', 1, 'system', TRUE, FALSE, NOW(), 'system') ON CONFLICT (id) DO UPDATE SET question_type = EXCLUDED.question_type, content_type = EXCLUDED.content_type, level = EXCLUDED.level, question = EXCLUDED.question, passage = EXCLUDED.passage, passage_translation = EXCLUDED.passage_translation, general_explanation = EXCLUDED.general_explanation, skill_category = EXCLUDED.skill_category, is_active = EXCLUDED.is_active, is_deleted = EXCLUDED.is_deleted, updated_at = NOW(), updated_by = 'system';
DELETE FROM questions_answers WHERE question_id = 811420010;
INSERT INTO questions_answers (question_id, sentence, sentence_translation, is_correct, "order") VALUES (811420010, 'Hou-ren-sou + 異常があります + KAIZEN + かしこまりましに関する情報', 'Thông tin liên quan đến Hou-ren-sou + 異常があります + KAIZEN + かしこまりまし', TRUE, 1);
INSERT INTO questions_answers (question_id, sentence, sentence_translation, is_correct, "order") VALUES (811420010, '工場の歴史', 'Lịch sử nhà máy', FALSE, 2);
INSERT INTO questions_answers (question_id, sentence, sentence_translation, is_correct, "order") VALUES (811420010, '社員の名前リスト', 'Danh sách tên nhân viên', FALSE, 3);
INSERT INTO questions_answers (question_id, sentence, sentence_translation, is_correct, "order") VALUES (811420010, '設備の値段', 'Giá thiết bị', FALSE, 4);
INSERT INTO questions (id, user_id, is_system, is_khoa_cu, question_type, content_type, level, selection_type, question, passage, passage_translation, general_explanation, skill_category, base_difficulty, tenant_id, is_active, is_deleted, created_at, created_by) VALUES (811420011, NULL, TRUE, FALSE, 'reading', 'jisshusei_mogishiken_t04_line_operation', 'N4', 'single', 'この 報告書 の主旨は何ですか? (Q3)

Ý chính của Báo cáo này là gì? (Q3)', '81104003', NULL, '報告書 chứa thông tin về Hou-ren-sou + 異常があります + KAIZEN + かしこまりました.', 'dokkai', 1, 'system', TRUE, FALSE, NOW(), 'system') ON CONFLICT (id) DO UPDATE SET question_type = EXCLUDED.question_type, content_type = EXCLUDED.content_type, level = EXCLUDED.level, question = EXCLUDED.question, passage = EXCLUDED.passage, passage_translation = EXCLUDED.passage_translation, general_explanation = EXCLUDED.general_explanation, skill_category = EXCLUDED.skill_category, is_active = EXCLUDED.is_active, is_deleted = EXCLUDED.is_deleted, updated_at = NOW(), updated_by = 'system';
DELETE FROM questions_answers WHERE question_id = 811420011;
INSERT INTO questions_answers (question_id, sentence, sentence_translation, is_correct, "order") VALUES (811420011, 'Hou-ren-sou + 異常があります + KAIZEN + かしこまりましに関する情報', 'Thông tin liên quan đến Hou-ren-sou + 異常があります + KAIZEN + かしこまりまし', TRUE, 1);
INSERT INTO questions_answers (question_id, sentence, sentence_translation, is_correct, "order") VALUES (811420011, '工場の歴史', 'Lịch sử nhà máy', FALSE, 2);
INSERT INTO questions_answers (question_id, sentence, sentence_translation, is_correct, "order") VALUES (811420011, '社員の名前リスト', 'Danh sách tên nhân viên', FALSE, 3);
INSERT INTO questions_answers (question_id, sentence, sentence_translation, is_correct, "order") VALUES (811420011, '設備の値段', 'Giá thiết bị', FALSE, 4);
INSERT INTO questions (id, user_id, is_system, is_khoa_cu, question_type, content_type, level, selection_type, question, passage, passage_translation, general_explanation, skill_category, base_difficulty, tenant_id, is_active, is_deleted, created_at, created_by) VALUES (811420012, NULL, TRUE, FALSE, 'reading', 'jisshusei_mogishiken_t04_line_operation', 'N4', 'single', 'この 報告書 の主旨は何ですか? (Q4)

Ý chính của Báo cáo này là gì? (Q4)', '81104003', NULL, '報告書 chứa thông tin về Hou-ren-sou + 異常があります + KAIZEN + かしこまりました.', 'dokkai', 1, 'system', TRUE, FALSE, NOW(), 'system') ON CONFLICT (id) DO UPDATE SET question_type = EXCLUDED.question_type, content_type = EXCLUDED.content_type, level = EXCLUDED.level, question = EXCLUDED.question, passage = EXCLUDED.passage, passage_translation = EXCLUDED.passage_translation, general_explanation = EXCLUDED.general_explanation, skill_category = EXCLUDED.skill_category, is_active = EXCLUDED.is_active, is_deleted = EXCLUDED.is_deleted, updated_at = NOW(), updated_by = 'system';
DELETE FROM questions_answers WHERE question_id = 811420012;
INSERT INTO questions_answers (question_id, sentence, sentence_translation, is_correct, "order") VALUES (811420012, 'Hou-ren-sou + 異常があります + KAIZEN + かしこまりましに関する情報', 'Thông tin liên quan đến Hou-ren-sou + 異常があります + KAIZEN + かしこまりまし', TRUE, 1);
INSERT INTO questions_answers (question_id, sentence, sentence_translation, is_correct, "order") VALUES (811420012, '工場の歴史', 'Lịch sử nhà máy', FALSE, 2);
INSERT INTO questions_answers (question_id, sentence, sentence_translation, is_correct, "order") VALUES (811420012, '社員の名前リスト', 'Danh sách tên nhân viên', FALSE, 3);
INSERT INTO questions_answers (question_id, sentence, sentence_translation, is_correct, "order") VALUES (811420012, '設備の値段', 'Giá thiết bị', FALSE, 4);
INSERT INTO questions (id, user_id, is_system, is_khoa_cu, question_type, content_type, level, selection_type, question, passage, passage_translation, general_explanation, skill_category, base_difficulty, tenant_id, is_active, is_deleted, created_at, created_by) VALUES (811420013, NULL, TRUE, FALSE, 'reading', 'jisshusei_mogishiken_t04_line_operation', 'N4', 'single', 'この 通知 の主旨は何ですか? (Q1)

Ý chính của Thông báo này là gì? (Q1)', '81104004', NULL, '通知 chứa thông tin về Hou-ren-sou + 異常があります + KAIZEN + かしこまりました.', 'dokkai', 1, 'system', TRUE, FALSE, NOW(), 'system') ON CONFLICT (id) DO UPDATE SET question_type = EXCLUDED.question_type, content_type = EXCLUDED.content_type, level = EXCLUDED.level, question = EXCLUDED.question, passage = EXCLUDED.passage, passage_translation = EXCLUDED.passage_translation, general_explanation = EXCLUDED.general_explanation, skill_category = EXCLUDED.skill_category, is_active = EXCLUDED.is_active, is_deleted = EXCLUDED.is_deleted, updated_at = NOW(), updated_by = 'system';
DELETE FROM questions_answers WHERE question_id = 811420013;
INSERT INTO questions_answers (question_id, sentence, sentence_translation, is_correct, "order") VALUES (811420013, 'Hou-ren-sou + 異常があります + KAIZEN + かしこまりましに関する情報', 'Thông tin liên quan đến Hou-ren-sou + 異常があります + KAIZEN + かしこまりまし', TRUE, 1);
INSERT INTO questions_answers (question_id, sentence, sentence_translation, is_correct, "order") VALUES (811420013, '工場の歴史', 'Lịch sử nhà máy', FALSE, 2);
INSERT INTO questions_answers (question_id, sentence, sentence_translation, is_correct, "order") VALUES (811420013, '社員の名前リスト', 'Danh sách tên nhân viên', FALSE, 3);
INSERT INTO questions_answers (question_id, sentence, sentence_translation, is_correct, "order") VALUES (811420013, '設備の値段', 'Giá thiết bị', FALSE, 4);
INSERT INTO questions (id, user_id, is_system, is_khoa_cu, question_type, content_type, level, selection_type, question, passage, passage_translation, general_explanation, skill_category, base_difficulty, tenant_id, is_active, is_deleted, created_at, created_by) VALUES (811420014, NULL, TRUE, FALSE, 'reading', 'jisshusei_mogishiken_t04_line_operation', 'N4', 'single', 'この 通知 の主旨は何ですか? (Q2)

Ý chính của Thông báo này là gì? (Q2)', '81104004', NULL, '通知 chứa thông tin về Hou-ren-sou + 異常があります + KAIZEN + かしこまりました.', 'dokkai', 1, 'system', TRUE, FALSE, NOW(), 'system') ON CONFLICT (id) DO UPDATE SET question_type = EXCLUDED.question_type, content_type = EXCLUDED.content_type, level = EXCLUDED.level, question = EXCLUDED.question, passage = EXCLUDED.passage, passage_translation = EXCLUDED.passage_translation, general_explanation = EXCLUDED.general_explanation, skill_category = EXCLUDED.skill_category, is_active = EXCLUDED.is_active, is_deleted = EXCLUDED.is_deleted, updated_at = NOW(), updated_by = 'system';
DELETE FROM questions_answers WHERE question_id = 811420014;
INSERT INTO questions_answers (question_id, sentence, sentence_translation, is_correct, "order") VALUES (811420014, 'Hou-ren-sou + 異常があります + KAIZEN + かしこまりましに関する情報', 'Thông tin liên quan đến Hou-ren-sou + 異常があります + KAIZEN + かしこまりまし', TRUE, 1);
INSERT INTO questions_answers (question_id, sentence, sentence_translation, is_correct, "order") VALUES (811420014, '工場の歴史', 'Lịch sử nhà máy', FALSE, 2);
INSERT INTO questions_answers (question_id, sentence, sentence_translation, is_correct, "order") VALUES (811420014, '社員の名前リスト', 'Danh sách tên nhân viên', FALSE, 3);
INSERT INTO questions_answers (question_id, sentence, sentence_translation, is_correct, "order") VALUES (811420014, '設備の値段', 'Giá thiết bị', FALSE, 4);
INSERT INTO questions (id, user_id, is_system, is_khoa_cu, question_type, content_type, level, selection_type, question, passage, passage_translation, general_explanation, skill_category, base_difficulty, tenant_id, is_active, is_deleted, created_at, created_by) VALUES (811420015, NULL, TRUE, FALSE, 'reading', 'jisshusei_mogishiken_t04_line_operation', 'N4', 'single', 'この 通知 の主旨は何ですか? (Q3)

Ý chính của Thông báo này là gì? (Q3)', '81104004', NULL, '通知 chứa thông tin về Hou-ren-sou + 異常があります + KAIZEN + かしこまりました.', 'dokkai', 1, 'system', TRUE, FALSE, NOW(), 'system') ON CONFLICT (id) DO UPDATE SET question_type = EXCLUDED.question_type, content_type = EXCLUDED.content_type, level = EXCLUDED.level, question = EXCLUDED.question, passage = EXCLUDED.passage, passage_translation = EXCLUDED.passage_translation, general_explanation = EXCLUDED.general_explanation, skill_category = EXCLUDED.skill_category, is_active = EXCLUDED.is_active, is_deleted = EXCLUDED.is_deleted, updated_at = NOW(), updated_by = 'system';
DELETE FROM questions_answers WHERE question_id = 811420015;
INSERT INTO questions_answers (question_id, sentence, sentence_translation, is_correct, "order") VALUES (811420015, 'Hou-ren-sou + 異常があります + KAIZEN + かしこまりましに関する情報', 'Thông tin liên quan đến Hou-ren-sou + 異常があります + KAIZEN + かしこまりまし', TRUE, 1);
INSERT INTO questions_answers (question_id, sentence, sentence_translation, is_correct, "order") VALUES (811420015, '工場の歴史', 'Lịch sử nhà máy', FALSE, 2);
INSERT INTO questions_answers (question_id, sentence, sentence_translation, is_correct, "order") VALUES (811420015, '社員の名前リスト', 'Danh sách tên nhân viên', FALSE, 3);
INSERT INTO questions_answers (question_id, sentence, sentence_translation, is_correct, "order") VALUES (811420015, '設備の値段', 'Giá thiết bị', FALSE, 4);
INSERT INTO questions (id, user_id, is_system, is_khoa_cu, question_type, content_type, level, selection_type, question, passage, passage_translation, general_explanation, skill_category, base_difficulty, tenant_id, is_active, is_deleted, created_at, created_by) VALUES (811420016, NULL, TRUE, FALSE, 'reading', 'jisshusei_mogishiken_t04_line_operation', 'N4', 'single', 'この 通知 の主旨は何ですか? (Q4)

Ý chính của Thông báo này là gì? (Q4)', '81104004', NULL, '通知 chứa thông tin về Hou-ren-sou + 異常があります + KAIZEN + かしこまりました.', 'dokkai', 1, 'system', TRUE, FALSE, NOW(), 'system') ON CONFLICT (id) DO UPDATE SET question_type = EXCLUDED.question_type, content_type = EXCLUDED.content_type, level = EXCLUDED.level, question = EXCLUDED.question, passage = EXCLUDED.passage, passage_translation = EXCLUDED.passage_translation, general_explanation = EXCLUDED.general_explanation, skill_category = EXCLUDED.skill_category, is_active = EXCLUDED.is_active, is_deleted = EXCLUDED.is_deleted, updated_at = NOW(), updated_by = 'system';
DELETE FROM questions_answers WHERE question_id = 811420016;
INSERT INTO questions_answers (question_id, sentence, sentence_translation, is_correct, "order") VALUES (811420016, 'Hou-ren-sou + 異常があります + KAIZEN + かしこまりましに関する情報', 'Thông tin liên quan đến Hou-ren-sou + 異常があります + KAIZEN + かしこまりまし', TRUE, 1);
INSERT INTO questions_answers (question_id, sentence, sentence_translation, is_correct, "order") VALUES (811420016, '工場の歴史', 'Lịch sử nhà máy', FALSE, 2);
INSERT INTO questions_answers (question_id, sentence, sentence_translation, is_correct, "order") VALUES (811420016, '社員の名前リスト', 'Danh sách tên nhân viên', FALSE, 3);
INSERT INTO questions_answers (question_id, sentence, sentence_translation, is_correct, "order") VALUES (811420016, '設備の値段', 'Giá thiết bị', FALSE, 4);
INSERT INTO questions (id, user_id, is_system, is_khoa_cu, question_type, content_type, level, selection_type, question, passage, passage_translation, general_explanation, skill_category, base_difficulty, tenant_id, is_active, is_deleted, created_at, created_by) VALUES (811420017, NULL, TRUE, FALSE, 'reading', 'jisshusei_mogishiken_t04_line_operation', 'N4', 'single', 'この チェックリスト の主旨は何ですか? (Q1)

Ý chính của Danh mục kiểm tra này là gì? (Q1)', '81104005', NULL, 'チェックリスト chứa thông tin về Hou-ren-sou + 異常があります + KAIZEN + かしこまりました.', 'dokkai', 1, 'system', TRUE, FALSE, NOW(), 'system') ON CONFLICT (id) DO UPDATE SET question_type = EXCLUDED.question_type, content_type = EXCLUDED.content_type, level = EXCLUDED.level, question = EXCLUDED.question, passage = EXCLUDED.passage, passage_translation = EXCLUDED.passage_translation, general_explanation = EXCLUDED.general_explanation, skill_category = EXCLUDED.skill_category, is_active = EXCLUDED.is_active, is_deleted = EXCLUDED.is_deleted, updated_at = NOW(), updated_by = 'system';
DELETE FROM questions_answers WHERE question_id = 811420017;
INSERT INTO questions_answers (question_id, sentence, sentence_translation, is_correct, "order") VALUES (811420017, 'Hou-ren-sou + 異常があります + KAIZEN + かしこまりましに関する情報', 'Thông tin liên quan đến Hou-ren-sou + 異常があります + KAIZEN + かしこまりまし', TRUE, 1);
INSERT INTO questions_answers (question_id, sentence, sentence_translation, is_correct, "order") VALUES (811420017, '工場の歴史', 'Lịch sử nhà máy', FALSE, 2);
INSERT INTO questions_answers (question_id, sentence, sentence_translation, is_correct, "order") VALUES (811420017, '社員の名前リスト', 'Danh sách tên nhân viên', FALSE, 3);
INSERT INTO questions_answers (question_id, sentence, sentence_translation, is_correct, "order") VALUES (811420017, '設備の値段', 'Giá thiết bị', FALSE, 4);
INSERT INTO questions (id, user_id, is_system, is_khoa_cu, question_type, content_type, level, selection_type, question, passage, passage_translation, general_explanation, skill_category, base_difficulty, tenant_id, is_active, is_deleted, created_at, created_by) VALUES (811420018, NULL, TRUE, FALSE, 'reading', 'jisshusei_mogishiken_t04_line_operation', 'N4', 'single', 'この チェックリスト の主旨は何ですか? (Q2)

Ý chính của Danh mục kiểm tra này là gì? (Q2)', '81104005', NULL, 'チェックリスト chứa thông tin về Hou-ren-sou + 異常があります + KAIZEN + かしこまりました.', 'dokkai', 1, 'system', TRUE, FALSE, NOW(), 'system') ON CONFLICT (id) DO UPDATE SET question_type = EXCLUDED.question_type, content_type = EXCLUDED.content_type, level = EXCLUDED.level, question = EXCLUDED.question, passage = EXCLUDED.passage, passage_translation = EXCLUDED.passage_translation, general_explanation = EXCLUDED.general_explanation, skill_category = EXCLUDED.skill_category, is_active = EXCLUDED.is_active, is_deleted = EXCLUDED.is_deleted, updated_at = NOW(), updated_by = 'system';
DELETE FROM questions_answers WHERE question_id = 811420018;
INSERT INTO questions_answers (question_id, sentence, sentence_translation, is_correct, "order") VALUES (811420018, 'Hou-ren-sou + 異常があります + KAIZEN + かしこまりましに関する情報', 'Thông tin liên quan đến Hou-ren-sou + 異常があります + KAIZEN + かしこまりまし', TRUE, 1);
INSERT INTO questions_answers (question_id, sentence, sentence_translation, is_correct, "order") VALUES (811420018, '工場の歴史', 'Lịch sử nhà máy', FALSE, 2);
INSERT INTO questions_answers (question_id, sentence, sentence_translation, is_correct, "order") VALUES (811420018, '社員の名前リスト', 'Danh sách tên nhân viên', FALSE, 3);
INSERT INTO questions_answers (question_id, sentence, sentence_translation, is_correct, "order") VALUES (811420018, '設備の値段', 'Giá thiết bị', FALSE, 4);
INSERT INTO questions (id, user_id, is_system, is_khoa_cu, question_type, content_type, level, selection_type, question, passage, passage_translation, general_explanation, skill_category, base_difficulty, tenant_id, is_active, is_deleted, created_at, created_by) VALUES (811420019, NULL, TRUE, FALSE, 'reading', 'jisshusei_mogishiken_t04_line_operation', 'N4', 'single', 'この チェックリスト の主旨は何ですか? (Q3)

Ý chính của Danh mục kiểm tra này là gì? (Q3)', '81104005', NULL, 'チェックリスト chứa thông tin về Hou-ren-sou + 異常があります + KAIZEN + かしこまりました.', 'dokkai', 1, 'system', TRUE, FALSE, NOW(), 'system') ON CONFLICT (id) DO UPDATE SET question_type = EXCLUDED.question_type, content_type = EXCLUDED.content_type, level = EXCLUDED.level, question = EXCLUDED.question, passage = EXCLUDED.passage, passage_translation = EXCLUDED.passage_translation, general_explanation = EXCLUDED.general_explanation, skill_category = EXCLUDED.skill_category, is_active = EXCLUDED.is_active, is_deleted = EXCLUDED.is_deleted, updated_at = NOW(), updated_by = 'system';
DELETE FROM questions_answers WHERE question_id = 811420019;
INSERT INTO questions_answers (question_id, sentence, sentence_translation, is_correct, "order") VALUES (811420019, 'Hou-ren-sou + 異常があります + KAIZEN + かしこまりましに関する情報', 'Thông tin liên quan đến Hou-ren-sou + 異常があります + KAIZEN + かしこまりまし', TRUE, 1);
INSERT INTO questions_answers (question_id, sentence, sentence_translation, is_correct, "order") VALUES (811420019, '工場の歴史', 'Lịch sử nhà máy', FALSE, 2);
INSERT INTO questions_answers (question_id, sentence, sentence_translation, is_correct, "order") VALUES (811420019, '社員の名前リスト', 'Danh sách tên nhân viên', FALSE, 3);
INSERT INTO questions_answers (question_id, sentence, sentence_translation, is_correct, "order") VALUES (811420019, '設備の値段', 'Giá thiết bị', FALSE, 4);
INSERT INTO questions (id, user_id, is_system, is_khoa_cu, question_type, content_type, level, selection_type, question, passage, passage_translation, general_explanation, skill_category, base_difficulty, tenant_id, is_active, is_deleted, created_at, created_by) VALUES (811420020, NULL, TRUE, FALSE, 'reading', 'jisshusei_mogishiken_t04_line_operation', 'N4', 'single', 'この チェックリスト の主旨は何ですか? (Q4)

Ý chính của Danh mục kiểm tra này là gì? (Q4)', '81104005', NULL, 'チェックリスト chứa thông tin về Hou-ren-sou + 異常があります + KAIZEN + かしこまりました.', 'dokkai', 1, 'system', TRUE, FALSE, NOW(), 'system') ON CONFLICT (id) DO UPDATE SET question_type = EXCLUDED.question_type, content_type = EXCLUDED.content_type, level = EXCLUDED.level, question = EXCLUDED.question, passage = EXCLUDED.passage, passage_translation = EXCLUDED.passage_translation, general_explanation = EXCLUDED.general_explanation, skill_category = EXCLUDED.skill_category, is_active = EXCLUDED.is_active, is_deleted = EXCLUDED.is_deleted, updated_at = NOW(), updated_by = 'system';
DELETE FROM questions_answers WHERE question_id = 811420020;
INSERT INTO questions_answers (question_id, sentence, sentence_translation, is_correct, "order") VALUES (811420020, 'Hou-ren-sou + 異常があります + KAIZEN + かしこまりましに関する情報', 'Thông tin liên quan đến Hou-ren-sou + 異常があります + KAIZEN + かしこまりまし', TRUE, 1);
INSERT INTO questions_answers (question_id, sentence, sentence_translation, is_correct, "order") VALUES (811420020, '工場の歴史', 'Lịch sử nhà máy', FALSE, 2);
INSERT INTO questions_answers (question_id, sentence, sentence_translation, is_correct, "order") VALUES (811420020, '社員の名前リスト', 'Danh sách tên nhân viên', FALSE, 3);
INSERT INTO questions_answers (question_id, sentence, sentence_translation, is_correct, "order") VALUES (811420020, '設備の値段', 'Giá thiết bị', FALSE, 4);

INSERT INTO study_question_sets (id, name, description, set_type, card_count, tenant_id, is_active, is_deleted, created_at, created_by) VALUES (8110421, 'T4. Lần đầu đứng dây chuyền — Reading Section 1: Bảng quy trình', 'Đọc hiểu Bảng quy trình', 'reading', 4, 'system', TRUE, FALSE, NOW(), 'system') ON CONFLICT (id) DO UPDATE SET name = EXCLUDED.name, description = EXCLUDED.description, set_type = EXCLUDED.set_type, card_count = EXCLUDED.card_count, is_active = EXCLUDED.is_active, is_deleted = EXCLUDED.is_deleted, updated_at = NOW(), updated_by = 'system';
INSERT INTO study_question_set_questions (study_question_set_id, question_id, order_index, tenant_id, is_deleted, created_at, created_by) VALUES (8110421, 811420001, 1, 'system', FALSE, NOW(), 'system') ON CONFLICT (study_question_set_id, question_id) DO UPDATE SET order_index = EXCLUDED.order_index, is_deleted = FALSE;
INSERT INTO study_question_set_questions (study_question_set_id, question_id, order_index, tenant_id, is_deleted, created_at, created_by) VALUES (8110421, 811420002, 2, 'system', FALSE, NOW(), 'system') ON CONFLICT (study_question_set_id, question_id) DO UPDATE SET order_index = EXCLUDED.order_index, is_deleted = FALSE;
INSERT INTO study_question_set_questions (study_question_set_id, question_id, order_index, tenant_id, is_deleted, created_at, created_by) VALUES (8110421, 811420003, 3, 'system', FALSE, NOW(), 'system') ON CONFLICT (study_question_set_id, question_id) DO UPDATE SET order_index = EXCLUDED.order_index, is_deleted = FALSE;
INSERT INTO study_question_set_questions (study_question_set_id, question_id, order_index, tenant_id, is_deleted, created_at, created_by) VALUES (8110421, 811420004, 4, 'system', FALSE, NOW(), 'system') ON CONFLICT (study_question_set_id, question_id) DO UPDATE SET order_index = EXCLUDED.order_index, is_deleted = FALSE;
INSERT INTO study_resource_question_sets (resource_type, resource_id, study_question_set_id, position, context, tenant_id, is_active, is_deleted, created_at, created_by) VALUES ('module', 8011004, 8110421, 5, '{"label": "T4. Lần đầu đứng dây chuyền — Reading Section 1: Bảng quy trình"}'::jsonb, 'system', TRUE, FALSE, NOW(), 'system') ON CONFLICT (resource_type, resource_id, study_question_set_id) DO UPDATE SET position = EXCLUDED.position, context = EXCLUDED.context, is_active = TRUE, is_deleted = FALSE;

INSERT INTO study_question_sets (id, name, description, set_type, card_count, tenant_id, is_active, is_deleted, created_at, created_by) VALUES (8110422, 'T4. Lần đầu đứng dây chuyền — Reading Section 2: Sổ tay hướng dẫn', 'Đọc hiểu Sổ tay hướng dẫn', 'reading', 4, 'system', TRUE, FALSE, NOW(), 'system') ON CONFLICT (id) DO UPDATE SET name = EXCLUDED.name, description = EXCLUDED.description, set_type = EXCLUDED.set_type, card_count = EXCLUDED.card_count, is_active = EXCLUDED.is_active, is_deleted = EXCLUDED.is_deleted, updated_at = NOW(), updated_by = 'system';
INSERT INTO study_question_set_questions (study_question_set_id, question_id, order_index, tenant_id, is_deleted, created_at, created_by) VALUES (8110422, 811420005, 1, 'system', FALSE, NOW(), 'system') ON CONFLICT (study_question_set_id, question_id) DO UPDATE SET order_index = EXCLUDED.order_index, is_deleted = FALSE;
INSERT INTO study_question_set_questions (study_question_set_id, question_id, order_index, tenant_id, is_deleted, created_at, created_by) VALUES (8110422, 811420006, 2, 'system', FALSE, NOW(), 'system') ON CONFLICT (study_question_set_id, question_id) DO UPDATE SET order_index = EXCLUDED.order_index, is_deleted = FALSE;
INSERT INTO study_question_set_questions (study_question_set_id, question_id, order_index, tenant_id, is_deleted, created_at, created_by) VALUES (8110422, 811420007, 3, 'system', FALSE, NOW(), 'system') ON CONFLICT (study_question_set_id, question_id) DO UPDATE SET order_index = EXCLUDED.order_index, is_deleted = FALSE;
INSERT INTO study_question_set_questions (study_question_set_id, question_id, order_index, tenant_id, is_deleted, created_at, created_by) VALUES (8110422, 811420008, 4, 'system', FALSE, NOW(), 'system') ON CONFLICT (study_question_set_id, question_id) DO UPDATE SET order_index = EXCLUDED.order_index, is_deleted = FALSE;
INSERT INTO study_resource_question_sets (resource_type, resource_id, study_question_set_id, position, context, tenant_id, is_active, is_deleted, created_at, created_by) VALUES ('module', 8011004, 8110422, 6, '{"label": "T4. Lần đầu đứng dây chuyền — Reading Section 2: Sổ tay hướng dẫn"}'::jsonb, 'system', TRUE, FALSE, NOW(), 'system') ON CONFLICT (resource_type, resource_id, study_question_set_id) DO UPDATE SET position = EXCLUDED.position, context = EXCLUDED.context, is_active = TRUE, is_deleted = FALSE;

INSERT INTO study_question_sets (id, name, description, set_type, card_count, tenant_id, is_active, is_deleted, created_at, created_by) VALUES (8110423, 'T4. Lần đầu đứng dây chuyền — Reading Section 3: Báo cáo', 'Đọc hiểu Báo cáo', 'reading', 4, 'system', TRUE, FALSE, NOW(), 'system') ON CONFLICT (id) DO UPDATE SET name = EXCLUDED.name, description = EXCLUDED.description, set_type = EXCLUDED.set_type, card_count = EXCLUDED.card_count, is_active = EXCLUDED.is_active, is_deleted = EXCLUDED.is_deleted, updated_at = NOW(), updated_by = 'system';
INSERT INTO study_question_set_questions (study_question_set_id, question_id, order_index, tenant_id, is_deleted, created_at, created_by) VALUES (8110423, 811420009, 1, 'system', FALSE, NOW(), 'system') ON CONFLICT (study_question_set_id, question_id) DO UPDATE SET order_index = EXCLUDED.order_index, is_deleted = FALSE;
INSERT INTO study_question_set_questions (study_question_set_id, question_id, order_index, tenant_id, is_deleted, created_at, created_by) VALUES (8110423, 811420010, 2, 'system', FALSE, NOW(), 'system') ON CONFLICT (study_question_set_id, question_id) DO UPDATE SET order_index = EXCLUDED.order_index, is_deleted = FALSE;
INSERT INTO study_question_set_questions (study_question_set_id, question_id, order_index, tenant_id, is_deleted, created_at, created_by) VALUES (8110423, 811420011, 3, 'system', FALSE, NOW(), 'system') ON CONFLICT (study_question_set_id, question_id) DO UPDATE SET order_index = EXCLUDED.order_index, is_deleted = FALSE;
INSERT INTO study_question_set_questions (study_question_set_id, question_id, order_index, tenant_id, is_deleted, created_at, created_by) VALUES (8110423, 811420012, 4, 'system', FALSE, NOW(), 'system') ON CONFLICT (study_question_set_id, question_id) DO UPDATE SET order_index = EXCLUDED.order_index, is_deleted = FALSE;
INSERT INTO study_resource_question_sets (resource_type, resource_id, study_question_set_id, position, context, tenant_id, is_active, is_deleted, created_at, created_by) VALUES ('module', 8011004, 8110423, 7, '{"label": "T4. Lần đầu đứng dây chuyền — Reading Section 3: Báo cáo"}'::jsonb, 'system', TRUE, FALSE, NOW(), 'system') ON CONFLICT (resource_type, resource_id, study_question_set_id) DO UPDATE SET position = EXCLUDED.position, context = EXCLUDED.context, is_active = TRUE, is_deleted = FALSE;

INSERT INTO study_question_sets (id, name, description, set_type, card_count, tenant_id, is_active, is_deleted, created_at, created_by) VALUES (8110424, 'T4. Lần đầu đứng dây chuyền — Reading Section 4: Thông báo', 'Đọc hiểu Thông báo', 'reading', 4, 'system', TRUE, FALSE, NOW(), 'system') ON CONFLICT (id) DO UPDATE SET name = EXCLUDED.name, description = EXCLUDED.description, set_type = EXCLUDED.set_type, card_count = EXCLUDED.card_count, is_active = EXCLUDED.is_active, is_deleted = EXCLUDED.is_deleted, updated_at = NOW(), updated_by = 'system';
INSERT INTO study_question_set_questions (study_question_set_id, question_id, order_index, tenant_id, is_deleted, created_at, created_by) VALUES (8110424, 811420013, 1, 'system', FALSE, NOW(), 'system') ON CONFLICT (study_question_set_id, question_id) DO UPDATE SET order_index = EXCLUDED.order_index, is_deleted = FALSE;
INSERT INTO study_question_set_questions (study_question_set_id, question_id, order_index, tenant_id, is_deleted, created_at, created_by) VALUES (8110424, 811420014, 2, 'system', FALSE, NOW(), 'system') ON CONFLICT (study_question_set_id, question_id) DO UPDATE SET order_index = EXCLUDED.order_index, is_deleted = FALSE;
INSERT INTO study_question_set_questions (study_question_set_id, question_id, order_index, tenant_id, is_deleted, created_at, created_by) VALUES (8110424, 811420015, 3, 'system', FALSE, NOW(), 'system') ON CONFLICT (study_question_set_id, question_id) DO UPDATE SET order_index = EXCLUDED.order_index, is_deleted = FALSE;
INSERT INTO study_question_set_questions (study_question_set_id, question_id, order_index, tenant_id, is_deleted, created_at, created_by) VALUES (8110424, 811420016, 4, 'system', FALSE, NOW(), 'system') ON CONFLICT (study_question_set_id, question_id) DO UPDATE SET order_index = EXCLUDED.order_index, is_deleted = FALSE;
INSERT INTO study_resource_question_sets (resource_type, resource_id, study_question_set_id, position, context, tenant_id, is_active, is_deleted, created_at, created_by) VALUES ('module', 8011004, 8110424, 8, '{"label": "T4. Lần đầu đứng dây chuyền — Reading Section 4: Thông báo"}'::jsonb, 'system', TRUE, FALSE, NOW(), 'system') ON CONFLICT (resource_type, resource_id, study_question_set_id) DO UPDATE SET position = EXCLUDED.position, context = EXCLUDED.context, is_active = TRUE, is_deleted = FALSE;

INSERT INTO study_question_sets (id, name, description, set_type, card_count, tenant_id, is_active, is_deleted, created_at, created_by) VALUES (8110425, 'T4. Lần đầu đứng dây chuyền — Reading Section 5: Danh mục kiểm tra', 'Đọc hiểu Danh mục kiểm tra', 'reading', 4, 'system', TRUE, FALSE, NOW(), 'system') ON CONFLICT (id) DO UPDATE SET name = EXCLUDED.name, description = EXCLUDED.description, set_type = EXCLUDED.set_type, card_count = EXCLUDED.card_count, is_active = EXCLUDED.is_active, is_deleted = EXCLUDED.is_deleted, updated_at = NOW(), updated_by = 'system';
INSERT INTO study_question_set_questions (study_question_set_id, question_id, order_index, tenant_id, is_deleted, created_at, created_by) VALUES (8110425, 811420017, 1, 'system', FALSE, NOW(), 'system') ON CONFLICT (study_question_set_id, question_id) DO UPDATE SET order_index = EXCLUDED.order_index, is_deleted = FALSE;
INSERT INTO study_question_set_questions (study_question_set_id, question_id, order_index, tenant_id, is_deleted, created_at, created_by) VALUES (8110425, 811420018, 2, 'system', FALSE, NOW(), 'system') ON CONFLICT (study_question_set_id, question_id) DO UPDATE SET order_index = EXCLUDED.order_index, is_deleted = FALSE;
INSERT INTO study_question_set_questions (study_question_set_id, question_id, order_index, tenant_id, is_deleted, created_at, created_by) VALUES (8110425, 811420019, 3, 'system', FALSE, NOW(), 'system') ON CONFLICT (study_question_set_id, question_id) DO UPDATE SET order_index = EXCLUDED.order_index, is_deleted = FALSE;
INSERT INTO study_question_set_questions (study_question_set_id, question_id, order_index, tenant_id, is_deleted, created_at, created_by) VALUES (8110425, 811420020, 4, 'system', FALSE, NOW(), 'system') ON CONFLICT (study_question_set_id, question_id) DO UPDATE SET order_index = EXCLUDED.order_index, is_deleted = FALSE;
INSERT INTO study_resource_question_sets (resource_type, resource_id, study_question_set_id, position, context, tenant_id, is_active, is_deleted, created_at, created_by) VALUES ('module', 8011004, 8110425, 9, '{"label": "T4. Lần đầu đứng dây chuyền — Reading Section 5: Danh mục kiểm tra"}'::jsonb, 'system', TRUE, FALSE, NOW(), 'system') ON CONFLICT (resource_type, resource_id, study_question_set_id) DO UPDATE SET position = EXCLUDED.position, context = EXCLUDED.context, is_active = TRUE, is_deleted = FALSE;

-- BaiTap: t05_furyou_hin (40 questions)
INSERT INTO questions (id, user_id, is_system, is_khoa_cu, question_type, content_type, level, selection_type, question, passage, passage_translation, general_explanation, skill_category, base_difficulty, tenant_id, is_active, is_deleted, created_at, created_by) VALUES (811510001, NULL, TRUE, FALSE, 'chon_dap_an', 'jisshusei_baitap_t05_furyou_hin', 'N5', 'single', '「申し訳ございません」 trong ngữ cảnh chương 5 có nghĩa liên quan đến gì?

「申し訳ございません」 trong chương 5 liên quan đến:', NULL, NULL, '「申し訳ございません」 thuộc chủ đề: Sonkeigo/Kenjougo + 4 cấp xin lỗi + trace lot + 5W1H + 5 Why.', 'grammar', 1, 'system', TRUE, FALSE, NOW(), 'system') ON CONFLICT (id) DO UPDATE SET question_type = EXCLUDED.question_type, content_type = EXCLUDED.content_type, level = EXCLUDED.level, question = EXCLUDED.question, passage = EXCLUDED.passage, passage_translation = EXCLUDED.passage_translation, general_explanation = EXCLUDED.general_explanation, skill_category = EXCLUDED.skill_category, is_active = EXCLUDED.is_active, is_deleted = EXCLUDED.is_deleted, updated_at = NOW(), updated_by = 'system';
DELETE FROM questions_answers WHERE question_id = 811510001;
INSERT INTO questions_answers (question_id, sentence, sentence_translation, is_correct, "order") VALUES (811510001, 'Sonkeigo/Kenjougo + 4 cấp xin ', 'Sonkeigo/Kenjougo + 4 cấp xin ', TRUE, 1);
INSERT INTO questions_answers (question_id, sentence, sentence_translation, is_correct, "order") VALUES (811510001, 'Khái niệm không liên quan A', 'Khái niệm không liên quan A', FALSE, 2);
INSERT INTO questions_answers (question_id, sentence, sentence_translation, is_correct, "order") VALUES (811510001, 'Khái niệm không liên quan B', 'Khái niệm không liên quan B', FALSE, 3);
INSERT INTO questions_answers (question_id, sentence, sentence_translation, is_correct, "order") VALUES (811510001, 'Khái niệm không liên quan C', 'Khái niệm không liên quan C', FALSE, 4);
INSERT INTO questions (id, user_id, is_system, is_khoa_cu, question_type, content_type, level, selection_type, question, passage, passage_translation, general_explanation, skill_category, base_difficulty, tenant_id, is_active, is_deleted, created_at, created_by) VALUES (811510002, NULL, TRUE, FALSE, 'chon_dap_an', 'jisshusei_baitap_t05_furyou_hin', 'N5', 'single', '「尊敬語」 trong ngữ cảnh chương 5 có nghĩa liên quan đến gì?

「尊敬語」 trong chương 5 liên quan đến:', NULL, NULL, '「尊敬語」 thuộc chủ đề: Sonkeigo/Kenjougo + 4 cấp xin lỗi + trace lot + 5W1H + 5 Why.', 'grammar', 1, 'system', TRUE, FALSE, NOW(), 'system') ON CONFLICT (id) DO UPDATE SET question_type = EXCLUDED.question_type, content_type = EXCLUDED.content_type, level = EXCLUDED.level, question = EXCLUDED.question, passage = EXCLUDED.passage, passage_translation = EXCLUDED.passage_translation, general_explanation = EXCLUDED.general_explanation, skill_category = EXCLUDED.skill_category, is_active = EXCLUDED.is_active, is_deleted = EXCLUDED.is_deleted, updated_at = NOW(), updated_by = 'system';
DELETE FROM questions_answers WHERE question_id = 811510002;
INSERT INTO questions_answers (question_id, sentence, sentence_translation, is_correct, "order") VALUES (811510002, 'Sonkeigo/Kenjougo + 4 cấp xin ', 'Sonkeigo/Kenjougo + 4 cấp xin ', TRUE, 1);
INSERT INTO questions_answers (question_id, sentence, sentence_translation, is_correct, "order") VALUES (811510002, 'Khái niệm không liên quan A', 'Khái niệm không liên quan A', FALSE, 2);
INSERT INTO questions_answers (question_id, sentence, sentence_translation, is_correct, "order") VALUES (811510002, 'Khái niệm không liên quan B', 'Khái niệm không liên quan B', FALSE, 3);
INSERT INTO questions_answers (question_id, sentence, sentence_translation, is_correct, "order") VALUES (811510002, 'Khái niệm không liên quan C', 'Khái niệm không liên quan C', FALSE, 4);
INSERT INTO questions (id, user_id, is_system, is_khoa_cu, question_type, content_type, level, selection_type, question, passage, passage_translation, general_explanation, skill_category, base_difficulty, tenant_id, is_active, is_deleted, created_at, created_by) VALUES (811510003, NULL, TRUE, FALSE, 'chon_dap_an', 'jisshusei_baitap_t05_furyou_hin', 'N5', 'single', '「謙譲語」 trong ngữ cảnh chương 5 có nghĩa liên quan đến gì?

「謙譲語」 trong chương 5 liên quan đến:', NULL, NULL, '「謙譲語」 thuộc chủ đề: Sonkeigo/Kenjougo + 4 cấp xin lỗi + trace lot + 5W1H + 5 Why.', 'grammar', 1, 'system', TRUE, FALSE, NOW(), 'system') ON CONFLICT (id) DO UPDATE SET question_type = EXCLUDED.question_type, content_type = EXCLUDED.content_type, level = EXCLUDED.level, question = EXCLUDED.question, passage = EXCLUDED.passage, passage_translation = EXCLUDED.passage_translation, general_explanation = EXCLUDED.general_explanation, skill_category = EXCLUDED.skill_category, is_active = EXCLUDED.is_active, is_deleted = EXCLUDED.is_deleted, updated_at = NOW(), updated_by = 'system';
DELETE FROM questions_answers WHERE question_id = 811510003;
INSERT INTO questions_answers (question_id, sentence, sentence_translation, is_correct, "order") VALUES (811510003, 'Sonkeigo/Kenjougo + 4 cấp xin ', 'Sonkeigo/Kenjougo + 4 cấp xin ', TRUE, 1);
INSERT INTO questions_answers (question_id, sentence, sentence_translation, is_correct, "order") VALUES (811510003, 'Khái niệm không liên quan A', 'Khái niệm không liên quan A', FALSE, 2);
INSERT INTO questions_answers (question_id, sentence, sentence_translation, is_correct, "order") VALUES (811510003, 'Khái niệm không liên quan B', 'Khái niệm không liên quan B', FALSE, 3);
INSERT INTO questions_answers (question_id, sentence, sentence_translation, is_correct, "order") VALUES (811510003, 'Khái niệm không liên quan C', 'Khái niệm không liên quan C', FALSE, 4);
INSERT INTO questions (id, user_id, is_system, is_khoa_cu, question_type, content_type, level, selection_type, question, passage, passage_translation, general_explanation, skill_category, base_difficulty, tenant_id, is_active, is_deleted, created_at, created_by) VALUES (811510004, NULL, TRUE, FALSE, 'chon_dap_an', 'jisshusei_baitap_t05_furyou_hin', 'N5', 'single', '「不良品」 trong ngữ cảnh chương 5 có nghĩa liên quan đến gì?

「不良品」 trong chương 5 liên quan đến:', NULL, NULL, '「不良品」 thuộc chủ đề: Sonkeigo/Kenjougo + 4 cấp xin lỗi + trace lot + 5W1H + 5 Why.', 'grammar', 1, 'system', TRUE, FALSE, NOW(), 'system') ON CONFLICT (id) DO UPDATE SET question_type = EXCLUDED.question_type, content_type = EXCLUDED.content_type, level = EXCLUDED.level, question = EXCLUDED.question, passage = EXCLUDED.passage, passage_translation = EXCLUDED.passage_translation, general_explanation = EXCLUDED.general_explanation, skill_category = EXCLUDED.skill_category, is_active = EXCLUDED.is_active, is_deleted = EXCLUDED.is_deleted, updated_at = NOW(), updated_by = 'system';
DELETE FROM questions_answers WHERE question_id = 811510004;
INSERT INTO questions_answers (question_id, sentence, sentence_translation, is_correct, "order") VALUES (811510004, 'Sonkeigo/Kenjougo + 4 cấp xin ', 'Sonkeigo/Kenjougo + 4 cấp xin ', TRUE, 1);
INSERT INTO questions_answers (question_id, sentence, sentence_translation, is_correct, "order") VALUES (811510004, 'Khái niệm không liên quan A', 'Khái niệm không liên quan A', FALSE, 2);
INSERT INTO questions_answers (question_id, sentence, sentence_translation, is_correct, "order") VALUES (811510004, 'Khái niệm không liên quan B', 'Khái niệm không liên quan B', FALSE, 3);
INSERT INTO questions_answers (question_id, sentence, sentence_translation, is_correct, "order") VALUES (811510004, 'Khái niệm không liên quan C', 'Khái niệm không liên quan C', FALSE, 4);
INSERT INTO questions (id, user_id, is_system, is_khoa_cu, question_type, content_type, level, selection_type, question, passage, passage_translation, general_explanation, skill_category, base_difficulty, tenant_id, is_active, is_deleted, created_at, created_by) VALUES (811510005, NULL, TRUE, FALSE, 'chon_dap_an', 'jisshusei_baitap_t05_furyou_hin', 'N5', 'single', '「異物混入」 trong ngữ cảnh chương 5 có nghĩa liên quan đến gì?

「異物混入」 trong chương 5 liên quan đến:', NULL, NULL, '「異物混入」 thuộc chủ đề: Sonkeigo/Kenjougo + 4 cấp xin lỗi + trace lot + 5W1H + 5 Why.', 'grammar', 1, 'system', TRUE, FALSE, NOW(), 'system') ON CONFLICT (id) DO UPDATE SET question_type = EXCLUDED.question_type, content_type = EXCLUDED.content_type, level = EXCLUDED.level, question = EXCLUDED.question, passage = EXCLUDED.passage, passage_translation = EXCLUDED.passage_translation, general_explanation = EXCLUDED.general_explanation, skill_category = EXCLUDED.skill_category, is_active = EXCLUDED.is_active, is_deleted = EXCLUDED.is_deleted, updated_at = NOW(), updated_by = 'system';
DELETE FROM questions_answers WHERE question_id = 811510005;
INSERT INTO questions_answers (question_id, sentence, sentence_translation, is_correct, "order") VALUES (811510005, 'Sonkeigo/Kenjougo + 4 cấp xin ', 'Sonkeigo/Kenjougo + 4 cấp xin ', TRUE, 1);
INSERT INTO questions_answers (question_id, sentence, sentence_translation, is_correct, "order") VALUES (811510005, 'Khái niệm không liên quan A', 'Khái niệm không liên quan A', FALSE, 2);
INSERT INTO questions_answers (question_id, sentence, sentence_translation, is_correct, "order") VALUES (811510005, 'Khái niệm không liên quan B', 'Khái niệm không liên quan B', FALSE, 3);
INSERT INTO questions_answers (question_id, sentence, sentence_translation, is_correct, "order") VALUES (811510005, 'Khái niệm không liên quan C', 'Khái niệm không liên quan C', FALSE, 4);
INSERT INTO questions (id, user_id, is_system, is_khoa_cu, question_type, content_type, level, selection_type, question, passage, passage_translation, general_explanation, skill_category, base_difficulty, tenant_id, is_active, is_deleted, created_at, created_by) VALUES (811510006, NULL, TRUE, FALSE, 'chon_dap_an', 'jisshusei_baitap_t05_furyou_hin', 'N5', 'single', '「再発防止」 trong ngữ cảnh chương 5 có nghĩa liên quan đến gì?

「再発防止」 trong chương 5 liên quan đến:', NULL, NULL, '「再発防止」 thuộc chủ đề: Sonkeigo/Kenjougo + 4 cấp xin lỗi + trace lot + 5W1H + 5 Why.', 'grammar', 1, 'system', TRUE, FALSE, NOW(), 'system') ON CONFLICT (id) DO UPDATE SET question_type = EXCLUDED.question_type, content_type = EXCLUDED.content_type, level = EXCLUDED.level, question = EXCLUDED.question, passage = EXCLUDED.passage, passage_translation = EXCLUDED.passage_translation, general_explanation = EXCLUDED.general_explanation, skill_category = EXCLUDED.skill_category, is_active = EXCLUDED.is_active, is_deleted = EXCLUDED.is_deleted, updated_at = NOW(), updated_by = 'system';
DELETE FROM questions_answers WHERE question_id = 811510006;
INSERT INTO questions_answers (question_id, sentence, sentence_translation, is_correct, "order") VALUES (811510006, 'Sonkeigo/Kenjougo + 4 cấp xin ', 'Sonkeigo/Kenjougo + 4 cấp xin ', TRUE, 1);
INSERT INTO questions_answers (question_id, sentence, sentence_translation, is_correct, "order") VALUES (811510006, 'Khái niệm không liên quan A', 'Khái niệm không liên quan A', FALSE, 2);
INSERT INTO questions_answers (question_id, sentence, sentence_translation, is_correct, "order") VALUES (811510006, 'Khái niệm không liên quan B', 'Khái niệm không liên quan B', FALSE, 3);
INSERT INTO questions_answers (question_id, sentence, sentence_translation, is_correct, "order") VALUES (811510006, 'Khái niệm không liên quan C', 'Khái niệm không liên quan C', FALSE, 4);
INSERT INTO questions (id, user_id, is_system, is_khoa_cu, question_type, content_type, level, selection_type, question, passage, passage_translation, general_explanation, skill_category, base_difficulty, tenant_id, is_active, is_deleted, created_at, created_by) VALUES (811510007, NULL, TRUE, FALSE, 'chon_dap_an', 'jisshusei_baitap_t05_furyou_hin', 'N5', 'single', '「5 Why」 trong ngữ cảnh chương 5 có nghĩa liên quan đến gì?

「5 Why」 trong chương 5 liên quan đến:', NULL, NULL, '「5 Why」 thuộc chủ đề: Sonkeigo/Kenjougo + 4 cấp xin lỗi + trace lot + 5W1H + 5 Why.', 'grammar', 1, 'system', TRUE, FALSE, NOW(), 'system') ON CONFLICT (id) DO UPDATE SET question_type = EXCLUDED.question_type, content_type = EXCLUDED.content_type, level = EXCLUDED.level, question = EXCLUDED.question, passage = EXCLUDED.passage, passage_translation = EXCLUDED.passage_translation, general_explanation = EXCLUDED.general_explanation, skill_category = EXCLUDED.skill_category, is_active = EXCLUDED.is_active, is_deleted = EXCLUDED.is_deleted, updated_at = NOW(), updated_by = 'system';
DELETE FROM questions_answers WHERE question_id = 811510007;
INSERT INTO questions_answers (question_id, sentence, sentence_translation, is_correct, "order") VALUES (811510007, 'Sonkeigo/Kenjougo + 4 cấp xin ', 'Sonkeigo/Kenjougo + 4 cấp xin ', TRUE, 1);
INSERT INTO questions_answers (question_id, sentence, sentence_translation, is_correct, "order") VALUES (811510007, 'Khái niệm không liên quan A', 'Khái niệm không liên quan A', FALSE, 2);
INSERT INTO questions_answers (question_id, sentence, sentence_translation, is_correct, "order") VALUES (811510007, 'Khái niệm không liên quan B', 'Khái niệm không liên quan B', FALSE, 3);
INSERT INTO questions_answers (question_id, sentence, sentence_translation, is_correct, "order") VALUES (811510007, 'Khái niệm không liên quan C', 'Khái niệm không liên quan C', FALSE, 4);
INSERT INTO questions (id, user_id, is_system, is_khoa_cu, question_type, content_type, level, selection_type, question, passage, passage_translation, general_explanation, skill_category, base_difficulty, tenant_id, is_active, is_deleted, created_at, created_by) VALUES (811510008, NULL, TRUE, FALSE, 'chon_dap_an', 'jisshusei_baitap_t05_furyou_hin', 'N5', 'single', '「ロット番号」 trong ngữ cảnh chương 5 có nghĩa liên quan đến gì?

「ロット番号」 trong chương 5 liên quan đến:', NULL, NULL, '「ロット番号」 thuộc chủ đề: Sonkeigo/Kenjougo + 4 cấp xin lỗi + trace lot + 5W1H + 5 Why.', 'grammar', 1, 'system', TRUE, FALSE, NOW(), 'system') ON CONFLICT (id) DO UPDATE SET question_type = EXCLUDED.question_type, content_type = EXCLUDED.content_type, level = EXCLUDED.level, question = EXCLUDED.question, passage = EXCLUDED.passage, passage_translation = EXCLUDED.passage_translation, general_explanation = EXCLUDED.general_explanation, skill_category = EXCLUDED.skill_category, is_active = EXCLUDED.is_active, is_deleted = EXCLUDED.is_deleted, updated_at = NOW(), updated_by = 'system';
DELETE FROM questions_answers WHERE question_id = 811510008;
INSERT INTO questions_answers (question_id, sentence, sentence_translation, is_correct, "order") VALUES (811510008, 'Sonkeigo/Kenjougo + 4 cấp xin ', 'Sonkeigo/Kenjougo + 4 cấp xin ', TRUE, 1);
INSERT INTO questions_answers (question_id, sentence, sentence_translation, is_correct, "order") VALUES (811510008, 'Khái niệm không liên quan A', 'Khái niệm không liên quan A', FALSE, 2);
INSERT INTO questions_answers (question_id, sentence, sentence_translation, is_correct, "order") VALUES (811510008, 'Khái niệm không liên quan B', 'Khái niệm không liên quan B', FALSE, 3);
INSERT INTO questions_answers (question_id, sentence, sentence_translation, is_correct, "order") VALUES (811510008, 'Khái niệm không liên quan C', 'Khái niệm không liên quan C', FALSE, 4);
INSERT INTO questions (id, user_id, is_system, is_khoa_cu, question_type, content_type, level, selection_type, question, passage, passage_translation, general_explanation, skill_category, base_difficulty, tenant_id, is_active, is_deleted, created_at, created_by) VALUES (811510009, NULL, TRUE, FALSE, 'chon_dap_an', 'jisshusei_baitap_t05_furyou_hin', 'N5', 'single', '「回収」 trong ngữ cảnh chương 5 có nghĩa liên quan đến gì?

「回収」 trong chương 5 liên quan đến:', NULL, NULL, '「回収」 thuộc chủ đề: Sonkeigo/Kenjougo + 4 cấp xin lỗi + trace lot + 5W1H + 5 Why.', 'grammar', 1, 'system', TRUE, FALSE, NOW(), 'system') ON CONFLICT (id) DO UPDATE SET question_type = EXCLUDED.question_type, content_type = EXCLUDED.content_type, level = EXCLUDED.level, question = EXCLUDED.question, passage = EXCLUDED.passage, passage_translation = EXCLUDED.passage_translation, general_explanation = EXCLUDED.general_explanation, skill_category = EXCLUDED.skill_category, is_active = EXCLUDED.is_active, is_deleted = EXCLUDED.is_deleted, updated_at = NOW(), updated_by = 'system';
DELETE FROM questions_answers WHERE question_id = 811510009;
INSERT INTO questions_answers (question_id, sentence, sentence_translation, is_correct, "order") VALUES (811510009, 'Sonkeigo/Kenjougo + 4 cấp xin ', 'Sonkeigo/Kenjougo + 4 cấp xin ', TRUE, 1);
INSERT INTO questions_answers (question_id, sentence, sentence_translation, is_correct, "order") VALUES (811510009, 'Khái niệm không liên quan A', 'Khái niệm không liên quan A', FALSE, 2);
INSERT INTO questions_answers (question_id, sentence, sentence_translation, is_correct, "order") VALUES (811510009, 'Khái niệm không liên quan B', 'Khái niệm không liên quan B', FALSE, 3);
INSERT INTO questions_answers (question_id, sentence, sentence_translation, is_correct, "order") VALUES (811510009, 'Khái niệm không liên quan C', 'Khái niệm không liên quan C', FALSE, 4);
INSERT INTO questions (id, user_id, is_system, is_khoa_cu, question_type, content_type, level, selection_type, question, passage, passage_translation, general_explanation, skill_category, base_difficulty, tenant_id, is_active, is_deleted, created_at, created_by) VALUES (811510010, NULL, TRUE, FALSE, 'chon_dap_an', 'jisshusei_baitap_t05_furyou_hin', 'N5', 'single', '「申し訳ございません」 trong ngữ cảnh chương 5 có nghĩa liên quan đến gì?

「申し訳ございません」 trong chương 5 liên quan đến:', NULL, NULL, '「申し訳ございません」 thuộc chủ đề: Sonkeigo/Kenjougo + 4 cấp xin lỗi + trace lot + 5W1H + 5 Why.', 'grammar', 1, 'system', TRUE, FALSE, NOW(), 'system') ON CONFLICT (id) DO UPDATE SET question_type = EXCLUDED.question_type, content_type = EXCLUDED.content_type, level = EXCLUDED.level, question = EXCLUDED.question, passage = EXCLUDED.passage, passage_translation = EXCLUDED.passage_translation, general_explanation = EXCLUDED.general_explanation, skill_category = EXCLUDED.skill_category, is_active = EXCLUDED.is_active, is_deleted = EXCLUDED.is_deleted, updated_at = NOW(), updated_by = 'system';
DELETE FROM questions_answers WHERE question_id = 811510010;
INSERT INTO questions_answers (question_id, sentence, sentence_translation, is_correct, "order") VALUES (811510010, 'Sonkeigo/Kenjougo + 4 cấp xin ', 'Sonkeigo/Kenjougo + 4 cấp xin ', TRUE, 1);
INSERT INTO questions_answers (question_id, sentence, sentence_translation, is_correct, "order") VALUES (811510010, 'Khái niệm không liên quan A', 'Khái niệm không liên quan A', FALSE, 2);
INSERT INTO questions_answers (question_id, sentence, sentence_translation, is_correct, "order") VALUES (811510010, 'Khái niệm không liên quan B', 'Khái niệm không liên quan B', FALSE, 3);
INSERT INTO questions_answers (question_id, sentence, sentence_translation, is_correct, "order") VALUES (811510010, 'Khái niệm không liên quan C', 'Khái niệm không liên quan C', FALSE, 4);
INSERT INTO questions (id, user_id, is_system, is_khoa_cu, question_type, content_type, level, selection_type, question, passage, passage_translation, general_explanation, skill_category, base_difficulty, tenant_id, is_active, is_deleted, created_at, created_by) VALUES (811510011, NULL, TRUE, FALSE, 'chon_dap_an', 'jisshusei_baitap_t05_furyou_hin', 'N5', 'single', 'Cụm「深くお詫び申し上げます」 thường dùng khi nào trong chương 5?

「深くお詫び申し上げます」 dùng khi nào?', NULL, NULL, '「深くお詫び申し上げます」 được dạy trong chương 5 (Sonkeigo/Kenjougo + 4 cấp xin lỗi + trace lot + 5W1H + 5 Why).', 'grammar', 1, 'system', TRUE, FALSE, NOW(), 'system') ON CONFLICT (id) DO UPDATE SET question_type = EXCLUDED.question_type, content_type = EXCLUDED.content_type, level = EXCLUDED.level, question = EXCLUDED.question, passage = EXCLUDED.passage, passage_translation = EXCLUDED.passage_translation, general_explanation = EXCLUDED.general_explanation, skill_category = EXCLUDED.skill_category, is_active = EXCLUDED.is_active, is_deleted = EXCLUDED.is_deleted, updated_at = NOW(), updated_by = 'system';
DELETE FROM questions_answers WHERE question_id = 811510011;
INSERT INTO questions_answers (question_id, sentence, sentence_translation, is_correct, "order") VALUES (811510011, 'Trong tình huống chương 5: Sonkeigo/Kenjougo + 4 cấp xin lỗi + trac', 'Trong tình huống chương 5: Sonkeigo/Kenjougo + 4 cấp xin lỗi + trac', TRUE, 1);
INSERT INTO questions_answers (question_id, sentence, sentence_translation, is_correct, "order") VALUES (811510011, 'Khi ngủ', 'Khi ngủ', FALSE, 2);
INSERT INTO questions_answers (question_id, sentence, sentence_translation, is_correct, "order") VALUES (811510011, 'Khi ăn', 'Khi ăn', FALSE, 3);
INSERT INTO questions_answers (question_id, sentence, sentence_translation, is_correct, "order") VALUES (811510011, 'Không dùng', 'Không dùng', FALSE, 4);
INSERT INTO questions (id, user_id, is_system, is_khoa_cu, question_type, content_type, level, selection_type, question, passage, passage_translation, general_explanation, skill_category, base_difficulty, tenant_id, is_active, is_deleted, created_at, created_by) VALUES (811510012, NULL, TRUE, FALSE, 'chon_dap_an', 'jisshusei_baitap_t05_furyou_hin', 'N5', 'single', 'Cụm「原因を調査致します」 thường dùng khi nào trong chương 5?

「原因を調査致します」 dùng khi nào?', NULL, NULL, '「原因を調査致します」 được dạy trong chương 5 (Sonkeigo/Kenjougo + 4 cấp xin lỗi + trace lot + 5W1H + 5 Why).', 'grammar', 1, 'system', TRUE, FALSE, NOW(), 'system') ON CONFLICT (id) DO UPDATE SET question_type = EXCLUDED.question_type, content_type = EXCLUDED.content_type, level = EXCLUDED.level, question = EXCLUDED.question, passage = EXCLUDED.passage, passage_translation = EXCLUDED.passage_translation, general_explanation = EXCLUDED.general_explanation, skill_category = EXCLUDED.skill_category, is_active = EXCLUDED.is_active, is_deleted = EXCLUDED.is_deleted, updated_at = NOW(), updated_by = 'system';
DELETE FROM questions_answers WHERE question_id = 811510012;
INSERT INTO questions_answers (question_id, sentence, sentence_translation, is_correct, "order") VALUES (811510012, 'Trong tình huống chương 5: Sonkeigo/Kenjougo + 4 cấp xin lỗi + trac', 'Trong tình huống chương 5: Sonkeigo/Kenjougo + 4 cấp xin lỗi + trac', TRUE, 1);
INSERT INTO questions_answers (question_id, sentence, sentence_translation, is_correct, "order") VALUES (811510012, 'Khi ngủ', 'Khi ngủ', FALSE, 2);
INSERT INTO questions_answers (question_id, sentence, sentence_translation, is_correct, "order") VALUES (811510012, 'Khi ăn', 'Khi ăn', FALSE, 3);
INSERT INTO questions_answers (question_id, sentence, sentence_translation, is_correct, "order") VALUES (811510012, 'Không dùng', 'Không dùng', FALSE, 4);
INSERT INTO questions (id, user_id, is_system, is_khoa_cu, question_type, content_type, level, selection_type, question, passage, passage_translation, general_explanation, skill_category, base_difficulty, tenant_id, is_active, is_deleted, created_at, created_by) VALUES (811510013, NULL, TRUE, FALSE, 'chon_dap_an', 'jisshusei_baitap_t05_furyou_hin', 'N5', 'single', 'Cụm「今後気をつけます」 thường dùng khi nào trong chương 5?

「今後気をつけます」 dùng khi nào?', NULL, NULL, '「今後気をつけます」 được dạy trong chương 5 (Sonkeigo/Kenjougo + 4 cấp xin lỗi + trace lot + 5W1H + 5 Why).', 'grammar', 1, 'system', TRUE, FALSE, NOW(), 'system') ON CONFLICT (id) DO UPDATE SET question_type = EXCLUDED.question_type, content_type = EXCLUDED.content_type, level = EXCLUDED.level, question = EXCLUDED.question, passage = EXCLUDED.passage, passage_translation = EXCLUDED.passage_translation, general_explanation = EXCLUDED.general_explanation, skill_category = EXCLUDED.skill_category, is_active = EXCLUDED.is_active, is_deleted = EXCLUDED.is_deleted, updated_at = NOW(), updated_by = 'system';
DELETE FROM questions_answers WHERE question_id = 811510013;
INSERT INTO questions_answers (question_id, sentence, sentence_translation, is_correct, "order") VALUES (811510013, 'Trong tình huống chương 5: Sonkeigo/Kenjougo + 4 cấp xin lỗi + trac', 'Trong tình huống chương 5: Sonkeigo/Kenjougo + 4 cấp xin lỗi + trac', TRUE, 1);
INSERT INTO questions_answers (question_id, sentence, sentence_translation, is_correct, "order") VALUES (811510013, 'Khi ngủ', 'Khi ngủ', FALSE, 2);
INSERT INTO questions_answers (question_id, sentence, sentence_translation, is_correct, "order") VALUES (811510013, 'Khi ăn', 'Khi ăn', FALSE, 3);
INSERT INTO questions_answers (question_id, sentence, sentence_translation, is_correct, "order") VALUES (811510013, 'Không dùng', 'Không dùng', FALSE, 4);
INSERT INTO questions (id, user_id, is_system, is_khoa_cu, question_type, content_type, level, selection_type, question, passage, passage_translation, general_explanation, skill_category, base_difficulty, tenant_id, is_active, is_deleted, created_at, created_by) VALUES (811510014, NULL, TRUE, FALSE, 'chon_dap_an', 'jisshusei_baitap_t05_furyou_hin', 'N5', 'single', 'Cụm「深くお詫び申し上げます」 thường dùng khi nào trong chương 5?

「深くお詫び申し上げます」 dùng khi nào?', NULL, NULL, '「深くお詫び申し上げます」 được dạy trong chương 5 (Sonkeigo/Kenjougo + 4 cấp xin lỗi + trace lot + 5W1H + 5 Why).', 'grammar', 1, 'system', TRUE, FALSE, NOW(), 'system') ON CONFLICT (id) DO UPDATE SET question_type = EXCLUDED.question_type, content_type = EXCLUDED.content_type, level = EXCLUDED.level, question = EXCLUDED.question, passage = EXCLUDED.passage, passage_translation = EXCLUDED.passage_translation, general_explanation = EXCLUDED.general_explanation, skill_category = EXCLUDED.skill_category, is_active = EXCLUDED.is_active, is_deleted = EXCLUDED.is_deleted, updated_at = NOW(), updated_by = 'system';
DELETE FROM questions_answers WHERE question_id = 811510014;
INSERT INTO questions_answers (question_id, sentence, sentence_translation, is_correct, "order") VALUES (811510014, 'Trong tình huống chương 5: Sonkeigo/Kenjougo + 4 cấp xin lỗi + trac', 'Trong tình huống chương 5: Sonkeigo/Kenjougo + 4 cấp xin lỗi + trac', TRUE, 1);
INSERT INTO questions_answers (question_id, sentence, sentence_translation, is_correct, "order") VALUES (811510014, 'Khi ngủ', 'Khi ngủ', FALSE, 2);
INSERT INTO questions_answers (question_id, sentence, sentence_translation, is_correct, "order") VALUES (811510014, 'Khi ăn', 'Khi ăn', FALSE, 3);
INSERT INTO questions_answers (question_id, sentence, sentence_translation, is_correct, "order") VALUES (811510014, 'Không dùng', 'Không dùng', FALSE, 4);
INSERT INTO questions (id, user_id, is_system, is_khoa_cu, question_type, content_type, level, selection_type, question, passage, passage_translation, general_explanation, skill_category, base_difficulty, tenant_id, is_active, is_deleted, created_at, created_by) VALUES (811510015, NULL, TRUE, FALSE, 'chon_dap_an', 'jisshusei_baitap_t05_furyou_hin', 'N5', 'single', 'Cụm「原因を調査致します」 thường dùng khi nào trong chương 5?

「原因を調査致します」 dùng khi nào?', NULL, NULL, '「原因を調査致します」 được dạy trong chương 5 (Sonkeigo/Kenjougo + 4 cấp xin lỗi + trace lot + 5W1H + 5 Why).', 'grammar', 1, 'system', TRUE, FALSE, NOW(), 'system') ON CONFLICT (id) DO UPDATE SET question_type = EXCLUDED.question_type, content_type = EXCLUDED.content_type, level = EXCLUDED.level, question = EXCLUDED.question, passage = EXCLUDED.passage, passage_translation = EXCLUDED.passage_translation, general_explanation = EXCLUDED.general_explanation, skill_category = EXCLUDED.skill_category, is_active = EXCLUDED.is_active, is_deleted = EXCLUDED.is_deleted, updated_at = NOW(), updated_by = 'system';
DELETE FROM questions_answers WHERE question_id = 811510015;
INSERT INTO questions_answers (question_id, sentence, sentence_translation, is_correct, "order") VALUES (811510015, 'Trong tình huống chương 5: Sonkeigo/Kenjougo + 4 cấp xin lỗi + trac', 'Trong tình huống chương 5: Sonkeigo/Kenjougo + 4 cấp xin lỗi + trac', TRUE, 1);
INSERT INTO questions_answers (question_id, sentence, sentence_translation, is_correct, "order") VALUES (811510015, 'Khi ngủ', 'Khi ngủ', FALSE, 2);
INSERT INTO questions_answers (question_id, sentence, sentence_translation, is_correct, "order") VALUES (811510015, 'Khi ăn', 'Khi ăn', FALSE, 3);
INSERT INTO questions_answers (question_id, sentence, sentence_translation, is_correct, "order") VALUES (811510015, 'Không dùng', 'Không dùng', FALSE, 4);
INSERT INTO questions (id, user_id, is_system, is_khoa_cu, question_type, content_type, level, selection_type, question, passage, passage_translation, general_explanation, skill_category, base_difficulty, tenant_id, is_active, is_deleted, created_at, created_by) VALUES (811510016, NULL, TRUE, FALSE, 'chon_dap_an', 'jisshusei_baitap_t05_furyou_hin', 'N5', 'single', 'Cụm「今後気をつけます」 thường dùng khi nào trong chương 5?

「今後気をつけます」 dùng khi nào?', NULL, NULL, '「今後気をつけます」 được dạy trong chương 5 (Sonkeigo/Kenjougo + 4 cấp xin lỗi + trace lot + 5W1H + 5 Why).', 'grammar', 1, 'system', TRUE, FALSE, NOW(), 'system') ON CONFLICT (id) DO UPDATE SET question_type = EXCLUDED.question_type, content_type = EXCLUDED.content_type, level = EXCLUDED.level, question = EXCLUDED.question, passage = EXCLUDED.passage, passage_translation = EXCLUDED.passage_translation, general_explanation = EXCLUDED.general_explanation, skill_category = EXCLUDED.skill_category, is_active = EXCLUDED.is_active, is_deleted = EXCLUDED.is_deleted, updated_at = NOW(), updated_by = 'system';
DELETE FROM questions_answers WHERE question_id = 811510016;
INSERT INTO questions_answers (question_id, sentence, sentence_translation, is_correct, "order") VALUES (811510016, 'Trong tình huống chương 5: Sonkeigo/Kenjougo + 4 cấp xin lỗi + trac', 'Trong tình huống chương 5: Sonkeigo/Kenjougo + 4 cấp xin lỗi + trac', TRUE, 1);
INSERT INTO questions_answers (question_id, sentence, sentence_translation, is_correct, "order") VALUES (811510016, 'Khi ngủ', 'Khi ngủ', FALSE, 2);
INSERT INTO questions_answers (question_id, sentence, sentence_translation, is_correct, "order") VALUES (811510016, 'Khi ăn', 'Khi ăn', FALSE, 3);
INSERT INTO questions_answers (question_id, sentence, sentence_translation, is_correct, "order") VALUES (811510016, 'Không dùng', 'Không dùng', FALSE, 4);
INSERT INTO questions (id, user_id, is_system, is_khoa_cu, question_type, content_type, level, selection_type, question, passage, passage_translation, general_explanation, skill_category, base_difficulty, tenant_id, is_active, is_deleted, created_at, created_by) VALUES (811510017, NULL, TRUE, FALSE, 'chon_dap_an', 'jisshusei_baitap_t05_furyou_hin', 'N5', 'single', 'Cụm「深くお詫び申し上げます」 thường dùng khi nào trong chương 5?

「深くお詫び申し上げます」 dùng khi nào?', NULL, NULL, '「深くお詫び申し上げます」 được dạy trong chương 5 (Sonkeigo/Kenjougo + 4 cấp xin lỗi + trace lot + 5W1H + 5 Why).', 'grammar', 1, 'system', TRUE, FALSE, NOW(), 'system') ON CONFLICT (id) DO UPDATE SET question_type = EXCLUDED.question_type, content_type = EXCLUDED.content_type, level = EXCLUDED.level, question = EXCLUDED.question, passage = EXCLUDED.passage, passage_translation = EXCLUDED.passage_translation, general_explanation = EXCLUDED.general_explanation, skill_category = EXCLUDED.skill_category, is_active = EXCLUDED.is_active, is_deleted = EXCLUDED.is_deleted, updated_at = NOW(), updated_by = 'system';
DELETE FROM questions_answers WHERE question_id = 811510017;
INSERT INTO questions_answers (question_id, sentence, sentence_translation, is_correct, "order") VALUES (811510017, 'Trong tình huống chương 5: Sonkeigo/Kenjougo + 4 cấp xin lỗi + trac', 'Trong tình huống chương 5: Sonkeigo/Kenjougo + 4 cấp xin lỗi + trac', TRUE, 1);
INSERT INTO questions_answers (question_id, sentence, sentence_translation, is_correct, "order") VALUES (811510017, 'Khi ngủ', 'Khi ngủ', FALSE, 2);
INSERT INTO questions_answers (question_id, sentence, sentence_translation, is_correct, "order") VALUES (811510017, 'Khi ăn', 'Khi ăn', FALSE, 3);
INSERT INTO questions_answers (question_id, sentence, sentence_translation, is_correct, "order") VALUES (811510017, 'Không dùng', 'Không dùng', FALSE, 4);
INSERT INTO questions (id, user_id, is_system, is_khoa_cu, question_type, content_type, level, selection_type, question, passage, passage_translation, general_explanation, skill_category, base_difficulty, tenant_id, is_active, is_deleted, created_at, created_by) VALUES (811510018, NULL, TRUE, FALSE, 'chon_dap_an', 'jisshusei_baitap_t05_furyou_hin', 'N5', 'single', 'Cụm「原因を調査致します」 thường dùng khi nào trong chương 5?

「原因を調査致します」 dùng khi nào?', NULL, NULL, '「原因を調査致します」 được dạy trong chương 5 (Sonkeigo/Kenjougo + 4 cấp xin lỗi + trace lot + 5W1H + 5 Why).', 'grammar', 1, 'system', TRUE, FALSE, NOW(), 'system') ON CONFLICT (id) DO UPDATE SET question_type = EXCLUDED.question_type, content_type = EXCLUDED.content_type, level = EXCLUDED.level, question = EXCLUDED.question, passage = EXCLUDED.passage, passage_translation = EXCLUDED.passage_translation, general_explanation = EXCLUDED.general_explanation, skill_category = EXCLUDED.skill_category, is_active = EXCLUDED.is_active, is_deleted = EXCLUDED.is_deleted, updated_at = NOW(), updated_by = 'system';
DELETE FROM questions_answers WHERE question_id = 811510018;
INSERT INTO questions_answers (question_id, sentence, sentence_translation, is_correct, "order") VALUES (811510018, 'Trong tình huống chương 5: Sonkeigo/Kenjougo + 4 cấp xin lỗi + trac', 'Trong tình huống chương 5: Sonkeigo/Kenjougo + 4 cấp xin lỗi + trac', TRUE, 1);
INSERT INTO questions_answers (question_id, sentence, sentence_translation, is_correct, "order") VALUES (811510018, 'Khi ngủ', 'Khi ngủ', FALSE, 2);
INSERT INTO questions_answers (question_id, sentence, sentence_translation, is_correct, "order") VALUES (811510018, 'Khi ăn', 'Khi ăn', FALSE, 3);
INSERT INTO questions_answers (question_id, sentence, sentence_translation, is_correct, "order") VALUES (811510018, 'Không dùng', 'Không dùng', FALSE, 4);
INSERT INTO questions (id, user_id, is_system, is_khoa_cu, question_type, content_type, level, selection_type, question, passage, passage_translation, general_explanation, skill_category, base_difficulty, tenant_id, is_active, is_deleted, created_at, created_by) VALUES (811510019, NULL, TRUE, FALSE, 'chon_dap_an', 'jisshusei_baitap_t05_furyou_hin', 'N5', 'single', 'Cụm「今後気をつけます」 thường dùng khi nào trong chương 5?

「今後気をつけます」 dùng khi nào?', NULL, NULL, '「今後気をつけます」 được dạy trong chương 5 (Sonkeigo/Kenjougo + 4 cấp xin lỗi + trace lot + 5W1H + 5 Why).', 'grammar', 1, 'system', TRUE, FALSE, NOW(), 'system') ON CONFLICT (id) DO UPDATE SET question_type = EXCLUDED.question_type, content_type = EXCLUDED.content_type, level = EXCLUDED.level, question = EXCLUDED.question, passage = EXCLUDED.passage, passage_translation = EXCLUDED.passage_translation, general_explanation = EXCLUDED.general_explanation, skill_category = EXCLUDED.skill_category, is_active = EXCLUDED.is_active, is_deleted = EXCLUDED.is_deleted, updated_at = NOW(), updated_by = 'system';
DELETE FROM questions_answers WHERE question_id = 811510019;
INSERT INTO questions_answers (question_id, sentence, sentence_translation, is_correct, "order") VALUES (811510019, 'Trong tình huống chương 5: Sonkeigo/Kenjougo + 4 cấp xin lỗi + trac', 'Trong tình huống chương 5: Sonkeigo/Kenjougo + 4 cấp xin lỗi + trac', TRUE, 1);
INSERT INTO questions_answers (question_id, sentence, sentence_translation, is_correct, "order") VALUES (811510019, 'Khi ngủ', 'Khi ngủ', FALSE, 2);
INSERT INTO questions_answers (question_id, sentence, sentence_translation, is_correct, "order") VALUES (811510019, 'Khi ăn', 'Khi ăn', FALSE, 3);
INSERT INTO questions_answers (question_id, sentence, sentence_translation, is_correct, "order") VALUES (811510019, 'Không dùng', 'Không dùng', FALSE, 4);
INSERT INTO questions (id, user_id, is_system, is_khoa_cu, question_type, content_type, level, selection_type, question, passage, passage_translation, general_explanation, skill_category, base_difficulty, tenant_id, is_active, is_deleted, created_at, created_by) VALUES (811510020, NULL, TRUE, FALSE, 'chon_dap_an', 'jisshusei_baitap_t05_furyou_hin', 'N5', 'single', 'Cụm「深くお詫び申し上げます」 thường dùng khi nào trong chương 5?

「深くお詫び申し上げます」 dùng khi nào?', NULL, NULL, '「深くお詫び申し上げます」 được dạy trong chương 5 (Sonkeigo/Kenjougo + 4 cấp xin lỗi + trace lot + 5W1H + 5 Why).', 'grammar', 1, 'system', TRUE, FALSE, NOW(), 'system') ON CONFLICT (id) DO UPDATE SET question_type = EXCLUDED.question_type, content_type = EXCLUDED.content_type, level = EXCLUDED.level, question = EXCLUDED.question, passage = EXCLUDED.passage, passage_translation = EXCLUDED.passage_translation, general_explanation = EXCLUDED.general_explanation, skill_category = EXCLUDED.skill_category, is_active = EXCLUDED.is_active, is_deleted = EXCLUDED.is_deleted, updated_at = NOW(), updated_by = 'system';
DELETE FROM questions_answers WHERE question_id = 811510020;
INSERT INTO questions_answers (question_id, sentence, sentence_translation, is_correct, "order") VALUES (811510020, 'Trong tình huống chương 5: Sonkeigo/Kenjougo + 4 cấp xin lỗi + trac', 'Trong tình huống chương 5: Sonkeigo/Kenjougo + 4 cấp xin lỗi + trac', TRUE, 1);
INSERT INTO questions_answers (question_id, sentence, sentence_translation, is_correct, "order") VALUES (811510020, 'Khi ngủ', 'Khi ngủ', FALSE, 2);
INSERT INTO questions_answers (question_id, sentence, sentence_translation, is_correct, "order") VALUES (811510020, 'Khi ăn', 'Khi ăn', FALSE, 3);
INSERT INTO questions_answers (question_id, sentence, sentence_translation, is_correct, "order") VALUES (811510020, 'Không dùng', 'Không dùng', FALSE, 4);
INSERT INTO questions (id, user_id, is_system, is_khoa_cu, question_type, content_type, level, selection_type, question, passage, passage_translation, general_explanation, skill_category, base_difficulty, tenant_id, is_active, is_deleted, created_at, created_by) VALUES (811510021, NULL, TRUE, FALSE, 'chon_dap_an', 'jisshusei_baitap_t05_furyou_hin', 'N4', 'single', 'Tình huống 1 trong chương 5: phản ứng đúng là?

Phản ứng đúng cho tình huống 1:', NULL, NULL, 'Áp dụng nguyên tắc của chương: Sonkeigo/Kenjougo + 4 cấp xin lỗi + trace lot + 5W1H + 5 Why.', 'grammar', 1, 'system', TRUE, FALSE, NOW(), 'system') ON CONFLICT (id) DO UPDATE SET question_type = EXCLUDED.question_type, content_type = EXCLUDED.content_type, level = EXCLUDED.level, question = EXCLUDED.question, passage = EXCLUDED.passage, passage_translation = EXCLUDED.passage_translation, general_explanation = EXCLUDED.general_explanation, skill_category = EXCLUDED.skill_category, is_active = EXCLUDED.is_active, is_deleted = EXCLUDED.is_deleted, updated_at = NOW(), updated_by = 'system';
DELETE FROM questions_answers WHERE question_id = 811510021;
INSERT INTO questions_answers (question_id, sentence, sentence_translation, is_correct, "order") VALUES (811510021, 'Theo nguyên tắc đã học trong chương', 'Theo nguyên tắc đã học trong chương', TRUE, 1);
INSERT INTO questions_answers (question_id, sentence, sentence_translation, is_correct, "order") VALUES (811510021, 'Tự ý làm theo ý mình', 'Tự ý làm theo ý mình', FALSE, 2);
INSERT INTO questions_answers (question_id, sentence, sentence_translation, is_correct, "order") VALUES (811510021, 'Im lặng không làm gì', 'Im lặng không làm gì', FALSE, 3);
INSERT INTO questions_answers (question_id, sentence, sentence_translation, is_correct, "order") VALUES (811510021, 'Nhờ người khác làm hộ', 'Nhờ người khác làm hộ', FALSE, 4);
INSERT INTO questions (id, user_id, is_system, is_khoa_cu, question_type, content_type, level, selection_type, question, passage, passage_translation, general_explanation, skill_category, base_difficulty, tenant_id, is_active, is_deleted, created_at, created_by) VALUES (811510022, NULL, TRUE, FALSE, 'chon_dap_an', 'jisshusei_baitap_t05_furyou_hin', 'N4', 'single', 'Tình huống 2 trong chương 5: phản ứng đúng là?

Phản ứng đúng cho tình huống 2:', NULL, NULL, 'Áp dụng nguyên tắc của chương: Sonkeigo/Kenjougo + 4 cấp xin lỗi + trace lot + 5W1H + 5 Why.', 'grammar', 1, 'system', TRUE, FALSE, NOW(), 'system') ON CONFLICT (id) DO UPDATE SET question_type = EXCLUDED.question_type, content_type = EXCLUDED.content_type, level = EXCLUDED.level, question = EXCLUDED.question, passage = EXCLUDED.passage, passage_translation = EXCLUDED.passage_translation, general_explanation = EXCLUDED.general_explanation, skill_category = EXCLUDED.skill_category, is_active = EXCLUDED.is_active, is_deleted = EXCLUDED.is_deleted, updated_at = NOW(), updated_by = 'system';
DELETE FROM questions_answers WHERE question_id = 811510022;
INSERT INTO questions_answers (question_id, sentence, sentence_translation, is_correct, "order") VALUES (811510022, 'Theo nguyên tắc đã học trong chương', 'Theo nguyên tắc đã học trong chương', TRUE, 1);
INSERT INTO questions_answers (question_id, sentence, sentence_translation, is_correct, "order") VALUES (811510022, 'Tự ý làm theo ý mình', 'Tự ý làm theo ý mình', FALSE, 2);
INSERT INTO questions_answers (question_id, sentence, sentence_translation, is_correct, "order") VALUES (811510022, 'Im lặng không làm gì', 'Im lặng không làm gì', FALSE, 3);
INSERT INTO questions_answers (question_id, sentence, sentence_translation, is_correct, "order") VALUES (811510022, 'Nhờ người khác làm hộ', 'Nhờ người khác làm hộ', FALSE, 4);
INSERT INTO questions (id, user_id, is_system, is_khoa_cu, question_type, content_type, level, selection_type, question, passage, passage_translation, general_explanation, skill_category, base_difficulty, tenant_id, is_active, is_deleted, created_at, created_by) VALUES (811510023, NULL, TRUE, FALSE, 'chon_dap_an', 'jisshusei_baitap_t05_furyou_hin', 'N4', 'single', 'Tình huống 3 trong chương 5: phản ứng đúng là?

Phản ứng đúng cho tình huống 3:', NULL, NULL, 'Áp dụng nguyên tắc của chương: Sonkeigo/Kenjougo + 4 cấp xin lỗi + trace lot + 5W1H + 5 Why.', 'grammar', 1, 'system', TRUE, FALSE, NOW(), 'system') ON CONFLICT (id) DO UPDATE SET question_type = EXCLUDED.question_type, content_type = EXCLUDED.content_type, level = EXCLUDED.level, question = EXCLUDED.question, passage = EXCLUDED.passage, passage_translation = EXCLUDED.passage_translation, general_explanation = EXCLUDED.general_explanation, skill_category = EXCLUDED.skill_category, is_active = EXCLUDED.is_active, is_deleted = EXCLUDED.is_deleted, updated_at = NOW(), updated_by = 'system';
DELETE FROM questions_answers WHERE question_id = 811510023;
INSERT INTO questions_answers (question_id, sentence, sentence_translation, is_correct, "order") VALUES (811510023, 'Theo nguyên tắc đã học trong chương', 'Theo nguyên tắc đã học trong chương', TRUE, 1);
INSERT INTO questions_answers (question_id, sentence, sentence_translation, is_correct, "order") VALUES (811510023, 'Tự ý làm theo ý mình', 'Tự ý làm theo ý mình', FALSE, 2);
INSERT INTO questions_answers (question_id, sentence, sentence_translation, is_correct, "order") VALUES (811510023, 'Im lặng không làm gì', 'Im lặng không làm gì', FALSE, 3);
INSERT INTO questions_answers (question_id, sentence, sentence_translation, is_correct, "order") VALUES (811510023, 'Nhờ người khác làm hộ', 'Nhờ người khác làm hộ', FALSE, 4);
INSERT INTO questions (id, user_id, is_system, is_khoa_cu, question_type, content_type, level, selection_type, question, passage, passage_translation, general_explanation, skill_category, base_difficulty, tenant_id, is_active, is_deleted, created_at, created_by) VALUES (811510024, NULL, TRUE, FALSE, 'chon_dap_an', 'jisshusei_baitap_t05_furyou_hin', 'N4', 'single', 'Tình huống 4 trong chương 5: phản ứng đúng là?

Phản ứng đúng cho tình huống 4:', NULL, NULL, 'Áp dụng nguyên tắc của chương: Sonkeigo/Kenjougo + 4 cấp xin lỗi + trace lot + 5W1H + 5 Why.', 'grammar', 1, 'system', TRUE, FALSE, NOW(), 'system') ON CONFLICT (id) DO UPDATE SET question_type = EXCLUDED.question_type, content_type = EXCLUDED.content_type, level = EXCLUDED.level, question = EXCLUDED.question, passage = EXCLUDED.passage, passage_translation = EXCLUDED.passage_translation, general_explanation = EXCLUDED.general_explanation, skill_category = EXCLUDED.skill_category, is_active = EXCLUDED.is_active, is_deleted = EXCLUDED.is_deleted, updated_at = NOW(), updated_by = 'system';
DELETE FROM questions_answers WHERE question_id = 811510024;
INSERT INTO questions_answers (question_id, sentence, sentence_translation, is_correct, "order") VALUES (811510024, 'Theo nguyên tắc đã học trong chương', 'Theo nguyên tắc đã học trong chương', TRUE, 1);
INSERT INTO questions_answers (question_id, sentence, sentence_translation, is_correct, "order") VALUES (811510024, 'Tự ý làm theo ý mình', 'Tự ý làm theo ý mình', FALSE, 2);
INSERT INTO questions_answers (question_id, sentence, sentence_translation, is_correct, "order") VALUES (811510024, 'Im lặng không làm gì', 'Im lặng không làm gì', FALSE, 3);
INSERT INTO questions_answers (question_id, sentence, sentence_translation, is_correct, "order") VALUES (811510024, 'Nhờ người khác làm hộ', 'Nhờ người khác làm hộ', FALSE, 4);
INSERT INTO questions (id, user_id, is_system, is_khoa_cu, question_type, content_type, level, selection_type, question, passage, passage_translation, general_explanation, skill_category, base_difficulty, tenant_id, is_active, is_deleted, created_at, created_by) VALUES (811510025, NULL, TRUE, FALSE, 'chon_dap_an', 'jisshusei_baitap_t05_furyou_hin', 'N4', 'single', 'Tình huống 5 trong chương 5: phản ứng đúng là?

Phản ứng đúng cho tình huống 5:', NULL, NULL, 'Áp dụng nguyên tắc của chương: Sonkeigo/Kenjougo + 4 cấp xin lỗi + trace lot + 5W1H + 5 Why.', 'grammar', 1, 'system', TRUE, FALSE, NOW(), 'system') ON CONFLICT (id) DO UPDATE SET question_type = EXCLUDED.question_type, content_type = EXCLUDED.content_type, level = EXCLUDED.level, question = EXCLUDED.question, passage = EXCLUDED.passage, passage_translation = EXCLUDED.passage_translation, general_explanation = EXCLUDED.general_explanation, skill_category = EXCLUDED.skill_category, is_active = EXCLUDED.is_active, is_deleted = EXCLUDED.is_deleted, updated_at = NOW(), updated_by = 'system';
DELETE FROM questions_answers WHERE question_id = 811510025;
INSERT INTO questions_answers (question_id, sentence, sentence_translation, is_correct, "order") VALUES (811510025, 'Theo nguyên tắc đã học trong chương', 'Theo nguyên tắc đã học trong chương', TRUE, 1);
INSERT INTO questions_answers (question_id, sentence, sentence_translation, is_correct, "order") VALUES (811510025, 'Tự ý làm theo ý mình', 'Tự ý làm theo ý mình', FALSE, 2);
INSERT INTO questions_answers (question_id, sentence, sentence_translation, is_correct, "order") VALUES (811510025, 'Im lặng không làm gì', 'Im lặng không làm gì', FALSE, 3);
INSERT INTO questions_answers (question_id, sentence, sentence_translation, is_correct, "order") VALUES (811510025, 'Nhờ người khác làm hộ', 'Nhờ người khác làm hộ', FALSE, 4);
INSERT INTO questions (id, user_id, is_system, is_khoa_cu, question_type, content_type, level, selection_type, question, passage, passage_translation, general_explanation, skill_category, base_difficulty, tenant_id, is_active, is_deleted, created_at, created_by) VALUES (811510026, NULL, TRUE, FALSE, 'chon_dap_an', 'jisshusei_baitap_t05_furyou_hin', 'N4', 'single', 'Tình huống 6 trong chương 5: phản ứng đúng là?

Phản ứng đúng cho tình huống 6:', NULL, NULL, 'Áp dụng nguyên tắc của chương: Sonkeigo/Kenjougo + 4 cấp xin lỗi + trace lot + 5W1H + 5 Why.', 'grammar', 1, 'system', TRUE, FALSE, NOW(), 'system') ON CONFLICT (id) DO UPDATE SET question_type = EXCLUDED.question_type, content_type = EXCLUDED.content_type, level = EXCLUDED.level, question = EXCLUDED.question, passage = EXCLUDED.passage, passage_translation = EXCLUDED.passage_translation, general_explanation = EXCLUDED.general_explanation, skill_category = EXCLUDED.skill_category, is_active = EXCLUDED.is_active, is_deleted = EXCLUDED.is_deleted, updated_at = NOW(), updated_by = 'system';
DELETE FROM questions_answers WHERE question_id = 811510026;
INSERT INTO questions_answers (question_id, sentence, sentence_translation, is_correct, "order") VALUES (811510026, 'Theo nguyên tắc đã học trong chương', 'Theo nguyên tắc đã học trong chương', TRUE, 1);
INSERT INTO questions_answers (question_id, sentence, sentence_translation, is_correct, "order") VALUES (811510026, 'Tự ý làm theo ý mình', 'Tự ý làm theo ý mình', FALSE, 2);
INSERT INTO questions_answers (question_id, sentence, sentence_translation, is_correct, "order") VALUES (811510026, 'Im lặng không làm gì', 'Im lặng không làm gì', FALSE, 3);
INSERT INTO questions_answers (question_id, sentence, sentence_translation, is_correct, "order") VALUES (811510026, 'Nhờ người khác làm hộ', 'Nhờ người khác làm hộ', FALSE, 4);
INSERT INTO questions (id, user_id, is_system, is_khoa_cu, question_type, content_type, level, selection_type, question, passage, passage_translation, general_explanation, skill_category, base_difficulty, tenant_id, is_active, is_deleted, created_at, created_by) VALUES (811510027, NULL, TRUE, FALSE, 'chon_dap_an', 'jisshusei_baitap_t05_furyou_hin', 'N4', 'single', 'Tình huống 7 trong chương 5: phản ứng đúng là?

Phản ứng đúng cho tình huống 7:', NULL, NULL, 'Áp dụng nguyên tắc của chương: Sonkeigo/Kenjougo + 4 cấp xin lỗi + trace lot + 5W1H + 5 Why.', 'grammar', 1, 'system', TRUE, FALSE, NOW(), 'system') ON CONFLICT (id) DO UPDATE SET question_type = EXCLUDED.question_type, content_type = EXCLUDED.content_type, level = EXCLUDED.level, question = EXCLUDED.question, passage = EXCLUDED.passage, passage_translation = EXCLUDED.passage_translation, general_explanation = EXCLUDED.general_explanation, skill_category = EXCLUDED.skill_category, is_active = EXCLUDED.is_active, is_deleted = EXCLUDED.is_deleted, updated_at = NOW(), updated_by = 'system';
DELETE FROM questions_answers WHERE question_id = 811510027;
INSERT INTO questions_answers (question_id, sentence, sentence_translation, is_correct, "order") VALUES (811510027, 'Theo nguyên tắc đã học trong chương', 'Theo nguyên tắc đã học trong chương', TRUE, 1);
INSERT INTO questions_answers (question_id, sentence, sentence_translation, is_correct, "order") VALUES (811510027, 'Tự ý làm theo ý mình', 'Tự ý làm theo ý mình', FALSE, 2);
INSERT INTO questions_answers (question_id, sentence, sentence_translation, is_correct, "order") VALUES (811510027, 'Im lặng không làm gì', 'Im lặng không làm gì', FALSE, 3);
INSERT INTO questions_answers (question_id, sentence, sentence_translation, is_correct, "order") VALUES (811510027, 'Nhờ người khác làm hộ', 'Nhờ người khác làm hộ', FALSE, 4);
INSERT INTO questions (id, user_id, is_system, is_khoa_cu, question_type, content_type, level, selection_type, question, passage, passage_translation, general_explanation, skill_category, base_difficulty, tenant_id, is_active, is_deleted, created_at, created_by) VALUES (811510028, NULL, TRUE, FALSE, 'chon_dap_an', 'jisshusei_baitap_t05_furyou_hin', 'N4', 'single', 'Tình huống 8 trong chương 5: phản ứng đúng là?

Phản ứng đúng cho tình huống 8:', NULL, NULL, 'Áp dụng nguyên tắc của chương: Sonkeigo/Kenjougo + 4 cấp xin lỗi + trace lot + 5W1H + 5 Why.', 'grammar', 1, 'system', TRUE, FALSE, NOW(), 'system') ON CONFLICT (id) DO UPDATE SET question_type = EXCLUDED.question_type, content_type = EXCLUDED.content_type, level = EXCLUDED.level, question = EXCLUDED.question, passage = EXCLUDED.passage, passage_translation = EXCLUDED.passage_translation, general_explanation = EXCLUDED.general_explanation, skill_category = EXCLUDED.skill_category, is_active = EXCLUDED.is_active, is_deleted = EXCLUDED.is_deleted, updated_at = NOW(), updated_by = 'system';
DELETE FROM questions_answers WHERE question_id = 811510028;
INSERT INTO questions_answers (question_id, sentence, sentence_translation, is_correct, "order") VALUES (811510028, 'Theo nguyên tắc đã học trong chương', 'Theo nguyên tắc đã học trong chương', TRUE, 1);
INSERT INTO questions_answers (question_id, sentence, sentence_translation, is_correct, "order") VALUES (811510028, 'Tự ý làm theo ý mình', 'Tự ý làm theo ý mình', FALSE, 2);
INSERT INTO questions_answers (question_id, sentence, sentence_translation, is_correct, "order") VALUES (811510028, 'Im lặng không làm gì', 'Im lặng không làm gì', FALSE, 3);
INSERT INTO questions_answers (question_id, sentence, sentence_translation, is_correct, "order") VALUES (811510028, 'Nhờ người khác làm hộ', 'Nhờ người khác làm hộ', FALSE, 4);
INSERT INTO questions (id, user_id, is_system, is_khoa_cu, question_type, content_type, level, selection_type, question, passage, passage_translation, general_explanation, skill_category, base_difficulty, tenant_id, is_active, is_deleted, created_at, created_by) VALUES (811510029, NULL, TRUE, FALSE, 'chon_dap_an', 'jisshusei_baitap_t05_furyou_hin', 'N4', 'single', 'Tình huống 9 trong chương 5: phản ứng đúng là?

Phản ứng đúng cho tình huống 9:', NULL, NULL, 'Áp dụng nguyên tắc của chương: Sonkeigo/Kenjougo + 4 cấp xin lỗi + trace lot + 5W1H + 5 Why.', 'grammar', 1, 'system', TRUE, FALSE, NOW(), 'system') ON CONFLICT (id) DO UPDATE SET question_type = EXCLUDED.question_type, content_type = EXCLUDED.content_type, level = EXCLUDED.level, question = EXCLUDED.question, passage = EXCLUDED.passage, passage_translation = EXCLUDED.passage_translation, general_explanation = EXCLUDED.general_explanation, skill_category = EXCLUDED.skill_category, is_active = EXCLUDED.is_active, is_deleted = EXCLUDED.is_deleted, updated_at = NOW(), updated_by = 'system';
DELETE FROM questions_answers WHERE question_id = 811510029;
INSERT INTO questions_answers (question_id, sentence, sentence_translation, is_correct, "order") VALUES (811510029, 'Theo nguyên tắc đã học trong chương', 'Theo nguyên tắc đã học trong chương', TRUE, 1);
INSERT INTO questions_answers (question_id, sentence, sentence_translation, is_correct, "order") VALUES (811510029, 'Tự ý làm theo ý mình', 'Tự ý làm theo ý mình', FALSE, 2);
INSERT INTO questions_answers (question_id, sentence, sentence_translation, is_correct, "order") VALUES (811510029, 'Im lặng không làm gì', 'Im lặng không làm gì', FALSE, 3);
INSERT INTO questions_answers (question_id, sentence, sentence_translation, is_correct, "order") VALUES (811510029, 'Nhờ người khác làm hộ', 'Nhờ người khác làm hộ', FALSE, 4);
INSERT INTO questions (id, user_id, is_system, is_khoa_cu, question_type, content_type, level, selection_type, question, passage, passage_translation, general_explanation, skill_category, base_difficulty, tenant_id, is_active, is_deleted, created_at, created_by) VALUES (811510030, NULL, TRUE, FALSE, 'chon_dap_an', 'jisshusei_baitap_t05_furyou_hin', 'N4', 'single', 'Tình huống 10 trong chương 5: phản ứng đúng là?

Phản ứng đúng cho tình huống 10:', NULL, NULL, 'Áp dụng nguyên tắc của chương: Sonkeigo/Kenjougo + 4 cấp xin lỗi + trace lot + 5W1H + 5 Why.', 'grammar', 1, 'system', TRUE, FALSE, NOW(), 'system') ON CONFLICT (id) DO UPDATE SET question_type = EXCLUDED.question_type, content_type = EXCLUDED.content_type, level = EXCLUDED.level, question = EXCLUDED.question, passage = EXCLUDED.passage, passage_translation = EXCLUDED.passage_translation, general_explanation = EXCLUDED.general_explanation, skill_category = EXCLUDED.skill_category, is_active = EXCLUDED.is_active, is_deleted = EXCLUDED.is_deleted, updated_at = NOW(), updated_by = 'system';
DELETE FROM questions_answers WHERE question_id = 811510030;
INSERT INTO questions_answers (question_id, sentence, sentence_translation, is_correct, "order") VALUES (811510030, 'Theo nguyên tắc đã học trong chương', 'Theo nguyên tắc đã học trong chương', TRUE, 1);
INSERT INTO questions_answers (question_id, sentence, sentence_translation, is_correct, "order") VALUES (811510030, 'Tự ý làm theo ý mình', 'Tự ý làm theo ý mình', FALSE, 2);
INSERT INTO questions_answers (question_id, sentence, sentence_translation, is_correct, "order") VALUES (811510030, 'Im lặng không làm gì', 'Im lặng không làm gì', FALSE, 3);
INSERT INTO questions_answers (question_id, sentence, sentence_translation, is_correct, "order") VALUES (811510030, 'Nhờ người khác làm hộ', 'Nhờ người khác làm hộ', FALSE, 4);
INSERT INTO questions (id, user_id, is_system, is_khoa_cu, question_type, content_type, level, selection_type, question, passage, passage_translation, general_explanation, skill_category, base_difficulty, tenant_id, is_active, is_deleted, created_at, created_by) VALUES (811510031, NULL, TRUE, FALSE, 'chon_dap_an', 'jisshusei_baitap_t05_furyou_hin', 'N4', 'single', 'Văn hoá Nhật trong chương 5, nuance #1:

Văn hoá Nhật chương 5, sắc thái #1:', NULL, NULL, 'Chi tiết xem trong LyThuyet chương 5.', 'grammar', 1, 'system', TRUE, FALSE, NOW(), 'system') ON CONFLICT (id) DO UPDATE SET question_type = EXCLUDED.question_type, content_type = EXCLUDED.content_type, level = EXCLUDED.level, question = EXCLUDED.question, passage = EXCLUDED.passage, passage_translation = EXCLUDED.passage_translation, general_explanation = EXCLUDED.general_explanation, skill_category = EXCLUDED.skill_category, is_active = EXCLUDED.is_active, is_deleted = EXCLUDED.is_deleted, updated_at = NOW(), updated_by = 'system';
DELETE FROM questions_answers WHERE question_id = 811510031;
INSERT INTO questions_answers (question_id, sentence, sentence_translation, is_correct, "order") VALUES (811510031, 'Cách tiếp cận tinh tế phù hợp văn hoá Nhật (đã giải thích trong LyThuyet)', 'Cách tiếp cận tinh tế phù hợp văn hoá Nhật (đã giải thích trong LyThuyet)', TRUE, 1);
INSERT INTO questions_answers (question_id, sentence, sentence_translation, is_correct, "order") VALUES (811510031, 'Cách tiếp cận thẳng thắn theo style phương Tây', 'Cách tiếp cận thẳng thắn theo style phương Tây', FALSE, 2);
INSERT INTO questions_answers (question_id, sentence, sentence_translation, is_correct, "order") VALUES (811510031, 'Im lặng là tốt nhất', 'Im lặng là tốt nhất', FALSE, 3);
INSERT INTO questions_answers (question_id, sentence, sentence_translation, is_correct, "order") VALUES (811510031, 'Không có sự khác biệt văn hoá', 'Không có sự khác biệt văn hoá', FALSE, 4);
INSERT INTO questions (id, user_id, is_system, is_khoa_cu, question_type, content_type, level, selection_type, question, passage, passage_translation, general_explanation, skill_category, base_difficulty, tenant_id, is_active, is_deleted, created_at, created_by) VALUES (811510032, NULL, TRUE, FALSE, 'chon_dap_an', 'jisshusei_baitap_t05_furyou_hin', 'N4', 'single', 'Văn hoá Nhật trong chương 5, nuance #2:

Văn hoá Nhật chương 5, sắc thái #2:', NULL, NULL, 'Chi tiết xem trong LyThuyet chương 5.', 'grammar', 1, 'system', TRUE, FALSE, NOW(), 'system') ON CONFLICT (id) DO UPDATE SET question_type = EXCLUDED.question_type, content_type = EXCLUDED.content_type, level = EXCLUDED.level, question = EXCLUDED.question, passage = EXCLUDED.passage, passage_translation = EXCLUDED.passage_translation, general_explanation = EXCLUDED.general_explanation, skill_category = EXCLUDED.skill_category, is_active = EXCLUDED.is_active, is_deleted = EXCLUDED.is_deleted, updated_at = NOW(), updated_by = 'system';
DELETE FROM questions_answers WHERE question_id = 811510032;
INSERT INTO questions_answers (question_id, sentence, sentence_translation, is_correct, "order") VALUES (811510032, 'Cách tiếp cận tinh tế phù hợp văn hoá Nhật (đã giải thích trong LyThuyet)', 'Cách tiếp cận tinh tế phù hợp văn hoá Nhật (đã giải thích trong LyThuyet)', TRUE, 1);
INSERT INTO questions_answers (question_id, sentence, sentence_translation, is_correct, "order") VALUES (811510032, 'Cách tiếp cận thẳng thắn theo style phương Tây', 'Cách tiếp cận thẳng thắn theo style phương Tây', FALSE, 2);
INSERT INTO questions_answers (question_id, sentence, sentence_translation, is_correct, "order") VALUES (811510032, 'Im lặng là tốt nhất', 'Im lặng là tốt nhất', FALSE, 3);
INSERT INTO questions_answers (question_id, sentence, sentence_translation, is_correct, "order") VALUES (811510032, 'Không có sự khác biệt văn hoá', 'Không có sự khác biệt văn hoá', FALSE, 4);
INSERT INTO questions (id, user_id, is_system, is_khoa_cu, question_type, content_type, level, selection_type, question, passage, passage_translation, general_explanation, skill_category, base_difficulty, tenant_id, is_active, is_deleted, created_at, created_by) VALUES (811510033, NULL, TRUE, FALSE, 'chon_dap_an', 'jisshusei_baitap_t05_furyou_hin', 'N4', 'single', 'Văn hoá Nhật trong chương 5, nuance #3:

Văn hoá Nhật chương 5, sắc thái #3:', NULL, NULL, 'Chi tiết xem trong LyThuyet chương 5.', 'grammar', 1, 'system', TRUE, FALSE, NOW(), 'system') ON CONFLICT (id) DO UPDATE SET question_type = EXCLUDED.question_type, content_type = EXCLUDED.content_type, level = EXCLUDED.level, question = EXCLUDED.question, passage = EXCLUDED.passage, passage_translation = EXCLUDED.passage_translation, general_explanation = EXCLUDED.general_explanation, skill_category = EXCLUDED.skill_category, is_active = EXCLUDED.is_active, is_deleted = EXCLUDED.is_deleted, updated_at = NOW(), updated_by = 'system';
DELETE FROM questions_answers WHERE question_id = 811510033;
INSERT INTO questions_answers (question_id, sentence, sentence_translation, is_correct, "order") VALUES (811510033, 'Cách tiếp cận tinh tế phù hợp văn hoá Nhật (đã giải thích trong LyThuyet)', 'Cách tiếp cận tinh tế phù hợp văn hoá Nhật (đã giải thích trong LyThuyet)', TRUE, 1);
INSERT INTO questions_answers (question_id, sentence, sentence_translation, is_correct, "order") VALUES (811510033, 'Cách tiếp cận thẳng thắn theo style phương Tây', 'Cách tiếp cận thẳng thắn theo style phương Tây', FALSE, 2);
INSERT INTO questions_answers (question_id, sentence, sentence_translation, is_correct, "order") VALUES (811510033, 'Im lặng là tốt nhất', 'Im lặng là tốt nhất', FALSE, 3);
INSERT INTO questions_answers (question_id, sentence, sentence_translation, is_correct, "order") VALUES (811510033, 'Không có sự khác biệt văn hoá', 'Không có sự khác biệt văn hoá', FALSE, 4);
INSERT INTO questions (id, user_id, is_system, is_khoa_cu, question_type, content_type, level, selection_type, question, passage, passage_translation, general_explanation, skill_category, base_difficulty, tenant_id, is_active, is_deleted, created_at, created_by) VALUES (811510034, NULL, TRUE, FALSE, 'chon_dap_an', 'jisshusei_baitap_t05_furyou_hin', 'N4', 'single', 'Văn hoá Nhật trong chương 5, nuance #4:

Văn hoá Nhật chương 5, sắc thái #4:', NULL, NULL, 'Chi tiết xem trong LyThuyet chương 5.', 'grammar', 1, 'system', TRUE, FALSE, NOW(), 'system') ON CONFLICT (id) DO UPDATE SET question_type = EXCLUDED.question_type, content_type = EXCLUDED.content_type, level = EXCLUDED.level, question = EXCLUDED.question, passage = EXCLUDED.passage, passage_translation = EXCLUDED.passage_translation, general_explanation = EXCLUDED.general_explanation, skill_category = EXCLUDED.skill_category, is_active = EXCLUDED.is_active, is_deleted = EXCLUDED.is_deleted, updated_at = NOW(), updated_by = 'system';
DELETE FROM questions_answers WHERE question_id = 811510034;
INSERT INTO questions_answers (question_id, sentence, sentence_translation, is_correct, "order") VALUES (811510034, 'Cách tiếp cận tinh tế phù hợp văn hoá Nhật (đã giải thích trong LyThuyet)', 'Cách tiếp cận tinh tế phù hợp văn hoá Nhật (đã giải thích trong LyThuyet)', TRUE, 1);
INSERT INTO questions_answers (question_id, sentence, sentence_translation, is_correct, "order") VALUES (811510034, 'Cách tiếp cận thẳng thắn theo style phương Tây', 'Cách tiếp cận thẳng thắn theo style phương Tây', FALSE, 2);
INSERT INTO questions_answers (question_id, sentence, sentence_translation, is_correct, "order") VALUES (811510034, 'Im lặng là tốt nhất', 'Im lặng là tốt nhất', FALSE, 3);
INSERT INTO questions_answers (question_id, sentence, sentence_translation, is_correct, "order") VALUES (811510034, 'Không có sự khác biệt văn hoá', 'Không có sự khác biệt văn hoá', FALSE, 4);
INSERT INTO questions (id, user_id, is_system, is_khoa_cu, question_type, content_type, level, selection_type, question, passage, passage_translation, general_explanation, skill_category, base_difficulty, tenant_id, is_active, is_deleted, created_at, created_by) VALUES (811510035, NULL, TRUE, FALSE, 'chon_dap_an', 'jisshusei_baitap_t05_furyou_hin', 'N4', 'single', 'Văn hoá Nhật trong chương 5, nuance #5:

Văn hoá Nhật chương 5, sắc thái #5:', NULL, NULL, 'Chi tiết xem trong LyThuyet chương 5.', 'grammar', 1, 'system', TRUE, FALSE, NOW(), 'system') ON CONFLICT (id) DO UPDATE SET question_type = EXCLUDED.question_type, content_type = EXCLUDED.content_type, level = EXCLUDED.level, question = EXCLUDED.question, passage = EXCLUDED.passage, passage_translation = EXCLUDED.passage_translation, general_explanation = EXCLUDED.general_explanation, skill_category = EXCLUDED.skill_category, is_active = EXCLUDED.is_active, is_deleted = EXCLUDED.is_deleted, updated_at = NOW(), updated_by = 'system';
DELETE FROM questions_answers WHERE question_id = 811510035;
INSERT INTO questions_answers (question_id, sentence, sentence_translation, is_correct, "order") VALUES (811510035, 'Cách tiếp cận tinh tế phù hợp văn hoá Nhật (đã giải thích trong LyThuyet)', 'Cách tiếp cận tinh tế phù hợp văn hoá Nhật (đã giải thích trong LyThuyet)', TRUE, 1);
INSERT INTO questions_answers (question_id, sentence, sentence_translation, is_correct, "order") VALUES (811510035, 'Cách tiếp cận thẳng thắn theo style phương Tây', 'Cách tiếp cận thẳng thắn theo style phương Tây', FALSE, 2);
INSERT INTO questions_answers (question_id, sentence, sentence_translation, is_correct, "order") VALUES (811510035, 'Im lặng là tốt nhất', 'Im lặng là tốt nhất', FALSE, 3);
INSERT INTO questions_answers (question_id, sentence, sentence_translation, is_correct, "order") VALUES (811510035, 'Không có sự khác biệt văn hoá', 'Không có sự khác biệt văn hoá', FALSE, 4);
INSERT INTO questions (id, user_id, is_system, is_khoa_cu, question_type, content_type, level, selection_type, question, passage, passage_translation, general_explanation, skill_category, base_difficulty, tenant_id, is_active, is_deleted, created_at, created_by) VALUES (811510036, NULL, TRUE, FALSE, 'chon_dap_an', 'jisshusei_baitap_t05_furyou_hin', 'N4', 'single', 'Văn hoá Nhật trong chương 5, nuance #6:

Văn hoá Nhật chương 5, sắc thái #6:', NULL, NULL, 'Chi tiết xem trong LyThuyet chương 5.', 'grammar', 1, 'system', TRUE, FALSE, NOW(), 'system') ON CONFLICT (id) DO UPDATE SET question_type = EXCLUDED.question_type, content_type = EXCLUDED.content_type, level = EXCLUDED.level, question = EXCLUDED.question, passage = EXCLUDED.passage, passage_translation = EXCLUDED.passage_translation, general_explanation = EXCLUDED.general_explanation, skill_category = EXCLUDED.skill_category, is_active = EXCLUDED.is_active, is_deleted = EXCLUDED.is_deleted, updated_at = NOW(), updated_by = 'system';
DELETE FROM questions_answers WHERE question_id = 811510036;
INSERT INTO questions_answers (question_id, sentence, sentence_translation, is_correct, "order") VALUES (811510036, 'Cách tiếp cận tinh tế phù hợp văn hoá Nhật (đã giải thích trong LyThuyet)', 'Cách tiếp cận tinh tế phù hợp văn hoá Nhật (đã giải thích trong LyThuyet)', TRUE, 1);
INSERT INTO questions_answers (question_id, sentence, sentence_translation, is_correct, "order") VALUES (811510036, 'Cách tiếp cận thẳng thắn theo style phương Tây', 'Cách tiếp cận thẳng thắn theo style phương Tây', FALSE, 2);
INSERT INTO questions_answers (question_id, sentence, sentence_translation, is_correct, "order") VALUES (811510036, 'Im lặng là tốt nhất', 'Im lặng là tốt nhất', FALSE, 3);
INSERT INTO questions_answers (question_id, sentence, sentence_translation, is_correct, "order") VALUES (811510036, 'Không có sự khác biệt văn hoá', 'Không có sự khác biệt văn hoá', FALSE, 4);
INSERT INTO questions (id, user_id, is_system, is_khoa_cu, question_type, content_type, level, selection_type, question, passage, passage_translation, general_explanation, skill_category, base_difficulty, tenant_id, is_active, is_deleted, created_at, created_by) VALUES (811510037, NULL, TRUE, FALSE, 'chon_dap_an', 'jisshusei_baitap_t05_furyou_hin', 'N4', 'single', 'Văn hoá Nhật trong chương 5, nuance #7:

Văn hoá Nhật chương 5, sắc thái #7:', NULL, NULL, 'Chi tiết xem trong LyThuyet chương 5.', 'grammar', 1, 'system', TRUE, FALSE, NOW(), 'system') ON CONFLICT (id) DO UPDATE SET question_type = EXCLUDED.question_type, content_type = EXCLUDED.content_type, level = EXCLUDED.level, question = EXCLUDED.question, passage = EXCLUDED.passage, passage_translation = EXCLUDED.passage_translation, general_explanation = EXCLUDED.general_explanation, skill_category = EXCLUDED.skill_category, is_active = EXCLUDED.is_active, is_deleted = EXCLUDED.is_deleted, updated_at = NOW(), updated_by = 'system';
DELETE FROM questions_answers WHERE question_id = 811510037;
INSERT INTO questions_answers (question_id, sentence, sentence_translation, is_correct, "order") VALUES (811510037, 'Cách tiếp cận tinh tế phù hợp văn hoá Nhật (đã giải thích trong LyThuyet)', 'Cách tiếp cận tinh tế phù hợp văn hoá Nhật (đã giải thích trong LyThuyet)', TRUE, 1);
INSERT INTO questions_answers (question_id, sentence, sentence_translation, is_correct, "order") VALUES (811510037, 'Cách tiếp cận thẳng thắn theo style phương Tây', 'Cách tiếp cận thẳng thắn theo style phương Tây', FALSE, 2);
INSERT INTO questions_answers (question_id, sentence, sentence_translation, is_correct, "order") VALUES (811510037, 'Im lặng là tốt nhất', 'Im lặng là tốt nhất', FALSE, 3);
INSERT INTO questions_answers (question_id, sentence, sentence_translation, is_correct, "order") VALUES (811510037, 'Không có sự khác biệt văn hoá', 'Không có sự khác biệt văn hoá', FALSE, 4);
INSERT INTO questions (id, user_id, is_system, is_khoa_cu, question_type, content_type, level, selection_type, question, passage, passage_translation, general_explanation, skill_category, base_difficulty, tenant_id, is_active, is_deleted, created_at, created_by) VALUES (811510038, NULL, TRUE, FALSE, 'chon_dap_an', 'jisshusei_baitap_t05_furyou_hin', 'N4', 'single', 'Văn hoá Nhật trong chương 5, nuance #8:

Văn hoá Nhật chương 5, sắc thái #8:', NULL, NULL, 'Chi tiết xem trong LyThuyet chương 5.', 'grammar', 1, 'system', TRUE, FALSE, NOW(), 'system') ON CONFLICT (id) DO UPDATE SET question_type = EXCLUDED.question_type, content_type = EXCLUDED.content_type, level = EXCLUDED.level, question = EXCLUDED.question, passage = EXCLUDED.passage, passage_translation = EXCLUDED.passage_translation, general_explanation = EXCLUDED.general_explanation, skill_category = EXCLUDED.skill_category, is_active = EXCLUDED.is_active, is_deleted = EXCLUDED.is_deleted, updated_at = NOW(), updated_by = 'system';
DELETE FROM questions_answers WHERE question_id = 811510038;
INSERT INTO questions_answers (question_id, sentence, sentence_translation, is_correct, "order") VALUES (811510038, 'Cách tiếp cận tinh tế phù hợp văn hoá Nhật (đã giải thích trong LyThuyet)', 'Cách tiếp cận tinh tế phù hợp văn hoá Nhật (đã giải thích trong LyThuyet)', TRUE, 1);
INSERT INTO questions_answers (question_id, sentence, sentence_translation, is_correct, "order") VALUES (811510038, 'Cách tiếp cận thẳng thắn theo style phương Tây', 'Cách tiếp cận thẳng thắn theo style phương Tây', FALSE, 2);
INSERT INTO questions_answers (question_id, sentence, sentence_translation, is_correct, "order") VALUES (811510038, 'Im lặng là tốt nhất', 'Im lặng là tốt nhất', FALSE, 3);
INSERT INTO questions_answers (question_id, sentence, sentence_translation, is_correct, "order") VALUES (811510038, 'Không có sự khác biệt văn hoá', 'Không có sự khác biệt văn hoá', FALSE, 4);
INSERT INTO questions (id, user_id, is_system, is_khoa_cu, question_type, content_type, level, selection_type, question, passage, passage_translation, general_explanation, skill_category, base_difficulty, tenant_id, is_active, is_deleted, created_at, created_by) VALUES (811510039, NULL, TRUE, FALSE, 'chon_dap_an', 'jisshusei_baitap_t05_furyou_hin', 'N4', 'single', 'Văn hoá Nhật trong chương 5, nuance #9:

Văn hoá Nhật chương 5, sắc thái #9:', NULL, NULL, 'Chi tiết xem trong LyThuyet chương 5.', 'grammar', 1, 'system', TRUE, FALSE, NOW(), 'system') ON CONFLICT (id) DO UPDATE SET question_type = EXCLUDED.question_type, content_type = EXCLUDED.content_type, level = EXCLUDED.level, question = EXCLUDED.question, passage = EXCLUDED.passage, passage_translation = EXCLUDED.passage_translation, general_explanation = EXCLUDED.general_explanation, skill_category = EXCLUDED.skill_category, is_active = EXCLUDED.is_active, is_deleted = EXCLUDED.is_deleted, updated_at = NOW(), updated_by = 'system';
DELETE FROM questions_answers WHERE question_id = 811510039;
INSERT INTO questions_answers (question_id, sentence, sentence_translation, is_correct, "order") VALUES (811510039, 'Cách tiếp cận tinh tế phù hợp văn hoá Nhật (đã giải thích trong LyThuyet)', 'Cách tiếp cận tinh tế phù hợp văn hoá Nhật (đã giải thích trong LyThuyet)', TRUE, 1);
INSERT INTO questions_answers (question_id, sentence, sentence_translation, is_correct, "order") VALUES (811510039, 'Cách tiếp cận thẳng thắn theo style phương Tây', 'Cách tiếp cận thẳng thắn theo style phương Tây', FALSE, 2);
INSERT INTO questions_answers (question_id, sentence, sentence_translation, is_correct, "order") VALUES (811510039, 'Im lặng là tốt nhất', 'Im lặng là tốt nhất', FALSE, 3);
INSERT INTO questions_answers (question_id, sentence, sentence_translation, is_correct, "order") VALUES (811510039, 'Không có sự khác biệt văn hoá', 'Không có sự khác biệt văn hoá', FALSE, 4);
INSERT INTO questions (id, user_id, is_system, is_khoa_cu, question_type, content_type, level, selection_type, question, passage, passage_translation, general_explanation, skill_category, base_difficulty, tenant_id, is_active, is_deleted, created_at, created_by) VALUES (811510040, NULL, TRUE, FALSE, 'chon_dap_an', 'jisshusei_baitap_t05_furyou_hin', 'N4', 'single', 'Văn hoá Nhật trong chương 5, nuance #10:

Văn hoá Nhật chương 5, sắc thái #10:', NULL, NULL, 'Chi tiết xem trong LyThuyet chương 5.', 'grammar', 1, 'system', TRUE, FALSE, NOW(), 'system') ON CONFLICT (id) DO UPDATE SET question_type = EXCLUDED.question_type, content_type = EXCLUDED.content_type, level = EXCLUDED.level, question = EXCLUDED.question, passage = EXCLUDED.passage, passage_translation = EXCLUDED.passage_translation, general_explanation = EXCLUDED.general_explanation, skill_category = EXCLUDED.skill_category, is_active = EXCLUDED.is_active, is_deleted = EXCLUDED.is_deleted, updated_at = NOW(), updated_by = 'system';
DELETE FROM questions_answers WHERE question_id = 811510040;
INSERT INTO questions_answers (question_id, sentence, sentence_translation, is_correct, "order") VALUES (811510040, 'Cách tiếp cận tinh tế phù hợp văn hoá Nhật (đã giải thích trong LyThuyet)', 'Cách tiếp cận tinh tế phù hợp văn hoá Nhật (đã giải thích trong LyThuyet)', TRUE, 1);
INSERT INTO questions_answers (question_id, sentence, sentence_translation, is_correct, "order") VALUES (811510040, 'Cách tiếp cận thẳng thắn theo style phương Tây', 'Cách tiếp cận thẳng thắn theo style phương Tây', FALSE, 2);
INSERT INTO questions_answers (question_id, sentence, sentence_translation, is_correct, "order") VALUES (811510040, 'Im lặng là tốt nhất', 'Im lặng là tốt nhất', FALSE, 3);
INSERT INTO questions_answers (question_id, sentence, sentence_translation, is_correct, "order") VALUES (811510040, 'Không có sự khác biệt văn hoá', 'Không có sự khác biệt văn hoá', FALSE, 4);

INSERT INTO study_question_sets (id, name, description, set_type, card_count, tenant_id, is_active, is_deleted, created_at, created_by) VALUES (8110511, 'T5. Lần đầu mắc lỗi — Bài tập Level 1', 'Bài tập trắc nghiệm — Level 1: N5', 'practice', 10, 'system', TRUE, FALSE, NOW(), 'system') ON CONFLICT (id) DO UPDATE SET name = EXCLUDED.name, description = EXCLUDED.description, set_type = EXCLUDED.set_type, card_count = EXCLUDED.card_count, is_active = EXCLUDED.is_active, is_deleted = EXCLUDED.is_deleted, updated_at = NOW(), updated_by = 'system';
INSERT INTO study_question_set_questions (study_question_set_id, question_id, order_index, tenant_id, is_deleted, created_at, created_by) VALUES (8110511, 811510001, 1, 'system', FALSE, NOW(), 'system') ON CONFLICT (study_question_set_id, question_id) DO UPDATE SET order_index = EXCLUDED.order_index, is_deleted = FALSE;
INSERT INTO study_question_set_questions (study_question_set_id, question_id, order_index, tenant_id, is_deleted, created_at, created_by) VALUES (8110511, 811510002, 2, 'system', FALSE, NOW(), 'system') ON CONFLICT (study_question_set_id, question_id) DO UPDATE SET order_index = EXCLUDED.order_index, is_deleted = FALSE;
INSERT INTO study_question_set_questions (study_question_set_id, question_id, order_index, tenant_id, is_deleted, created_at, created_by) VALUES (8110511, 811510003, 3, 'system', FALSE, NOW(), 'system') ON CONFLICT (study_question_set_id, question_id) DO UPDATE SET order_index = EXCLUDED.order_index, is_deleted = FALSE;
INSERT INTO study_question_set_questions (study_question_set_id, question_id, order_index, tenant_id, is_deleted, created_at, created_by) VALUES (8110511, 811510004, 4, 'system', FALSE, NOW(), 'system') ON CONFLICT (study_question_set_id, question_id) DO UPDATE SET order_index = EXCLUDED.order_index, is_deleted = FALSE;
INSERT INTO study_question_set_questions (study_question_set_id, question_id, order_index, tenant_id, is_deleted, created_at, created_by) VALUES (8110511, 811510005, 5, 'system', FALSE, NOW(), 'system') ON CONFLICT (study_question_set_id, question_id) DO UPDATE SET order_index = EXCLUDED.order_index, is_deleted = FALSE;
INSERT INTO study_question_set_questions (study_question_set_id, question_id, order_index, tenant_id, is_deleted, created_at, created_by) VALUES (8110511, 811510006, 6, 'system', FALSE, NOW(), 'system') ON CONFLICT (study_question_set_id, question_id) DO UPDATE SET order_index = EXCLUDED.order_index, is_deleted = FALSE;
INSERT INTO study_question_set_questions (study_question_set_id, question_id, order_index, tenant_id, is_deleted, created_at, created_by) VALUES (8110511, 811510007, 7, 'system', FALSE, NOW(), 'system') ON CONFLICT (study_question_set_id, question_id) DO UPDATE SET order_index = EXCLUDED.order_index, is_deleted = FALSE;
INSERT INTO study_question_set_questions (study_question_set_id, question_id, order_index, tenant_id, is_deleted, created_at, created_by) VALUES (8110511, 811510008, 8, 'system', FALSE, NOW(), 'system') ON CONFLICT (study_question_set_id, question_id) DO UPDATE SET order_index = EXCLUDED.order_index, is_deleted = FALSE;
INSERT INTO study_question_set_questions (study_question_set_id, question_id, order_index, tenant_id, is_deleted, created_at, created_by) VALUES (8110511, 811510009, 9, 'system', FALSE, NOW(), 'system') ON CONFLICT (study_question_set_id, question_id) DO UPDATE SET order_index = EXCLUDED.order_index, is_deleted = FALSE;
INSERT INTO study_question_set_questions (study_question_set_id, question_id, order_index, tenant_id, is_deleted, created_at, created_by) VALUES (8110511, 811510010, 10, 'system', FALSE, NOW(), 'system') ON CONFLICT (study_question_set_id, question_id) DO UPDATE SET order_index = EXCLUDED.order_index, is_deleted = FALSE;
INSERT INTO study_resource_question_sets (resource_type, resource_id, study_question_set_id, position, context, tenant_id, is_active, is_deleted, created_at, created_by) VALUES ('module', 8011005, 8110511, 1, '{"label": "T5. Lần đầu mắc lỗi — Bài tập Level 1"}'::jsonb, 'system', TRUE, FALSE, NOW(), 'system') ON CONFLICT (resource_type, resource_id, study_question_set_id) DO UPDATE SET position = EXCLUDED.position, context = EXCLUDED.context, is_active = TRUE, is_deleted = FALSE;

INSERT INTO study_question_sets (id, name, description, set_type, card_count, tenant_id, is_active, is_deleted, created_at, created_by) VALUES (8110512, 'T5. Lần đầu mắc lỗi — Bài tập Level 2', 'Bài tập trắc nghiệm — Level 2: N5', 'practice', 10, 'system', TRUE, FALSE, NOW(), 'system') ON CONFLICT (id) DO UPDATE SET name = EXCLUDED.name, description = EXCLUDED.description, set_type = EXCLUDED.set_type, card_count = EXCLUDED.card_count, is_active = EXCLUDED.is_active, is_deleted = EXCLUDED.is_deleted, updated_at = NOW(), updated_by = 'system';
INSERT INTO study_question_set_questions (study_question_set_id, question_id, order_index, tenant_id, is_deleted, created_at, created_by) VALUES (8110512, 811510011, 1, 'system', FALSE, NOW(), 'system') ON CONFLICT (study_question_set_id, question_id) DO UPDATE SET order_index = EXCLUDED.order_index, is_deleted = FALSE;
INSERT INTO study_question_set_questions (study_question_set_id, question_id, order_index, tenant_id, is_deleted, created_at, created_by) VALUES (8110512, 811510012, 2, 'system', FALSE, NOW(), 'system') ON CONFLICT (study_question_set_id, question_id) DO UPDATE SET order_index = EXCLUDED.order_index, is_deleted = FALSE;
INSERT INTO study_question_set_questions (study_question_set_id, question_id, order_index, tenant_id, is_deleted, created_at, created_by) VALUES (8110512, 811510013, 3, 'system', FALSE, NOW(), 'system') ON CONFLICT (study_question_set_id, question_id) DO UPDATE SET order_index = EXCLUDED.order_index, is_deleted = FALSE;
INSERT INTO study_question_set_questions (study_question_set_id, question_id, order_index, tenant_id, is_deleted, created_at, created_by) VALUES (8110512, 811510014, 4, 'system', FALSE, NOW(), 'system') ON CONFLICT (study_question_set_id, question_id) DO UPDATE SET order_index = EXCLUDED.order_index, is_deleted = FALSE;
INSERT INTO study_question_set_questions (study_question_set_id, question_id, order_index, tenant_id, is_deleted, created_at, created_by) VALUES (8110512, 811510015, 5, 'system', FALSE, NOW(), 'system') ON CONFLICT (study_question_set_id, question_id) DO UPDATE SET order_index = EXCLUDED.order_index, is_deleted = FALSE;
INSERT INTO study_question_set_questions (study_question_set_id, question_id, order_index, tenant_id, is_deleted, created_at, created_by) VALUES (8110512, 811510016, 6, 'system', FALSE, NOW(), 'system') ON CONFLICT (study_question_set_id, question_id) DO UPDATE SET order_index = EXCLUDED.order_index, is_deleted = FALSE;
INSERT INTO study_question_set_questions (study_question_set_id, question_id, order_index, tenant_id, is_deleted, created_at, created_by) VALUES (8110512, 811510017, 7, 'system', FALSE, NOW(), 'system') ON CONFLICT (study_question_set_id, question_id) DO UPDATE SET order_index = EXCLUDED.order_index, is_deleted = FALSE;
INSERT INTO study_question_set_questions (study_question_set_id, question_id, order_index, tenant_id, is_deleted, created_at, created_by) VALUES (8110512, 811510018, 8, 'system', FALSE, NOW(), 'system') ON CONFLICT (study_question_set_id, question_id) DO UPDATE SET order_index = EXCLUDED.order_index, is_deleted = FALSE;
INSERT INTO study_question_set_questions (study_question_set_id, question_id, order_index, tenant_id, is_deleted, created_at, created_by) VALUES (8110512, 811510019, 9, 'system', FALSE, NOW(), 'system') ON CONFLICT (study_question_set_id, question_id) DO UPDATE SET order_index = EXCLUDED.order_index, is_deleted = FALSE;
INSERT INTO study_question_set_questions (study_question_set_id, question_id, order_index, tenant_id, is_deleted, created_at, created_by) VALUES (8110512, 811510020, 10, 'system', FALSE, NOW(), 'system') ON CONFLICT (study_question_set_id, question_id) DO UPDATE SET order_index = EXCLUDED.order_index, is_deleted = FALSE;
INSERT INTO study_resource_question_sets (resource_type, resource_id, study_question_set_id, position, context, tenant_id, is_active, is_deleted, created_at, created_by) VALUES ('module', 8011005, 8110512, 2, '{"label": "T5. Lần đầu mắc lỗi — Bài tập Level 2"}'::jsonb, 'system', TRUE, FALSE, NOW(), 'system') ON CONFLICT (resource_type, resource_id, study_question_set_id) DO UPDATE SET position = EXCLUDED.position, context = EXCLUDED.context, is_active = TRUE, is_deleted = FALSE;

INSERT INTO study_question_sets (id, name, description, set_type, card_count, tenant_id, is_active, is_deleted, created_at, created_by) VALUES (8110513, 'T5. Lần đầu mắc lỗi — Bài tập Level 3', 'Bài tập trắc nghiệm — Level 3: N4', 'practice', 10, 'system', TRUE, FALSE, NOW(), 'system') ON CONFLICT (id) DO UPDATE SET name = EXCLUDED.name, description = EXCLUDED.description, set_type = EXCLUDED.set_type, card_count = EXCLUDED.card_count, is_active = EXCLUDED.is_active, is_deleted = EXCLUDED.is_deleted, updated_at = NOW(), updated_by = 'system';
INSERT INTO study_question_set_questions (study_question_set_id, question_id, order_index, tenant_id, is_deleted, created_at, created_by) VALUES (8110513, 811510021, 1, 'system', FALSE, NOW(), 'system') ON CONFLICT (study_question_set_id, question_id) DO UPDATE SET order_index = EXCLUDED.order_index, is_deleted = FALSE;
INSERT INTO study_question_set_questions (study_question_set_id, question_id, order_index, tenant_id, is_deleted, created_at, created_by) VALUES (8110513, 811510022, 2, 'system', FALSE, NOW(), 'system') ON CONFLICT (study_question_set_id, question_id) DO UPDATE SET order_index = EXCLUDED.order_index, is_deleted = FALSE;
INSERT INTO study_question_set_questions (study_question_set_id, question_id, order_index, tenant_id, is_deleted, created_at, created_by) VALUES (8110513, 811510023, 3, 'system', FALSE, NOW(), 'system') ON CONFLICT (study_question_set_id, question_id) DO UPDATE SET order_index = EXCLUDED.order_index, is_deleted = FALSE;
INSERT INTO study_question_set_questions (study_question_set_id, question_id, order_index, tenant_id, is_deleted, created_at, created_by) VALUES (8110513, 811510024, 4, 'system', FALSE, NOW(), 'system') ON CONFLICT (study_question_set_id, question_id) DO UPDATE SET order_index = EXCLUDED.order_index, is_deleted = FALSE;
INSERT INTO study_question_set_questions (study_question_set_id, question_id, order_index, tenant_id, is_deleted, created_at, created_by) VALUES (8110513, 811510025, 5, 'system', FALSE, NOW(), 'system') ON CONFLICT (study_question_set_id, question_id) DO UPDATE SET order_index = EXCLUDED.order_index, is_deleted = FALSE;
INSERT INTO study_question_set_questions (study_question_set_id, question_id, order_index, tenant_id, is_deleted, created_at, created_by) VALUES (8110513, 811510026, 6, 'system', FALSE, NOW(), 'system') ON CONFLICT (study_question_set_id, question_id) DO UPDATE SET order_index = EXCLUDED.order_index, is_deleted = FALSE;
INSERT INTO study_question_set_questions (study_question_set_id, question_id, order_index, tenant_id, is_deleted, created_at, created_by) VALUES (8110513, 811510027, 7, 'system', FALSE, NOW(), 'system') ON CONFLICT (study_question_set_id, question_id) DO UPDATE SET order_index = EXCLUDED.order_index, is_deleted = FALSE;
INSERT INTO study_question_set_questions (study_question_set_id, question_id, order_index, tenant_id, is_deleted, created_at, created_by) VALUES (8110513, 811510028, 8, 'system', FALSE, NOW(), 'system') ON CONFLICT (study_question_set_id, question_id) DO UPDATE SET order_index = EXCLUDED.order_index, is_deleted = FALSE;
INSERT INTO study_question_set_questions (study_question_set_id, question_id, order_index, tenant_id, is_deleted, created_at, created_by) VALUES (8110513, 811510029, 9, 'system', FALSE, NOW(), 'system') ON CONFLICT (study_question_set_id, question_id) DO UPDATE SET order_index = EXCLUDED.order_index, is_deleted = FALSE;
INSERT INTO study_question_set_questions (study_question_set_id, question_id, order_index, tenant_id, is_deleted, created_at, created_by) VALUES (8110513, 811510030, 10, 'system', FALSE, NOW(), 'system') ON CONFLICT (study_question_set_id, question_id) DO UPDATE SET order_index = EXCLUDED.order_index, is_deleted = FALSE;
INSERT INTO study_resource_question_sets (resource_type, resource_id, study_question_set_id, position, context, tenant_id, is_active, is_deleted, created_at, created_by) VALUES ('module', 8011005, 8110513, 3, '{"label": "T5. Lần đầu mắc lỗi — Bài tập Level 3"}'::jsonb, 'system', TRUE, FALSE, NOW(), 'system') ON CONFLICT (resource_type, resource_id, study_question_set_id) DO UPDATE SET position = EXCLUDED.position, context = EXCLUDED.context, is_active = TRUE, is_deleted = FALSE;

INSERT INTO study_question_sets (id, name, description, set_type, card_count, tenant_id, is_active, is_deleted, created_at, created_by) VALUES (8110514, 'T5. Lần đầu mắc lỗi — Bài tập Level 4', 'Bài tập trắc nghiệm — Level 4: N4', 'practice', 10, 'system', TRUE, FALSE, NOW(), 'system') ON CONFLICT (id) DO UPDATE SET name = EXCLUDED.name, description = EXCLUDED.description, set_type = EXCLUDED.set_type, card_count = EXCLUDED.card_count, is_active = EXCLUDED.is_active, is_deleted = EXCLUDED.is_deleted, updated_at = NOW(), updated_by = 'system';
INSERT INTO study_question_set_questions (study_question_set_id, question_id, order_index, tenant_id, is_deleted, created_at, created_by) VALUES (8110514, 811510031, 1, 'system', FALSE, NOW(), 'system') ON CONFLICT (study_question_set_id, question_id) DO UPDATE SET order_index = EXCLUDED.order_index, is_deleted = FALSE;
INSERT INTO study_question_set_questions (study_question_set_id, question_id, order_index, tenant_id, is_deleted, created_at, created_by) VALUES (8110514, 811510032, 2, 'system', FALSE, NOW(), 'system') ON CONFLICT (study_question_set_id, question_id) DO UPDATE SET order_index = EXCLUDED.order_index, is_deleted = FALSE;
INSERT INTO study_question_set_questions (study_question_set_id, question_id, order_index, tenant_id, is_deleted, created_at, created_by) VALUES (8110514, 811510033, 3, 'system', FALSE, NOW(), 'system') ON CONFLICT (study_question_set_id, question_id) DO UPDATE SET order_index = EXCLUDED.order_index, is_deleted = FALSE;
INSERT INTO study_question_set_questions (study_question_set_id, question_id, order_index, tenant_id, is_deleted, created_at, created_by) VALUES (8110514, 811510034, 4, 'system', FALSE, NOW(), 'system') ON CONFLICT (study_question_set_id, question_id) DO UPDATE SET order_index = EXCLUDED.order_index, is_deleted = FALSE;
INSERT INTO study_question_set_questions (study_question_set_id, question_id, order_index, tenant_id, is_deleted, created_at, created_by) VALUES (8110514, 811510035, 5, 'system', FALSE, NOW(), 'system') ON CONFLICT (study_question_set_id, question_id) DO UPDATE SET order_index = EXCLUDED.order_index, is_deleted = FALSE;
INSERT INTO study_question_set_questions (study_question_set_id, question_id, order_index, tenant_id, is_deleted, created_at, created_by) VALUES (8110514, 811510036, 6, 'system', FALSE, NOW(), 'system') ON CONFLICT (study_question_set_id, question_id) DO UPDATE SET order_index = EXCLUDED.order_index, is_deleted = FALSE;
INSERT INTO study_question_set_questions (study_question_set_id, question_id, order_index, tenant_id, is_deleted, created_at, created_by) VALUES (8110514, 811510037, 7, 'system', FALSE, NOW(), 'system') ON CONFLICT (study_question_set_id, question_id) DO UPDATE SET order_index = EXCLUDED.order_index, is_deleted = FALSE;
INSERT INTO study_question_set_questions (study_question_set_id, question_id, order_index, tenant_id, is_deleted, created_at, created_by) VALUES (8110514, 811510038, 8, 'system', FALSE, NOW(), 'system') ON CONFLICT (study_question_set_id, question_id) DO UPDATE SET order_index = EXCLUDED.order_index, is_deleted = FALSE;
INSERT INTO study_question_set_questions (study_question_set_id, question_id, order_index, tenant_id, is_deleted, created_at, created_by) VALUES (8110514, 811510039, 9, 'system', FALSE, NOW(), 'system') ON CONFLICT (study_question_set_id, question_id) DO UPDATE SET order_index = EXCLUDED.order_index, is_deleted = FALSE;
INSERT INTO study_question_set_questions (study_question_set_id, question_id, order_index, tenant_id, is_deleted, created_at, created_by) VALUES (8110514, 811510040, 10, 'system', FALSE, NOW(), 'system') ON CONFLICT (study_question_set_id, question_id) DO UPDATE SET order_index = EXCLUDED.order_index, is_deleted = FALSE;
INSERT INTO study_resource_question_sets (resource_type, resource_id, study_question_set_id, position, context, tenant_id, is_active, is_deleted, created_at, created_by) VALUES ('module', 8011005, 8110514, 4, '{"label": "T5. Lần đầu mắc lỗi — Bài tập Level 4"}'::jsonb, 'system', TRUE, FALSE, NOW(), 'system') ON CONFLICT (resource_type, resource_id, study_question_set_id) DO UPDATE SET position = EXCLUDED.position, context = EXCLUDED.context, is_active = TRUE, is_deleted = FALSE;

-- Mogishiken: t05_furyou_hin (5 passages, 20 questions)
INSERT INTO reading_passages (id, user_id, is_system, is_public, title, content, translation, jlpt_level, category, difficulty, word_count, tenant_id, is_active, is_deleted, created_at, created_by) VALUES (81105001, NULL, TRUE, TRUE, '初めての失敗 — プロセスシート 1', 'これは 初めての失敗 の プロセスシート です。Sonkeigo/Kenjougo + 4 cấp xin lỗi + trace lot + 5W1H + 5 Why に関する内容を含みます。実習生が業務中に必要な情報をまとめています。詳細は工場のマニュアルを参照してください。', 'Đây là Bảng quy trình của T5. Lần đầu mắc lỗi. Bao gồm nội dung liên quan đến Sonkeigo/Kenjougo + 4 cấp xin lỗi + trace lot + 5W1H + 5 Why. Tổng hợp thông tin thực tập sinh cần biết khi làm việc. Chi tiết xem sổ tay nhà máy.', 'N4', 'notice', 2, 150, 'system', TRUE, FALSE, NOW(), 'system') ON CONFLICT (id) DO UPDATE SET title = EXCLUDED.title, content = EXCLUDED.content, translation = EXCLUDED.translation, jlpt_level = EXCLUDED.jlpt_level, category = EXCLUDED.category, difficulty = EXCLUDED.difficulty, word_count = EXCLUDED.word_count, is_active = EXCLUDED.is_active, is_deleted = EXCLUDED.is_deleted, updated_at = NOW(), updated_by = 'system';
INSERT INTO reading_passages (id, user_id, is_system, is_public, title, content, translation, jlpt_level, category, difficulty, word_count, tenant_id, is_active, is_deleted, created_at, created_by) VALUES (81105002, NULL, TRUE, TRUE, '初めての失敗 — マニュアル 2', 'これは 初めての失敗 の マニュアル です。Sonkeigo/Kenjougo + 4 cấp xin lỗi + trace lot + 5W1H + 5 Why に関する内容を含みます。実習生が業務中に必要な情報をまとめています。詳細は工場のマニュアルを参照してください。', 'Đây là Sổ tay hướng dẫn của T5. Lần đầu mắc lỗi. Bao gồm nội dung liên quan đến Sonkeigo/Kenjougo + 4 cấp xin lỗi + trace lot + 5W1H + 5 Why. Tổng hợp thông tin thực tập sinh cần biết khi làm việc. Chi tiết xem sổ tay nhà máy.', 'N4', 'notice', 2, 150, 'system', TRUE, FALSE, NOW(), 'system') ON CONFLICT (id) DO UPDATE SET title = EXCLUDED.title, content = EXCLUDED.content, translation = EXCLUDED.translation, jlpt_level = EXCLUDED.jlpt_level, category = EXCLUDED.category, difficulty = EXCLUDED.difficulty, word_count = EXCLUDED.word_count, is_active = EXCLUDED.is_active, is_deleted = EXCLUDED.is_deleted, updated_at = NOW(), updated_by = 'system';
INSERT INTO reading_passages (id, user_id, is_system, is_public, title, content, translation, jlpt_level, category, difficulty, word_count, tenant_id, is_active, is_deleted, created_at, created_by) VALUES (81105003, NULL, TRUE, TRUE, '初めての失敗 — 報告書 3', 'これは 初めての失敗 の 報告書 です。Sonkeigo/Kenjougo + 4 cấp xin lỗi + trace lot + 5W1H + 5 Why に関する内容を含みます。実習生が業務中に必要な情報をまとめています。詳細は工場のマニュアルを参照してください。', 'Đây là Báo cáo của T5. Lần đầu mắc lỗi. Bao gồm nội dung liên quan đến Sonkeigo/Kenjougo + 4 cấp xin lỗi + trace lot + 5W1H + 5 Why. Tổng hợp thông tin thực tập sinh cần biết khi làm việc. Chi tiết xem sổ tay nhà máy.', 'N4', 'notice', 2, 150, 'system', TRUE, FALSE, NOW(), 'system') ON CONFLICT (id) DO UPDATE SET title = EXCLUDED.title, content = EXCLUDED.content, translation = EXCLUDED.translation, jlpt_level = EXCLUDED.jlpt_level, category = EXCLUDED.category, difficulty = EXCLUDED.difficulty, word_count = EXCLUDED.word_count, is_active = EXCLUDED.is_active, is_deleted = EXCLUDED.is_deleted, updated_at = NOW(), updated_by = 'system';
INSERT INTO reading_passages (id, user_id, is_system, is_public, title, content, translation, jlpt_level, category, difficulty, word_count, tenant_id, is_active, is_deleted, created_at, created_by) VALUES (81105004, NULL, TRUE, TRUE, '初めての失敗 — 通知 4', 'これは 初めての失敗 の 通知 です。Sonkeigo/Kenjougo + 4 cấp xin lỗi + trace lot + 5W1H + 5 Why に関する内容を含みます。実習生が業務中に必要な情報をまとめています。詳細は工場のマニュアルを参照してください。', 'Đây là Thông báo của T5. Lần đầu mắc lỗi. Bao gồm nội dung liên quan đến Sonkeigo/Kenjougo + 4 cấp xin lỗi + trace lot + 5W1H + 5 Why. Tổng hợp thông tin thực tập sinh cần biết khi làm việc. Chi tiết xem sổ tay nhà máy.', 'N4', 'notice', 2, 150, 'system', TRUE, FALSE, NOW(), 'system') ON CONFLICT (id) DO UPDATE SET title = EXCLUDED.title, content = EXCLUDED.content, translation = EXCLUDED.translation, jlpt_level = EXCLUDED.jlpt_level, category = EXCLUDED.category, difficulty = EXCLUDED.difficulty, word_count = EXCLUDED.word_count, is_active = EXCLUDED.is_active, is_deleted = EXCLUDED.is_deleted, updated_at = NOW(), updated_by = 'system';
INSERT INTO reading_passages (id, user_id, is_system, is_public, title, content, translation, jlpt_level, category, difficulty, word_count, tenant_id, is_active, is_deleted, created_at, created_by) VALUES (81105005, NULL, TRUE, TRUE, '初めての失敗 — チェックリスト 5', 'これは 初めての失敗 の チェックリスト です。Sonkeigo/Kenjougo + 4 cấp xin lỗi + trace lot + 5W1H + 5 Why に関する内容を含みます。実習生が業務中に必要な情報をまとめています。詳細は工場のマニュアルを参照してください。', 'Đây là Danh mục kiểm tra của T5. Lần đầu mắc lỗi. Bao gồm nội dung liên quan đến Sonkeigo/Kenjougo + 4 cấp xin lỗi + trace lot + 5W1H + 5 Why. Tổng hợp thông tin thực tập sinh cần biết khi làm việc. Chi tiết xem sổ tay nhà máy.', 'N4', 'notice', 2, 150, 'system', TRUE, FALSE, NOW(), 'system') ON CONFLICT (id) DO UPDATE SET title = EXCLUDED.title, content = EXCLUDED.content, translation = EXCLUDED.translation, jlpt_level = EXCLUDED.jlpt_level, category = EXCLUDED.category, difficulty = EXCLUDED.difficulty, word_count = EXCLUDED.word_count, is_active = EXCLUDED.is_active, is_deleted = EXCLUDED.is_deleted, updated_at = NOW(), updated_by = 'system';

INSERT INTO questions (id, user_id, is_system, is_khoa_cu, question_type, content_type, level, selection_type, question, passage, passage_translation, general_explanation, skill_category, base_difficulty, tenant_id, is_active, is_deleted, created_at, created_by) VALUES (811520001, NULL, TRUE, FALSE, 'reading', 'jisshusei_mogishiken_t05_furyou_hin', 'N4', 'single', 'この プロセスシート の主旨は何ですか? (Q1)

Ý chính của Bảng quy trình này là gì? (Q1)', '81105001', NULL, 'プロセスシート chứa thông tin về Sonkeigo/Kenjougo + 4 cấp xin lỗi + trace lot + 5W1H + 5 Why.', 'dokkai', 1, 'system', TRUE, FALSE, NOW(), 'system') ON CONFLICT (id) DO UPDATE SET question_type = EXCLUDED.question_type, content_type = EXCLUDED.content_type, level = EXCLUDED.level, question = EXCLUDED.question, passage = EXCLUDED.passage, passage_translation = EXCLUDED.passage_translation, general_explanation = EXCLUDED.general_explanation, skill_category = EXCLUDED.skill_category, is_active = EXCLUDED.is_active, is_deleted = EXCLUDED.is_deleted, updated_at = NOW(), updated_by = 'system';
DELETE FROM questions_answers WHERE question_id = 811520001;
INSERT INTO questions_answers (question_id, sentence, sentence_translation, is_correct, "order") VALUES (811520001, 'Sonkeigo/Kenjougo + 4 cấp xin lỗi + tracに関する情報', 'Thông tin liên quan đến Sonkeigo/Kenjougo + 4 cấp xin lỗi + trac', TRUE, 1);
INSERT INTO questions_answers (question_id, sentence, sentence_translation, is_correct, "order") VALUES (811520001, '工場の歴史', 'Lịch sử nhà máy', FALSE, 2);
INSERT INTO questions_answers (question_id, sentence, sentence_translation, is_correct, "order") VALUES (811520001, '社員の名前リスト', 'Danh sách tên nhân viên', FALSE, 3);
INSERT INTO questions_answers (question_id, sentence, sentence_translation, is_correct, "order") VALUES (811520001, '設備の値段', 'Giá thiết bị', FALSE, 4);
INSERT INTO questions (id, user_id, is_system, is_khoa_cu, question_type, content_type, level, selection_type, question, passage, passage_translation, general_explanation, skill_category, base_difficulty, tenant_id, is_active, is_deleted, created_at, created_by) VALUES (811520002, NULL, TRUE, FALSE, 'reading', 'jisshusei_mogishiken_t05_furyou_hin', 'N4', 'single', 'この プロセスシート の主旨は何ですか? (Q2)

Ý chính của Bảng quy trình này là gì? (Q2)', '81105001', NULL, 'プロセスシート chứa thông tin về Sonkeigo/Kenjougo + 4 cấp xin lỗi + trace lot + 5W1H + 5 Why.', 'dokkai', 1, 'system', TRUE, FALSE, NOW(), 'system') ON CONFLICT (id) DO UPDATE SET question_type = EXCLUDED.question_type, content_type = EXCLUDED.content_type, level = EXCLUDED.level, question = EXCLUDED.question, passage = EXCLUDED.passage, passage_translation = EXCLUDED.passage_translation, general_explanation = EXCLUDED.general_explanation, skill_category = EXCLUDED.skill_category, is_active = EXCLUDED.is_active, is_deleted = EXCLUDED.is_deleted, updated_at = NOW(), updated_by = 'system';
DELETE FROM questions_answers WHERE question_id = 811520002;
INSERT INTO questions_answers (question_id, sentence, sentence_translation, is_correct, "order") VALUES (811520002, 'Sonkeigo/Kenjougo + 4 cấp xin lỗi + tracに関する情報', 'Thông tin liên quan đến Sonkeigo/Kenjougo + 4 cấp xin lỗi + trac', TRUE, 1);
INSERT INTO questions_answers (question_id, sentence, sentence_translation, is_correct, "order") VALUES (811520002, '工場の歴史', 'Lịch sử nhà máy', FALSE, 2);
INSERT INTO questions_answers (question_id, sentence, sentence_translation, is_correct, "order") VALUES (811520002, '社員の名前リスト', 'Danh sách tên nhân viên', FALSE, 3);
INSERT INTO questions_answers (question_id, sentence, sentence_translation, is_correct, "order") VALUES (811520002, '設備の値段', 'Giá thiết bị', FALSE, 4);
INSERT INTO questions (id, user_id, is_system, is_khoa_cu, question_type, content_type, level, selection_type, question, passage, passage_translation, general_explanation, skill_category, base_difficulty, tenant_id, is_active, is_deleted, created_at, created_by) VALUES (811520003, NULL, TRUE, FALSE, 'reading', 'jisshusei_mogishiken_t05_furyou_hin', 'N4', 'single', 'この プロセスシート の主旨は何ですか? (Q3)

Ý chính của Bảng quy trình này là gì? (Q3)', '81105001', NULL, 'プロセスシート chứa thông tin về Sonkeigo/Kenjougo + 4 cấp xin lỗi + trace lot + 5W1H + 5 Why.', 'dokkai', 1, 'system', TRUE, FALSE, NOW(), 'system') ON CONFLICT (id) DO UPDATE SET question_type = EXCLUDED.question_type, content_type = EXCLUDED.content_type, level = EXCLUDED.level, question = EXCLUDED.question, passage = EXCLUDED.passage, passage_translation = EXCLUDED.passage_translation, general_explanation = EXCLUDED.general_explanation, skill_category = EXCLUDED.skill_category, is_active = EXCLUDED.is_active, is_deleted = EXCLUDED.is_deleted, updated_at = NOW(), updated_by = 'system';
DELETE FROM questions_answers WHERE question_id = 811520003;
INSERT INTO questions_answers (question_id, sentence, sentence_translation, is_correct, "order") VALUES (811520003, 'Sonkeigo/Kenjougo + 4 cấp xin lỗi + tracに関する情報', 'Thông tin liên quan đến Sonkeigo/Kenjougo + 4 cấp xin lỗi + trac', TRUE, 1);
INSERT INTO questions_answers (question_id, sentence, sentence_translation, is_correct, "order") VALUES (811520003, '工場の歴史', 'Lịch sử nhà máy', FALSE, 2);
INSERT INTO questions_answers (question_id, sentence, sentence_translation, is_correct, "order") VALUES (811520003, '社員の名前リスト', 'Danh sách tên nhân viên', FALSE, 3);
INSERT INTO questions_answers (question_id, sentence, sentence_translation, is_correct, "order") VALUES (811520003, '設備の値段', 'Giá thiết bị', FALSE, 4);
INSERT INTO questions (id, user_id, is_system, is_khoa_cu, question_type, content_type, level, selection_type, question, passage, passage_translation, general_explanation, skill_category, base_difficulty, tenant_id, is_active, is_deleted, created_at, created_by) VALUES (811520004, NULL, TRUE, FALSE, 'reading', 'jisshusei_mogishiken_t05_furyou_hin', 'N4', 'single', 'この プロセスシート の主旨は何ですか? (Q4)

Ý chính của Bảng quy trình này là gì? (Q4)', '81105001', NULL, 'プロセスシート chứa thông tin về Sonkeigo/Kenjougo + 4 cấp xin lỗi + trace lot + 5W1H + 5 Why.', 'dokkai', 1, 'system', TRUE, FALSE, NOW(), 'system') ON CONFLICT (id) DO UPDATE SET question_type = EXCLUDED.question_type, content_type = EXCLUDED.content_type, level = EXCLUDED.level, question = EXCLUDED.question, passage = EXCLUDED.passage, passage_translation = EXCLUDED.passage_translation, general_explanation = EXCLUDED.general_explanation, skill_category = EXCLUDED.skill_category, is_active = EXCLUDED.is_active, is_deleted = EXCLUDED.is_deleted, updated_at = NOW(), updated_by = 'system';
DELETE FROM questions_answers WHERE question_id = 811520004;
INSERT INTO questions_answers (question_id, sentence, sentence_translation, is_correct, "order") VALUES (811520004, 'Sonkeigo/Kenjougo + 4 cấp xin lỗi + tracに関する情報', 'Thông tin liên quan đến Sonkeigo/Kenjougo + 4 cấp xin lỗi + trac', TRUE, 1);
INSERT INTO questions_answers (question_id, sentence, sentence_translation, is_correct, "order") VALUES (811520004, '工場の歴史', 'Lịch sử nhà máy', FALSE, 2);
INSERT INTO questions_answers (question_id, sentence, sentence_translation, is_correct, "order") VALUES (811520004, '社員の名前リスト', 'Danh sách tên nhân viên', FALSE, 3);
INSERT INTO questions_answers (question_id, sentence, sentence_translation, is_correct, "order") VALUES (811520004, '設備の値段', 'Giá thiết bị', FALSE, 4);
INSERT INTO questions (id, user_id, is_system, is_khoa_cu, question_type, content_type, level, selection_type, question, passage, passage_translation, general_explanation, skill_category, base_difficulty, tenant_id, is_active, is_deleted, created_at, created_by) VALUES (811520005, NULL, TRUE, FALSE, 'reading', 'jisshusei_mogishiken_t05_furyou_hin', 'N4', 'single', 'この マニュアル の主旨は何ですか? (Q1)

Ý chính của Sổ tay hướng dẫn này là gì? (Q1)', '81105002', NULL, 'マニュアル chứa thông tin về Sonkeigo/Kenjougo + 4 cấp xin lỗi + trace lot + 5W1H + 5 Why.', 'dokkai', 1, 'system', TRUE, FALSE, NOW(), 'system') ON CONFLICT (id) DO UPDATE SET question_type = EXCLUDED.question_type, content_type = EXCLUDED.content_type, level = EXCLUDED.level, question = EXCLUDED.question, passage = EXCLUDED.passage, passage_translation = EXCLUDED.passage_translation, general_explanation = EXCLUDED.general_explanation, skill_category = EXCLUDED.skill_category, is_active = EXCLUDED.is_active, is_deleted = EXCLUDED.is_deleted, updated_at = NOW(), updated_by = 'system';
DELETE FROM questions_answers WHERE question_id = 811520005;
INSERT INTO questions_answers (question_id, sentence, sentence_translation, is_correct, "order") VALUES (811520005, 'Sonkeigo/Kenjougo + 4 cấp xin lỗi + tracに関する情報', 'Thông tin liên quan đến Sonkeigo/Kenjougo + 4 cấp xin lỗi + trac', TRUE, 1);
INSERT INTO questions_answers (question_id, sentence, sentence_translation, is_correct, "order") VALUES (811520005, '工場の歴史', 'Lịch sử nhà máy', FALSE, 2);
INSERT INTO questions_answers (question_id, sentence, sentence_translation, is_correct, "order") VALUES (811520005, '社員の名前リスト', 'Danh sách tên nhân viên', FALSE, 3);
INSERT INTO questions_answers (question_id, sentence, sentence_translation, is_correct, "order") VALUES (811520005, '設備の値段', 'Giá thiết bị', FALSE, 4);
INSERT INTO questions (id, user_id, is_system, is_khoa_cu, question_type, content_type, level, selection_type, question, passage, passage_translation, general_explanation, skill_category, base_difficulty, tenant_id, is_active, is_deleted, created_at, created_by) VALUES (811520006, NULL, TRUE, FALSE, 'reading', 'jisshusei_mogishiken_t05_furyou_hin', 'N4', 'single', 'この マニュアル の主旨は何ですか? (Q2)

Ý chính của Sổ tay hướng dẫn này là gì? (Q2)', '81105002', NULL, 'マニュアル chứa thông tin về Sonkeigo/Kenjougo + 4 cấp xin lỗi + trace lot + 5W1H + 5 Why.', 'dokkai', 1, 'system', TRUE, FALSE, NOW(), 'system') ON CONFLICT (id) DO UPDATE SET question_type = EXCLUDED.question_type, content_type = EXCLUDED.content_type, level = EXCLUDED.level, question = EXCLUDED.question, passage = EXCLUDED.passage, passage_translation = EXCLUDED.passage_translation, general_explanation = EXCLUDED.general_explanation, skill_category = EXCLUDED.skill_category, is_active = EXCLUDED.is_active, is_deleted = EXCLUDED.is_deleted, updated_at = NOW(), updated_by = 'system';
DELETE FROM questions_answers WHERE question_id = 811520006;
INSERT INTO questions_answers (question_id, sentence, sentence_translation, is_correct, "order") VALUES (811520006, 'Sonkeigo/Kenjougo + 4 cấp xin lỗi + tracに関する情報', 'Thông tin liên quan đến Sonkeigo/Kenjougo + 4 cấp xin lỗi + trac', TRUE, 1);
INSERT INTO questions_answers (question_id, sentence, sentence_translation, is_correct, "order") VALUES (811520006, '工場の歴史', 'Lịch sử nhà máy', FALSE, 2);
INSERT INTO questions_answers (question_id, sentence, sentence_translation, is_correct, "order") VALUES (811520006, '社員の名前リスト', 'Danh sách tên nhân viên', FALSE, 3);
INSERT INTO questions_answers (question_id, sentence, sentence_translation, is_correct, "order") VALUES (811520006, '設備の値段', 'Giá thiết bị', FALSE, 4);
INSERT INTO questions (id, user_id, is_system, is_khoa_cu, question_type, content_type, level, selection_type, question, passage, passage_translation, general_explanation, skill_category, base_difficulty, tenant_id, is_active, is_deleted, created_at, created_by) VALUES (811520007, NULL, TRUE, FALSE, 'reading', 'jisshusei_mogishiken_t05_furyou_hin', 'N4', 'single', 'この マニュアル の主旨は何ですか? (Q3)

Ý chính của Sổ tay hướng dẫn này là gì? (Q3)', '81105002', NULL, 'マニュアル chứa thông tin về Sonkeigo/Kenjougo + 4 cấp xin lỗi + trace lot + 5W1H + 5 Why.', 'dokkai', 1, 'system', TRUE, FALSE, NOW(), 'system') ON CONFLICT (id) DO UPDATE SET question_type = EXCLUDED.question_type, content_type = EXCLUDED.content_type, level = EXCLUDED.level, question = EXCLUDED.question, passage = EXCLUDED.passage, passage_translation = EXCLUDED.passage_translation, general_explanation = EXCLUDED.general_explanation, skill_category = EXCLUDED.skill_category, is_active = EXCLUDED.is_active, is_deleted = EXCLUDED.is_deleted, updated_at = NOW(), updated_by = 'system';
DELETE FROM questions_answers WHERE question_id = 811520007;
INSERT INTO questions_answers (question_id, sentence, sentence_translation, is_correct, "order") VALUES (811520007, 'Sonkeigo/Kenjougo + 4 cấp xin lỗi + tracに関する情報', 'Thông tin liên quan đến Sonkeigo/Kenjougo + 4 cấp xin lỗi + trac', TRUE, 1);
INSERT INTO questions_answers (question_id, sentence, sentence_translation, is_correct, "order") VALUES (811520007, '工場の歴史', 'Lịch sử nhà máy', FALSE, 2);
INSERT INTO questions_answers (question_id, sentence, sentence_translation, is_correct, "order") VALUES (811520007, '社員の名前リスト', 'Danh sách tên nhân viên', FALSE, 3);
INSERT INTO questions_answers (question_id, sentence, sentence_translation, is_correct, "order") VALUES (811520007, '設備の値段', 'Giá thiết bị', FALSE, 4);
INSERT INTO questions (id, user_id, is_system, is_khoa_cu, question_type, content_type, level, selection_type, question, passage, passage_translation, general_explanation, skill_category, base_difficulty, tenant_id, is_active, is_deleted, created_at, created_by) VALUES (811520008, NULL, TRUE, FALSE, 'reading', 'jisshusei_mogishiken_t05_furyou_hin', 'N4', 'single', 'この マニュアル の主旨は何ですか? (Q4)

Ý chính của Sổ tay hướng dẫn này là gì? (Q4)', '81105002', NULL, 'マニュアル chứa thông tin về Sonkeigo/Kenjougo + 4 cấp xin lỗi + trace lot + 5W1H + 5 Why.', 'dokkai', 1, 'system', TRUE, FALSE, NOW(), 'system') ON CONFLICT (id) DO UPDATE SET question_type = EXCLUDED.question_type, content_type = EXCLUDED.content_type, level = EXCLUDED.level, question = EXCLUDED.question, passage = EXCLUDED.passage, passage_translation = EXCLUDED.passage_translation, general_explanation = EXCLUDED.general_explanation, skill_category = EXCLUDED.skill_category, is_active = EXCLUDED.is_active, is_deleted = EXCLUDED.is_deleted, updated_at = NOW(), updated_by = 'system';
DELETE FROM questions_answers WHERE question_id = 811520008;
INSERT INTO questions_answers (question_id, sentence, sentence_translation, is_correct, "order") VALUES (811520008, 'Sonkeigo/Kenjougo + 4 cấp xin lỗi + tracに関する情報', 'Thông tin liên quan đến Sonkeigo/Kenjougo + 4 cấp xin lỗi + trac', TRUE, 1);
INSERT INTO questions_answers (question_id, sentence, sentence_translation, is_correct, "order") VALUES (811520008, '工場の歴史', 'Lịch sử nhà máy', FALSE, 2);
INSERT INTO questions_answers (question_id, sentence, sentence_translation, is_correct, "order") VALUES (811520008, '社員の名前リスト', 'Danh sách tên nhân viên', FALSE, 3);
INSERT INTO questions_answers (question_id, sentence, sentence_translation, is_correct, "order") VALUES (811520008, '設備の値段', 'Giá thiết bị', FALSE, 4);
INSERT INTO questions (id, user_id, is_system, is_khoa_cu, question_type, content_type, level, selection_type, question, passage, passage_translation, general_explanation, skill_category, base_difficulty, tenant_id, is_active, is_deleted, created_at, created_by) VALUES (811520009, NULL, TRUE, FALSE, 'reading', 'jisshusei_mogishiken_t05_furyou_hin', 'N4', 'single', 'この 報告書 の主旨は何ですか? (Q1)

Ý chính của Báo cáo này là gì? (Q1)', '81105003', NULL, '報告書 chứa thông tin về Sonkeigo/Kenjougo + 4 cấp xin lỗi + trace lot + 5W1H + 5 Why.', 'dokkai', 1, 'system', TRUE, FALSE, NOW(), 'system') ON CONFLICT (id) DO UPDATE SET question_type = EXCLUDED.question_type, content_type = EXCLUDED.content_type, level = EXCLUDED.level, question = EXCLUDED.question, passage = EXCLUDED.passage, passage_translation = EXCLUDED.passage_translation, general_explanation = EXCLUDED.general_explanation, skill_category = EXCLUDED.skill_category, is_active = EXCLUDED.is_active, is_deleted = EXCLUDED.is_deleted, updated_at = NOW(), updated_by = 'system';
DELETE FROM questions_answers WHERE question_id = 811520009;
INSERT INTO questions_answers (question_id, sentence, sentence_translation, is_correct, "order") VALUES (811520009, 'Sonkeigo/Kenjougo + 4 cấp xin lỗi + tracに関する情報', 'Thông tin liên quan đến Sonkeigo/Kenjougo + 4 cấp xin lỗi + trac', TRUE, 1);
INSERT INTO questions_answers (question_id, sentence, sentence_translation, is_correct, "order") VALUES (811520009, '工場の歴史', 'Lịch sử nhà máy', FALSE, 2);
INSERT INTO questions_answers (question_id, sentence, sentence_translation, is_correct, "order") VALUES (811520009, '社員の名前リスト', 'Danh sách tên nhân viên', FALSE, 3);
INSERT INTO questions_answers (question_id, sentence, sentence_translation, is_correct, "order") VALUES (811520009, '設備の値段', 'Giá thiết bị', FALSE, 4);
INSERT INTO questions (id, user_id, is_system, is_khoa_cu, question_type, content_type, level, selection_type, question, passage, passage_translation, general_explanation, skill_category, base_difficulty, tenant_id, is_active, is_deleted, created_at, created_by) VALUES (811520010, NULL, TRUE, FALSE, 'reading', 'jisshusei_mogishiken_t05_furyou_hin', 'N4', 'single', 'この 報告書 の主旨は何ですか? (Q2)

Ý chính của Báo cáo này là gì? (Q2)', '81105003', NULL, '報告書 chứa thông tin về Sonkeigo/Kenjougo + 4 cấp xin lỗi + trace lot + 5W1H + 5 Why.', 'dokkai', 1, 'system', TRUE, FALSE, NOW(), 'system') ON CONFLICT (id) DO UPDATE SET question_type = EXCLUDED.question_type, content_type = EXCLUDED.content_type, level = EXCLUDED.level, question = EXCLUDED.question, passage = EXCLUDED.passage, passage_translation = EXCLUDED.passage_translation, general_explanation = EXCLUDED.general_explanation, skill_category = EXCLUDED.skill_category, is_active = EXCLUDED.is_active, is_deleted = EXCLUDED.is_deleted, updated_at = NOW(), updated_by = 'system';
DELETE FROM questions_answers WHERE question_id = 811520010;
INSERT INTO questions_answers (question_id, sentence, sentence_translation, is_correct, "order") VALUES (811520010, 'Sonkeigo/Kenjougo + 4 cấp xin lỗi + tracに関する情報', 'Thông tin liên quan đến Sonkeigo/Kenjougo + 4 cấp xin lỗi + trac', TRUE, 1);
INSERT INTO questions_answers (question_id, sentence, sentence_translation, is_correct, "order") VALUES (811520010, '工場の歴史', 'Lịch sử nhà máy', FALSE, 2);
INSERT INTO questions_answers (question_id, sentence, sentence_translation, is_correct, "order") VALUES (811520010, '社員の名前リスト', 'Danh sách tên nhân viên', FALSE, 3);
INSERT INTO questions_answers (question_id, sentence, sentence_translation, is_correct, "order") VALUES (811520010, '設備の値段', 'Giá thiết bị', FALSE, 4);
INSERT INTO questions (id, user_id, is_system, is_khoa_cu, question_type, content_type, level, selection_type, question, passage, passage_translation, general_explanation, skill_category, base_difficulty, tenant_id, is_active, is_deleted, created_at, created_by) VALUES (811520011, NULL, TRUE, FALSE, 'reading', 'jisshusei_mogishiken_t05_furyou_hin', 'N4', 'single', 'この 報告書 の主旨は何ですか? (Q3)

Ý chính của Báo cáo này là gì? (Q3)', '81105003', NULL, '報告書 chứa thông tin về Sonkeigo/Kenjougo + 4 cấp xin lỗi + trace lot + 5W1H + 5 Why.', 'dokkai', 1, 'system', TRUE, FALSE, NOW(), 'system') ON CONFLICT (id) DO UPDATE SET question_type = EXCLUDED.question_type, content_type = EXCLUDED.content_type, level = EXCLUDED.level, question = EXCLUDED.question, passage = EXCLUDED.passage, passage_translation = EXCLUDED.passage_translation, general_explanation = EXCLUDED.general_explanation, skill_category = EXCLUDED.skill_category, is_active = EXCLUDED.is_active, is_deleted = EXCLUDED.is_deleted, updated_at = NOW(), updated_by = 'system';
DELETE FROM questions_answers WHERE question_id = 811520011;
INSERT INTO questions_answers (question_id, sentence, sentence_translation, is_correct, "order") VALUES (811520011, 'Sonkeigo/Kenjougo + 4 cấp xin lỗi + tracに関する情報', 'Thông tin liên quan đến Sonkeigo/Kenjougo + 4 cấp xin lỗi + trac', TRUE, 1);
INSERT INTO questions_answers (question_id, sentence, sentence_translation, is_correct, "order") VALUES (811520011, '工場の歴史', 'Lịch sử nhà máy', FALSE, 2);
INSERT INTO questions_answers (question_id, sentence, sentence_translation, is_correct, "order") VALUES (811520011, '社員の名前リスト', 'Danh sách tên nhân viên', FALSE, 3);
INSERT INTO questions_answers (question_id, sentence, sentence_translation, is_correct, "order") VALUES (811520011, '設備の値段', 'Giá thiết bị', FALSE, 4);
INSERT INTO questions (id, user_id, is_system, is_khoa_cu, question_type, content_type, level, selection_type, question, passage, passage_translation, general_explanation, skill_category, base_difficulty, tenant_id, is_active, is_deleted, created_at, created_by) VALUES (811520012, NULL, TRUE, FALSE, 'reading', 'jisshusei_mogishiken_t05_furyou_hin', 'N4', 'single', 'この 報告書 の主旨は何ですか? (Q4)

Ý chính của Báo cáo này là gì? (Q4)', '81105003', NULL, '報告書 chứa thông tin về Sonkeigo/Kenjougo + 4 cấp xin lỗi + trace lot + 5W1H + 5 Why.', 'dokkai', 1, 'system', TRUE, FALSE, NOW(), 'system') ON CONFLICT (id) DO UPDATE SET question_type = EXCLUDED.question_type, content_type = EXCLUDED.content_type, level = EXCLUDED.level, question = EXCLUDED.question, passage = EXCLUDED.passage, passage_translation = EXCLUDED.passage_translation, general_explanation = EXCLUDED.general_explanation, skill_category = EXCLUDED.skill_category, is_active = EXCLUDED.is_active, is_deleted = EXCLUDED.is_deleted, updated_at = NOW(), updated_by = 'system';
DELETE FROM questions_answers WHERE question_id = 811520012;
INSERT INTO questions_answers (question_id, sentence, sentence_translation, is_correct, "order") VALUES (811520012, 'Sonkeigo/Kenjougo + 4 cấp xin lỗi + tracに関する情報', 'Thông tin liên quan đến Sonkeigo/Kenjougo + 4 cấp xin lỗi + trac', TRUE, 1);
INSERT INTO questions_answers (question_id, sentence, sentence_translation, is_correct, "order") VALUES (811520012, '工場の歴史', 'Lịch sử nhà máy', FALSE, 2);
INSERT INTO questions_answers (question_id, sentence, sentence_translation, is_correct, "order") VALUES (811520012, '社員の名前リスト', 'Danh sách tên nhân viên', FALSE, 3);
INSERT INTO questions_answers (question_id, sentence, sentence_translation, is_correct, "order") VALUES (811520012, '設備の値段', 'Giá thiết bị', FALSE, 4);
INSERT INTO questions (id, user_id, is_system, is_khoa_cu, question_type, content_type, level, selection_type, question, passage, passage_translation, general_explanation, skill_category, base_difficulty, tenant_id, is_active, is_deleted, created_at, created_by) VALUES (811520013, NULL, TRUE, FALSE, 'reading', 'jisshusei_mogishiken_t05_furyou_hin', 'N4', 'single', 'この 通知 の主旨は何ですか? (Q1)

Ý chính của Thông báo này là gì? (Q1)', '81105004', NULL, '通知 chứa thông tin về Sonkeigo/Kenjougo + 4 cấp xin lỗi + trace lot + 5W1H + 5 Why.', 'dokkai', 1, 'system', TRUE, FALSE, NOW(), 'system') ON CONFLICT (id) DO UPDATE SET question_type = EXCLUDED.question_type, content_type = EXCLUDED.content_type, level = EXCLUDED.level, question = EXCLUDED.question, passage = EXCLUDED.passage, passage_translation = EXCLUDED.passage_translation, general_explanation = EXCLUDED.general_explanation, skill_category = EXCLUDED.skill_category, is_active = EXCLUDED.is_active, is_deleted = EXCLUDED.is_deleted, updated_at = NOW(), updated_by = 'system';
DELETE FROM questions_answers WHERE question_id = 811520013;
INSERT INTO questions_answers (question_id, sentence, sentence_translation, is_correct, "order") VALUES (811520013, 'Sonkeigo/Kenjougo + 4 cấp xin lỗi + tracに関する情報', 'Thông tin liên quan đến Sonkeigo/Kenjougo + 4 cấp xin lỗi + trac', TRUE, 1);
INSERT INTO questions_answers (question_id, sentence, sentence_translation, is_correct, "order") VALUES (811520013, '工場の歴史', 'Lịch sử nhà máy', FALSE, 2);
INSERT INTO questions_answers (question_id, sentence, sentence_translation, is_correct, "order") VALUES (811520013, '社員の名前リスト', 'Danh sách tên nhân viên', FALSE, 3);
INSERT INTO questions_answers (question_id, sentence, sentence_translation, is_correct, "order") VALUES (811520013, '設備の値段', 'Giá thiết bị', FALSE, 4);
INSERT INTO questions (id, user_id, is_system, is_khoa_cu, question_type, content_type, level, selection_type, question, passage, passage_translation, general_explanation, skill_category, base_difficulty, tenant_id, is_active, is_deleted, created_at, created_by) VALUES (811520014, NULL, TRUE, FALSE, 'reading', 'jisshusei_mogishiken_t05_furyou_hin', 'N4', 'single', 'この 通知 の主旨は何ですか? (Q2)

Ý chính của Thông báo này là gì? (Q2)', '81105004', NULL, '通知 chứa thông tin về Sonkeigo/Kenjougo + 4 cấp xin lỗi + trace lot + 5W1H + 5 Why.', 'dokkai', 1, 'system', TRUE, FALSE, NOW(), 'system') ON CONFLICT (id) DO UPDATE SET question_type = EXCLUDED.question_type, content_type = EXCLUDED.content_type, level = EXCLUDED.level, question = EXCLUDED.question, passage = EXCLUDED.passage, passage_translation = EXCLUDED.passage_translation, general_explanation = EXCLUDED.general_explanation, skill_category = EXCLUDED.skill_category, is_active = EXCLUDED.is_active, is_deleted = EXCLUDED.is_deleted, updated_at = NOW(), updated_by = 'system';
DELETE FROM questions_answers WHERE question_id = 811520014;
INSERT INTO questions_answers (question_id, sentence, sentence_translation, is_correct, "order") VALUES (811520014, 'Sonkeigo/Kenjougo + 4 cấp xin lỗi + tracに関する情報', 'Thông tin liên quan đến Sonkeigo/Kenjougo + 4 cấp xin lỗi + trac', TRUE, 1);
INSERT INTO questions_answers (question_id, sentence, sentence_translation, is_correct, "order") VALUES (811520014, '工場の歴史', 'Lịch sử nhà máy', FALSE, 2);
INSERT INTO questions_answers (question_id, sentence, sentence_translation, is_correct, "order") VALUES (811520014, '社員の名前リスト', 'Danh sách tên nhân viên', FALSE, 3);
INSERT INTO questions_answers (question_id, sentence, sentence_translation, is_correct, "order") VALUES (811520014, '設備の値段', 'Giá thiết bị', FALSE, 4);
INSERT INTO questions (id, user_id, is_system, is_khoa_cu, question_type, content_type, level, selection_type, question, passage, passage_translation, general_explanation, skill_category, base_difficulty, tenant_id, is_active, is_deleted, created_at, created_by) VALUES (811520015, NULL, TRUE, FALSE, 'reading', 'jisshusei_mogishiken_t05_furyou_hin', 'N4', 'single', 'この 通知 の主旨は何ですか? (Q3)

Ý chính của Thông báo này là gì? (Q3)', '81105004', NULL, '通知 chứa thông tin về Sonkeigo/Kenjougo + 4 cấp xin lỗi + trace lot + 5W1H + 5 Why.', 'dokkai', 1, 'system', TRUE, FALSE, NOW(), 'system') ON CONFLICT (id) DO UPDATE SET question_type = EXCLUDED.question_type, content_type = EXCLUDED.content_type, level = EXCLUDED.level, question = EXCLUDED.question, passage = EXCLUDED.passage, passage_translation = EXCLUDED.passage_translation, general_explanation = EXCLUDED.general_explanation, skill_category = EXCLUDED.skill_category, is_active = EXCLUDED.is_active, is_deleted = EXCLUDED.is_deleted, updated_at = NOW(), updated_by = 'system';
DELETE FROM questions_answers WHERE question_id = 811520015;
INSERT INTO questions_answers (question_id, sentence, sentence_translation, is_correct, "order") VALUES (811520015, 'Sonkeigo/Kenjougo + 4 cấp xin lỗi + tracに関する情報', 'Thông tin liên quan đến Sonkeigo/Kenjougo + 4 cấp xin lỗi + trac', TRUE, 1);
INSERT INTO questions_answers (question_id, sentence, sentence_translation, is_correct, "order") VALUES (811520015, '工場の歴史', 'Lịch sử nhà máy', FALSE, 2);
INSERT INTO questions_answers (question_id, sentence, sentence_translation, is_correct, "order") VALUES (811520015, '社員の名前リスト', 'Danh sách tên nhân viên', FALSE, 3);
INSERT INTO questions_answers (question_id, sentence, sentence_translation, is_correct, "order") VALUES (811520015, '設備の値段', 'Giá thiết bị', FALSE, 4);
INSERT INTO questions (id, user_id, is_system, is_khoa_cu, question_type, content_type, level, selection_type, question, passage, passage_translation, general_explanation, skill_category, base_difficulty, tenant_id, is_active, is_deleted, created_at, created_by) VALUES (811520016, NULL, TRUE, FALSE, 'reading', 'jisshusei_mogishiken_t05_furyou_hin', 'N4', 'single', 'この 通知 の主旨は何ですか? (Q4)

Ý chính của Thông báo này là gì? (Q4)', '81105004', NULL, '通知 chứa thông tin về Sonkeigo/Kenjougo + 4 cấp xin lỗi + trace lot + 5W1H + 5 Why.', 'dokkai', 1, 'system', TRUE, FALSE, NOW(), 'system') ON CONFLICT (id) DO UPDATE SET question_type = EXCLUDED.question_type, content_type = EXCLUDED.content_type, level = EXCLUDED.level, question = EXCLUDED.question, passage = EXCLUDED.passage, passage_translation = EXCLUDED.passage_translation, general_explanation = EXCLUDED.general_explanation, skill_category = EXCLUDED.skill_category, is_active = EXCLUDED.is_active, is_deleted = EXCLUDED.is_deleted, updated_at = NOW(), updated_by = 'system';
DELETE FROM questions_answers WHERE question_id = 811520016;
INSERT INTO questions_answers (question_id, sentence, sentence_translation, is_correct, "order") VALUES (811520016, 'Sonkeigo/Kenjougo + 4 cấp xin lỗi + tracに関する情報', 'Thông tin liên quan đến Sonkeigo/Kenjougo + 4 cấp xin lỗi + trac', TRUE, 1);
INSERT INTO questions_answers (question_id, sentence, sentence_translation, is_correct, "order") VALUES (811520016, '工場の歴史', 'Lịch sử nhà máy', FALSE, 2);
INSERT INTO questions_answers (question_id, sentence, sentence_translation, is_correct, "order") VALUES (811520016, '社員の名前リスト', 'Danh sách tên nhân viên', FALSE, 3);
INSERT INTO questions_answers (question_id, sentence, sentence_translation, is_correct, "order") VALUES (811520016, '設備の値段', 'Giá thiết bị', FALSE, 4);
INSERT INTO questions (id, user_id, is_system, is_khoa_cu, question_type, content_type, level, selection_type, question, passage, passage_translation, general_explanation, skill_category, base_difficulty, tenant_id, is_active, is_deleted, created_at, created_by) VALUES (811520017, NULL, TRUE, FALSE, 'reading', 'jisshusei_mogishiken_t05_furyou_hin', 'N4', 'single', 'この チェックリスト の主旨は何ですか? (Q1)

Ý chính của Danh mục kiểm tra này là gì? (Q1)', '81105005', NULL, 'チェックリスト chứa thông tin về Sonkeigo/Kenjougo + 4 cấp xin lỗi + trace lot + 5W1H + 5 Why.', 'dokkai', 1, 'system', TRUE, FALSE, NOW(), 'system') ON CONFLICT (id) DO UPDATE SET question_type = EXCLUDED.question_type, content_type = EXCLUDED.content_type, level = EXCLUDED.level, question = EXCLUDED.question, passage = EXCLUDED.passage, passage_translation = EXCLUDED.passage_translation, general_explanation = EXCLUDED.general_explanation, skill_category = EXCLUDED.skill_category, is_active = EXCLUDED.is_active, is_deleted = EXCLUDED.is_deleted, updated_at = NOW(), updated_by = 'system';
DELETE FROM questions_answers WHERE question_id = 811520017;
INSERT INTO questions_answers (question_id, sentence, sentence_translation, is_correct, "order") VALUES (811520017, 'Sonkeigo/Kenjougo + 4 cấp xin lỗi + tracに関する情報', 'Thông tin liên quan đến Sonkeigo/Kenjougo + 4 cấp xin lỗi + trac', TRUE, 1);
INSERT INTO questions_answers (question_id, sentence, sentence_translation, is_correct, "order") VALUES (811520017, '工場の歴史', 'Lịch sử nhà máy', FALSE, 2);
INSERT INTO questions_answers (question_id, sentence, sentence_translation, is_correct, "order") VALUES (811520017, '社員の名前リスト', 'Danh sách tên nhân viên', FALSE, 3);
INSERT INTO questions_answers (question_id, sentence, sentence_translation, is_correct, "order") VALUES (811520017, '設備の値段', 'Giá thiết bị', FALSE, 4);
INSERT INTO questions (id, user_id, is_system, is_khoa_cu, question_type, content_type, level, selection_type, question, passage, passage_translation, general_explanation, skill_category, base_difficulty, tenant_id, is_active, is_deleted, created_at, created_by) VALUES (811520018, NULL, TRUE, FALSE, 'reading', 'jisshusei_mogishiken_t05_furyou_hin', 'N4', 'single', 'この チェックリスト の主旨は何ですか? (Q2)

Ý chính của Danh mục kiểm tra này là gì? (Q2)', '81105005', NULL, 'チェックリスト chứa thông tin về Sonkeigo/Kenjougo + 4 cấp xin lỗi + trace lot + 5W1H + 5 Why.', 'dokkai', 1, 'system', TRUE, FALSE, NOW(), 'system') ON CONFLICT (id) DO UPDATE SET question_type = EXCLUDED.question_type, content_type = EXCLUDED.content_type, level = EXCLUDED.level, question = EXCLUDED.question, passage = EXCLUDED.passage, passage_translation = EXCLUDED.passage_translation, general_explanation = EXCLUDED.general_explanation, skill_category = EXCLUDED.skill_category, is_active = EXCLUDED.is_active, is_deleted = EXCLUDED.is_deleted, updated_at = NOW(), updated_by = 'system';
DELETE FROM questions_answers WHERE question_id = 811520018;
INSERT INTO questions_answers (question_id, sentence, sentence_translation, is_correct, "order") VALUES (811520018, 'Sonkeigo/Kenjougo + 4 cấp xin lỗi + tracに関する情報', 'Thông tin liên quan đến Sonkeigo/Kenjougo + 4 cấp xin lỗi + trac', TRUE, 1);
INSERT INTO questions_answers (question_id, sentence, sentence_translation, is_correct, "order") VALUES (811520018, '工場の歴史', 'Lịch sử nhà máy', FALSE, 2);
INSERT INTO questions_answers (question_id, sentence, sentence_translation, is_correct, "order") VALUES (811520018, '社員の名前リスト', 'Danh sách tên nhân viên', FALSE, 3);
INSERT INTO questions_answers (question_id, sentence, sentence_translation, is_correct, "order") VALUES (811520018, '設備の値段', 'Giá thiết bị', FALSE, 4);
INSERT INTO questions (id, user_id, is_system, is_khoa_cu, question_type, content_type, level, selection_type, question, passage, passage_translation, general_explanation, skill_category, base_difficulty, tenant_id, is_active, is_deleted, created_at, created_by) VALUES (811520019, NULL, TRUE, FALSE, 'reading', 'jisshusei_mogishiken_t05_furyou_hin', 'N4', 'single', 'この チェックリスト の主旨は何ですか? (Q3)

Ý chính của Danh mục kiểm tra này là gì? (Q3)', '81105005', NULL, 'チェックリスト chứa thông tin về Sonkeigo/Kenjougo + 4 cấp xin lỗi + trace lot + 5W1H + 5 Why.', 'dokkai', 1, 'system', TRUE, FALSE, NOW(), 'system') ON CONFLICT (id) DO UPDATE SET question_type = EXCLUDED.question_type, content_type = EXCLUDED.content_type, level = EXCLUDED.level, question = EXCLUDED.question, passage = EXCLUDED.passage, passage_translation = EXCLUDED.passage_translation, general_explanation = EXCLUDED.general_explanation, skill_category = EXCLUDED.skill_category, is_active = EXCLUDED.is_active, is_deleted = EXCLUDED.is_deleted, updated_at = NOW(), updated_by = 'system';
DELETE FROM questions_answers WHERE question_id = 811520019;
INSERT INTO questions_answers (question_id, sentence, sentence_translation, is_correct, "order") VALUES (811520019, 'Sonkeigo/Kenjougo + 4 cấp xin lỗi + tracに関する情報', 'Thông tin liên quan đến Sonkeigo/Kenjougo + 4 cấp xin lỗi + trac', TRUE, 1);
INSERT INTO questions_answers (question_id, sentence, sentence_translation, is_correct, "order") VALUES (811520019, '工場の歴史', 'Lịch sử nhà máy', FALSE, 2);
INSERT INTO questions_answers (question_id, sentence, sentence_translation, is_correct, "order") VALUES (811520019, '社員の名前リスト', 'Danh sách tên nhân viên', FALSE, 3);
INSERT INTO questions_answers (question_id, sentence, sentence_translation, is_correct, "order") VALUES (811520019, '設備の値段', 'Giá thiết bị', FALSE, 4);
INSERT INTO questions (id, user_id, is_system, is_khoa_cu, question_type, content_type, level, selection_type, question, passage, passage_translation, general_explanation, skill_category, base_difficulty, tenant_id, is_active, is_deleted, created_at, created_by) VALUES (811520020, NULL, TRUE, FALSE, 'reading', 'jisshusei_mogishiken_t05_furyou_hin', 'N4', 'single', 'この チェックリスト の主旨は何ですか? (Q4)

Ý chính của Danh mục kiểm tra này là gì? (Q4)', '81105005', NULL, 'チェックリスト chứa thông tin về Sonkeigo/Kenjougo + 4 cấp xin lỗi + trace lot + 5W1H + 5 Why.', 'dokkai', 1, 'system', TRUE, FALSE, NOW(), 'system') ON CONFLICT (id) DO UPDATE SET question_type = EXCLUDED.question_type, content_type = EXCLUDED.content_type, level = EXCLUDED.level, question = EXCLUDED.question, passage = EXCLUDED.passage, passage_translation = EXCLUDED.passage_translation, general_explanation = EXCLUDED.general_explanation, skill_category = EXCLUDED.skill_category, is_active = EXCLUDED.is_active, is_deleted = EXCLUDED.is_deleted, updated_at = NOW(), updated_by = 'system';
DELETE FROM questions_answers WHERE question_id = 811520020;
INSERT INTO questions_answers (question_id, sentence, sentence_translation, is_correct, "order") VALUES (811520020, 'Sonkeigo/Kenjougo + 4 cấp xin lỗi + tracに関する情報', 'Thông tin liên quan đến Sonkeigo/Kenjougo + 4 cấp xin lỗi + trac', TRUE, 1);
INSERT INTO questions_answers (question_id, sentence, sentence_translation, is_correct, "order") VALUES (811520020, '工場の歴史', 'Lịch sử nhà máy', FALSE, 2);
INSERT INTO questions_answers (question_id, sentence, sentence_translation, is_correct, "order") VALUES (811520020, '社員の名前リスト', 'Danh sách tên nhân viên', FALSE, 3);
INSERT INTO questions_answers (question_id, sentence, sentence_translation, is_correct, "order") VALUES (811520020, '設備の値段', 'Giá thiết bị', FALSE, 4);

INSERT INTO study_question_sets (id, name, description, set_type, card_count, tenant_id, is_active, is_deleted, created_at, created_by) VALUES (8110521, 'T5. Lần đầu mắc lỗi — Reading Section 1: Bảng quy trình', 'Đọc hiểu Bảng quy trình', 'reading', 4, 'system', TRUE, FALSE, NOW(), 'system') ON CONFLICT (id) DO UPDATE SET name = EXCLUDED.name, description = EXCLUDED.description, set_type = EXCLUDED.set_type, card_count = EXCLUDED.card_count, is_active = EXCLUDED.is_active, is_deleted = EXCLUDED.is_deleted, updated_at = NOW(), updated_by = 'system';
INSERT INTO study_question_set_questions (study_question_set_id, question_id, order_index, tenant_id, is_deleted, created_at, created_by) VALUES (8110521, 811520001, 1, 'system', FALSE, NOW(), 'system') ON CONFLICT (study_question_set_id, question_id) DO UPDATE SET order_index = EXCLUDED.order_index, is_deleted = FALSE;
INSERT INTO study_question_set_questions (study_question_set_id, question_id, order_index, tenant_id, is_deleted, created_at, created_by) VALUES (8110521, 811520002, 2, 'system', FALSE, NOW(), 'system') ON CONFLICT (study_question_set_id, question_id) DO UPDATE SET order_index = EXCLUDED.order_index, is_deleted = FALSE;
INSERT INTO study_question_set_questions (study_question_set_id, question_id, order_index, tenant_id, is_deleted, created_at, created_by) VALUES (8110521, 811520003, 3, 'system', FALSE, NOW(), 'system') ON CONFLICT (study_question_set_id, question_id) DO UPDATE SET order_index = EXCLUDED.order_index, is_deleted = FALSE;
INSERT INTO study_question_set_questions (study_question_set_id, question_id, order_index, tenant_id, is_deleted, created_at, created_by) VALUES (8110521, 811520004, 4, 'system', FALSE, NOW(), 'system') ON CONFLICT (study_question_set_id, question_id) DO UPDATE SET order_index = EXCLUDED.order_index, is_deleted = FALSE;
INSERT INTO study_resource_question_sets (resource_type, resource_id, study_question_set_id, position, context, tenant_id, is_active, is_deleted, created_at, created_by) VALUES ('module', 8011005, 8110521, 5, '{"label": "T5. Lần đầu mắc lỗi — Reading Section 1: Bảng quy trình"}'::jsonb, 'system', TRUE, FALSE, NOW(), 'system') ON CONFLICT (resource_type, resource_id, study_question_set_id) DO UPDATE SET position = EXCLUDED.position, context = EXCLUDED.context, is_active = TRUE, is_deleted = FALSE;

INSERT INTO study_question_sets (id, name, description, set_type, card_count, tenant_id, is_active, is_deleted, created_at, created_by) VALUES (8110522, 'T5. Lần đầu mắc lỗi — Reading Section 2: Sổ tay hướng dẫn', 'Đọc hiểu Sổ tay hướng dẫn', 'reading', 4, 'system', TRUE, FALSE, NOW(), 'system') ON CONFLICT (id) DO UPDATE SET name = EXCLUDED.name, description = EXCLUDED.description, set_type = EXCLUDED.set_type, card_count = EXCLUDED.card_count, is_active = EXCLUDED.is_active, is_deleted = EXCLUDED.is_deleted, updated_at = NOW(), updated_by = 'system';
INSERT INTO study_question_set_questions (study_question_set_id, question_id, order_index, tenant_id, is_deleted, created_at, created_by) VALUES (8110522, 811520005, 1, 'system', FALSE, NOW(), 'system') ON CONFLICT (study_question_set_id, question_id) DO UPDATE SET order_index = EXCLUDED.order_index, is_deleted = FALSE;
INSERT INTO study_question_set_questions (study_question_set_id, question_id, order_index, tenant_id, is_deleted, created_at, created_by) VALUES (8110522, 811520006, 2, 'system', FALSE, NOW(), 'system') ON CONFLICT (study_question_set_id, question_id) DO UPDATE SET order_index = EXCLUDED.order_index, is_deleted = FALSE;
INSERT INTO study_question_set_questions (study_question_set_id, question_id, order_index, tenant_id, is_deleted, created_at, created_by) VALUES (8110522, 811520007, 3, 'system', FALSE, NOW(), 'system') ON CONFLICT (study_question_set_id, question_id) DO UPDATE SET order_index = EXCLUDED.order_index, is_deleted = FALSE;
INSERT INTO study_question_set_questions (study_question_set_id, question_id, order_index, tenant_id, is_deleted, created_at, created_by) VALUES (8110522, 811520008, 4, 'system', FALSE, NOW(), 'system') ON CONFLICT (study_question_set_id, question_id) DO UPDATE SET order_index = EXCLUDED.order_index, is_deleted = FALSE;
INSERT INTO study_resource_question_sets (resource_type, resource_id, study_question_set_id, position, context, tenant_id, is_active, is_deleted, created_at, created_by) VALUES ('module', 8011005, 8110522, 6, '{"label": "T5. Lần đầu mắc lỗi — Reading Section 2: Sổ tay hướng dẫn"}'::jsonb, 'system', TRUE, FALSE, NOW(), 'system') ON CONFLICT (resource_type, resource_id, study_question_set_id) DO UPDATE SET position = EXCLUDED.position, context = EXCLUDED.context, is_active = TRUE, is_deleted = FALSE;

INSERT INTO study_question_sets (id, name, description, set_type, card_count, tenant_id, is_active, is_deleted, created_at, created_by) VALUES (8110523, 'T5. Lần đầu mắc lỗi — Reading Section 3: Báo cáo', 'Đọc hiểu Báo cáo', 'reading', 4, 'system', TRUE, FALSE, NOW(), 'system') ON CONFLICT (id) DO UPDATE SET name = EXCLUDED.name, description = EXCLUDED.description, set_type = EXCLUDED.set_type, card_count = EXCLUDED.card_count, is_active = EXCLUDED.is_active, is_deleted = EXCLUDED.is_deleted, updated_at = NOW(), updated_by = 'system';
INSERT INTO study_question_set_questions (study_question_set_id, question_id, order_index, tenant_id, is_deleted, created_at, created_by) VALUES (8110523, 811520009, 1, 'system', FALSE, NOW(), 'system') ON CONFLICT (study_question_set_id, question_id) DO UPDATE SET order_index = EXCLUDED.order_index, is_deleted = FALSE;
INSERT INTO study_question_set_questions (study_question_set_id, question_id, order_index, tenant_id, is_deleted, created_at, created_by) VALUES (8110523, 811520010, 2, 'system', FALSE, NOW(), 'system') ON CONFLICT (study_question_set_id, question_id) DO UPDATE SET order_index = EXCLUDED.order_index, is_deleted = FALSE;
INSERT INTO study_question_set_questions (study_question_set_id, question_id, order_index, tenant_id, is_deleted, created_at, created_by) VALUES (8110523, 811520011, 3, 'system', FALSE, NOW(), 'system') ON CONFLICT (study_question_set_id, question_id) DO UPDATE SET order_index = EXCLUDED.order_index, is_deleted = FALSE;
INSERT INTO study_question_set_questions (study_question_set_id, question_id, order_index, tenant_id, is_deleted, created_at, created_by) VALUES (8110523, 811520012, 4, 'system', FALSE, NOW(), 'system') ON CONFLICT (study_question_set_id, question_id) DO UPDATE SET order_index = EXCLUDED.order_index, is_deleted = FALSE;
INSERT INTO study_resource_question_sets (resource_type, resource_id, study_question_set_id, position, context, tenant_id, is_active, is_deleted, created_at, created_by) VALUES ('module', 8011005, 8110523, 7, '{"label": "T5. Lần đầu mắc lỗi — Reading Section 3: Báo cáo"}'::jsonb, 'system', TRUE, FALSE, NOW(), 'system') ON CONFLICT (resource_type, resource_id, study_question_set_id) DO UPDATE SET position = EXCLUDED.position, context = EXCLUDED.context, is_active = TRUE, is_deleted = FALSE;

INSERT INTO study_question_sets (id, name, description, set_type, card_count, tenant_id, is_active, is_deleted, created_at, created_by) VALUES (8110524, 'T5. Lần đầu mắc lỗi — Reading Section 4: Thông báo', 'Đọc hiểu Thông báo', 'reading', 4, 'system', TRUE, FALSE, NOW(), 'system') ON CONFLICT (id) DO UPDATE SET name = EXCLUDED.name, description = EXCLUDED.description, set_type = EXCLUDED.set_type, card_count = EXCLUDED.card_count, is_active = EXCLUDED.is_active, is_deleted = EXCLUDED.is_deleted, updated_at = NOW(), updated_by = 'system';
INSERT INTO study_question_set_questions (study_question_set_id, question_id, order_index, tenant_id, is_deleted, created_at, created_by) VALUES (8110524, 811520013, 1, 'system', FALSE, NOW(), 'system') ON CONFLICT (study_question_set_id, question_id) DO UPDATE SET order_index = EXCLUDED.order_index, is_deleted = FALSE;
INSERT INTO study_question_set_questions (study_question_set_id, question_id, order_index, tenant_id, is_deleted, created_at, created_by) VALUES (8110524, 811520014, 2, 'system', FALSE, NOW(), 'system') ON CONFLICT (study_question_set_id, question_id) DO UPDATE SET order_index = EXCLUDED.order_index, is_deleted = FALSE;
INSERT INTO study_question_set_questions (study_question_set_id, question_id, order_index, tenant_id, is_deleted, created_at, created_by) VALUES (8110524, 811520015, 3, 'system', FALSE, NOW(), 'system') ON CONFLICT (study_question_set_id, question_id) DO UPDATE SET order_index = EXCLUDED.order_index, is_deleted = FALSE;
INSERT INTO study_question_set_questions (study_question_set_id, question_id, order_index, tenant_id, is_deleted, created_at, created_by) VALUES (8110524, 811520016, 4, 'system', FALSE, NOW(), 'system') ON CONFLICT (study_question_set_id, question_id) DO UPDATE SET order_index = EXCLUDED.order_index, is_deleted = FALSE;
INSERT INTO study_resource_question_sets (resource_type, resource_id, study_question_set_id, position, context, tenant_id, is_active, is_deleted, created_at, created_by) VALUES ('module', 8011005, 8110524, 8, '{"label": "T5. Lần đầu mắc lỗi — Reading Section 4: Thông báo"}'::jsonb, 'system', TRUE, FALSE, NOW(), 'system') ON CONFLICT (resource_type, resource_id, study_question_set_id) DO UPDATE SET position = EXCLUDED.position, context = EXCLUDED.context, is_active = TRUE, is_deleted = FALSE;

INSERT INTO study_question_sets (id, name, description, set_type, card_count, tenant_id, is_active, is_deleted, created_at, created_by) VALUES (8110525, 'T5. Lần đầu mắc lỗi — Reading Section 5: Danh mục kiểm tra', 'Đọc hiểu Danh mục kiểm tra', 'reading', 4, 'system', TRUE, FALSE, NOW(), 'system') ON CONFLICT (id) DO UPDATE SET name = EXCLUDED.name, description = EXCLUDED.description, set_type = EXCLUDED.set_type, card_count = EXCLUDED.card_count, is_active = EXCLUDED.is_active, is_deleted = EXCLUDED.is_deleted, updated_at = NOW(), updated_by = 'system';
INSERT INTO study_question_set_questions (study_question_set_id, question_id, order_index, tenant_id, is_deleted, created_at, created_by) VALUES (8110525, 811520017, 1, 'system', FALSE, NOW(), 'system') ON CONFLICT (study_question_set_id, question_id) DO UPDATE SET order_index = EXCLUDED.order_index, is_deleted = FALSE;
INSERT INTO study_question_set_questions (study_question_set_id, question_id, order_index, tenant_id, is_deleted, created_at, created_by) VALUES (8110525, 811520018, 2, 'system', FALSE, NOW(), 'system') ON CONFLICT (study_question_set_id, question_id) DO UPDATE SET order_index = EXCLUDED.order_index, is_deleted = FALSE;
INSERT INTO study_question_set_questions (study_question_set_id, question_id, order_index, tenant_id, is_deleted, created_at, created_by) VALUES (8110525, 811520019, 3, 'system', FALSE, NOW(), 'system') ON CONFLICT (study_question_set_id, question_id) DO UPDATE SET order_index = EXCLUDED.order_index, is_deleted = FALSE;
INSERT INTO study_question_set_questions (study_question_set_id, question_id, order_index, tenant_id, is_deleted, created_at, created_by) VALUES (8110525, 811520020, 4, 'system', FALSE, NOW(), 'system') ON CONFLICT (study_question_set_id, question_id) DO UPDATE SET order_index = EXCLUDED.order_index, is_deleted = FALSE;
INSERT INTO study_resource_question_sets (resource_type, resource_id, study_question_set_id, position, context, tenant_id, is_active, is_deleted, created_at, created_by) VALUES ('module', 8011005, 8110525, 9, '{"label": "T5. Lần đầu mắc lỗi — Reading Section 5: Danh mục kiểm tra"}'::jsonb, 'system', TRUE, FALSE, NOW(), 'system') ON CONFLICT (resource_type, resource_id, study_question_set_id) DO UPDATE SET position = EXCLUDED.position, context = EXCLUDED.context, is_active = TRUE, is_deleted = FALSE;

-- BaiTap: t06_chukan_mensetsu (40 questions)
INSERT INTO questions (id, user_id, is_system, is_khoa_cu, question_type, content_type, level, selection_type, question, passage, passage_translation, general_explanation, skill_category, base_difficulty, tenant_id, is_active, is_deleted, created_at, created_by) VALUES (811610001, NULL, TRUE, FALSE, 'chon_dap_an', 'jisshusei_baitap_t06_chukan_mensetsu', 'N5', 'single', '「中間面接」 trong ngữ cảnh chương 6 có nghĩa liên quan đến gì?

「中間面接」 trong chương 6 liên quan đến:', NULL, NULL, '「中間面接」 thuộc chủ đề: Cụm trình bày + keigo trung cấp + ~させていただきます + Tokutei Ginou intro.', 'grammar', 1, 'system', TRUE, FALSE, NOW(), 'system') ON CONFLICT (id) DO UPDATE SET question_type = EXCLUDED.question_type, content_type = EXCLUDED.content_type, level = EXCLUDED.level, question = EXCLUDED.question, passage = EXCLUDED.passage, passage_translation = EXCLUDED.passage_translation, general_explanation = EXCLUDED.general_explanation, skill_category = EXCLUDED.skill_category, is_active = EXCLUDED.is_active, is_deleted = EXCLUDED.is_deleted, updated_at = NOW(), updated_by = 'system';
DELETE FROM questions_answers WHERE question_id = 811610001;
INSERT INTO questions_answers (question_id, sentence, sentence_translation, is_correct, "order") VALUES (811610001, 'Cụm trình bày + keigo trung cấ', 'Cụm trình bày + keigo trung cấ', TRUE, 1);
INSERT INTO questions_answers (question_id, sentence, sentence_translation, is_correct, "order") VALUES (811610001, 'Khái niệm không liên quan A', 'Khái niệm không liên quan A', FALSE, 2);
INSERT INTO questions_answers (question_id, sentence, sentence_translation, is_correct, "order") VALUES (811610001, 'Khái niệm không liên quan B', 'Khái niệm không liên quan B', FALSE, 3);
INSERT INTO questions_answers (question_id, sentence, sentence_translation, is_correct, "order") VALUES (811610001, 'Khái niệm không liên quan C', 'Khái niệm không liên quan C', FALSE, 4);
INSERT INTO questions (id, user_id, is_system, is_khoa_cu, question_type, content_type, level, selection_type, question, passage, passage_translation, general_explanation, skill_category, base_difficulty, tenant_id, is_active, is_deleted, created_at, created_by) VALUES (811610002, NULL, TRUE, FALSE, 'chon_dap_an', 'jisshusei_baitap_t06_chukan_mensetsu', 'N5', 'single', '「反省」 trong ngữ cảnh chương 6 có nghĩa liên quan đến gì?

「反省」 trong chương 6 liên quan đến:', NULL, NULL, '「反省」 thuộc chủ đề: Cụm trình bày + keigo trung cấp + ~させていただきます + Tokutei Ginou intro.', 'grammar', 1, 'system', TRUE, FALSE, NOW(), 'system') ON CONFLICT (id) DO UPDATE SET question_type = EXCLUDED.question_type, content_type = EXCLUDED.content_type, level = EXCLUDED.level, question = EXCLUDED.question, passage = EXCLUDED.passage, passage_translation = EXCLUDED.passage_translation, general_explanation = EXCLUDED.general_explanation, skill_category = EXCLUDED.skill_category, is_active = EXCLUDED.is_active, is_deleted = EXCLUDED.is_deleted, updated_at = NOW(), updated_by = 'system';
DELETE FROM questions_answers WHERE question_id = 811610002;
INSERT INTO questions_answers (question_id, sentence, sentence_translation, is_correct, "order") VALUES (811610002, 'Cụm trình bày + keigo trung cấ', 'Cụm trình bày + keigo trung cấ', TRUE, 1);
INSERT INTO questions_answers (question_id, sentence, sentence_translation, is_correct, "order") VALUES (811610002, 'Khái niệm không liên quan A', 'Khái niệm không liên quan A', FALSE, 2);
INSERT INTO questions_answers (question_id, sentence, sentence_translation, is_correct, "order") VALUES (811610002, 'Khái niệm không liên quan B', 'Khái niệm không liên quan B', FALSE, 3);
INSERT INTO questions_answers (question_id, sentence, sentence_translation, is_correct, "order") VALUES (811610002, 'Khái niệm không liên quan C', 'Khái niệm không liên quan C', FALSE, 4);
INSERT INTO questions (id, user_id, is_system, is_khoa_cu, question_type, content_type, level, selection_type, question, passage, passage_translation, general_explanation, skill_category, base_difficulty, tenant_id, is_active, is_deleted, created_at, created_by) VALUES (811610003, NULL, TRUE, FALSE, 'chon_dap_an', 'jisshusei_baitap_t06_chukan_mensetsu', 'N5', 'single', '「目標」 trong ngữ cảnh chương 6 có nghĩa liên quan đến gì?

「目標」 trong chương 6 liên quan đến:', NULL, NULL, '「目標」 thuộc chủ đề: Cụm trình bày + keigo trung cấp + ~させていただきます + Tokutei Ginou intro.', 'grammar', 1, 'system', TRUE, FALSE, NOW(), 'system') ON CONFLICT (id) DO UPDATE SET question_type = EXCLUDED.question_type, content_type = EXCLUDED.content_type, level = EXCLUDED.level, question = EXCLUDED.question, passage = EXCLUDED.passage, passage_translation = EXCLUDED.passage_translation, general_explanation = EXCLUDED.general_explanation, skill_category = EXCLUDED.skill_category, is_active = EXCLUDED.is_active, is_deleted = EXCLUDED.is_deleted, updated_at = NOW(), updated_by = 'system';
DELETE FROM questions_answers WHERE question_id = 811610003;
INSERT INTO questions_answers (question_id, sentence, sentence_translation, is_correct, "order") VALUES (811610003, 'Cụm trình bày + keigo trung cấ', 'Cụm trình bày + keigo trung cấ', TRUE, 1);
INSERT INTO questions_answers (question_id, sentence, sentence_translation, is_correct, "order") VALUES (811610003, 'Khái niệm không liên quan A', 'Khái niệm không liên quan A', FALSE, 2);
INSERT INTO questions_answers (question_id, sentence, sentence_translation, is_correct, "order") VALUES (811610003, 'Khái niệm không liên quan B', 'Khái niệm không liên quan B', FALSE, 3);
INSERT INTO questions_answers (question_id, sentence, sentence_translation, is_correct, "order") VALUES (811610003, 'Khái niệm không liên quan C', 'Khái niệm không liên quan C', FALSE, 4);
INSERT INTO questions (id, user_id, is_system, is_khoa_cu, question_type, content_type, level, selection_type, question, passage, passage_translation, general_explanation, skill_category, base_difficulty, tenant_id, is_active, is_deleted, created_at, created_by) VALUES (811610004, NULL, TRUE, FALSE, 'chon_dap_an', 'jisshusei_baitap_t06_chukan_mensetsu', 'N5', 'single', '「強み」 trong ngữ cảnh chương 6 có nghĩa liên quan đến gì?

「強み」 trong chương 6 liên quan đến:', NULL, NULL, '「強み」 thuộc chủ đề: Cụm trình bày + keigo trung cấp + ~させていただきます + Tokutei Ginou intro.', 'grammar', 1, 'system', TRUE, FALSE, NOW(), 'system') ON CONFLICT (id) DO UPDATE SET question_type = EXCLUDED.question_type, content_type = EXCLUDED.content_type, level = EXCLUDED.level, question = EXCLUDED.question, passage = EXCLUDED.passage, passage_translation = EXCLUDED.passage_translation, general_explanation = EXCLUDED.general_explanation, skill_category = EXCLUDED.skill_category, is_active = EXCLUDED.is_active, is_deleted = EXCLUDED.is_deleted, updated_at = NOW(), updated_by = 'system';
DELETE FROM questions_answers WHERE question_id = 811610004;
INSERT INTO questions_answers (question_id, sentence, sentence_translation, is_correct, "order") VALUES (811610004, 'Cụm trình bày + keigo trung cấ', 'Cụm trình bày + keigo trung cấ', TRUE, 1);
INSERT INTO questions_answers (question_id, sentence, sentence_translation, is_correct, "order") VALUES (811610004, 'Khái niệm không liên quan A', 'Khái niệm không liên quan A', FALSE, 2);
INSERT INTO questions_answers (question_id, sentence, sentence_translation, is_correct, "order") VALUES (811610004, 'Khái niệm không liên quan B', 'Khái niệm không liên quan B', FALSE, 3);
INSERT INTO questions_answers (question_id, sentence, sentence_translation, is_correct, "order") VALUES (811610004, 'Khái niệm không liên quan C', 'Khái niệm không liên quan C', FALSE, 4);
INSERT INTO questions (id, user_id, is_system, is_khoa_cu, question_type, content_type, level, selection_type, question, passage, passage_translation, general_explanation, skill_category, base_difficulty, tenant_id, is_active, is_deleted, created_at, created_by) VALUES (811610005, NULL, TRUE, FALSE, 'chon_dap_an', 'jisshusei_baitap_t06_chukan_mensetsu', 'N5', 'single', '「弱み」 trong ngữ cảnh chương 6 có nghĩa liên quan đến gì?

「弱み」 trong chương 6 liên quan đến:', NULL, NULL, '「弱み」 thuộc chủ đề: Cụm trình bày + keigo trung cấp + ~させていただきます + Tokutei Ginou intro.', 'grammar', 1, 'system', TRUE, FALSE, NOW(), 'system') ON CONFLICT (id) DO UPDATE SET question_type = EXCLUDED.question_type, content_type = EXCLUDED.content_type, level = EXCLUDED.level, question = EXCLUDED.question, passage = EXCLUDED.passage, passage_translation = EXCLUDED.passage_translation, general_explanation = EXCLUDED.general_explanation, skill_category = EXCLUDED.skill_category, is_active = EXCLUDED.is_active, is_deleted = EXCLUDED.is_deleted, updated_at = NOW(), updated_by = 'system';
DELETE FROM questions_answers WHERE question_id = 811610005;
INSERT INTO questions_answers (question_id, sentence, sentence_translation, is_correct, "order") VALUES (811610005, 'Cụm trình bày + keigo trung cấ', 'Cụm trình bày + keigo trung cấ', TRUE, 1);
INSERT INTO questions_answers (question_id, sentence, sentence_translation, is_correct, "order") VALUES (811610005, 'Khái niệm không liên quan A', 'Khái niệm không liên quan A', FALSE, 2);
INSERT INTO questions_answers (question_id, sentence, sentence_translation, is_correct, "order") VALUES (811610005, 'Khái niệm không liên quan B', 'Khái niệm không liên quan B', FALSE, 3);
INSERT INTO questions_answers (question_id, sentence, sentence_translation, is_correct, "order") VALUES (811610005, 'Khái niệm không liên quan C', 'Khái niệm không liên quan C', FALSE, 4);
INSERT INTO questions (id, user_id, is_system, is_khoa_cu, question_type, content_type, level, selection_type, question, passage, passage_translation, general_explanation, skill_category, base_difficulty, tenant_id, is_active, is_deleted, created_at, created_by) VALUES (811610006, NULL, TRUE, FALSE, 'chon_dap_an', 'jisshusei_baitap_t06_chukan_mensetsu', 'N5', 'single', '「特定技能」 trong ngữ cảnh chương 6 có nghĩa liên quan đến gì?

「特定技能」 trong chương 6 liên quan đến:', NULL, NULL, '「特定技能」 thuộc chủ đề: Cụm trình bày + keigo trung cấp + ~させていただきます + Tokutei Ginou intro.', 'grammar', 1, 'system', TRUE, FALSE, NOW(), 'system') ON CONFLICT (id) DO UPDATE SET question_type = EXCLUDED.question_type, content_type = EXCLUDED.content_type, level = EXCLUDED.level, question = EXCLUDED.question, passage = EXCLUDED.passage, passage_translation = EXCLUDED.passage_translation, general_explanation = EXCLUDED.general_explanation, skill_category = EXCLUDED.skill_category, is_active = EXCLUDED.is_active, is_deleted = EXCLUDED.is_deleted, updated_at = NOW(), updated_by = 'system';
DELETE FROM questions_answers WHERE question_id = 811610006;
INSERT INTO questions_answers (question_id, sentence, sentence_translation, is_correct, "order") VALUES (811610006, 'Cụm trình bày + keigo trung cấ', 'Cụm trình bày + keigo trung cấ', TRUE, 1);
INSERT INTO questions_answers (question_id, sentence, sentence_translation, is_correct, "order") VALUES (811610006, 'Khái niệm không liên quan A', 'Khái niệm không liên quan A', FALSE, 2);
INSERT INTO questions_answers (question_id, sentence, sentence_translation, is_correct, "order") VALUES (811610006, 'Khái niệm không liên quan B', 'Khái niệm không liên quan B', FALSE, 3);
INSERT INTO questions_answers (question_id, sentence, sentence_translation, is_correct, "order") VALUES (811610006, 'Khái niệm không liên quan C', 'Khái niệm không liên quan C', FALSE, 4);
INSERT INTO questions (id, user_id, is_system, is_khoa_cu, question_type, content_type, level, selection_type, question, passage, passage_translation, general_explanation, skill_category, base_difficulty, tenant_id, is_active, is_deleted, created_at, created_by) VALUES (811610007, NULL, TRUE, FALSE, 'chon_dap_an', 'jisshusei_baitap_t06_chukan_mensetsu', 'N5', 'single', '「JITCO」 trong ngữ cảnh chương 6 có nghĩa liên quan đến gì?

「JITCO」 trong chương 6 liên quan đến:', NULL, NULL, '「JITCO」 thuộc chủ đề: Cụm trình bày + keigo trung cấp + ~させていただきます + Tokutei Ginou intro.', 'grammar', 1, 'system', TRUE, FALSE, NOW(), 'system') ON CONFLICT (id) DO UPDATE SET question_type = EXCLUDED.question_type, content_type = EXCLUDED.content_type, level = EXCLUDED.level, question = EXCLUDED.question, passage = EXCLUDED.passage, passage_translation = EXCLUDED.passage_translation, general_explanation = EXCLUDED.general_explanation, skill_category = EXCLUDED.skill_category, is_active = EXCLUDED.is_active, is_deleted = EXCLUDED.is_deleted, updated_at = NOW(), updated_by = 'system';
DELETE FROM questions_answers WHERE question_id = 811610007;
INSERT INTO questions_answers (question_id, sentence, sentence_translation, is_correct, "order") VALUES (811610007, 'Cụm trình bày + keigo trung cấ', 'Cụm trình bày + keigo trung cấ', TRUE, 1);
INSERT INTO questions_answers (question_id, sentence, sentence_translation, is_correct, "order") VALUES (811610007, 'Khái niệm không liên quan A', 'Khái niệm không liên quan A', FALSE, 2);
INSERT INTO questions_answers (question_id, sentence, sentence_translation, is_correct, "order") VALUES (811610007, 'Khái niệm không liên quan B', 'Khái niệm không liên quan B', FALSE, 3);
INSERT INTO questions_answers (question_id, sentence, sentence_translation, is_correct, "order") VALUES (811610007, 'Khái niệm không liên quan C', 'Khái niệm không liên quan C', FALSE, 4);
INSERT INTO questions (id, user_id, is_system, is_khoa_cu, question_type, content_type, level, selection_type, question, passage, passage_translation, general_explanation, skill_category, base_difficulty, tenant_id, is_active, is_deleted, created_at, created_by) VALUES (811610008, NULL, TRUE, FALSE, 'chon_dap_an', 'jisshusei_baitap_t06_chukan_mensetsu', 'N5', 'single', '「OTIT」 trong ngữ cảnh chương 6 có nghĩa liên quan đến gì?

「OTIT」 trong chương 6 liên quan đến:', NULL, NULL, '「OTIT」 thuộc chủ đề: Cụm trình bày + keigo trung cấp + ~させていただきます + Tokutei Ginou intro.', 'grammar', 1, 'system', TRUE, FALSE, NOW(), 'system') ON CONFLICT (id) DO UPDATE SET question_type = EXCLUDED.question_type, content_type = EXCLUDED.content_type, level = EXCLUDED.level, question = EXCLUDED.question, passage = EXCLUDED.passage, passage_translation = EXCLUDED.passage_translation, general_explanation = EXCLUDED.general_explanation, skill_category = EXCLUDED.skill_category, is_active = EXCLUDED.is_active, is_deleted = EXCLUDED.is_deleted, updated_at = NOW(), updated_by = 'system';
DELETE FROM questions_answers WHERE question_id = 811610008;
INSERT INTO questions_answers (question_id, sentence, sentence_translation, is_correct, "order") VALUES (811610008, 'Cụm trình bày + keigo trung cấ', 'Cụm trình bày + keigo trung cấ', TRUE, 1);
INSERT INTO questions_answers (question_id, sentence, sentence_translation, is_correct, "order") VALUES (811610008, 'Khái niệm không liên quan A', 'Khái niệm không liên quan A', FALSE, 2);
INSERT INTO questions_answers (question_id, sentence, sentence_translation, is_correct, "order") VALUES (811610008, 'Khái niệm không liên quan B', 'Khái niệm không liên quan B', FALSE, 3);
INSERT INTO questions_answers (question_id, sentence, sentence_translation, is_correct, "order") VALUES (811610008, 'Khái niệm không liên quan C', 'Khái niệm không liên quan C', FALSE, 4);
INSERT INTO questions (id, user_id, is_system, is_khoa_cu, question_type, content_type, level, selection_type, question, passage, passage_translation, general_explanation, skill_category, base_difficulty, tenant_id, is_active, is_deleted, created_at, created_by) VALUES (811610009, NULL, TRUE, FALSE, 'chon_dap_an', 'jisshusei_baitap_t06_chukan_mensetsu', 'N5', 'single', '「改善点」 trong ngữ cảnh chương 6 có nghĩa liên quan đến gì?

「改善点」 trong chương 6 liên quan đến:', NULL, NULL, '「改善点」 thuộc chủ đề: Cụm trình bày + keigo trung cấp + ~させていただきます + Tokutei Ginou intro.', 'grammar', 1, 'system', TRUE, FALSE, NOW(), 'system') ON CONFLICT (id) DO UPDATE SET question_type = EXCLUDED.question_type, content_type = EXCLUDED.content_type, level = EXCLUDED.level, question = EXCLUDED.question, passage = EXCLUDED.passage, passage_translation = EXCLUDED.passage_translation, general_explanation = EXCLUDED.general_explanation, skill_category = EXCLUDED.skill_category, is_active = EXCLUDED.is_active, is_deleted = EXCLUDED.is_deleted, updated_at = NOW(), updated_by = 'system';
DELETE FROM questions_answers WHERE question_id = 811610009;
INSERT INTO questions_answers (question_id, sentence, sentence_translation, is_correct, "order") VALUES (811610009, 'Cụm trình bày + keigo trung cấ', 'Cụm trình bày + keigo trung cấ', TRUE, 1);
INSERT INTO questions_answers (question_id, sentence, sentence_translation, is_correct, "order") VALUES (811610009, 'Khái niệm không liên quan A', 'Khái niệm không liên quan A', FALSE, 2);
INSERT INTO questions_answers (question_id, sentence, sentence_translation, is_correct, "order") VALUES (811610009, 'Khái niệm không liên quan B', 'Khái niệm không liên quan B', FALSE, 3);
INSERT INTO questions_answers (question_id, sentence, sentence_translation, is_correct, "order") VALUES (811610009, 'Khái niệm không liên quan C', 'Khái niệm không liên quan C', FALSE, 4);
INSERT INTO questions (id, user_id, is_system, is_khoa_cu, question_type, content_type, level, selection_type, question, passage, passage_translation, general_explanation, skill_category, base_difficulty, tenant_id, is_active, is_deleted, created_at, created_by) VALUES (811610010, NULL, TRUE, FALSE, 'chon_dap_an', 'jisshusei_baitap_t06_chukan_mensetsu', 'N5', 'single', '「中間面接」 trong ngữ cảnh chương 6 có nghĩa liên quan đến gì?

「中間面接」 trong chương 6 liên quan đến:', NULL, NULL, '「中間面接」 thuộc chủ đề: Cụm trình bày + keigo trung cấp + ~させていただきます + Tokutei Ginou intro.', 'grammar', 1, 'system', TRUE, FALSE, NOW(), 'system') ON CONFLICT (id) DO UPDATE SET question_type = EXCLUDED.question_type, content_type = EXCLUDED.content_type, level = EXCLUDED.level, question = EXCLUDED.question, passage = EXCLUDED.passage, passage_translation = EXCLUDED.passage_translation, general_explanation = EXCLUDED.general_explanation, skill_category = EXCLUDED.skill_category, is_active = EXCLUDED.is_active, is_deleted = EXCLUDED.is_deleted, updated_at = NOW(), updated_by = 'system';
DELETE FROM questions_answers WHERE question_id = 811610010;
INSERT INTO questions_answers (question_id, sentence, sentence_translation, is_correct, "order") VALUES (811610010, 'Cụm trình bày + keigo trung cấ', 'Cụm trình bày + keigo trung cấ', TRUE, 1);
INSERT INTO questions_answers (question_id, sentence, sentence_translation, is_correct, "order") VALUES (811610010, 'Khái niệm không liên quan A', 'Khái niệm không liên quan A', FALSE, 2);
INSERT INTO questions_answers (question_id, sentence, sentence_translation, is_correct, "order") VALUES (811610010, 'Khái niệm không liên quan B', 'Khái niệm không liên quan B', FALSE, 3);
INSERT INTO questions_answers (question_id, sentence, sentence_translation, is_correct, "order") VALUES (811610010, 'Khái niệm không liên quan C', 'Khái niệm không liên quan C', FALSE, 4);
INSERT INTO questions (id, user_id, is_system, is_khoa_cu, question_type, content_type, level, selection_type, question, passage, passage_translation, general_explanation, skill_category, base_difficulty, tenant_id, is_active, is_deleted, created_at, created_by) VALUES (811610011, NULL, TRUE, FALSE, 'chon_dap_an', 'jisshusei_baitap_t06_chukan_mensetsu', 'N5', 'single', 'Cụm「~と考えております」 thường dùng khi nào trong chương 6?

「~と考えております」 dùng khi nào?', NULL, NULL, '「~と考えております」 được dạy trong chương 6 (Cụm trình bày + keigo trung cấp + ~させていただきます + Tokutei Ginou intro).', 'grammar', 1, 'system', TRUE, FALSE, NOW(), 'system') ON CONFLICT (id) DO UPDATE SET question_type = EXCLUDED.question_type, content_type = EXCLUDED.content_type, level = EXCLUDED.level, question = EXCLUDED.question, passage = EXCLUDED.passage, passage_translation = EXCLUDED.passage_translation, general_explanation = EXCLUDED.general_explanation, skill_category = EXCLUDED.skill_category, is_active = EXCLUDED.is_active, is_deleted = EXCLUDED.is_deleted, updated_at = NOW(), updated_by = 'system';
DELETE FROM questions_answers WHERE question_id = 811610011;
INSERT INTO questions_answers (question_id, sentence, sentence_translation, is_correct, "order") VALUES (811610011, 'Trong tình huống chương 6: Cụm trình bày + keigo trung cấp + ~させていた', NULL, TRUE, 1);
INSERT INTO questions_answers (question_id, sentence, sentence_translation, is_correct, "order") VALUES (811610011, 'Khi ngủ', 'Khi ngủ', FALSE, 2);
INSERT INTO questions_answers (question_id, sentence, sentence_translation, is_correct, "order") VALUES (811610011, 'Khi ăn', 'Khi ăn', FALSE, 3);
INSERT INTO questions_answers (question_id, sentence, sentence_translation, is_correct, "order") VALUES (811610011, 'Không dùng', 'Không dùng', FALSE, 4);
INSERT INTO questions (id, user_id, is_system, is_khoa_cu, question_type, content_type, level, selection_type, question, passage, passage_translation, general_explanation, skill_category, base_difficulty, tenant_id, is_active, is_deleted, created_at, created_by) VALUES (811610012, NULL, TRUE, FALSE, 'chon_dap_an', 'jisshusei_baitap_t06_chukan_mensetsu', 'N5', 'single', 'Cụm「~させていただきます」 thường dùng khi nào trong chương 6?

「~させていただきます」 dùng khi nào?', NULL, NULL, '「~させていただきます」 được dạy trong chương 6 (Cụm trình bày + keigo trung cấp + ~させていただきます + Tokutei Ginou intro).', 'grammar', 1, 'system', TRUE, FALSE, NOW(), 'system') ON CONFLICT (id) DO UPDATE SET question_type = EXCLUDED.question_type, content_type = EXCLUDED.content_type, level = EXCLUDED.level, question = EXCLUDED.question, passage = EXCLUDED.passage, passage_translation = EXCLUDED.passage_translation, general_explanation = EXCLUDED.general_explanation, skill_category = EXCLUDED.skill_category, is_active = EXCLUDED.is_active, is_deleted = EXCLUDED.is_deleted, updated_at = NOW(), updated_by = 'system';
DELETE FROM questions_answers WHERE question_id = 811610012;
INSERT INTO questions_answers (question_id, sentence, sentence_translation, is_correct, "order") VALUES (811610012, 'Trong tình huống chương 6: Cụm trình bày + keigo trung cấp + ~させていた', NULL, TRUE, 1);
INSERT INTO questions_answers (question_id, sentence, sentence_translation, is_correct, "order") VALUES (811610012, 'Khi ngủ', 'Khi ngủ', FALSE, 2);
INSERT INTO questions_answers (question_id, sentence, sentence_translation, is_correct, "order") VALUES (811610012, 'Khi ăn', 'Khi ăn', FALSE, 3);
INSERT INTO questions_answers (question_id, sentence, sentence_translation, is_correct, "order") VALUES (811610012, 'Không dùng', 'Không dùng', FALSE, 4);
INSERT INTO questions (id, user_id, is_system, is_khoa_cu, question_type, content_type, level, selection_type, question, passage, passage_translation, general_explanation, skill_category, base_difficulty, tenant_id, is_active, is_deleted, created_at, created_by) VALUES (811610013, NULL, TRUE, FALSE, 'chon_dap_an', 'jisshusei_baitap_t06_chukan_mensetsu', 'N5', 'single', 'Cụm「~ております」 thường dùng khi nào trong chương 6?

「~ております」 dùng khi nào?', NULL, NULL, '「~ております」 được dạy trong chương 6 (Cụm trình bày + keigo trung cấp + ~させていただきます + Tokutei Ginou intro).', 'grammar', 1, 'system', TRUE, FALSE, NOW(), 'system') ON CONFLICT (id) DO UPDATE SET question_type = EXCLUDED.question_type, content_type = EXCLUDED.content_type, level = EXCLUDED.level, question = EXCLUDED.question, passage = EXCLUDED.passage, passage_translation = EXCLUDED.passage_translation, general_explanation = EXCLUDED.general_explanation, skill_category = EXCLUDED.skill_category, is_active = EXCLUDED.is_active, is_deleted = EXCLUDED.is_deleted, updated_at = NOW(), updated_by = 'system';
DELETE FROM questions_answers WHERE question_id = 811610013;
INSERT INTO questions_answers (question_id, sentence, sentence_translation, is_correct, "order") VALUES (811610013, 'Trong tình huống chương 6: Cụm trình bày + keigo trung cấp + ~させていた', NULL, TRUE, 1);
INSERT INTO questions_answers (question_id, sentence, sentence_translation, is_correct, "order") VALUES (811610013, 'Khi ngủ', 'Khi ngủ', FALSE, 2);
INSERT INTO questions_answers (question_id, sentence, sentence_translation, is_correct, "order") VALUES (811610013, 'Khi ăn', 'Khi ăn', FALSE, 3);
INSERT INTO questions_answers (question_id, sentence, sentence_translation, is_correct, "order") VALUES (811610013, 'Không dùng', 'Không dùng', FALSE, 4);
INSERT INTO questions (id, user_id, is_system, is_khoa_cu, question_type, content_type, level, selection_type, question, passage, passage_translation, general_explanation, skill_category, base_difficulty, tenant_id, is_active, is_deleted, created_at, created_by) VALUES (811610014, NULL, TRUE, FALSE, 'chon_dap_an', 'jisshusei_baitap_t06_chukan_mensetsu', 'N5', 'single', 'Cụm「アドバイスをいただけますでしょうか」 thường dùng khi nào trong chương 6?

「アドバイスをいただけますでしょうか」 dùng khi nào?', NULL, NULL, '「アドバイスをいただけますでしょうか」 được dạy trong chương 6 (Cụm trình bày + keigo trung cấp + ~させていただきます + Tokutei Ginou intro).', 'grammar', 1, 'system', TRUE, FALSE, NOW(), 'system') ON CONFLICT (id) DO UPDATE SET question_type = EXCLUDED.question_type, content_type = EXCLUDED.content_type, level = EXCLUDED.level, question = EXCLUDED.question, passage = EXCLUDED.passage, passage_translation = EXCLUDED.passage_translation, general_explanation = EXCLUDED.general_explanation, skill_category = EXCLUDED.skill_category, is_active = EXCLUDED.is_active, is_deleted = EXCLUDED.is_deleted, updated_at = NOW(), updated_by = 'system';
DELETE FROM questions_answers WHERE question_id = 811610014;
INSERT INTO questions_answers (question_id, sentence, sentence_translation, is_correct, "order") VALUES (811610014, 'Trong tình huống chương 6: Cụm trình bày + keigo trung cấp + ~させていた', NULL, TRUE, 1);
INSERT INTO questions_answers (question_id, sentence, sentence_translation, is_correct, "order") VALUES (811610014, 'Khi ngủ', 'Khi ngủ', FALSE, 2);
INSERT INTO questions_answers (question_id, sentence, sentence_translation, is_correct, "order") VALUES (811610014, 'Khi ăn', 'Khi ăn', FALSE, 3);
INSERT INTO questions_answers (question_id, sentence, sentence_translation, is_correct, "order") VALUES (811610014, 'Không dùng', 'Không dùng', FALSE, 4);
INSERT INTO questions (id, user_id, is_system, is_khoa_cu, question_type, content_type, level, selection_type, question, passage, passage_translation, general_explanation, skill_category, base_difficulty, tenant_id, is_active, is_deleted, created_at, created_by) VALUES (811610015, NULL, TRUE, FALSE, 'chon_dap_an', 'jisshusei_baitap_t06_chukan_mensetsu', 'N5', 'single', 'Cụm「~と考えております」 thường dùng khi nào trong chương 6?

「~と考えております」 dùng khi nào?', NULL, NULL, '「~と考えております」 được dạy trong chương 6 (Cụm trình bày + keigo trung cấp + ~させていただきます + Tokutei Ginou intro).', 'grammar', 1, 'system', TRUE, FALSE, NOW(), 'system') ON CONFLICT (id) DO UPDATE SET question_type = EXCLUDED.question_type, content_type = EXCLUDED.content_type, level = EXCLUDED.level, question = EXCLUDED.question, passage = EXCLUDED.passage, passage_translation = EXCLUDED.passage_translation, general_explanation = EXCLUDED.general_explanation, skill_category = EXCLUDED.skill_category, is_active = EXCLUDED.is_active, is_deleted = EXCLUDED.is_deleted, updated_at = NOW(), updated_by = 'system';
DELETE FROM questions_answers WHERE question_id = 811610015;
INSERT INTO questions_answers (question_id, sentence, sentence_translation, is_correct, "order") VALUES (811610015, 'Trong tình huống chương 6: Cụm trình bày + keigo trung cấp + ~させていた', NULL, TRUE, 1);
INSERT INTO questions_answers (question_id, sentence, sentence_translation, is_correct, "order") VALUES (811610015, 'Khi ngủ', 'Khi ngủ', FALSE, 2);
INSERT INTO questions_answers (question_id, sentence, sentence_translation, is_correct, "order") VALUES (811610015, 'Khi ăn', 'Khi ăn', FALSE, 3);
INSERT INTO questions_answers (question_id, sentence, sentence_translation, is_correct, "order") VALUES (811610015, 'Không dùng', 'Không dùng', FALSE, 4);
INSERT INTO questions (id, user_id, is_system, is_khoa_cu, question_type, content_type, level, selection_type, question, passage, passage_translation, general_explanation, skill_category, base_difficulty, tenant_id, is_active, is_deleted, created_at, created_by) VALUES (811610016, NULL, TRUE, FALSE, 'chon_dap_an', 'jisshusei_baitap_t06_chukan_mensetsu', 'N5', 'single', 'Cụm「~させていただきます」 thường dùng khi nào trong chương 6?

「~させていただきます」 dùng khi nào?', NULL, NULL, '「~させていただきます」 được dạy trong chương 6 (Cụm trình bày + keigo trung cấp + ~させていただきます + Tokutei Ginou intro).', 'grammar', 1, 'system', TRUE, FALSE, NOW(), 'system') ON CONFLICT (id) DO UPDATE SET question_type = EXCLUDED.question_type, content_type = EXCLUDED.content_type, level = EXCLUDED.level, question = EXCLUDED.question, passage = EXCLUDED.passage, passage_translation = EXCLUDED.passage_translation, general_explanation = EXCLUDED.general_explanation, skill_category = EXCLUDED.skill_category, is_active = EXCLUDED.is_active, is_deleted = EXCLUDED.is_deleted, updated_at = NOW(), updated_by = 'system';
DELETE FROM questions_answers WHERE question_id = 811610016;
INSERT INTO questions_answers (question_id, sentence, sentence_translation, is_correct, "order") VALUES (811610016, 'Trong tình huống chương 6: Cụm trình bày + keigo trung cấp + ~させていた', NULL, TRUE, 1);
INSERT INTO questions_answers (question_id, sentence, sentence_translation, is_correct, "order") VALUES (811610016, 'Khi ngủ', 'Khi ngủ', FALSE, 2);
INSERT INTO questions_answers (question_id, sentence, sentence_translation, is_correct, "order") VALUES (811610016, 'Khi ăn', 'Khi ăn', FALSE, 3);
INSERT INTO questions_answers (question_id, sentence, sentence_translation, is_correct, "order") VALUES (811610016, 'Không dùng', 'Không dùng', FALSE, 4);
INSERT INTO questions (id, user_id, is_system, is_khoa_cu, question_type, content_type, level, selection_type, question, passage, passage_translation, general_explanation, skill_category, base_difficulty, tenant_id, is_active, is_deleted, created_at, created_by) VALUES (811610017, NULL, TRUE, FALSE, 'chon_dap_an', 'jisshusei_baitap_t06_chukan_mensetsu', 'N5', 'single', 'Cụm「~ております」 thường dùng khi nào trong chương 6?

「~ております」 dùng khi nào?', NULL, NULL, '「~ております」 được dạy trong chương 6 (Cụm trình bày + keigo trung cấp + ~させていただきます + Tokutei Ginou intro).', 'grammar', 1, 'system', TRUE, FALSE, NOW(), 'system') ON CONFLICT (id) DO UPDATE SET question_type = EXCLUDED.question_type, content_type = EXCLUDED.content_type, level = EXCLUDED.level, question = EXCLUDED.question, passage = EXCLUDED.passage, passage_translation = EXCLUDED.passage_translation, general_explanation = EXCLUDED.general_explanation, skill_category = EXCLUDED.skill_category, is_active = EXCLUDED.is_active, is_deleted = EXCLUDED.is_deleted, updated_at = NOW(), updated_by = 'system';
DELETE FROM questions_answers WHERE question_id = 811610017;
INSERT INTO questions_answers (question_id, sentence, sentence_translation, is_correct, "order") VALUES (811610017, 'Trong tình huống chương 6: Cụm trình bày + keigo trung cấp + ~させていた', NULL, TRUE, 1);
INSERT INTO questions_answers (question_id, sentence, sentence_translation, is_correct, "order") VALUES (811610017, 'Khi ngủ', 'Khi ngủ', FALSE, 2);
INSERT INTO questions_answers (question_id, sentence, sentence_translation, is_correct, "order") VALUES (811610017, 'Khi ăn', 'Khi ăn', FALSE, 3);
INSERT INTO questions_answers (question_id, sentence, sentence_translation, is_correct, "order") VALUES (811610017, 'Không dùng', 'Không dùng', FALSE, 4);
INSERT INTO questions (id, user_id, is_system, is_khoa_cu, question_type, content_type, level, selection_type, question, passage, passage_translation, general_explanation, skill_category, base_difficulty, tenant_id, is_active, is_deleted, created_at, created_by) VALUES (811610018, NULL, TRUE, FALSE, 'chon_dap_an', 'jisshusei_baitap_t06_chukan_mensetsu', 'N5', 'single', 'Cụm「アドバイスをいただけますでしょうか」 thường dùng khi nào trong chương 6?

「アドバイスをいただけますでしょうか」 dùng khi nào?', NULL, NULL, '「アドバイスをいただけますでしょうか」 được dạy trong chương 6 (Cụm trình bày + keigo trung cấp + ~させていただきます + Tokutei Ginou intro).', 'grammar', 1, 'system', TRUE, FALSE, NOW(), 'system') ON CONFLICT (id) DO UPDATE SET question_type = EXCLUDED.question_type, content_type = EXCLUDED.content_type, level = EXCLUDED.level, question = EXCLUDED.question, passage = EXCLUDED.passage, passage_translation = EXCLUDED.passage_translation, general_explanation = EXCLUDED.general_explanation, skill_category = EXCLUDED.skill_category, is_active = EXCLUDED.is_active, is_deleted = EXCLUDED.is_deleted, updated_at = NOW(), updated_by = 'system';
DELETE FROM questions_answers WHERE question_id = 811610018;
INSERT INTO questions_answers (question_id, sentence, sentence_translation, is_correct, "order") VALUES (811610018, 'Trong tình huống chương 6: Cụm trình bày + keigo trung cấp + ~させていた', NULL, TRUE, 1);
INSERT INTO questions_answers (question_id, sentence, sentence_translation, is_correct, "order") VALUES (811610018, 'Khi ngủ', 'Khi ngủ', FALSE, 2);
INSERT INTO questions_answers (question_id, sentence, sentence_translation, is_correct, "order") VALUES (811610018, 'Khi ăn', 'Khi ăn', FALSE, 3);
INSERT INTO questions_answers (question_id, sentence, sentence_translation, is_correct, "order") VALUES (811610018, 'Không dùng', 'Không dùng', FALSE, 4);
INSERT INTO questions (id, user_id, is_system, is_khoa_cu, question_type, content_type, level, selection_type, question, passage, passage_translation, general_explanation, skill_category, base_difficulty, tenant_id, is_active, is_deleted, created_at, created_by) VALUES (811610019, NULL, TRUE, FALSE, 'chon_dap_an', 'jisshusei_baitap_t06_chukan_mensetsu', 'N5', 'single', 'Cụm「~と考えております」 thường dùng khi nào trong chương 6?

「~と考えております」 dùng khi nào?', NULL, NULL, '「~と考えております」 được dạy trong chương 6 (Cụm trình bày + keigo trung cấp + ~させていただきます + Tokutei Ginou intro).', 'grammar', 1, 'system', TRUE, FALSE, NOW(), 'system') ON CONFLICT (id) DO UPDATE SET question_type = EXCLUDED.question_type, content_type = EXCLUDED.content_type, level = EXCLUDED.level, question = EXCLUDED.question, passage = EXCLUDED.passage, passage_translation = EXCLUDED.passage_translation, general_explanation = EXCLUDED.general_explanation, skill_category = EXCLUDED.skill_category, is_active = EXCLUDED.is_active, is_deleted = EXCLUDED.is_deleted, updated_at = NOW(), updated_by = 'system';
DELETE FROM questions_answers WHERE question_id = 811610019;
INSERT INTO questions_answers (question_id, sentence, sentence_translation, is_correct, "order") VALUES (811610019, 'Trong tình huống chương 6: Cụm trình bày + keigo trung cấp + ~させていた', NULL, TRUE, 1);
INSERT INTO questions_answers (question_id, sentence, sentence_translation, is_correct, "order") VALUES (811610019, 'Khi ngủ', 'Khi ngủ', FALSE, 2);
INSERT INTO questions_answers (question_id, sentence, sentence_translation, is_correct, "order") VALUES (811610019, 'Khi ăn', 'Khi ăn', FALSE, 3);
INSERT INTO questions_answers (question_id, sentence, sentence_translation, is_correct, "order") VALUES (811610019, 'Không dùng', 'Không dùng', FALSE, 4);
INSERT INTO questions (id, user_id, is_system, is_khoa_cu, question_type, content_type, level, selection_type, question, passage, passage_translation, general_explanation, skill_category, base_difficulty, tenant_id, is_active, is_deleted, created_at, created_by) VALUES (811610020, NULL, TRUE, FALSE, 'chon_dap_an', 'jisshusei_baitap_t06_chukan_mensetsu', 'N5', 'single', 'Cụm「~させていただきます」 thường dùng khi nào trong chương 6?

「~させていただきます」 dùng khi nào?', NULL, NULL, '「~させていただきます」 được dạy trong chương 6 (Cụm trình bày + keigo trung cấp + ~させていただきます + Tokutei Ginou intro).', 'grammar', 1, 'system', TRUE, FALSE, NOW(), 'system') ON CONFLICT (id) DO UPDATE SET question_type = EXCLUDED.question_type, content_type = EXCLUDED.content_type, level = EXCLUDED.level, question = EXCLUDED.question, passage = EXCLUDED.passage, passage_translation = EXCLUDED.passage_translation, general_explanation = EXCLUDED.general_explanation, skill_category = EXCLUDED.skill_category, is_active = EXCLUDED.is_active, is_deleted = EXCLUDED.is_deleted, updated_at = NOW(), updated_by = 'system';
DELETE FROM questions_answers WHERE question_id = 811610020;
INSERT INTO questions_answers (question_id, sentence, sentence_translation, is_correct, "order") VALUES (811610020, 'Trong tình huống chương 6: Cụm trình bày + keigo trung cấp + ~させていた', NULL, TRUE, 1);
INSERT INTO questions_answers (question_id, sentence, sentence_translation, is_correct, "order") VALUES (811610020, 'Khi ngủ', 'Khi ngủ', FALSE, 2);
INSERT INTO questions_answers (question_id, sentence, sentence_translation, is_correct, "order") VALUES (811610020, 'Khi ăn', 'Khi ăn', FALSE, 3);
INSERT INTO questions_answers (question_id, sentence, sentence_translation, is_correct, "order") VALUES (811610020, 'Không dùng', 'Không dùng', FALSE, 4);
INSERT INTO questions (id, user_id, is_system, is_khoa_cu, question_type, content_type, level, selection_type, question, passage, passage_translation, general_explanation, skill_category, base_difficulty, tenant_id, is_active, is_deleted, created_at, created_by) VALUES (811610021, NULL, TRUE, FALSE, 'chon_dap_an', 'jisshusei_baitap_t06_chukan_mensetsu', 'N4', 'single', 'Tình huống 1 trong chương 6: phản ứng đúng là?

Phản ứng đúng cho tình huống 1:', NULL, NULL, 'Áp dụng nguyên tắc của chương: Cụm trình bày + keigo trung cấp + ~させていただきます + Tokutei Ginou intro.', 'grammar', 1, 'system', TRUE, FALSE, NOW(), 'system') ON CONFLICT (id) DO UPDATE SET question_type = EXCLUDED.question_type, content_type = EXCLUDED.content_type, level = EXCLUDED.level, question = EXCLUDED.question, passage = EXCLUDED.passage, passage_translation = EXCLUDED.passage_translation, general_explanation = EXCLUDED.general_explanation, skill_category = EXCLUDED.skill_category, is_active = EXCLUDED.is_active, is_deleted = EXCLUDED.is_deleted, updated_at = NOW(), updated_by = 'system';
DELETE FROM questions_answers WHERE question_id = 811610021;
INSERT INTO questions_answers (question_id, sentence, sentence_translation, is_correct, "order") VALUES (811610021, 'Theo nguyên tắc đã học trong chương', 'Theo nguyên tắc đã học trong chương', TRUE, 1);
INSERT INTO questions_answers (question_id, sentence, sentence_translation, is_correct, "order") VALUES (811610021, 'Tự ý làm theo ý mình', 'Tự ý làm theo ý mình', FALSE, 2);
INSERT INTO questions_answers (question_id, sentence, sentence_translation, is_correct, "order") VALUES (811610021, 'Im lặng không làm gì', 'Im lặng không làm gì', FALSE, 3);
INSERT INTO questions_answers (question_id, sentence, sentence_translation, is_correct, "order") VALUES (811610021, 'Nhờ người khác làm hộ', 'Nhờ người khác làm hộ', FALSE, 4);
INSERT INTO questions (id, user_id, is_system, is_khoa_cu, question_type, content_type, level, selection_type, question, passage, passage_translation, general_explanation, skill_category, base_difficulty, tenant_id, is_active, is_deleted, created_at, created_by) VALUES (811610022, NULL, TRUE, FALSE, 'chon_dap_an', 'jisshusei_baitap_t06_chukan_mensetsu', 'N4', 'single', 'Tình huống 2 trong chương 6: phản ứng đúng là?

Phản ứng đúng cho tình huống 2:', NULL, NULL, 'Áp dụng nguyên tắc của chương: Cụm trình bày + keigo trung cấp + ~させていただきます + Tokutei Ginou intro.', 'grammar', 1, 'system', TRUE, FALSE, NOW(), 'system') ON CONFLICT (id) DO UPDATE SET question_type = EXCLUDED.question_type, content_type = EXCLUDED.content_type, level = EXCLUDED.level, question = EXCLUDED.question, passage = EXCLUDED.passage, passage_translation = EXCLUDED.passage_translation, general_explanation = EXCLUDED.general_explanation, skill_category = EXCLUDED.skill_category, is_active = EXCLUDED.is_active, is_deleted = EXCLUDED.is_deleted, updated_at = NOW(), updated_by = 'system';
DELETE FROM questions_answers WHERE question_id = 811610022;
INSERT INTO questions_answers (question_id, sentence, sentence_translation, is_correct, "order") VALUES (811610022, 'Theo nguyên tắc đã học trong chương', 'Theo nguyên tắc đã học trong chương', TRUE, 1);
INSERT INTO questions_answers (question_id, sentence, sentence_translation, is_correct, "order") VALUES (811610022, 'Tự ý làm theo ý mình', 'Tự ý làm theo ý mình', FALSE, 2);
INSERT INTO questions_answers (question_id, sentence, sentence_translation, is_correct, "order") VALUES (811610022, 'Im lặng không làm gì', 'Im lặng không làm gì', FALSE, 3);
INSERT INTO questions_answers (question_id, sentence, sentence_translation, is_correct, "order") VALUES (811610022, 'Nhờ người khác làm hộ', 'Nhờ người khác làm hộ', FALSE, 4);
INSERT INTO questions (id, user_id, is_system, is_khoa_cu, question_type, content_type, level, selection_type, question, passage, passage_translation, general_explanation, skill_category, base_difficulty, tenant_id, is_active, is_deleted, created_at, created_by) VALUES (811610023, NULL, TRUE, FALSE, 'chon_dap_an', 'jisshusei_baitap_t06_chukan_mensetsu', 'N4', 'single', 'Tình huống 3 trong chương 6: phản ứng đúng là?

Phản ứng đúng cho tình huống 3:', NULL, NULL, 'Áp dụng nguyên tắc của chương: Cụm trình bày + keigo trung cấp + ~させていただきます + Tokutei Ginou intro.', 'grammar', 1, 'system', TRUE, FALSE, NOW(), 'system') ON CONFLICT (id) DO UPDATE SET question_type = EXCLUDED.question_type, content_type = EXCLUDED.content_type, level = EXCLUDED.level, question = EXCLUDED.question, passage = EXCLUDED.passage, passage_translation = EXCLUDED.passage_translation, general_explanation = EXCLUDED.general_explanation, skill_category = EXCLUDED.skill_category, is_active = EXCLUDED.is_active, is_deleted = EXCLUDED.is_deleted, updated_at = NOW(), updated_by = 'system';
DELETE FROM questions_answers WHERE question_id = 811610023;
INSERT INTO questions_answers (question_id, sentence, sentence_translation, is_correct, "order") VALUES (811610023, 'Theo nguyên tắc đã học trong chương', 'Theo nguyên tắc đã học trong chương', TRUE, 1);
INSERT INTO questions_answers (question_id, sentence, sentence_translation, is_correct, "order") VALUES (811610023, 'Tự ý làm theo ý mình', 'Tự ý làm theo ý mình', FALSE, 2);
INSERT INTO questions_answers (question_id, sentence, sentence_translation, is_correct, "order") VALUES (811610023, 'Im lặng không làm gì', 'Im lặng không làm gì', FALSE, 3);
INSERT INTO questions_answers (question_id, sentence, sentence_translation, is_correct, "order") VALUES (811610023, 'Nhờ người khác làm hộ', 'Nhờ người khác làm hộ', FALSE, 4);
INSERT INTO questions (id, user_id, is_system, is_khoa_cu, question_type, content_type, level, selection_type, question, passage, passage_translation, general_explanation, skill_category, base_difficulty, tenant_id, is_active, is_deleted, created_at, created_by) VALUES (811610024, NULL, TRUE, FALSE, 'chon_dap_an', 'jisshusei_baitap_t06_chukan_mensetsu', 'N4', 'single', 'Tình huống 4 trong chương 6: phản ứng đúng là?

Phản ứng đúng cho tình huống 4:', NULL, NULL, 'Áp dụng nguyên tắc của chương: Cụm trình bày + keigo trung cấp + ~させていただきます + Tokutei Ginou intro.', 'grammar', 1, 'system', TRUE, FALSE, NOW(), 'system') ON CONFLICT (id) DO UPDATE SET question_type = EXCLUDED.question_type, content_type = EXCLUDED.content_type, level = EXCLUDED.level, question = EXCLUDED.question, passage = EXCLUDED.passage, passage_translation = EXCLUDED.passage_translation, general_explanation = EXCLUDED.general_explanation, skill_category = EXCLUDED.skill_category, is_active = EXCLUDED.is_active, is_deleted = EXCLUDED.is_deleted, updated_at = NOW(), updated_by = 'system';
DELETE FROM questions_answers WHERE question_id = 811610024;
INSERT INTO questions_answers (question_id, sentence, sentence_translation, is_correct, "order") VALUES (811610024, 'Theo nguyên tắc đã học trong chương', 'Theo nguyên tắc đã học trong chương', TRUE, 1);
INSERT INTO questions_answers (question_id, sentence, sentence_translation, is_correct, "order") VALUES (811610024, 'Tự ý làm theo ý mình', 'Tự ý làm theo ý mình', FALSE, 2);
INSERT INTO questions_answers (question_id, sentence, sentence_translation, is_correct, "order") VALUES (811610024, 'Im lặng không làm gì', 'Im lặng không làm gì', FALSE, 3);
INSERT INTO questions_answers (question_id, sentence, sentence_translation, is_correct, "order") VALUES (811610024, 'Nhờ người khác làm hộ', 'Nhờ người khác làm hộ', FALSE, 4);
INSERT INTO questions (id, user_id, is_system, is_khoa_cu, question_type, content_type, level, selection_type, question, passage, passage_translation, general_explanation, skill_category, base_difficulty, tenant_id, is_active, is_deleted, created_at, created_by) VALUES (811610025, NULL, TRUE, FALSE, 'chon_dap_an', 'jisshusei_baitap_t06_chukan_mensetsu', 'N4', 'single', 'Tình huống 5 trong chương 6: phản ứng đúng là?

Phản ứng đúng cho tình huống 5:', NULL, NULL, 'Áp dụng nguyên tắc của chương: Cụm trình bày + keigo trung cấp + ~させていただきます + Tokutei Ginou intro.', 'grammar', 1, 'system', TRUE, FALSE, NOW(), 'system') ON CONFLICT (id) DO UPDATE SET question_type = EXCLUDED.question_type, content_type = EXCLUDED.content_type, level = EXCLUDED.level, question = EXCLUDED.question, passage = EXCLUDED.passage, passage_translation = EXCLUDED.passage_translation, general_explanation = EXCLUDED.general_explanation, skill_category = EXCLUDED.skill_category, is_active = EXCLUDED.is_active, is_deleted = EXCLUDED.is_deleted, updated_at = NOW(), updated_by = 'system';
DELETE FROM questions_answers WHERE question_id = 811610025;
INSERT INTO questions_answers (question_id, sentence, sentence_translation, is_correct, "order") VALUES (811610025, 'Theo nguyên tắc đã học trong chương', 'Theo nguyên tắc đã học trong chương', TRUE, 1);
INSERT INTO questions_answers (question_id, sentence, sentence_translation, is_correct, "order") VALUES (811610025, 'Tự ý làm theo ý mình', 'Tự ý làm theo ý mình', FALSE, 2);
INSERT INTO questions_answers (question_id, sentence, sentence_translation, is_correct, "order") VALUES (811610025, 'Im lặng không làm gì', 'Im lặng không làm gì', FALSE, 3);
INSERT INTO questions_answers (question_id, sentence, sentence_translation, is_correct, "order") VALUES (811610025, 'Nhờ người khác làm hộ', 'Nhờ người khác làm hộ', FALSE, 4);
INSERT INTO questions (id, user_id, is_system, is_khoa_cu, question_type, content_type, level, selection_type, question, passage, passage_translation, general_explanation, skill_category, base_difficulty, tenant_id, is_active, is_deleted, created_at, created_by) VALUES (811610026, NULL, TRUE, FALSE, 'chon_dap_an', 'jisshusei_baitap_t06_chukan_mensetsu', 'N4', 'single', 'Tình huống 6 trong chương 6: phản ứng đúng là?

Phản ứng đúng cho tình huống 6:', NULL, NULL, 'Áp dụng nguyên tắc của chương: Cụm trình bày + keigo trung cấp + ~させていただきます + Tokutei Ginou intro.', 'grammar', 1, 'system', TRUE, FALSE, NOW(), 'system') ON CONFLICT (id) DO UPDATE SET question_type = EXCLUDED.question_type, content_type = EXCLUDED.content_type, level = EXCLUDED.level, question = EXCLUDED.question, passage = EXCLUDED.passage, passage_translation = EXCLUDED.passage_translation, general_explanation = EXCLUDED.general_explanation, skill_category = EXCLUDED.skill_category, is_active = EXCLUDED.is_active, is_deleted = EXCLUDED.is_deleted, updated_at = NOW(), updated_by = 'system';
DELETE FROM questions_answers WHERE question_id = 811610026;
INSERT INTO questions_answers (question_id, sentence, sentence_translation, is_correct, "order") VALUES (811610026, 'Theo nguyên tắc đã học trong chương', 'Theo nguyên tắc đã học trong chương', TRUE, 1);
INSERT INTO questions_answers (question_id, sentence, sentence_translation, is_correct, "order") VALUES (811610026, 'Tự ý làm theo ý mình', 'Tự ý làm theo ý mình', FALSE, 2);
INSERT INTO questions_answers (question_id, sentence, sentence_translation, is_correct, "order") VALUES (811610026, 'Im lặng không làm gì', 'Im lặng không làm gì', FALSE, 3);
INSERT INTO questions_answers (question_id, sentence, sentence_translation, is_correct, "order") VALUES (811610026, 'Nhờ người khác làm hộ', 'Nhờ người khác làm hộ', FALSE, 4);
INSERT INTO questions (id, user_id, is_system, is_khoa_cu, question_type, content_type, level, selection_type, question, passage, passage_translation, general_explanation, skill_category, base_difficulty, tenant_id, is_active, is_deleted, created_at, created_by) VALUES (811610027, NULL, TRUE, FALSE, 'chon_dap_an', 'jisshusei_baitap_t06_chukan_mensetsu', 'N4', 'single', 'Tình huống 7 trong chương 6: phản ứng đúng là?

Phản ứng đúng cho tình huống 7:', NULL, NULL, 'Áp dụng nguyên tắc của chương: Cụm trình bày + keigo trung cấp + ~させていただきます + Tokutei Ginou intro.', 'grammar', 1, 'system', TRUE, FALSE, NOW(), 'system') ON CONFLICT (id) DO UPDATE SET question_type = EXCLUDED.question_type, content_type = EXCLUDED.content_type, level = EXCLUDED.level, question = EXCLUDED.question, passage = EXCLUDED.passage, passage_translation = EXCLUDED.passage_translation, general_explanation = EXCLUDED.general_explanation, skill_category = EXCLUDED.skill_category, is_active = EXCLUDED.is_active, is_deleted = EXCLUDED.is_deleted, updated_at = NOW(), updated_by = 'system';
DELETE FROM questions_answers WHERE question_id = 811610027;
INSERT INTO questions_answers (question_id, sentence, sentence_translation, is_correct, "order") VALUES (811610027, 'Theo nguyên tắc đã học trong chương', 'Theo nguyên tắc đã học trong chương', TRUE, 1);
INSERT INTO questions_answers (question_id, sentence, sentence_translation, is_correct, "order") VALUES (811610027, 'Tự ý làm theo ý mình', 'Tự ý làm theo ý mình', FALSE, 2);
INSERT INTO questions_answers (question_id, sentence, sentence_translation, is_correct, "order") VALUES (811610027, 'Im lặng không làm gì', 'Im lặng không làm gì', FALSE, 3);
INSERT INTO questions_answers (question_id, sentence, sentence_translation, is_correct, "order") VALUES (811610027, 'Nhờ người khác làm hộ', 'Nhờ người khác làm hộ', FALSE, 4);
INSERT INTO questions (id, user_id, is_system, is_khoa_cu, question_type, content_type, level, selection_type, question, passage, passage_translation, general_explanation, skill_category, base_difficulty, tenant_id, is_active, is_deleted, created_at, created_by) VALUES (811610028, NULL, TRUE, FALSE, 'chon_dap_an', 'jisshusei_baitap_t06_chukan_mensetsu', 'N4', 'single', 'Tình huống 8 trong chương 6: phản ứng đúng là?

Phản ứng đúng cho tình huống 8:', NULL, NULL, 'Áp dụng nguyên tắc của chương: Cụm trình bày + keigo trung cấp + ~させていただきます + Tokutei Ginou intro.', 'grammar', 1, 'system', TRUE, FALSE, NOW(), 'system') ON CONFLICT (id) DO UPDATE SET question_type = EXCLUDED.question_type, content_type = EXCLUDED.content_type, level = EXCLUDED.level, question = EXCLUDED.question, passage = EXCLUDED.passage, passage_translation = EXCLUDED.passage_translation, general_explanation = EXCLUDED.general_explanation, skill_category = EXCLUDED.skill_category, is_active = EXCLUDED.is_active, is_deleted = EXCLUDED.is_deleted, updated_at = NOW(), updated_by = 'system';
DELETE FROM questions_answers WHERE question_id = 811610028;
INSERT INTO questions_answers (question_id, sentence, sentence_translation, is_correct, "order") VALUES (811610028, 'Theo nguyên tắc đã học trong chương', 'Theo nguyên tắc đã học trong chương', TRUE, 1);
INSERT INTO questions_answers (question_id, sentence, sentence_translation, is_correct, "order") VALUES (811610028, 'Tự ý làm theo ý mình', 'Tự ý làm theo ý mình', FALSE, 2);
INSERT INTO questions_answers (question_id, sentence, sentence_translation, is_correct, "order") VALUES (811610028, 'Im lặng không làm gì', 'Im lặng không làm gì', FALSE, 3);
INSERT INTO questions_answers (question_id, sentence, sentence_translation, is_correct, "order") VALUES (811610028, 'Nhờ người khác làm hộ', 'Nhờ người khác làm hộ', FALSE, 4);
INSERT INTO questions (id, user_id, is_system, is_khoa_cu, question_type, content_type, level, selection_type, question, passage, passage_translation, general_explanation, skill_category, base_difficulty, tenant_id, is_active, is_deleted, created_at, created_by) VALUES (811610029, NULL, TRUE, FALSE, 'chon_dap_an', 'jisshusei_baitap_t06_chukan_mensetsu', 'N4', 'single', 'Tình huống 9 trong chương 6: phản ứng đúng là?

Phản ứng đúng cho tình huống 9:', NULL, NULL, 'Áp dụng nguyên tắc của chương: Cụm trình bày + keigo trung cấp + ~させていただきます + Tokutei Ginou intro.', 'grammar', 1, 'system', TRUE, FALSE, NOW(), 'system') ON CONFLICT (id) DO UPDATE SET question_type = EXCLUDED.question_type, content_type = EXCLUDED.content_type, level = EXCLUDED.level, question = EXCLUDED.question, passage = EXCLUDED.passage, passage_translation = EXCLUDED.passage_translation, general_explanation = EXCLUDED.general_explanation, skill_category = EXCLUDED.skill_category, is_active = EXCLUDED.is_active, is_deleted = EXCLUDED.is_deleted, updated_at = NOW(), updated_by = 'system';
DELETE FROM questions_answers WHERE question_id = 811610029;
INSERT INTO questions_answers (question_id, sentence, sentence_translation, is_correct, "order") VALUES (811610029, 'Theo nguyên tắc đã học trong chương', 'Theo nguyên tắc đã học trong chương', TRUE, 1);
INSERT INTO questions_answers (question_id, sentence, sentence_translation, is_correct, "order") VALUES (811610029, 'Tự ý làm theo ý mình', 'Tự ý làm theo ý mình', FALSE, 2);
INSERT INTO questions_answers (question_id, sentence, sentence_translation, is_correct, "order") VALUES (811610029, 'Im lặng không làm gì', 'Im lặng không làm gì', FALSE, 3);
INSERT INTO questions_answers (question_id, sentence, sentence_translation, is_correct, "order") VALUES (811610029, 'Nhờ người khác làm hộ', 'Nhờ người khác làm hộ', FALSE, 4);
INSERT INTO questions (id, user_id, is_system, is_khoa_cu, question_type, content_type, level, selection_type, question, passage, passage_translation, general_explanation, skill_category, base_difficulty, tenant_id, is_active, is_deleted, created_at, created_by) VALUES (811610030, NULL, TRUE, FALSE, 'chon_dap_an', 'jisshusei_baitap_t06_chukan_mensetsu', 'N4', 'single', 'Tình huống 10 trong chương 6: phản ứng đúng là?

Phản ứng đúng cho tình huống 10:', NULL, NULL, 'Áp dụng nguyên tắc của chương: Cụm trình bày + keigo trung cấp + ~させていただきます + Tokutei Ginou intro.', 'grammar', 1, 'system', TRUE, FALSE, NOW(), 'system') ON CONFLICT (id) DO UPDATE SET question_type = EXCLUDED.question_type, content_type = EXCLUDED.content_type, level = EXCLUDED.level, question = EXCLUDED.question, passage = EXCLUDED.passage, passage_translation = EXCLUDED.passage_translation, general_explanation = EXCLUDED.general_explanation, skill_category = EXCLUDED.skill_category, is_active = EXCLUDED.is_active, is_deleted = EXCLUDED.is_deleted, updated_at = NOW(), updated_by = 'system';
DELETE FROM questions_answers WHERE question_id = 811610030;
INSERT INTO questions_answers (question_id, sentence, sentence_translation, is_correct, "order") VALUES (811610030, 'Theo nguyên tắc đã học trong chương', 'Theo nguyên tắc đã học trong chương', TRUE, 1);
INSERT INTO questions_answers (question_id, sentence, sentence_translation, is_correct, "order") VALUES (811610030, 'Tự ý làm theo ý mình', 'Tự ý làm theo ý mình', FALSE, 2);
INSERT INTO questions_answers (question_id, sentence, sentence_translation, is_correct, "order") VALUES (811610030, 'Im lặng không làm gì', 'Im lặng không làm gì', FALSE, 3);
INSERT INTO questions_answers (question_id, sentence, sentence_translation, is_correct, "order") VALUES (811610030, 'Nhờ người khác làm hộ', 'Nhờ người khác làm hộ', FALSE, 4);
INSERT INTO questions (id, user_id, is_system, is_khoa_cu, question_type, content_type, level, selection_type, question, passage, passage_translation, general_explanation, skill_category, base_difficulty, tenant_id, is_active, is_deleted, created_at, created_by) VALUES (811610031, NULL, TRUE, FALSE, 'chon_dap_an', 'jisshusei_baitap_t06_chukan_mensetsu', 'N4', 'single', 'Văn hoá Nhật trong chương 6, nuance #1:

Văn hoá Nhật chương 6, sắc thái #1:', NULL, NULL, 'Chi tiết xem trong LyThuyet chương 6.', 'grammar', 1, 'system', TRUE, FALSE, NOW(), 'system') ON CONFLICT (id) DO UPDATE SET question_type = EXCLUDED.question_type, content_type = EXCLUDED.content_type, level = EXCLUDED.level, question = EXCLUDED.question, passage = EXCLUDED.passage, passage_translation = EXCLUDED.passage_translation, general_explanation = EXCLUDED.general_explanation, skill_category = EXCLUDED.skill_category, is_active = EXCLUDED.is_active, is_deleted = EXCLUDED.is_deleted, updated_at = NOW(), updated_by = 'system';
DELETE FROM questions_answers WHERE question_id = 811610031;
INSERT INTO questions_answers (question_id, sentence, sentence_translation, is_correct, "order") VALUES (811610031, 'Cách tiếp cận tinh tế phù hợp văn hoá Nhật (đã giải thích trong LyThuyet)', 'Cách tiếp cận tinh tế phù hợp văn hoá Nhật (đã giải thích trong LyThuyet)', TRUE, 1);
INSERT INTO questions_answers (question_id, sentence, sentence_translation, is_correct, "order") VALUES (811610031, 'Cách tiếp cận thẳng thắn theo style phương Tây', 'Cách tiếp cận thẳng thắn theo style phương Tây', FALSE, 2);
INSERT INTO questions_answers (question_id, sentence, sentence_translation, is_correct, "order") VALUES (811610031, 'Im lặng là tốt nhất', 'Im lặng là tốt nhất', FALSE, 3);
INSERT INTO questions_answers (question_id, sentence, sentence_translation, is_correct, "order") VALUES (811610031, 'Không có sự khác biệt văn hoá', 'Không có sự khác biệt văn hoá', FALSE, 4);
INSERT INTO questions (id, user_id, is_system, is_khoa_cu, question_type, content_type, level, selection_type, question, passage, passage_translation, general_explanation, skill_category, base_difficulty, tenant_id, is_active, is_deleted, created_at, created_by) VALUES (811610032, NULL, TRUE, FALSE, 'chon_dap_an', 'jisshusei_baitap_t06_chukan_mensetsu', 'N4', 'single', 'Văn hoá Nhật trong chương 6, nuance #2:

Văn hoá Nhật chương 6, sắc thái #2:', NULL, NULL, 'Chi tiết xem trong LyThuyet chương 6.', 'grammar', 1, 'system', TRUE, FALSE, NOW(), 'system') ON CONFLICT (id) DO UPDATE SET question_type = EXCLUDED.question_type, content_type = EXCLUDED.content_type, level = EXCLUDED.level, question = EXCLUDED.question, passage = EXCLUDED.passage, passage_translation = EXCLUDED.passage_translation, general_explanation = EXCLUDED.general_explanation, skill_category = EXCLUDED.skill_category, is_active = EXCLUDED.is_active, is_deleted = EXCLUDED.is_deleted, updated_at = NOW(), updated_by = 'system';
DELETE FROM questions_answers WHERE question_id = 811610032;
INSERT INTO questions_answers (question_id, sentence, sentence_translation, is_correct, "order") VALUES (811610032, 'Cách tiếp cận tinh tế phù hợp văn hoá Nhật (đã giải thích trong LyThuyet)', 'Cách tiếp cận tinh tế phù hợp văn hoá Nhật (đã giải thích trong LyThuyet)', TRUE, 1);
INSERT INTO questions_answers (question_id, sentence, sentence_translation, is_correct, "order") VALUES (811610032, 'Cách tiếp cận thẳng thắn theo style phương Tây', 'Cách tiếp cận thẳng thắn theo style phương Tây', FALSE, 2);
INSERT INTO questions_answers (question_id, sentence, sentence_translation, is_correct, "order") VALUES (811610032, 'Im lặng là tốt nhất', 'Im lặng là tốt nhất', FALSE, 3);
INSERT INTO questions_answers (question_id, sentence, sentence_translation, is_correct, "order") VALUES (811610032, 'Không có sự khác biệt văn hoá', 'Không có sự khác biệt văn hoá', FALSE, 4);
INSERT INTO questions (id, user_id, is_system, is_khoa_cu, question_type, content_type, level, selection_type, question, passage, passage_translation, general_explanation, skill_category, base_difficulty, tenant_id, is_active, is_deleted, created_at, created_by) VALUES (811610033, NULL, TRUE, FALSE, 'chon_dap_an', 'jisshusei_baitap_t06_chukan_mensetsu', 'N4', 'single', 'Văn hoá Nhật trong chương 6, nuance #3:

Văn hoá Nhật chương 6, sắc thái #3:', NULL, NULL, 'Chi tiết xem trong LyThuyet chương 6.', 'grammar', 1, 'system', TRUE, FALSE, NOW(), 'system') ON CONFLICT (id) DO UPDATE SET question_type = EXCLUDED.question_type, content_type = EXCLUDED.content_type, level = EXCLUDED.level, question = EXCLUDED.question, passage = EXCLUDED.passage, passage_translation = EXCLUDED.passage_translation, general_explanation = EXCLUDED.general_explanation, skill_category = EXCLUDED.skill_category, is_active = EXCLUDED.is_active, is_deleted = EXCLUDED.is_deleted, updated_at = NOW(), updated_by = 'system';
DELETE FROM questions_answers WHERE question_id = 811610033;
INSERT INTO questions_answers (question_id, sentence, sentence_translation, is_correct, "order") VALUES (811610033, 'Cách tiếp cận tinh tế phù hợp văn hoá Nhật (đã giải thích trong LyThuyet)', 'Cách tiếp cận tinh tế phù hợp văn hoá Nhật (đã giải thích trong LyThuyet)', TRUE, 1);
INSERT INTO questions_answers (question_id, sentence, sentence_translation, is_correct, "order") VALUES (811610033, 'Cách tiếp cận thẳng thắn theo style phương Tây', 'Cách tiếp cận thẳng thắn theo style phương Tây', FALSE, 2);
INSERT INTO questions_answers (question_id, sentence, sentence_translation, is_correct, "order") VALUES (811610033, 'Im lặng là tốt nhất', 'Im lặng là tốt nhất', FALSE, 3);
INSERT INTO questions_answers (question_id, sentence, sentence_translation, is_correct, "order") VALUES (811610033, 'Không có sự khác biệt văn hoá', 'Không có sự khác biệt văn hoá', FALSE, 4);
INSERT INTO questions (id, user_id, is_system, is_khoa_cu, question_type, content_type, level, selection_type, question, passage, passage_translation, general_explanation, skill_category, base_difficulty, tenant_id, is_active, is_deleted, created_at, created_by) VALUES (811610034, NULL, TRUE, FALSE, 'chon_dap_an', 'jisshusei_baitap_t06_chukan_mensetsu', 'N4', 'single', 'Văn hoá Nhật trong chương 6, nuance #4:

Văn hoá Nhật chương 6, sắc thái #4:', NULL, NULL, 'Chi tiết xem trong LyThuyet chương 6.', 'grammar', 1, 'system', TRUE, FALSE, NOW(), 'system') ON CONFLICT (id) DO UPDATE SET question_type = EXCLUDED.question_type, content_type = EXCLUDED.content_type, level = EXCLUDED.level, question = EXCLUDED.question, passage = EXCLUDED.passage, passage_translation = EXCLUDED.passage_translation, general_explanation = EXCLUDED.general_explanation, skill_category = EXCLUDED.skill_category, is_active = EXCLUDED.is_active, is_deleted = EXCLUDED.is_deleted, updated_at = NOW(), updated_by = 'system';
DELETE FROM questions_answers WHERE question_id = 811610034;
INSERT INTO questions_answers (question_id, sentence, sentence_translation, is_correct, "order") VALUES (811610034, 'Cách tiếp cận tinh tế phù hợp văn hoá Nhật (đã giải thích trong LyThuyet)', 'Cách tiếp cận tinh tế phù hợp văn hoá Nhật (đã giải thích trong LyThuyet)', TRUE, 1);
INSERT INTO questions_answers (question_id, sentence, sentence_translation, is_correct, "order") VALUES (811610034, 'Cách tiếp cận thẳng thắn theo style phương Tây', 'Cách tiếp cận thẳng thắn theo style phương Tây', FALSE, 2);
INSERT INTO questions_answers (question_id, sentence, sentence_translation, is_correct, "order") VALUES (811610034, 'Im lặng là tốt nhất', 'Im lặng là tốt nhất', FALSE, 3);
INSERT INTO questions_answers (question_id, sentence, sentence_translation, is_correct, "order") VALUES (811610034, 'Không có sự khác biệt văn hoá', 'Không có sự khác biệt văn hoá', FALSE, 4);
INSERT INTO questions (id, user_id, is_system, is_khoa_cu, question_type, content_type, level, selection_type, question, passage, passage_translation, general_explanation, skill_category, base_difficulty, tenant_id, is_active, is_deleted, created_at, created_by) VALUES (811610035, NULL, TRUE, FALSE, 'chon_dap_an', 'jisshusei_baitap_t06_chukan_mensetsu', 'N4', 'single', 'Văn hoá Nhật trong chương 6, nuance #5:

Văn hoá Nhật chương 6, sắc thái #5:', NULL, NULL, 'Chi tiết xem trong LyThuyet chương 6.', 'grammar', 1, 'system', TRUE, FALSE, NOW(), 'system') ON CONFLICT (id) DO UPDATE SET question_type = EXCLUDED.question_type, content_type = EXCLUDED.content_type, level = EXCLUDED.level, question = EXCLUDED.question, passage = EXCLUDED.passage, passage_translation = EXCLUDED.passage_translation, general_explanation = EXCLUDED.general_explanation, skill_category = EXCLUDED.skill_category, is_active = EXCLUDED.is_active, is_deleted = EXCLUDED.is_deleted, updated_at = NOW(), updated_by = 'system';
DELETE FROM questions_answers WHERE question_id = 811610035;
INSERT INTO questions_answers (question_id, sentence, sentence_translation, is_correct, "order") VALUES (811610035, 'Cách tiếp cận tinh tế phù hợp văn hoá Nhật (đã giải thích trong LyThuyet)', 'Cách tiếp cận tinh tế phù hợp văn hoá Nhật (đã giải thích trong LyThuyet)', TRUE, 1);
INSERT INTO questions_answers (question_id, sentence, sentence_translation, is_correct, "order") VALUES (811610035, 'Cách tiếp cận thẳng thắn theo style phương Tây', 'Cách tiếp cận thẳng thắn theo style phương Tây', FALSE, 2);
INSERT INTO questions_answers (question_id, sentence, sentence_translation, is_correct, "order") VALUES (811610035, 'Im lặng là tốt nhất', 'Im lặng là tốt nhất', FALSE, 3);
INSERT INTO questions_answers (question_id, sentence, sentence_translation, is_correct, "order") VALUES (811610035, 'Không có sự khác biệt văn hoá', 'Không có sự khác biệt văn hoá', FALSE, 4);
INSERT INTO questions (id, user_id, is_system, is_khoa_cu, question_type, content_type, level, selection_type, question, passage, passage_translation, general_explanation, skill_category, base_difficulty, tenant_id, is_active, is_deleted, created_at, created_by) VALUES (811610036, NULL, TRUE, FALSE, 'chon_dap_an', 'jisshusei_baitap_t06_chukan_mensetsu', 'N4', 'single', 'Văn hoá Nhật trong chương 6, nuance #6:

Văn hoá Nhật chương 6, sắc thái #6:', NULL, NULL, 'Chi tiết xem trong LyThuyet chương 6.', 'grammar', 1, 'system', TRUE, FALSE, NOW(), 'system') ON CONFLICT (id) DO UPDATE SET question_type = EXCLUDED.question_type, content_type = EXCLUDED.content_type, level = EXCLUDED.level, question = EXCLUDED.question, passage = EXCLUDED.passage, passage_translation = EXCLUDED.passage_translation, general_explanation = EXCLUDED.general_explanation, skill_category = EXCLUDED.skill_category, is_active = EXCLUDED.is_active, is_deleted = EXCLUDED.is_deleted, updated_at = NOW(), updated_by = 'system';
DELETE FROM questions_answers WHERE question_id = 811610036;
INSERT INTO questions_answers (question_id, sentence, sentence_translation, is_correct, "order") VALUES (811610036, 'Cách tiếp cận tinh tế phù hợp văn hoá Nhật (đã giải thích trong LyThuyet)', 'Cách tiếp cận tinh tế phù hợp văn hoá Nhật (đã giải thích trong LyThuyet)', TRUE, 1);
INSERT INTO questions_answers (question_id, sentence, sentence_translation, is_correct, "order") VALUES (811610036, 'Cách tiếp cận thẳng thắn theo style phương Tây', 'Cách tiếp cận thẳng thắn theo style phương Tây', FALSE, 2);
INSERT INTO questions_answers (question_id, sentence, sentence_translation, is_correct, "order") VALUES (811610036, 'Im lặng là tốt nhất', 'Im lặng là tốt nhất', FALSE, 3);
INSERT INTO questions_answers (question_id, sentence, sentence_translation, is_correct, "order") VALUES (811610036, 'Không có sự khác biệt văn hoá', 'Không có sự khác biệt văn hoá', FALSE, 4);
INSERT INTO questions (id, user_id, is_system, is_khoa_cu, question_type, content_type, level, selection_type, question, passage, passage_translation, general_explanation, skill_category, base_difficulty, tenant_id, is_active, is_deleted, created_at, created_by) VALUES (811610037, NULL, TRUE, FALSE, 'chon_dap_an', 'jisshusei_baitap_t06_chukan_mensetsu', 'N4', 'single', 'Văn hoá Nhật trong chương 6, nuance #7:

Văn hoá Nhật chương 6, sắc thái #7:', NULL, NULL, 'Chi tiết xem trong LyThuyet chương 6.', 'grammar', 1, 'system', TRUE, FALSE, NOW(), 'system') ON CONFLICT (id) DO UPDATE SET question_type = EXCLUDED.question_type, content_type = EXCLUDED.content_type, level = EXCLUDED.level, question = EXCLUDED.question, passage = EXCLUDED.passage, passage_translation = EXCLUDED.passage_translation, general_explanation = EXCLUDED.general_explanation, skill_category = EXCLUDED.skill_category, is_active = EXCLUDED.is_active, is_deleted = EXCLUDED.is_deleted, updated_at = NOW(), updated_by = 'system';
DELETE FROM questions_answers WHERE question_id = 811610037;
INSERT INTO questions_answers (question_id, sentence, sentence_translation, is_correct, "order") VALUES (811610037, 'Cách tiếp cận tinh tế phù hợp văn hoá Nhật (đã giải thích trong LyThuyet)', 'Cách tiếp cận tinh tế phù hợp văn hoá Nhật (đã giải thích trong LyThuyet)', TRUE, 1);
INSERT INTO questions_answers (question_id, sentence, sentence_translation, is_correct, "order") VALUES (811610037, 'Cách tiếp cận thẳng thắn theo style phương Tây', 'Cách tiếp cận thẳng thắn theo style phương Tây', FALSE, 2);
INSERT INTO questions_answers (question_id, sentence, sentence_translation, is_correct, "order") VALUES (811610037, 'Im lặng là tốt nhất', 'Im lặng là tốt nhất', FALSE, 3);
INSERT INTO questions_answers (question_id, sentence, sentence_translation, is_correct, "order") VALUES (811610037, 'Không có sự khác biệt văn hoá', 'Không có sự khác biệt văn hoá', FALSE, 4);
INSERT INTO questions (id, user_id, is_system, is_khoa_cu, question_type, content_type, level, selection_type, question, passage, passage_translation, general_explanation, skill_category, base_difficulty, tenant_id, is_active, is_deleted, created_at, created_by) VALUES (811610038, NULL, TRUE, FALSE, 'chon_dap_an', 'jisshusei_baitap_t06_chukan_mensetsu', 'N4', 'single', 'Văn hoá Nhật trong chương 6, nuance #8:

Văn hoá Nhật chương 6, sắc thái #8:', NULL, NULL, 'Chi tiết xem trong LyThuyet chương 6.', 'grammar', 1, 'system', TRUE, FALSE, NOW(), 'system') ON CONFLICT (id) DO UPDATE SET question_type = EXCLUDED.question_type, content_type = EXCLUDED.content_type, level = EXCLUDED.level, question = EXCLUDED.question, passage = EXCLUDED.passage, passage_translation = EXCLUDED.passage_translation, general_explanation = EXCLUDED.general_explanation, skill_category = EXCLUDED.skill_category, is_active = EXCLUDED.is_active, is_deleted = EXCLUDED.is_deleted, updated_at = NOW(), updated_by = 'system';
DELETE FROM questions_answers WHERE question_id = 811610038;
INSERT INTO questions_answers (question_id, sentence, sentence_translation, is_correct, "order") VALUES (811610038, 'Cách tiếp cận tinh tế phù hợp văn hoá Nhật (đã giải thích trong LyThuyet)', 'Cách tiếp cận tinh tế phù hợp văn hoá Nhật (đã giải thích trong LyThuyet)', TRUE, 1);
INSERT INTO questions_answers (question_id, sentence, sentence_translation, is_correct, "order") VALUES (811610038, 'Cách tiếp cận thẳng thắn theo style phương Tây', 'Cách tiếp cận thẳng thắn theo style phương Tây', FALSE, 2);
INSERT INTO questions_answers (question_id, sentence, sentence_translation, is_correct, "order") VALUES (811610038, 'Im lặng là tốt nhất', 'Im lặng là tốt nhất', FALSE, 3);
INSERT INTO questions_answers (question_id, sentence, sentence_translation, is_correct, "order") VALUES (811610038, 'Không có sự khác biệt văn hoá', 'Không có sự khác biệt văn hoá', FALSE, 4);
INSERT INTO questions (id, user_id, is_system, is_khoa_cu, question_type, content_type, level, selection_type, question, passage, passage_translation, general_explanation, skill_category, base_difficulty, tenant_id, is_active, is_deleted, created_at, created_by) VALUES (811610039, NULL, TRUE, FALSE, 'chon_dap_an', 'jisshusei_baitap_t06_chukan_mensetsu', 'N4', 'single', 'Văn hoá Nhật trong chương 6, nuance #9:

Văn hoá Nhật chương 6, sắc thái #9:', NULL, NULL, 'Chi tiết xem trong LyThuyet chương 6.', 'grammar', 1, 'system', TRUE, FALSE, NOW(), 'system') ON CONFLICT (id) DO UPDATE SET question_type = EXCLUDED.question_type, content_type = EXCLUDED.content_type, level = EXCLUDED.level, question = EXCLUDED.question, passage = EXCLUDED.passage, passage_translation = EXCLUDED.passage_translation, general_explanation = EXCLUDED.general_explanation, skill_category = EXCLUDED.skill_category, is_active = EXCLUDED.is_active, is_deleted = EXCLUDED.is_deleted, updated_at = NOW(), updated_by = 'system';
DELETE FROM questions_answers WHERE question_id = 811610039;
INSERT INTO questions_answers (question_id, sentence, sentence_translation, is_correct, "order") VALUES (811610039, 'Cách tiếp cận tinh tế phù hợp văn hoá Nhật (đã giải thích trong LyThuyet)', 'Cách tiếp cận tinh tế phù hợp văn hoá Nhật (đã giải thích trong LyThuyet)', TRUE, 1);
INSERT INTO questions_answers (question_id, sentence, sentence_translation, is_correct, "order") VALUES (811610039, 'Cách tiếp cận thẳng thắn theo style phương Tây', 'Cách tiếp cận thẳng thắn theo style phương Tây', FALSE, 2);
INSERT INTO questions_answers (question_id, sentence, sentence_translation, is_correct, "order") VALUES (811610039, 'Im lặng là tốt nhất', 'Im lặng là tốt nhất', FALSE, 3);
INSERT INTO questions_answers (question_id, sentence, sentence_translation, is_correct, "order") VALUES (811610039, 'Không có sự khác biệt văn hoá', 'Không có sự khác biệt văn hoá', FALSE, 4);
INSERT INTO questions (id, user_id, is_system, is_khoa_cu, question_type, content_type, level, selection_type, question, passage, passage_translation, general_explanation, skill_category, base_difficulty, tenant_id, is_active, is_deleted, created_at, created_by) VALUES (811610040, NULL, TRUE, FALSE, 'chon_dap_an', 'jisshusei_baitap_t06_chukan_mensetsu', 'N4', 'single', 'Văn hoá Nhật trong chương 6, nuance #10:

Văn hoá Nhật chương 6, sắc thái #10:', NULL, NULL, 'Chi tiết xem trong LyThuyet chương 6.', 'grammar', 1, 'system', TRUE, FALSE, NOW(), 'system') ON CONFLICT (id) DO UPDATE SET question_type = EXCLUDED.question_type, content_type = EXCLUDED.content_type, level = EXCLUDED.level, question = EXCLUDED.question, passage = EXCLUDED.passage, passage_translation = EXCLUDED.passage_translation, general_explanation = EXCLUDED.general_explanation, skill_category = EXCLUDED.skill_category, is_active = EXCLUDED.is_active, is_deleted = EXCLUDED.is_deleted, updated_at = NOW(), updated_by = 'system';
DELETE FROM questions_answers WHERE question_id = 811610040;
INSERT INTO questions_answers (question_id, sentence, sentence_translation, is_correct, "order") VALUES (811610040, 'Cách tiếp cận tinh tế phù hợp văn hoá Nhật (đã giải thích trong LyThuyet)', 'Cách tiếp cận tinh tế phù hợp văn hoá Nhật (đã giải thích trong LyThuyet)', TRUE, 1);
INSERT INTO questions_answers (question_id, sentence, sentence_translation, is_correct, "order") VALUES (811610040, 'Cách tiếp cận thẳng thắn theo style phương Tây', 'Cách tiếp cận thẳng thắn theo style phương Tây', FALSE, 2);
INSERT INTO questions_answers (question_id, sentence, sentence_translation, is_correct, "order") VALUES (811610040, 'Im lặng là tốt nhất', 'Im lặng là tốt nhất', FALSE, 3);
INSERT INTO questions_answers (question_id, sentence, sentence_translation, is_correct, "order") VALUES (811610040, 'Không có sự khác biệt văn hoá', 'Không có sự khác biệt văn hoá', FALSE, 4);

INSERT INTO study_question_sets (id, name, description, set_type, card_count, tenant_id, is_active, is_deleted, created_at, created_by) VALUES (8110611, 'T6. Nửa năm — Đánh giá giữa kỳ — Bài tập Level 1', 'Bài tập trắc nghiệm — Level 1: N5', 'practice', 10, 'system', TRUE, FALSE, NOW(), 'system') ON CONFLICT (id) DO UPDATE SET name = EXCLUDED.name, description = EXCLUDED.description, set_type = EXCLUDED.set_type, card_count = EXCLUDED.card_count, is_active = EXCLUDED.is_active, is_deleted = EXCLUDED.is_deleted, updated_at = NOW(), updated_by = 'system';
INSERT INTO study_question_set_questions (study_question_set_id, question_id, order_index, tenant_id, is_deleted, created_at, created_by) VALUES (8110611, 811610001, 1, 'system', FALSE, NOW(), 'system') ON CONFLICT (study_question_set_id, question_id) DO UPDATE SET order_index = EXCLUDED.order_index, is_deleted = FALSE;
INSERT INTO study_question_set_questions (study_question_set_id, question_id, order_index, tenant_id, is_deleted, created_at, created_by) VALUES (8110611, 811610002, 2, 'system', FALSE, NOW(), 'system') ON CONFLICT (study_question_set_id, question_id) DO UPDATE SET order_index = EXCLUDED.order_index, is_deleted = FALSE;
INSERT INTO study_question_set_questions (study_question_set_id, question_id, order_index, tenant_id, is_deleted, created_at, created_by) VALUES (8110611, 811610003, 3, 'system', FALSE, NOW(), 'system') ON CONFLICT (study_question_set_id, question_id) DO UPDATE SET order_index = EXCLUDED.order_index, is_deleted = FALSE;
INSERT INTO study_question_set_questions (study_question_set_id, question_id, order_index, tenant_id, is_deleted, created_at, created_by) VALUES (8110611, 811610004, 4, 'system', FALSE, NOW(), 'system') ON CONFLICT (study_question_set_id, question_id) DO UPDATE SET order_index = EXCLUDED.order_index, is_deleted = FALSE;
INSERT INTO study_question_set_questions (study_question_set_id, question_id, order_index, tenant_id, is_deleted, created_at, created_by) VALUES (8110611, 811610005, 5, 'system', FALSE, NOW(), 'system') ON CONFLICT (study_question_set_id, question_id) DO UPDATE SET order_index = EXCLUDED.order_index, is_deleted = FALSE;
INSERT INTO study_question_set_questions (study_question_set_id, question_id, order_index, tenant_id, is_deleted, created_at, created_by) VALUES (8110611, 811610006, 6, 'system', FALSE, NOW(), 'system') ON CONFLICT (study_question_set_id, question_id) DO UPDATE SET order_index = EXCLUDED.order_index, is_deleted = FALSE;
INSERT INTO study_question_set_questions (study_question_set_id, question_id, order_index, tenant_id, is_deleted, created_at, created_by) VALUES (8110611, 811610007, 7, 'system', FALSE, NOW(), 'system') ON CONFLICT (study_question_set_id, question_id) DO UPDATE SET order_index = EXCLUDED.order_index, is_deleted = FALSE;
INSERT INTO study_question_set_questions (study_question_set_id, question_id, order_index, tenant_id, is_deleted, created_at, created_by) VALUES (8110611, 811610008, 8, 'system', FALSE, NOW(), 'system') ON CONFLICT (study_question_set_id, question_id) DO UPDATE SET order_index = EXCLUDED.order_index, is_deleted = FALSE;
INSERT INTO study_question_set_questions (study_question_set_id, question_id, order_index, tenant_id, is_deleted, created_at, created_by) VALUES (8110611, 811610009, 9, 'system', FALSE, NOW(), 'system') ON CONFLICT (study_question_set_id, question_id) DO UPDATE SET order_index = EXCLUDED.order_index, is_deleted = FALSE;
INSERT INTO study_question_set_questions (study_question_set_id, question_id, order_index, tenant_id, is_deleted, created_at, created_by) VALUES (8110611, 811610010, 10, 'system', FALSE, NOW(), 'system') ON CONFLICT (study_question_set_id, question_id) DO UPDATE SET order_index = EXCLUDED.order_index, is_deleted = FALSE;
INSERT INTO study_resource_question_sets (resource_type, resource_id, study_question_set_id, position, context, tenant_id, is_active, is_deleted, created_at, created_by) VALUES ('module', 8011006, 8110611, 1, '{"label": "T6. Nửa năm — Đánh giá giữa kỳ — Bài tập Level 1"}'::jsonb, 'system', TRUE, FALSE, NOW(), 'system') ON CONFLICT (resource_type, resource_id, study_question_set_id) DO UPDATE SET position = EXCLUDED.position, context = EXCLUDED.context, is_active = TRUE, is_deleted = FALSE;

INSERT INTO study_question_sets (id, name, description, set_type, card_count, tenant_id, is_active, is_deleted, created_at, created_by) VALUES (8110612, 'T6. Nửa năm — Đánh giá giữa kỳ — Bài tập Level 2', 'Bài tập trắc nghiệm — Level 2: N5', 'practice', 10, 'system', TRUE, FALSE, NOW(), 'system') ON CONFLICT (id) DO UPDATE SET name = EXCLUDED.name, description = EXCLUDED.description, set_type = EXCLUDED.set_type, card_count = EXCLUDED.card_count, is_active = EXCLUDED.is_active, is_deleted = EXCLUDED.is_deleted, updated_at = NOW(), updated_by = 'system';
INSERT INTO study_question_set_questions (study_question_set_id, question_id, order_index, tenant_id, is_deleted, created_at, created_by) VALUES (8110612, 811610011, 1, 'system', FALSE, NOW(), 'system') ON CONFLICT (study_question_set_id, question_id) DO UPDATE SET order_index = EXCLUDED.order_index, is_deleted = FALSE;
INSERT INTO study_question_set_questions (study_question_set_id, question_id, order_index, tenant_id, is_deleted, created_at, created_by) VALUES (8110612, 811610012, 2, 'system', FALSE, NOW(), 'system') ON CONFLICT (study_question_set_id, question_id) DO UPDATE SET order_index = EXCLUDED.order_index, is_deleted = FALSE;
INSERT INTO study_question_set_questions (study_question_set_id, question_id, order_index, tenant_id, is_deleted, created_at, created_by) VALUES (8110612, 811610013, 3, 'system', FALSE, NOW(), 'system') ON CONFLICT (study_question_set_id, question_id) DO UPDATE SET order_index = EXCLUDED.order_index, is_deleted = FALSE;
INSERT INTO study_question_set_questions (study_question_set_id, question_id, order_index, tenant_id, is_deleted, created_at, created_by) VALUES (8110612, 811610014, 4, 'system', FALSE, NOW(), 'system') ON CONFLICT (study_question_set_id, question_id) DO UPDATE SET order_index = EXCLUDED.order_index, is_deleted = FALSE;
INSERT INTO study_question_set_questions (study_question_set_id, question_id, order_index, tenant_id, is_deleted, created_at, created_by) VALUES (8110612, 811610015, 5, 'system', FALSE, NOW(), 'system') ON CONFLICT (study_question_set_id, question_id) DO UPDATE SET order_index = EXCLUDED.order_index, is_deleted = FALSE;
INSERT INTO study_question_set_questions (study_question_set_id, question_id, order_index, tenant_id, is_deleted, created_at, created_by) VALUES (8110612, 811610016, 6, 'system', FALSE, NOW(), 'system') ON CONFLICT (study_question_set_id, question_id) DO UPDATE SET order_index = EXCLUDED.order_index, is_deleted = FALSE;
INSERT INTO study_question_set_questions (study_question_set_id, question_id, order_index, tenant_id, is_deleted, created_at, created_by) VALUES (8110612, 811610017, 7, 'system', FALSE, NOW(), 'system') ON CONFLICT (study_question_set_id, question_id) DO UPDATE SET order_index = EXCLUDED.order_index, is_deleted = FALSE;
INSERT INTO study_question_set_questions (study_question_set_id, question_id, order_index, tenant_id, is_deleted, created_at, created_by) VALUES (8110612, 811610018, 8, 'system', FALSE, NOW(), 'system') ON CONFLICT (study_question_set_id, question_id) DO UPDATE SET order_index = EXCLUDED.order_index, is_deleted = FALSE;
INSERT INTO study_question_set_questions (study_question_set_id, question_id, order_index, tenant_id, is_deleted, created_at, created_by) VALUES (8110612, 811610019, 9, 'system', FALSE, NOW(), 'system') ON CONFLICT (study_question_set_id, question_id) DO UPDATE SET order_index = EXCLUDED.order_index, is_deleted = FALSE;
INSERT INTO study_question_set_questions (study_question_set_id, question_id, order_index, tenant_id, is_deleted, created_at, created_by) VALUES (8110612, 811610020, 10, 'system', FALSE, NOW(), 'system') ON CONFLICT (study_question_set_id, question_id) DO UPDATE SET order_index = EXCLUDED.order_index, is_deleted = FALSE;
INSERT INTO study_resource_question_sets (resource_type, resource_id, study_question_set_id, position, context, tenant_id, is_active, is_deleted, created_at, created_by) VALUES ('module', 8011006, 8110612, 2, '{"label": "T6. Nửa năm — Đánh giá giữa kỳ — Bài tập Level 2"}'::jsonb, 'system', TRUE, FALSE, NOW(), 'system') ON CONFLICT (resource_type, resource_id, study_question_set_id) DO UPDATE SET position = EXCLUDED.position, context = EXCLUDED.context, is_active = TRUE, is_deleted = FALSE;

INSERT INTO study_question_sets (id, name, description, set_type, card_count, tenant_id, is_active, is_deleted, created_at, created_by) VALUES (8110613, 'T6. Nửa năm — Đánh giá giữa kỳ — Bài tập Level 3', 'Bài tập trắc nghiệm — Level 3: N4', 'practice', 10, 'system', TRUE, FALSE, NOW(), 'system') ON CONFLICT (id) DO UPDATE SET name = EXCLUDED.name, description = EXCLUDED.description, set_type = EXCLUDED.set_type, card_count = EXCLUDED.card_count, is_active = EXCLUDED.is_active, is_deleted = EXCLUDED.is_deleted, updated_at = NOW(), updated_by = 'system';
INSERT INTO study_question_set_questions (study_question_set_id, question_id, order_index, tenant_id, is_deleted, created_at, created_by) VALUES (8110613, 811610021, 1, 'system', FALSE, NOW(), 'system') ON CONFLICT (study_question_set_id, question_id) DO UPDATE SET order_index = EXCLUDED.order_index, is_deleted = FALSE;
INSERT INTO study_question_set_questions (study_question_set_id, question_id, order_index, tenant_id, is_deleted, created_at, created_by) VALUES (8110613, 811610022, 2, 'system', FALSE, NOW(), 'system') ON CONFLICT (study_question_set_id, question_id) DO UPDATE SET order_index = EXCLUDED.order_index, is_deleted = FALSE;
INSERT INTO study_question_set_questions (study_question_set_id, question_id, order_index, tenant_id, is_deleted, created_at, created_by) VALUES (8110613, 811610023, 3, 'system', FALSE, NOW(), 'system') ON CONFLICT (study_question_set_id, question_id) DO UPDATE SET order_index = EXCLUDED.order_index, is_deleted = FALSE;
INSERT INTO study_question_set_questions (study_question_set_id, question_id, order_index, tenant_id, is_deleted, created_at, created_by) VALUES (8110613, 811610024, 4, 'system', FALSE, NOW(), 'system') ON CONFLICT (study_question_set_id, question_id) DO UPDATE SET order_index = EXCLUDED.order_index, is_deleted = FALSE;
INSERT INTO study_question_set_questions (study_question_set_id, question_id, order_index, tenant_id, is_deleted, created_at, created_by) VALUES (8110613, 811610025, 5, 'system', FALSE, NOW(), 'system') ON CONFLICT (study_question_set_id, question_id) DO UPDATE SET order_index = EXCLUDED.order_index, is_deleted = FALSE;
INSERT INTO study_question_set_questions (study_question_set_id, question_id, order_index, tenant_id, is_deleted, created_at, created_by) VALUES (8110613, 811610026, 6, 'system', FALSE, NOW(), 'system') ON CONFLICT (study_question_set_id, question_id) DO UPDATE SET order_index = EXCLUDED.order_index, is_deleted = FALSE;
INSERT INTO study_question_set_questions (study_question_set_id, question_id, order_index, tenant_id, is_deleted, created_at, created_by) VALUES (8110613, 811610027, 7, 'system', FALSE, NOW(), 'system') ON CONFLICT (study_question_set_id, question_id) DO UPDATE SET order_index = EXCLUDED.order_index, is_deleted = FALSE;
INSERT INTO study_question_set_questions (study_question_set_id, question_id, order_index, tenant_id, is_deleted, created_at, created_by) VALUES (8110613, 811610028, 8, 'system', FALSE, NOW(), 'system') ON CONFLICT (study_question_set_id, question_id) DO UPDATE SET order_index = EXCLUDED.order_index, is_deleted = FALSE;
INSERT INTO study_question_set_questions (study_question_set_id, question_id, order_index, tenant_id, is_deleted, created_at, created_by) VALUES (8110613, 811610029, 9, 'system', FALSE, NOW(), 'system') ON CONFLICT (study_question_set_id, question_id) DO UPDATE SET order_index = EXCLUDED.order_index, is_deleted = FALSE;
INSERT INTO study_question_set_questions (study_question_set_id, question_id, order_index, tenant_id, is_deleted, created_at, created_by) VALUES (8110613, 811610030, 10, 'system', FALSE, NOW(), 'system') ON CONFLICT (study_question_set_id, question_id) DO UPDATE SET order_index = EXCLUDED.order_index, is_deleted = FALSE;
INSERT INTO study_resource_question_sets (resource_type, resource_id, study_question_set_id, position, context, tenant_id, is_active, is_deleted, created_at, created_by) VALUES ('module', 8011006, 8110613, 3, '{"label": "T6. Nửa năm — Đánh giá giữa kỳ — Bài tập Level 3"}'::jsonb, 'system', TRUE, FALSE, NOW(), 'system') ON CONFLICT (resource_type, resource_id, study_question_set_id) DO UPDATE SET position = EXCLUDED.position, context = EXCLUDED.context, is_active = TRUE, is_deleted = FALSE;

INSERT INTO study_question_sets (id, name, description, set_type, card_count, tenant_id, is_active, is_deleted, created_at, created_by) VALUES (8110614, 'T6. Nửa năm — Đánh giá giữa kỳ — Bài tập Level 4', 'Bài tập trắc nghiệm — Level 4: N4', 'practice', 10, 'system', TRUE, FALSE, NOW(), 'system') ON CONFLICT (id) DO UPDATE SET name = EXCLUDED.name, description = EXCLUDED.description, set_type = EXCLUDED.set_type, card_count = EXCLUDED.card_count, is_active = EXCLUDED.is_active, is_deleted = EXCLUDED.is_deleted, updated_at = NOW(), updated_by = 'system';
INSERT INTO study_question_set_questions (study_question_set_id, question_id, order_index, tenant_id, is_deleted, created_at, created_by) VALUES (8110614, 811610031, 1, 'system', FALSE, NOW(), 'system') ON CONFLICT (study_question_set_id, question_id) DO UPDATE SET order_index = EXCLUDED.order_index, is_deleted = FALSE;
INSERT INTO study_question_set_questions (study_question_set_id, question_id, order_index, tenant_id, is_deleted, created_at, created_by) VALUES (8110614, 811610032, 2, 'system', FALSE, NOW(), 'system') ON CONFLICT (study_question_set_id, question_id) DO UPDATE SET order_index = EXCLUDED.order_index, is_deleted = FALSE;
INSERT INTO study_question_set_questions (study_question_set_id, question_id, order_index, tenant_id, is_deleted, created_at, created_by) VALUES (8110614, 811610033, 3, 'system', FALSE, NOW(), 'system') ON CONFLICT (study_question_set_id, question_id) DO UPDATE SET order_index = EXCLUDED.order_index, is_deleted = FALSE;
INSERT INTO study_question_set_questions (study_question_set_id, question_id, order_index, tenant_id, is_deleted, created_at, created_by) VALUES (8110614, 811610034, 4, 'system', FALSE, NOW(), 'system') ON CONFLICT (study_question_set_id, question_id) DO UPDATE SET order_index = EXCLUDED.order_index, is_deleted = FALSE;
INSERT INTO study_question_set_questions (study_question_set_id, question_id, order_index, tenant_id, is_deleted, created_at, created_by) VALUES (8110614, 811610035, 5, 'system', FALSE, NOW(), 'system') ON CONFLICT (study_question_set_id, question_id) DO UPDATE SET order_index = EXCLUDED.order_index, is_deleted = FALSE;
INSERT INTO study_question_set_questions (study_question_set_id, question_id, order_index, tenant_id, is_deleted, created_at, created_by) VALUES (8110614, 811610036, 6, 'system', FALSE, NOW(), 'system') ON CONFLICT (study_question_set_id, question_id) DO UPDATE SET order_index = EXCLUDED.order_index, is_deleted = FALSE;
INSERT INTO study_question_set_questions (study_question_set_id, question_id, order_index, tenant_id, is_deleted, created_at, created_by) VALUES (8110614, 811610037, 7, 'system', FALSE, NOW(), 'system') ON CONFLICT (study_question_set_id, question_id) DO UPDATE SET order_index = EXCLUDED.order_index, is_deleted = FALSE;
INSERT INTO study_question_set_questions (study_question_set_id, question_id, order_index, tenant_id, is_deleted, created_at, created_by) VALUES (8110614, 811610038, 8, 'system', FALSE, NOW(), 'system') ON CONFLICT (study_question_set_id, question_id) DO UPDATE SET order_index = EXCLUDED.order_index, is_deleted = FALSE;
INSERT INTO study_question_set_questions (study_question_set_id, question_id, order_index, tenant_id, is_deleted, created_at, created_by) VALUES (8110614, 811610039, 9, 'system', FALSE, NOW(), 'system') ON CONFLICT (study_question_set_id, question_id) DO UPDATE SET order_index = EXCLUDED.order_index, is_deleted = FALSE;
INSERT INTO study_question_set_questions (study_question_set_id, question_id, order_index, tenant_id, is_deleted, created_at, created_by) VALUES (8110614, 811610040, 10, 'system', FALSE, NOW(), 'system') ON CONFLICT (study_question_set_id, question_id) DO UPDATE SET order_index = EXCLUDED.order_index, is_deleted = FALSE;
INSERT INTO study_resource_question_sets (resource_type, resource_id, study_question_set_id, position, context, tenant_id, is_active, is_deleted, created_at, created_by) VALUES ('module', 8011006, 8110614, 4, '{"label": "T6. Nửa năm — Đánh giá giữa kỳ — Bài tập Level 4"}'::jsonb, 'system', TRUE, FALSE, NOW(), 'system') ON CONFLICT (resource_type, resource_id, study_question_set_id) DO UPDATE SET position = EXCLUDED.position, context = EXCLUDED.context, is_active = TRUE, is_deleted = FALSE;

-- Mogishiken: t06_chukan_mensetsu (5 passages, 20 questions)
INSERT INTO reading_passages (id, user_id, is_system, is_public, title, content, translation, jlpt_level, category, difficulty, word_count, tenant_id, is_active, is_deleted, created_at, created_by) VALUES (81106001, NULL, TRUE, TRUE, '中間面接 — プロセスシート 1', 'これは 中間面接 の プロセスシート です。Cụm trình bày + keigo trung cấp + ~させていただきます + Tokutei Ginou intro に関する内容を含みます。実習生が業務中に必要な情報をまとめています。詳細は工場のマニュアルを参照してください。', 'Đây là Bảng quy trình của T6. Nửa năm — Đánh giá giữa kỳ. Bao gồm nội dung liên quan đến Cụm trình bày + keigo trung cấp + ~させていただきます + Tokutei Ginou intro. Tổng hợp thông tin thực tập sinh cần biết khi làm việc. Chi tiết xem sổ tay nhà máy.', 'N4', 'notice', 3, 150, 'system', TRUE, FALSE, NOW(), 'system') ON CONFLICT (id) DO UPDATE SET title = EXCLUDED.title, content = EXCLUDED.content, translation = EXCLUDED.translation, jlpt_level = EXCLUDED.jlpt_level, category = EXCLUDED.category, difficulty = EXCLUDED.difficulty, word_count = EXCLUDED.word_count, is_active = EXCLUDED.is_active, is_deleted = EXCLUDED.is_deleted, updated_at = NOW(), updated_by = 'system';
INSERT INTO reading_passages (id, user_id, is_system, is_public, title, content, translation, jlpt_level, category, difficulty, word_count, tenant_id, is_active, is_deleted, created_at, created_by) VALUES (81106002, NULL, TRUE, TRUE, '中間面接 — マニュアル 2', 'これは 中間面接 の マニュアル です。Cụm trình bày + keigo trung cấp + ~させていただきます + Tokutei Ginou intro に関する内容を含みます。実習生が業務中に必要な情報をまとめています。詳細は工場のマニュアルを参照してください。', 'Đây là Sổ tay hướng dẫn của T6. Nửa năm — Đánh giá giữa kỳ. Bao gồm nội dung liên quan đến Cụm trình bày + keigo trung cấp + ~させていただきます + Tokutei Ginou intro. Tổng hợp thông tin thực tập sinh cần biết khi làm việc. Chi tiết xem sổ tay nhà máy.', 'N4', 'notice', 3, 150, 'system', TRUE, FALSE, NOW(), 'system') ON CONFLICT (id) DO UPDATE SET title = EXCLUDED.title, content = EXCLUDED.content, translation = EXCLUDED.translation, jlpt_level = EXCLUDED.jlpt_level, category = EXCLUDED.category, difficulty = EXCLUDED.difficulty, word_count = EXCLUDED.word_count, is_active = EXCLUDED.is_active, is_deleted = EXCLUDED.is_deleted, updated_at = NOW(), updated_by = 'system';
INSERT INTO reading_passages (id, user_id, is_system, is_public, title, content, translation, jlpt_level, category, difficulty, word_count, tenant_id, is_active, is_deleted, created_at, created_by) VALUES (81106003, NULL, TRUE, TRUE, '中間面接 — 報告書 3', 'これは 中間面接 の 報告書 です。Cụm trình bày + keigo trung cấp + ~させていただきます + Tokutei Ginou intro に関する内容を含みます。実習生が業務中に必要な情報をまとめています。詳細は工場のマニュアルを参照してください。', 'Đây là Báo cáo của T6. Nửa năm — Đánh giá giữa kỳ. Bao gồm nội dung liên quan đến Cụm trình bày + keigo trung cấp + ~させていただきます + Tokutei Ginou intro. Tổng hợp thông tin thực tập sinh cần biết khi làm việc. Chi tiết xem sổ tay nhà máy.', 'N4', 'notice', 3, 150, 'system', TRUE, FALSE, NOW(), 'system') ON CONFLICT (id) DO UPDATE SET title = EXCLUDED.title, content = EXCLUDED.content, translation = EXCLUDED.translation, jlpt_level = EXCLUDED.jlpt_level, category = EXCLUDED.category, difficulty = EXCLUDED.difficulty, word_count = EXCLUDED.word_count, is_active = EXCLUDED.is_active, is_deleted = EXCLUDED.is_deleted, updated_at = NOW(), updated_by = 'system';
INSERT INTO reading_passages (id, user_id, is_system, is_public, title, content, translation, jlpt_level, category, difficulty, word_count, tenant_id, is_active, is_deleted, created_at, created_by) VALUES (81106004, NULL, TRUE, TRUE, '中間面接 — 通知 4', 'これは 中間面接 の 通知 です。Cụm trình bày + keigo trung cấp + ~させていただきます + Tokutei Ginou intro に関する内容を含みます。実習生が業務中に必要な情報をまとめています。詳細は工場のマニュアルを参照してください。', 'Đây là Thông báo của T6. Nửa năm — Đánh giá giữa kỳ. Bao gồm nội dung liên quan đến Cụm trình bày + keigo trung cấp + ~させていただきます + Tokutei Ginou intro. Tổng hợp thông tin thực tập sinh cần biết khi làm việc. Chi tiết xem sổ tay nhà máy.', 'N4', 'notice', 3, 150, 'system', TRUE, FALSE, NOW(), 'system') ON CONFLICT (id) DO UPDATE SET title = EXCLUDED.title, content = EXCLUDED.content, translation = EXCLUDED.translation, jlpt_level = EXCLUDED.jlpt_level, category = EXCLUDED.category, difficulty = EXCLUDED.difficulty, word_count = EXCLUDED.word_count, is_active = EXCLUDED.is_active, is_deleted = EXCLUDED.is_deleted, updated_at = NOW(), updated_by = 'system';
INSERT INTO reading_passages (id, user_id, is_system, is_public, title, content, translation, jlpt_level, category, difficulty, word_count, tenant_id, is_active, is_deleted, created_at, created_by) VALUES (81106005, NULL, TRUE, TRUE, '中間面接 — チェックリスト 5', 'これは 中間面接 の チェックリスト です。Cụm trình bày + keigo trung cấp + ~させていただきます + Tokutei Ginou intro に関する内容を含みます。実習生が業務中に必要な情報をまとめています。詳細は工場のマニュアルを参照してください。', 'Đây là Danh mục kiểm tra của T6. Nửa năm — Đánh giá giữa kỳ. Bao gồm nội dung liên quan đến Cụm trình bày + keigo trung cấp + ~させていただきます + Tokutei Ginou intro. Tổng hợp thông tin thực tập sinh cần biết khi làm việc. Chi tiết xem sổ tay nhà máy.', 'N4', 'notice', 3, 150, 'system', TRUE, FALSE, NOW(), 'system') ON CONFLICT (id) DO UPDATE SET title = EXCLUDED.title, content = EXCLUDED.content, translation = EXCLUDED.translation, jlpt_level = EXCLUDED.jlpt_level, category = EXCLUDED.category, difficulty = EXCLUDED.difficulty, word_count = EXCLUDED.word_count, is_active = EXCLUDED.is_active, is_deleted = EXCLUDED.is_deleted, updated_at = NOW(), updated_by = 'system';

INSERT INTO questions (id, user_id, is_system, is_khoa_cu, question_type, content_type, level, selection_type, question, passage, passage_translation, general_explanation, skill_category, base_difficulty, tenant_id, is_active, is_deleted, created_at, created_by) VALUES (811620001, NULL, TRUE, FALSE, 'reading', 'jisshusei_mogishiken_t06_chukan_mensetsu', 'N4', 'single', 'この プロセスシート の主旨は何ですか? (Q1)

Ý chính của Bảng quy trình này là gì? (Q1)', '81106001', NULL, 'プロセスシート chứa thông tin về Cụm trình bày + keigo trung cấp + ~させていただきます + Tokutei Ginou intro.', 'dokkai', 1, 'system', TRUE, FALSE, NOW(), 'system') ON CONFLICT (id) DO UPDATE SET question_type = EXCLUDED.question_type, content_type = EXCLUDED.content_type, level = EXCLUDED.level, question = EXCLUDED.question, passage = EXCLUDED.passage, passage_translation = EXCLUDED.passage_translation, general_explanation = EXCLUDED.general_explanation, skill_category = EXCLUDED.skill_category, is_active = EXCLUDED.is_active, is_deleted = EXCLUDED.is_deleted, updated_at = NOW(), updated_by = 'system';
DELETE FROM questions_answers WHERE question_id = 811620001;
INSERT INTO questions_answers (question_id, sentence, sentence_translation, is_correct, "order") VALUES (811620001, 'Cụm trình bày + keigo trung cấp + ~させていたに関する情報', 'Thông tin liên quan đến Cụm trình bày + keigo trung cấp + ~させていた', TRUE, 1);
INSERT INTO questions_answers (question_id, sentence, sentence_translation, is_correct, "order") VALUES (811620001, '工場の歴史', 'Lịch sử nhà máy', FALSE, 2);
INSERT INTO questions_answers (question_id, sentence, sentence_translation, is_correct, "order") VALUES (811620001, '社員の名前リスト', 'Danh sách tên nhân viên', FALSE, 3);
INSERT INTO questions_answers (question_id, sentence, sentence_translation, is_correct, "order") VALUES (811620001, '設備の値段', 'Giá thiết bị', FALSE, 4);
INSERT INTO questions (id, user_id, is_system, is_khoa_cu, question_type, content_type, level, selection_type, question, passage, passage_translation, general_explanation, skill_category, base_difficulty, tenant_id, is_active, is_deleted, created_at, created_by) VALUES (811620002, NULL, TRUE, FALSE, 'reading', 'jisshusei_mogishiken_t06_chukan_mensetsu', 'N4', 'single', 'この プロセスシート の主旨は何ですか? (Q2)

Ý chính của Bảng quy trình này là gì? (Q2)', '81106001', NULL, 'プロセスシート chứa thông tin về Cụm trình bày + keigo trung cấp + ~させていただきます + Tokutei Ginou intro.', 'dokkai', 1, 'system', TRUE, FALSE, NOW(), 'system') ON CONFLICT (id) DO UPDATE SET question_type = EXCLUDED.question_type, content_type = EXCLUDED.content_type, level = EXCLUDED.level, question = EXCLUDED.question, passage = EXCLUDED.passage, passage_translation = EXCLUDED.passage_translation, general_explanation = EXCLUDED.general_explanation, skill_category = EXCLUDED.skill_category, is_active = EXCLUDED.is_active, is_deleted = EXCLUDED.is_deleted, updated_at = NOW(), updated_by = 'system';
DELETE FROM questions_answers WHERE question_id = 811620002;
INSERT INTO questions_answers (question_id, sentence, sentence_translation, is_correct, "order") VALUES (811620002, 'Cụm trình bày + keigo trung cấp + ~させていたに関する情報', 'Thông tin liên quan đến Cụm trình bày + keigo trung cấp + ~させていた', TRUE, 1);
INSERT INTO questions_answers (question_id, sentence, sentence_translation, is_correct, "order") VALUES (811620002, '工場の歴史', 'Lịch sử nhà máy', FALSE, 2);
INSERT INTO questions_answers (question_id, sentence, sentence_translation, is_correct, "order") VALUES (811620002, '社員の名前リスト', 'Danh sách tên nhân viên', FALSE, 3);
INSERT INTO questions_answers (question_id, sentence, sentence_translation, is_correct, "order") VALUES (811620002, '設備の値段', 'Giá thiết bị', FALSE, 4);
INSERT INTO questions (id, user_id, is_system, is_khoa_cu, question_type, content_type, level, selection_type, question, passage, passage_translation, general_explanation, skill_category, base_difficulty, tenant_id, is_active, is_deleted, created_at, created_by) VALUES (811620003, NULL, TRUE, FALSE, 'reading', 'jisshusei_mogishiken_t06_chukan_mensetsu', 'N4', 'single', 'この プロセスシート の主旨は何ですか? (Q3)

Ý chính của Bảng quy trình này là gì? (Q3)', '81106001', NULL, 'プロセスシート chứa thông tin về Cụm trình bày + keigo trung cấp + ~させていただきます + Tokutei Ginou intro.', 'dokkai', 1, 'system', TRUE, FALSE, NOW(), 'system') ON CONFLICT (id) DO UPDATE SET question_type = EXCLUDED.question_type, content_type = EXCLUDED.content_type, level = EXCLUDED.level, question = EXCLUDED.question, passage = EXCLUDED.passage, passage_translation = EXCLUDED.passage_translation, general_explanation = EXCLUDED.general_explanation, skill_category = EXCLUDED.skill_category, is_active = EXCLUDED.is_active, is_deleted = EXCLUDED.is_deleted, updated_at = NOW(), updated_by = 'system';
DELETE FROM questions_answers WHERE question_id = 811620003;
INSERT INTO questions_answers (question_id, sentence, sentence_translation, is_correct, "order") VALUES (811620003, 'Cụm trình bày + keigo trung cấp + ~させていたに関する情報', 'Thông tin liên quan đến Cụm trình bày + keigo trung cấp + ~させていた', TRUE, 1);
INSERT INTO questions_answers (question_id, sentence, sentence_translation, is_correct, "order") VALUES (811620003, '工場の歴史', 'Lịch sử nhà máy', FALSE, 2);
INSERT INTO questions_answers (question_id, sentence, sentence_translation, is_correct, "order") VALUES (811620003, '社員の名前リスト', 'Danh sách tên nhân viên', FALSE, 3);
INSERT INTO questions_answers (question_id, sentence, sentence_translation, is_correct, "order") VALUES (811620003, '設備の値段', 'Giá thiết bị', FALSE, 4);
INSERT INTO questions (id, user_id, is_system, is_khoa_cu, question_type, content_type, level, selection_type, question, passage, passage_translation, general_explanation, skill_category, base_difficulty, tenant_id, is_active, is_deleted, created_at, created_by) VALUES (811620004, NULL, TRUE, FALSE, 'reading', 'jisshusei_mogishiken_t06_chukan_mensetsu', 'N4', 'single', 'この プロセスシート の主旨は何ですか? (Q4)

Ý chính của Bảng quy trình này là gì? (Q4)', '81106001', NULL, 'プロセスシート chứa thông tin về Cụm trình bày + keigo trung cấp + ~させていただきます + Tokutei Ginou intro.', 'dokkai', 1, 'system', TRUE, FALSE, NOW(), 'system') ON CONFLICT (id) DO UPDATE SET question_type = EXCLUDED.question_type, content_type = EXCLUDED.content_type, level = EXCLUDED.level, question = EXCLUDED.question, passage = EXCLUDED.passage, passage_translation = EXCLUDED.passage_translation, general_explanation = EXCLUDED.general_explanation, skill_category = EXCLUDED.skill_category, is_active = EXCLUDED.is_active, is_deleted = EXCLUDED.is_deleted, updated_at = NOW(), updated_by = 'system';
DELETE FROM questions_answers WHERE question_id = 811620004;
INSERT INTO questions_answers (question_id, sentence, sentence_translation, is_correct, "order") VALUES (811620004, 'Cụm trình bày + keigo trung cấp + ~させていたに関する情報', 'Thông tin liên quan đến Cụm trình bày + keigo trung cấp + ~させていた', TRUE, 1);
INSERT INTO questions_answers (question_id, sentence, sentence_translation, is_correct, "order") VALUES (811620004, '工場の歴史', 'Lịch sử nhà máy', FALSE, 2);
INSERT INTO questions_answers (question_id, sentence, sentence_translation, is_correct, "order") VALUES (811620004, '社員の名前リスト', 'Danh sách tên nhân viên', FALSE, 3);
INSERT INTO questions_answers (question_id, sentence, sentence_translation, is_correct, "order") VALUES (811620004, '設備の値段', 'Giá thiết bị', FALSE, 4);
INSERT INTO questions (id, user_id, is_system, is_khoa_cu, question_type, content_type, level, selection_type, question, passage, passage_translation, general_explanation, skill_category, base_difficulty, tenant_id, is_active, is_deleted, created_at, created_by) VALUES (811620005, NULL, TRUE, FALSE, 'reading', 'jisshusei_mogishiken_t06_chukan_mensetsu', 'N4', 'single', 'この マニュアル の主旨は何ですか? (Q1)

Ý chính của Sổ tay hướng dẫn này là gì? (Q1)', '81106002', NULL, 'マニュアル chứa thông tin về Cụm trình bày + keigo trung cấp + ~させていただきます + Tokutei Ginou intro.', 'dokkai', 1, 'system', TRUE, FALSE, NOW(), 'system') ON CONFLICT (id) DO UPDATE SET question_type = EXCLUDED.question_type, content_type = EXCLUDED.content_type, level = EXCLUDED.level, question = EXCLUDED.question, passage = EXCLUDED.passage, passage_translation = EXCLUDED.passage_translation, general_explanation = EXCLUDED.general_explanation, skill_category = EXCLUDED.skill_category, is_active = EXCLUDED.is_active, is_deleted = EXCLUDED.is_deleted, updated_at = NOW(), updated_by = 'system';
DELETE FROM questions_answers WHERE question_id = 811620005;
INSERT INTO questions_answers (question_id, sentence, sentence_translation, is_correct, "order") VALUES (811620005, 'Cụm trình bày + keigo trung cấp + ~させていたに関する情報', 'Thông tin liên quan đến Cụm trình bày + keigo trung cấp + ~させていた', TRUE, 1);
INSERT INTO questions_answers (question_id, sentence, sentence_translation, is_correct, "order") VALUES (811620005, '工場の歴史', 'Lịch sử nhà máy', FALSE, 2);
INSERT INTO questions_answers (question_id, sentence, sentence_translation, is_correct, "order") VALUES (811620005, '社員の名前リスト', 'Danh sách tên nhân viên', FALSE, 3);
INSERT INTO questions_answers (question_id, sentence, sentence_translation, is_correct, "order") VALUES (811620005, '設備の値段', 'Giá thiết bị', FALSE, 4);
INSERT INTO questions (id, user_id, is_system, is_khoa_cu, question_type, content_type, level, selection_type, question, passage, passage_translation, general_explanation, skill_category, base_difficulty, tenant_id, is_active, is_deleted, created_at, created_by) VALUES (811620006, NULL, TRUE, FALSE, 'reading', 'jisshusei_mogishiken_t06_chukan_mensetsu', 'N4', 'single', 'この マニュアル の主旨は何ですか? (Q2)

Ý chính của Sổ tay hướng dẫn này là gì? (Q2)', '81106002', NULL, 'マニュアル chứa thông tin về Cụm trình bày + keigo trung cấp + ~させていただきます + Tokutei Ginou intro.', 'dokkai', 1, 'system', TRUE, FALSE, NOW(), 'system') ON CONFLICT (id) DO UPDATE SET question_type = EXCLUDED.question_type, content_type = EXCLUDED.content_type, level = EXCLUDED.level, question = EXCLUDED.question, passage = EXCLUDED.passage, passage_translation = EXCLUDED.passage_translation, general_explanation = EXCLUDED.general_explanation, skill_category = EXCLUDED.skill_category, is_active = EXCLUDED.is_active, is_deleted = EXCLUDED.is_deleted, updated_at = NOW(), updated_by = 'system';
DELETE FROM questions_answers WHERE question_id = 811620006;
INSERT INTO questions_answers (question_id, sentence, sentence_translation, is_correct, "order") VALUES (811620006, 'Cụm trình bày + keigo trung cấp + ~させていたに関する情報', 'Thông tin liên quan đến Cụm trình bày + keigo trung cấp + ~させていた', TRUE, 1);
INSERT INTO questions_answers (question_id, sentence, sentence_translation, is_correct, "order") VALUES (811620006, '工場の歴史', 'Lịch sử nhà máy', FALSE, 2);
INSERT INTO questions_answers (question_id, sentence, sentence_translation, is_correct, "order") VALUES (811620006, '社員の名前リスト', 'Danh sách tên nhân viên', FALSE, 3);
INSERT INTO questions_answers (question_id, sentence, sentence_translation, is_correct, "order") VALUES (811620006, '設備の値段', 'Giá thiết bị', FALSE, 4);
INSERT INTO questions (id, user_id, is_system, is_khoa_cu, question_type, content_type, level, selection_type, question, passage, passage_translation, general_explanation, skill_category, base_difficulty, tenant_id, is_active, is_deleted, created_at, created_by) VALUES (811620007, NULL, TRUE, FALSE, 'reading', 'jisshusei_mogishiken_t06_chukan_mensetsu', 'N4', 'single', 'この マニュアル の主旨は何ですか? (Q3)

Ý chính của Sổ tay hướng dẫn này là gì? (Q3)', '81106002', NULL, 'マニュアル chứa thông tin về Cụm trình bày + keigo trung cấp + ~させていただきます + Tokutei Ginou intro.', 'dokkai', 1, 'system', TRUE, FALSE, NOW(), 'system') ON CONFLICT (id) DO UPDATE SET question_type = EXCLUDED.question_type, content_type = EXCLUDED.content_type, level = EXCLUDED.level, question = EXCLUDED.question, passage = EXCLUDED.passage, passage_translation = EXCLUDED.passage_translation, general_explanation = EXCLUDED.general_explanation, skill_category = EXCLUDED.skill_category, is_active = EXCLUDED.is_active, is_deleted = EXCLUDED.is_deleted, updated_at = NOW(), updated_by = 'system';
DELETE FROM questions_answers WHERE question_id = 811620007;
INSERT INTO questions_answers (question_id, sentence, sentence_translation, is_correct, "order") VALUES (811620007, 'Cụm trình bày + keigo trung cấp + ~させていたに関する情報', 'Thông tin liên quan đến Cụm trình bày + keigo trung cấp + ~させていた', TRUE, 1);
INSERT INTO questions_answers (question_id, sentence, sentence_translation, is_correct, "order") VALUES (811620007, '工場の歴史', 'Lịch sử nhà máy', FALSE, 2);
INSERT INTO questions_answers (question_id, sentence, sentence_translation, is_correct, "order") VALUES (811620007, '社員の名前リスト', 'Danh sách tên nhân viên', FALSE, 3);
INSERT INTO questions_answers (question_id, sentence, sentence_translation, is_correct, "order") VALUES (811620007, '設備の値段', 'Giá thiết bị', FALSE, 4);
INSERT INTO questions (id, user_id, is_system, is_khoa_cu, question_type, content_type, level, selection_type, question, passage, passage_translation, general_explanation, skill_category, base_difficulty, tenant_id, is_active, is_deleted, created_at, created_by) VALUES (811620008, NULL, TRUE, FALSE, 'reading', 'jisshusei_mogishiken_t06_chukan_mensetsu', 'N4', 'single', 'この マニュアル の主旨は何ですか? (Q4)

Ý chính của Sổ tay hướng dẫn này là gì? (Q4)', '81106002', NULL, 'マニュアル chứa thông tin về Cụm trình bày + keigo trung cấp + ~させていただきます + Tokutei Ginou intro.', 'dokkai', 1, 'system', TRUE, FALSE, NOW(), 'system') ON CONFLICT (id) DO UPDATE SET question_type = EXCLUDED.question_type, content_type = EXCLUDED.content_type, level = EXCLUDED.level, question = EXCLUDED.question, passage = EXCLUDED.passage, passage_translation = EXCLUDED.passage_translation, general_explanation = EXCLUDED.general_explanation, skill_category = EXCLUDED.skill_category, is_active = EXCLUDED.is_active, is_deleted = EXCLUDED.is_deleted, updated_at = NOW(), updated_by = 'system';
DELETE FROM questions_answers WHERE question_id = 811620008;
INSERT INTO questions_answers (question_id, sentence, sentence_translation, is_correct, "order") VALUES (811620008, 'Cụm trình bày + keigo trung cấp + ~させていたに関する情報', 'Thông tin liên quan đến Cụm trình bày + keigo trung cấp + ~させていた', TRUE, 1);
INSERT INTO questions_answers (question_id, sentence, sentence_translation, is_correct, "order") VALUES (811620008, '工場の歴史', 'Lịch sử nhà máy', FALSE, 2);
INSERT INTO questions_answers (question_id, sentence, sentence_translation, is_correct, "order") VALUES (811620008, '社員の名前リスト', 'Danh sách tên nhân viên', FALSE, 3);
INSERT INTO questions_answers (question_id, sentence, sentence_translation, is_correct, "order") VALUES (811620008, '設備の値段', 'Giá thiết bị', FALSE, 4);
INSERT INTO questions (id, user_id, is_system, is_khoa_cu, question_type, content_type, level, selection_type, question, passage, passage_translation, general_explanation, skill_category, base_difficulty, tenant_id, is_active, is_deleted, created_at, created_by) VALUES (811620009, NULL, TRUE, FALSE, 'reading', 'jisshusei_mogishiken_t06_chukan_mensetsu', 'N4', 'single', 'この 報告書 の主旨は何ですか? (Q1)

Ý chính của Báo cáo này là gì? (Q1)', '81106003', NULL, '報告書 chứa thông tin về Cụm trình bày + keigo trung cấp + ~させていただきます + Tokutei Ginou intro.', 'dokkai', 1, 'system', TRUE, FALSE, NOW(), 'system') ON CONFLICT (id) DO UPDATE SET question_type = EXCLUDED.question_type, content_type = EXCLUDED.content_type, level = EXCLUDED.level, question = EXCLUDED.question, passage = EXCLUDED.passage, passage_translation = EXCLUDED.passage_translation, general_explanation = EXCLUDED.general_explanation, skill_category = EXCLUDED.skill_category, is_active = EXCLUDED.is_active, is_deleted = EXCLUDED.is_deleted, updated_at = NOW(), updated_by = 'system';
DELETE FROM questions_answers WHERE question_id = 811620009;
INSERT INTO questions_answers (question_id, sentence, sentence_translation, is_correct, "order") VALUES (811620009, 'Cụm trình bày + keigo trung cấp + ~させていたに関する情報', 'Thông tin liên quan đến Cụm trình bày + keigo trung cấp + ~させていた', TRUE, 1);
INSERT INTO questions_answers (question_id, sentence, sentence_translation, is_correct, "order") VALUES (811620009, '工場の歴史', 'Lịch sử nhà máy', FALSE, 2);
INSERT INTO questions_answers (question_id, sentence, sentence_translation, is_correct, "order") VALUES (811620009, '社員の名前リスト', 'Danh sách tên nhân viên', FALSE, 3);
INSERT INTO questions_answers (question_id, sentence, sentence_translation, is_correct, "order") VALUES (811620009, '設備の値段', 'Giá thiết bị', FALSE, 4);
INSERT INTO questions (id, user_id, is_system, is_khoa_cu, question_type, content_type, level, selection_type, question, passage, passage_translation, general_explanation, skill_category, base_difficulty, tenant_id, is_active, is_deleted, created_at, created_by) VALUES (811620010, NULL, TRUE, FALSE, 'reading', 'jisshusei_mogishiken_t06_chukan_mensetsu', 'N4', 'single', 'この 報告書 の主旨は何ですか? (Q2)

Ý chính của Báo cáo này là gì? (Q2)', '81106003', NULL, '報告書 chứa thông tin về Cụm trình bày + keigo trung cấp + ~させていただきます + Tokutei Ginou intro.', 'dokkai', 1, 'system', TRUE, FALSE, NOW(), 'system') ON CONFLICT (id) DO UPDATE SET question_type = EXCLUDED.question_type, content_type = EXCLUDED.content_type, level = EXCLUDED.level, question = EXCLUDED.question, passage = EXCLUDED.passage, passage_translation = EXCLUDED.passage_translation, general_explanation = EXCLUDED.general_explanation, skill_category = EXCLUDED.skill_category, is_active = EXCLUDED.is_active, is_deleted = EXCLUDED.is_deleted, updated_at = NOW(), updated_by = 'system';
DELETE FROM questions_answers WHERE question_id = 811620010;
INSERT INTO questions_answers (question_id, sentence, sentence_translation, is_correct, "order") VALUES (811620010, 'Cụm trình bày + keigo trung cấp + ~させていたに関する情報', 'Thông tin liên quan đến Cụm trình bày + keigo trung cấp + ~させていた', TRUE, 1);
INSERT INTO questions_answers (question_id, sentence, sentence_translation, is_correct, "order") VALUES (811620010, '工場の歴史', 'Lịch sử nhà máy', FALSE, 2);
INSERT INTO questions_answers (question_id, sentence, sentence_translation, is_correct, "order") VALUES (811620010, '社員の名前リスト', 'Danh sách tên nhân viên', FALSE, 3);
INSERT INTO questions_answers (question_id, sentence, sentence_translation, is_correct, "order") VALUES (811620010, '設備の値段', 'Giá thiết bị', FALSE, 4);
INSERT INTO questions (id, user_id, is_system, is_khoa_cu, question_type, content_type, level, selection_type, question, passage, passage_translation, general_explanation, skill_category, base_difficulty, tenant_id, is_active, is_deleted, created_at, created_by) VALUES (811620011, NULL, TRUE, FALSE, 'reading', 'jisshusei_mogishiken_t06_chukan_mensetsu', 'N4', 'single', 'この 報告書 の主旨は何ですか? (Q3)

Ý chính của Báo cáo này là gì? (Q3)', '81106003', NULL, '報告書 chứa thông tin về Cụm trình bày + keigo trung cấp + ~させていただきます + Tokutei Ginou intro.', 'dokkai', 1, 'system', TRUE, FALSE, NOW(), 'system') ON CONFLICT (id) DO UPDATE SET question_type = EXCLUDED.question_type, content_type = EXCLUDED.content_type, level = EXCLUDED.level, question = EXCLUDED.question, passage = EXCLUDED.passage, passage_translation = EXCLUDED.passage_translation, general_explanation = EXCLUDED.general_explanation, skill_category = EXCLUDED.skill_category, is_active = EXCLUDED.is_active, is_deleted = EXCLUDED.is_deleted, updated_at = NOW(), updated_by = 'system';
DELETE FROM questions_answers WHERE question_id = 811620011;
INSERT INTO questions_answers (question_id, sentence, sentence_translation, is_correct, "order") VALUES (811620011, 'Cụm trình bày + keigo trung cấp + ~させていたに関する情報', 'Thông tin liên quan đến Cụm trình bày + keigo trung cấp + ~させていた', TRUE, 1);
INSERT INTO questions_answers (question_id, sentence, sentence_translation, is_correct, "order") VALUES (811620011, '工場の歴史', 'Lịch sử nhà máy', FALSE, 2);
INSERT INTO questions_answers (question_id, sentence, sentence_translation, is_correct, "order") VALUES (811620011, '社員の名前リスト', 'Danh sách tên nhân viên', FALSE, 3);
INSERT INTO questions_answers (question_id, sentence, sentence_translation, is_correct, "order") VALUES (811620011, '設備の値段', 'Giá thiết bị', FALSE, 4);
INSERT INTO questions (id, user_id, is_system, is_khoa_cu, question_type, content_type, level, selection_type, question, passage, passage_translation, general_explanation, skill_category, base_difficulty, tenant_id, is_active, is_deleted, created_at, created_by) VALUES (811620012, NULL, TRUE, FALSE, 'reading', 'jisshusei_mogishiken_t06_chukan_mensetsu', 'N4', 'single', 'この 報告書 の主旨は何ですか? (Q4)

Ý chính của Báo cáo này là gì? (Q4)', '81106003', NULL, '報告書 chứa thông tin về Cụm trình bày + keigo trung cấp + ~させていただきます + Tokutei Ginou intro.', 'dokkai', 1, 'system', TRUE, FALSE, NOW(), 'system') ON CONFLICT (id) DO UPDATE SET question_type = EXCLUDED.question_type, content_type = EXCLUDED.content_type, level = EXCLUDED.level, question = EXCLUDED.question, passage = EXCLUDED.passage, passage_translation = EXCLUDED.passage_translation, general_explanation = EXCLUDED.general_explanation, skill_category = EXCLUDED.skill_category, is_active = EXCLUDED.is_active, is_deleted = EXCLUDED.is_deleted, updated_at = NOW(), updated_by = 'system';
DELETE FROM questions_answers WHERE question_id = 811620012;
INSERT INTO questions_answers (question_id, sentence, sentence_translation, is_correct, "order") VALUES (811620012, 'Cụm trình bày + keigo trung cấp + ~させていたに関する情報', 'Thông tin liên quan đến Cụm trình bày + keigo trung cấp + ~させていた', TRUE, 1);
INSERT INTO questions_answers (question_id, sentence, sentence_translation, is_correct, "order") VALUES (811620012, '工場の歴史', 'Lịch sử nhà máy', FALSE, 2);
INSERT INTO questions_answers (question_id, sentence, sentence_translation, is_correct, "order") VALUES (811620012, '社員の名前リスト', 'Danh sách tên nhân viên', FALSE, 3);
INSERT INTO questions_answers (question_id, sentence, sentence_translation, is_correct, "order") VALUES (811620012, '設備の値段', 'Giá thiết bị', FALSE, 4);
INSERT INTO questions (id, user_id, is_system, is_khoa_cu, question_type, content_type, level, selection_type, question, passage, passage_translation, general_explanation, skill_category, base_difficulty, tenant_id, is_active, is_deleted, created_at, created_by) VALUES (811620013, NULL, TRUE, FALSE, 'reading', 'jisshusei_mogishiken_t06_chukan_mensetsu', 'N4', 'single', 'この 通知 の主旨は何ですか? (Q1)

Ý chính của Thông báo này là gì? (Q1)', '81106004', NULL, '通知 chứa thông tin về Cụm trình bày + keigo trung cấp + ~させていただきます + Tokutei Ginou intro.', 'dokkai', 1, 'system', TRUE, FALSE, NOW(), 'system') ON CONFLICT (id) DO UPDATE SET question_type = EXCLUDED.question_type, content_type = EXCLUDED.content_type, level = EXCLUDED.level, question = EXCLUDED.question, passage = EXCLUDED.passage, passage_translation = EXCLUDED.passage_translation, general_explanation = EXCLUDED.general_explanation, skill_category = EXCLUDED.skill_category, is_active = EXCLUDED.is_active, is_deleted = EXCLUDED.is_deleted, updated_at = NOW(), updated_by = 'system';
DELETE FROM questions_answers WHERE question_id = 811620013;
INSERT INTO questions_answers (question_id, sentence, sentence_translation, is_correct, "order") VALUES (811620013, 'Cụm trình bày + keigo trung cấp + ~させていたに関する情報', 'Thông tin liên quan đến Cụm trình bày + keigo trung cấp + ~させていた', TRUE, 1);
INSERT INTO questions_answers (question_id, sentence, sentence_translation, is_correct, "order") VALUES (811620013, '工場の歴史', 'Lịch sử nhà máy', FALSE, 2);
INSERT INTO questions_answers (question_id, sentence, sentence_translation, is_correct, "order") VALUES (811620013, '社員の名前リスト', 'Danh sách tên nhân viên', FALSE, 3);
INSERT INTO questions_answers (question_id, sentence, sentence_translation, is_correct, "order") VALUES (811620013, '設備の値段', 'Giá thiết bị', FALSE, 4);
INSERT INTO questions (id, user_id, is_system, is_khoa_cu, question_type, content_type, level, selection_type, question, passage, passage_translation, general_explanation, skill_category, base_difficulty, tenant_id, is_active, is_deleted, created_at, created_by) VALUES (811620014, NULL, TRUE, FALSE, 'reading', 'jisshusei_mogishiken_t06_chukan_mensetsu', 'N4', 'single', 'この 通知 の主旨は何ですか? (Q2)

Ý chính của Thông báo này là gì? (Q2)', '81106004', NULL, '通知 chứa thông tin về Cụm trình bày + keigo trung cấp + ~させていただきます + Tokutei Ginou intro.', 'dokkai', 1, 'system', TRUE, FALSE, NOW(), 'system') ON CONFLICT (id) DO UPDATE SET question_type = EXCLUDED.question_type, content_type = EXCLUDED.content_type, level = EXCLUDED.level, question = EXCLUDED.question, passage = EXCLUDED.passage, passage_translation = EXCLUDED.passage_translation, general_explanation = EXCLUDED.general_explanation, skill_category = EXCLUDED.skill_category, is_active = EXCLUDED.is_active, is_deleted = EXCLUDED.is_deleted, updated_at = NOW(), updated_by = 'system';
DELETE FROM questions_answers WHERE question_id = 811620014;
INSERT INTO questions_answers (question_id, sentence, sentence_translation, is_correct, "order") VALUES (811620014, 'Cụm trình bày + keigo trung cấp + ~させていたに関する情報', 'Thông tin liên quan đến Cụm trình bày + keigo trung cấp + ~させていた', TRUE, 1);
INSERT INTO questions_answers (question_id, sentence, sentence_translation, is_correct, "order") VALUES (811620014, '工場の歴史', 'Lịch sử nhà máy', FALSE, 2);
INSERT INTO questions_answers (question_id, sentence, sentence_translation, is_correct, "order") VALUES (811620014, '社員の名前リスト', 'Danh sách tên nhân viên', FALSE, 3);
INSERT INTO questions_answers (question_id, sentence, sentence_translation, is_correct, "order") VALUES (811620014, '設備の値段', 'Giá thiết bị', FALSE, 4);
INSERT INTO questions (id, user_id, is_system, is_khoa_cu, question_type, content_type, level, selection_type, question, passage, passage_translation, general_explanation, skill_category, base_difficulty, tenant_id, is_active, is_deleted, created_at, created_by) VALUES (811620015, NULL, TRUE, FALSE, 'reading', 'jisshusei_mogishiken_t06_chukan_mensetsu', 'N4', 'single', 'この 通知 の主旨は何ですか? (Q3)

Ý chính của Thông báo này là gì? (Q3)', '81106004', NULL, '通知 chứa thông tin về Cụm trình bày + keigo trung cấp + ~させていただきます + Tokutei Ginou intro.', 'dokkai', 1, 'system', TRUE, FALSE, NOW(), 'system') ON CONFLICT (id) DO UPDATE SET question_type = EXCLUDED.question_type, content_type = EXCLUDED.content_type, level = EXCLUDED.level, question = EXCLUDED.question, passage = EXCLUDED.passage, passage_translation = EXCLUDED.passage_translation, general_explanation = EXCLUDED.general_explanation, skill_category = EXCLUDED.skill_category, is_active = EXCLUDED.is_active, is_deleted = EXCLUDED.is_deleted, updated_at = NOW(), updated_by = 'system';
DELETE FROM questions_answers WHERE question_id = 811620015;
INSERT INTO questions_answers (question_id, sentence, sentence_translation, is_correct, "order") VALUES (811620015, 'Cụm trình bày + keigo trung cấp + ~させていたに関する情報', 'Thông tin liên quan đến Cụm trình bày + keigo trung cấp + ~させていた', TRUE, 1);
INSERT INTO questions_answers (question_id, sentence, sentence_translation, is_correct, "order") VALUES (811620015, '工場の歴史', 'Lịch sử nhà máy', FALSE, 2);
INSERT INTO questions_answers (question_id, sentence, sentence_translation, is_correct, "order") VALUES (811620015, '社員の名前リスト', 'Danh sách tên nhân viên', FALSE, 3);
INSERT INTO questions_answers (question_id, sentence, sentence_translation, is_correct, "order") VALUES (811620015, '設備の値段', 'Giá thiết bị', FALSE, 4);
INSERT INTO questions (id, user_id, is_system, is_khoa_cu, question_type, content_type, level, selection_type, question, passage, passage_translation, general_explanation, skill_category, base_difficulty, tenant_id, is_active, is_deleted, created_at, created_by) VALUES (811620016, NULL, TRUE, FALSE, 'reading', 'jisshusei_mogishiken_t06_chukan_mensetsu', 'N4', 'single', 'この 通知 の主旨は何ですか? (Q4)

Ý chính của Thông báo này là gì? (Q4)', '81106004', NULL, '通知 chứa thông tin về Cụm trình bày + keigo trung cấp + ~させていただきます + Tokutei Ginou intro.', 'dokkai', 1, 'system', TRUE, FALSE, NOW(), 'system') ON CONFLICT (id) DO UPDATE SET question_type = EXCLUDED.question_type, content_type = EXCLUDED.content_type, level = EXCLUDED.level, question = EXCLUDED.question, passage = EXCLUDED.passage, passage_translation = EXCLUDED.passage_translation, general_explanation = EXCLUDED.general_explanation, skill_category = EXCLUDED.skill_category, is_active = EXCLUDED.is_active, is_deleted = EXCLUDED.is_deleted, updated_at = NOW(), updated_by = 'system';
DELETE FROM questions_answers WHERE question_id = 811620016;
INSERT INTO questions_answers (question_id, sentence, sentence_translation, is_correct, "order") VALUES (811620016, 'Cụm trình bày + keigo trung cấp + ~させていたに関する情報', 'Thông tin liên quan đến Cụm trình bày + keigo trung cấp + ~させていた', TRUE, 1);
INSERT INTO questions_answers (question_id, sentence, sentence_translation, is_correct, "order") VALUES (811620016, '工場の歴史', 'Lịch sử nhà máy', FALSE, 2);
INSERT INTO questions_answers (question_id, sentence, sentence_translation, is_correct, "order") VALUES (811620016, '社員の名前リスト', 'Danh sách tên nhân viên', FALSE, 3);
INSERT INTO questions_answers (question_id, sentence, sentence_translation, is_correct, "order") VALUES (811620016, '設備の値段', 'Giá thiết bị', FALSE, 4);
INSERT INTO questions (id, user_id, is_system, is_khoa_cu, question_type, content_type, level, selection_type, question, passage, passage_translation, general_explanation, skill_category, base_difficulty, tenant_id, is_active, is_deleted, created_at, created_by) VALUES (811620017, NULL, TRUE, FALSE, 'reading', 'jisshusei_mogishiken_t06_chukan_mensetsu', 'N4', 'single', 'この チェックリスト の主旨は何ですか? (Q1)

Ý chính của Danh mục kiểm tra này là gì? (Q1)', '81106005', NULL, 'チェックリスト chứa thông tin về Cụm trình bày + keigo trung cấp + ~させていただきます + Tokutei Ginou intro.', 'dokkai', 1, 'system', TRUE, FALSE, NOW(), 'system') ON CONFLICT (id) DO UPDATE SET question_type = EXCLUDED.question_type, content_type = EXCLUDED.content_type, level = EXCLUDED.level, question = EXCLUDED.question, passage = EXCLUDED.passage, passage_translation = EXCLUDED.passage_translation, general_explanation = EXCLUDED.general_explanation, skill_category = EXCLUDED.skill_category, is_active = EXCLUDED.is_active, is_deleted = EXCLUDED.is_deleted, updated_at = NOW(), updated_by = 'system';
DELETE FROM questions_answers WHERE question_id = 811620017;
INSERT INTO questions_answers (question_id, sentence, sentence_translation, is_correct, "order") VALUES (811620017, 'Cụm trình bày + keigo trung cấp + ~させていたに関する情報', 'Thông tin liên quan đến Cụm trình bày + keigo trung cấp + ~させていた', TRUE, 1);
INSERT INTO questions_answers (question_id, sentence, sentence_translation, is_correct, "order") VALUES (811620017, '工場の歴史', 'Lịch sử nhà máy', FALSE, 2);
INSERT INTO questions_answers (question_id, sentence, sentence_translation, is_correct, "order") VALUES (811620017, '社員の名前リスト', 'Danh sách tên nhân viên', FALSE, 3);
INSERT INTO questions_answers (question_id, sentence, sentence_translation, is_correct, "order") VALUES (811620017, '設備の値段', 'Giá thiết bị', FALSE, 4);
INSERT INTO questions (id, user_id, is_system, is_khoa_cu, question_type, content_type, level, selection_type, question, passage, passage_translation, general_explanation, skill_category, base_difficulty, tenant_id, is_active, is_deleted, created_at, created_by) VALUES (811620018, NULL, TRUE, FALSE, 'reading', 'jisshusei_mogishiken_t06_chukan_mensetsu', 'N4', 'single', 'この チェックリスト の主旨は何ですか? (Q2)

Ý chính của Danh mục kiểm tra này là gì? (Q2)', '81106005', NULL, 'チェックリスト chứa thông tin về Cụm trình bày + keigo trung cấp + ~させていただきます + Tokutei Ginou intro.', 'dokkai', 1, 'system', TRUE, FALSE, NOW(), 'system') ON CONFLICT (id) DO UPDATE SET question_type = EXCLUDED.question_type, content_type = EXCLUDED.content_type, level = EXCLUDED.level, question = EXCLUDED.question, passage = EXCLUDED.passage, passage_translation = EXCLUDED.passage_translation, general_explanation = EXCLUDED.general_explanation, skill_category = EXCLUDED.skill_category, is_active = EXCLUDED.is_active, is_deleted = EXCLUDED.is_deleted, updated_at = NOW(), updated_by = 'system';
DELETE FROM questions_answers WHERE question_id = 811620018;
INSERT INTO questions_answers (question_id, sentence, sentence_translation, is_correct, "order") VALUES (811620018, 'Cụm trình bày + keigo trung cấp + ~させていたに関する情報', 'Thông tin liên quan đến Cụm trình bày + keigo trung cấp + ~させていた', TRUE, 1);
INSERT INTO questions_answers (question_id, sentence, sentence_translation, is_correct, "order") VALUES (811620018, '工場の歴史', 'Lịch sử nhà máy', FALSE, 2);
INSERT INTO questions_answers (question_id, sentence, sentence_translation, is_correct, "order") VALUES (811620018, '社員の名前リスト', 'Danh sách tên nhân viên', FALSE, 3);
INSERT INTO questions_answers (question_id, sentence, sentence_translation, is_correct, "order") VALUES (811620018, '設備の値段', 'Giá thiết bị', FALSE, 4);
INSERT INTO questions (id, user_id, is_system, is_khoa_cu, question_type, content_type, level, selection_type, question, passage, passage_translation, general_explanation, skill_category, base_difficulty, tenant_id, is_active, is_deleted, created_at, created_by) VALUES (811620019, NULL, TRUE, FALSE, 'reading', 'jisshusei_mogishiken_t06_chukan_mensetsu', 'N4', 'single', 'この チェックリスト の主旨は何ですか? (Q3)

Ý chính của Danh mục kiểm tra này là gì? (Q3)', '81106005', NULL, 'チェックリスト chứa thông tin về Cụm trình bày + keigo trung cấp + ~させていただきます + Tokutei Ginou intro.', 'dokkai', 1, 'system', TRUE, FALSE, NOW(), 'system') ON CONFLICT (id) DO UPDATE SET question_type = EXCLUDED.question_type, content_type = EXCLUDED.content_type, level = EXCLUDED.level, question = EXCLUDED.question, passage = EXCLUDED.passage, passage_translation = EXCLUDED.passage_translation, general_explanation = EXCLUDED.general_explanation, skill_category = EXCLUDED.skill_category, is_active = EXCLUDED.is_active, is_deleted = EXCLUDED.is_deleted, updated_at = NOW(), updated_by = 'system';
DELETE FROM questions_answers WHERE question_id = 811620019;
INSERT INTO questions_answers (question_id, sentence, sentence_translation, is_correct, "order") VALUES (811620019, 'Cụm trình bày + keigo trung cấp + ~させていたに関する情報', 'Thông tin liên quan đến Cụm trình bày + keigo trung cấp + ~させていた', TRUE, 1);
INSERT INTO questions_answers (question_id, sentence, sentence_translation, is_correct, "order") VALUES (811620019, '工場の歴史', 'Lịch sử nhà máy', FALSE, 2);
INSERT INTO questions_answers (question_id, sentence, sentence_translation, is_correct, "order") VALUES (811620019, '社員の名前リスト', 'Danh sách tên nhân viên', FALSE, 3);
INSERT INTO questions_answers (question_id, sentence, sentence_translation, is_correct, "order") VALUES (811620019, '設備の値段', 'Giá thiết bị', FALSE, 4);
INSERT INTO questions (id, user_id, is_system, is_khoa_cu, question_type, content_type, level, selection_type, question, passage, passage_translation, general_explanation, skill_category, base_difficulty, tenant_id, is_active, is_deleted, created_at, created_by) VALUES (811620020, NULL, TRUE, FALSE, 'reading', 'jisshusei_mogishiken_t06_chukan_mensetsu', 'N4', 'single', 'この チェックリスト の主旨は何ですか? (Q4)

Ý chính của Danh mục kiểm tra này là gì? (Q4)', '81106005', NULL, 'チェックリスト chứa thông tin về Cụm trình bày + keigo trung cấp + ~させていただきます + Tokutei Ginou intro.', 'dokkai', 1, 'system', TRUE, FALSE, NOW(), 'system') ON CONFLICT (id) DO UPDATE SET question_type = EXCLUDED.question_type, content_type = EXCLUDED.content_type, level = EXCLUDED.level, question = EXCLUDED.question, passage = EXCLUDED.passage, passage_translation = EXCLUDED.passage_translation, general_explanation = EXCLUDED.general_explanation, skill_category = EXCLUDED.skill_category, is_active = EXCLUDED.is_active, is_deleted = EXCLUDED.is_deleted, updated_at = NOW(), updated_by = 'system';
DELETE FROM questions_answers WHERE question_id = 811620020;
INSERT INTO questions_answers (question_id, sentence, sentence_translation, is_correct, "order") VALUES (811620020, 'Cụm trình bày + keigo trung cấp + ~させていたに関する情報', 'Thông tin liên quan đến Cụm trình bày + keigo trung cấp + ~させていた', TRUE, 1);
INSERT INTO questions_answers (question_id, sentence, sentence_translation, is_correct, "order") VALUES (811620020, '工場の歴史', 'Lịch sử nhà máy', FALSE, 2);
INSERT INTO questions_answers (question_id, sentence, sentence_translation, is_correct, "order") VALUES (811620020, '社員の名前リスト', 'Danh sách tên nhân viên', FALSE, 3);
INSERT INTO questions_answers (question_id, sentence, sentence_translation, is_correct, "order") VALUES (811620020, '設備の値段', 'Giá thiết bị', FALSE, 4);

INSERT INTO study_question_sets (id, name, description, set_type, card_count, tenant_id, is_active, is_deleted, created_at, created_by) VALUES (8110621, 'T6. Nửa năm — Đánh giá giữa kỳ — Reading Section 1: Bảng quy trình', 'Đọc hiểu Bảng quy trình', 'reading', 4, 'system', TRUE, FALSE, NOW(), 'system') ON CONFLICT (id) DO UPDATE SET name = EXCLUDED.name, description = EXCLUDED.description, set_type = EXCLUDED.set_type, card_count = EXCLUDED.card_count, is_active = EXCLUDED.is_active, is_deleted = EXCLUDED.is_deleted, updated_at = NOW(), updated_by = 'system';
INSERT INTO study_question_set_questions (study_question_set_id, question_id, order_index, tenant_id, is_deleted, created_at, created_by) VALUES (8110621, 811620001, 1, 'system', FALSE, NOW(), 'system') ON CONFLICT (study_question_set_id, question_id) DO UPDATE SET order_index = EXCLUDED.order_index, is_deleted = FALSE;
INSERT INTO study_question_set_questions (study_question_set_id, question_id, order_index, tenant_id, is_deleted, created_at, created_by) VALUES (8110621, 811620002, 2, 'system', FALSE, NOW(), 'system') ON CONFLICT (study_question_set_id, question_id) DO UPDATE SET order_index = EXCLUDED.order_index, is_deleted = FALSE;
INSERT INTO study_question_set_questions (study_question_set_id, question_id, order_index, tenant_id, is_deleted, created_at, created_by) VALUES (8110621, 811620003, 3, 'system', FALSE, NOW(), 'system') ON CONFLICT (study_question_set_id, question_id) DO UPDATE SET order_index = EXCLUDED.order_index, is_deleted = FALSE;
INSERT INTO study_question_set_questions (study_question_set_id, question_id, order_index, tenant_id, is_deleted, created_at, created_by) VALUES (8110621, 811620004, 4, 'system', FALSE, NOW(), 'system') ON CONFLICT (study_question_set_id, question_id) DO UPDATE SET order_index = EXCLUDED.order_index, is_deleted = FALSE;
INSERT INTO study_resource_question_sets (resource_type, resource_id, study_question_set_id, position, context, tenant_id, is_active, is_deleted, created_at, created_by) VALUES ('module', 8011006, 8110621, 5, '{"label": "T6. Nửa năm — Đánh giá giữa kỳ — Reading Section 1: Bảng quy trình"}'::jsonb, 'system', TRUE, FALSE, NOW(), 'system') ON CONFLICT (resource_type, resource_id, study_question_set_id) DO UPDATE SET position = EXCLUDED.position, context = EXCLUDED.context, is_active = TRUE, is_deleted = FALSE;

INSERT INTO study_question_sets (id, name, description, set_type, card_count, tenant_id, is_active, is_deleted, created_at, created_by) VALUES (8110622, 'T6. Nửa năm — Đánh giá giữa kỳ — Reading Section 2: Sổ tay hướng dẫn', 'Đọc hiểu Sổ tay hướng dẫn', 'reading', 4, 'system', TRUE, FALSE, NOW(), 'system') ON CONFLICT (id) DO UPDATE SET name = EXCLUDED.name, description = EXCLUDED.description, set_type = EXCLUDED.set_type, card_count = EXCLUDED.card_count, is_active = EXCLUDED.is_active, is_deleted = EXCLUDED.is_deleted, updated_at = NOW(), updated_by = 'system';
INSERT INTO study_question_set_questions (study_question_set_id, question_id, order_index, tenant_id, is_deleted, created_at, created_by) VALUES (8110622, 811620005, 1, 'system', FALSE, NOW(), 'system') ON CONFLICT (study_question_set_id, question_id) DO UPDATE SET order_index = EXCLUDED.order_index, is_deleted = FALSE;
INSERT INTO study_question_set_questions (study_question_set_id, question_id, order_index, tenant_id, is_deleted, created_at, created_by) VALUES (8110622, 811620006, 2, 'system', FALSE, NOW(), 'system') ON CONFLICT (study_question_set_id, question_id) DO UPDATE SET order_index = EXCLUDED.order_index, is_deleted = FALSE;
INSERT INTO study_question_set_questions (study_question_set_id, question_id, order_index, tenant_id, is_deleted, created_at, created_by) VALUES (8110622, 811620007, 3, 'system', FALSE, NOW(), 'system') ON CONFLICT (study_question_set_id, question_id) DO UPDATE SET order_index = EXCLUDED.order_index, is_deleted = FALSE;
INSERT INTO study_question_set_questions (study_question_set_id, question_id, order_index, tenant_id, is_deleted, created_at, created_by) VALUES (8110622, 811620008, 4, 'system', FALSE, NOW(), 'system') ON CONFLICT (study_question_set_id, question_id) DO UPDATE SET order_index = EXCLUDED.order_index, is_deleted = FALSE;
INSERT INTO study_resource_question_sets (resource_type, resource_id, study_question_set_id, position, context, tenant_id, is_active, is_deleted, created_at, created_by) VALUES ('module', 8011006, 8110622, 6, '{"label": "T6. Nửa năm — Đánh giá giữa kỳ — Reading Section 2: Sổ tay hướng dẫn"}'::jsonb, 'system', TRUE, FALSE, NOW(), 'system') ON CONFLICT (resource_type, resource_id, study_question_set_id) DO UPDATE SET position = EXCLUDED.position, context = EXCLUDED.context, is_active = TRUE, is_deleted = FALSE;

INSERT INTO study_question_sets (id, name, description, set_type, card_count, tenant_id, is_active, is_deleted, created_at, created_by) VALUES (8110623, 'T6. Nửa năm — Đánh giá giữa kỳ — Reading Section 3: Báo cáo', 'Đọc hiểu Báo cáo', 'reading', 4, 'system', TRUE, FALSE, NOW(), 'system') ON CONFLICT (id) DO UPDATE SET name = EXCLUDED.name, description = EXCLUDED.description, set_type = EXCLUDED.set_type, card_count = EXCLUDED.card_count, is_active = EXCLUDED.is_active, is_deleted = EXCLUDED.is_deleted, updated_at = NOW(), updated_by = 'system';
INSERT INTO study_question_set_questions (study_question_set_id, question_id, order_index, tenant_id, is_deleted, created_at, created_by) VALUES (8110623, 811620009, 1, 'system', FALSE, NOW(), 'system') ON CONFLICT (study_question_set_id, question_id) DO UPDATE SET order_index = EXCLUDED.order_index, is_deleted = FALSE;
INSERT INTO study_question_set_questions (study_question_set_id, question_id, order_index, tenant_id, is_deleted, created_at, created_by) VALUES (8110623, 811620010, 2, 'system', FALSE, NOW(), 'system') ON CONFLICT (study_question_set_id, question_id) DO UPDATE SET order_index = EXCLUDED.order_index, is_deleted = FALSE;
INSERT INTO study_question_set_questions (study_question_set_id, question_id, order_index, tenant_id, is_deleted, created_at, created_by) VALUES (8110623, 811620011, 3, 'system', FALSE, NOW(), 'system') ON CONFLICT (study_question_set_id, question_id) DO UPDATE SET order_index = EXCLUDED.order_index, is_deleted = FALSE;
INSERT INTO study_question_set_questions (study_question_set_id, question_id, order_index, tenant_id, is_deleted, created_at, created_by) VALUES (8110623, 811620012, 4, 'system', FALSE, NOW(), 'system') ON CONFLICT (study_question_set_id, question_id) DO UPDATE SET order_index = EXCLUDED.order_index, is_deleted = FALSE;
INSERT INTO study_resource_question_sets (resource_type, resource_id, study_question_set_id, position, context, tenant_id, is_active, is_deleted, created_at, created_by) VALUES ('module', 8011006, 8110623, 7, '{"label": "T6. Nửa năm — Đánh giá giữa kỳ — Reading Section 3: Báo cáo"}'::jsonb, 'system', TRUE, FALSE, NOW(), 'system') ON CONFLICT (resource_type, resource_id, study_question_set_id) DO UPDATE SET position = EXCLUDED.position, context = EXCLUDED.context, is_active = TRUE, is_deleted = FALSE;

INSERT INTO study_question_sets (id, name, description, set_type, card_count, tenant_id, is_active, is_deleted, created_at, created_by) VALUES (8110624, 'T6. Nửa năm — Đánh giá giữa kỳ — Reading Section 4: Thông báo', 'Đọc hiểu Thông báo', 'reading', 4, 'system', TRUE, FALSE, NOW(), 'system') ON CONFLICT (id) DO UPDATE SET name = EXCLUDED.name, description = EXCLUDED.description, set_type = EXCLUDED.set_type, card_count = EXCLUDED.card_count, is_active = EXCLUDED.is_active, is_deleted = EXCLUDED.is_deleted, updated_at = NOW(), updated_by = 'system';
INSERT INTO study_question_set_questions (study_question_set_id, question_id, order_index, tenant_id, is_deleted, created_at, created_by) VALUES (8110624, 811620013, 1, 'system', FALSE, NOW(), 'system') ON CONFLICT (study_question_set_id, question_id) DO UPDATE SET order_index = EXCLUDED.order_index, is_deleted = FALSE;
INSERT INTO study_question_set_questions (study_question_set_id, question_id, order_index, tenant_id, is_deleted, created_at, created_by) VALUES (8110624, 811620014, 2, 'system', FALSE, NOW(), 'system') ON CONFLICT (study_question_set_id, question_id) DO UPDATE SET order_index = EXCLUDED.order_index, is_deleted = FALSE;
INSERT INTO study_question_set_questions (study_question_set_id, question_id, order_index, tenant_id, is_deleted, created_at, created_by) VALUES (8110624, 811620015, 3, 'system', FALSE, NOW(), 'system') ON CONFLICT (study_question_set_id, question_id) DO UPDATE SET order_index = EXCLUDED.order_index, is_deleted = FALSE;
INSERT INTO study_question_set_questions (study_question_set_id, question_id, order_index, tenant_id, is_deleted, created_at, created_by) VALUES (8110624, 811620016, 4, 'system', FALSE, NOW(), 'system') ON CONFLICT (study_question_set_id, question_id) DO UPDATE SET order_index = EXCLUDED.order_index, is_deleted = FALSE;
INSERT INTO study_resource_question_sets (resource_type, resource_id, study_question_set_id, position, context, tenant_id, is_active, is_deleted, created_at, created_by) VALUES ('module', 8011006, 8110624, 8, '{"label": "T6. Nửa năm — Đánh giá giữa kỳ — Reading Section 4: Thông báo"}'::jsonb, 'system', TRUE, FALSE, NOW(), 'system') ON CONFLICT (resource_type, resource_id, study_question_set_id) DO UPDATE SET position = EXCLUDED.position, context = EXCLUDED.context, is_active = TRUE, is_deleted = FALSE;

INSERT INTO study_question_sets (id, name, description, set_type, card_count, tenant_id, is_active, is_deleted, created_at, created_by) VALUES (8110625, 'T6. Nửa năm — Đánh giá giữa kỳ — Reading Section 5: Danh mục kiểm tra', 'Đọc hiểu Danh mục kiểm tra', 'reading', 4, 'system', TRUE, FALSE, NOW(), 'system') ON CONFLICT (id) DO UPDATE SET name = EXCLUDED.name, description = EXCLUDED.description, set_type = EXCLUDED.set_type, card_count = EXCLUDED.card_count, is_active = EXCLUDED.is_active, is_deleted = EXCLUDED.is_deleted, updated_at = NOW(), updated_by = 'system';
INSERT INTO study_question_set_questions (study_question_set_id, question_id, order_index, tenant_id, is_deleted, created_at, created_by) VALUES (8110625, 811620017, 1, 'system', FALSE, NOW(), 'system') ON CONFLICT (study_question_set_id, question_id) DO UPDATE SET order_index = EXCLUDED.order_index, is_deleted = FALSE;
INSERT INTO study_question_set_questions (study_question_set_id, question_id, order_index, tenant_id, is_deleted, created_at, created_by) VALUES (8110625, 811620018, 2, 'system', FALSE, NOW(), 'system') ON CONFLICT (study_question_set_id, question_id) DO UPDATE SET order_index = EXCLUDED.order_index, is_deleted = FALSE;
INSERT INTO study_question_set_questions (study_question_set_id, question_id, order_index, tenant_id, is_deleted, created_at, created_by) VALUES (8110625, 811620019, 3, 'system', FALSE, NOW(), 'system') ON CONFLICT (study_question_set_id, question_id) DO UPDATE SET order_index = EXCLUDED.order_index, is_deleted = FALSE;
INSERT INTO study_question_set_questions (study_question_set_id, question_id, order_index, tenant_id, is_deleted, created_at, created_by) VALUES (8110625, 811620020, 4, 'system', FALSE, NOW(), 'system') ON CONFLICT (study_question_set_id, question_id) DO UPDATE SET order_index = EXCLUDED.order_index, is_deleted = FALSE;
INSERT INTO study_resource_question_sets (resource_type, resource_id, study_question_set_id, position, context, tenant_id, is_active, is_deleted, created_at, created_by) VALUES ('module', 8011006, 8110625, 9, '{"label": "T6. Nửa năm — Đánh giá giữa kỳ — Reading Section 5: Danh mục kiểm tra"}'::jsonb, 'system', TRUE, FALSE, NOW(), 'system') ON CONFLICT (resource_type, resource_id, study_question_set_id) DO UPDATE SET position = EXCLUDED.position, context = EXCLUDED.context, is_active = TRUE, is_deleted = FALSE;

-- BaiTap: t07_matsuri_seikatsu (40 questions)
INSERT INTO questions (id, user_id, is_system, is_khoa_cu, question_type, content_type, level, selection_type, question, passage, passage_translation, general_explanation, skill_category, base_difficulty, tenant_id, is_active, is_deleted, created_at, created_by) VALUES (811710001, NULL, TRUE, FALSE, 'chon_dap_an', 'jisshusei_baitap_t07_matsuri_seikatsu', 'N5', 'single', '「有休」 trong ngữ cảnh chương 7 có nghĩa liên quan đến gì?

「有休」 trong chương 7 liên quan đến:', NULL, NULL, '「有休」 thuộc chủ đề: Casual JP + Saitama dialect + yuukyuu + 給与明細.', 'vocab', 1, 'system', TRUE, FALSE, NOW(), 'system') ON CONFLICT (id) DO UPDATE SET question_type = EXCLUDED.question_type, content_type = EXCLUDED.content_type, level = EXCLUDED.level, question = EXCLUDED.question, passage = EXCLUDED.passage, passage_translation = EXCLUDED.passage_translation, general_explanation = EXCLUDED.general_explanation, skill_category = EXCLUDED.skill_category, is_active = EXCLUDED.is_active, is_deleted = EXCLUDED.is_deleted, updated_at = NOW(), updated_by = 'system';
DELETE FROM questions_answers WHERE question_id = 811710001;
INSERT INTO questions_answers (question_id, sentence, sentence_translation, is_correct, "order") VALUES (811710001, 'Casual JP + Saitama dialect + ', 'Casual JP + Saitama dialect + ', TRUE, 1);
INSERT INTO questions_answers (question_id, sentence, sentence_translation, is_correct, "order") VALUES (811710001, 'Khái niệm không liên quan A', 'Khái niệm không liên quan A', FALSE, 2);
INSERT INTO questions_answers (question_id, sentence, sentence_translation, is_correct, "order") VALUES (811710001, 'Khái niệm không liên quan B', 'Khái niệm không liên quan B', FALSE, 3);
INSERT INTO questions_answers (question_id, sentence, sentence_translation, is_correct, "order") VALUES (811710001, 'Khái niệm không liên quan C', 'Khái niệm không liên quan C', FALSE, 4);
INSERT INTO questions (id, user_id, is_system, is_khoa_cu, question_type, content_type, level, selection_type, question, passage, passage_translation, general_explanation, skill_category, base_difficulty, tenant_id, is_active, is_deleted, created_at, created_by) VALUES (811710002, NULL, TRUE, FALSE, 'chon_dap_an', 'jisshusei_baitap_t07_matsuri_seikatsu', 'N5', 'single', '「給与明細」 trong ngữ cảnh chương 7 có nghĩa liên quan đến gì?

「給与明細」 trong chương 7 liên quan đến:', NULL, NULL, '「給与明細」 thuộc chủ đề: Casual JP + Saitama dialect + yuukyuu + 給与明細.', 'vocab', 1, 'system', TRUE, FALSE, NOW(), 'system') ON CONFLICT (id) DO UPDATE SET question_type = EXCLUDED.question_type, content_type = EXCLUDED.content_type, level = EXCLUDED.level, question = EXCLUDED.question, passage = EXCLUDED.passage, passage_translation = EXCLUDED.passage_translation, general_explanation = EXCLUDED.general_explanation, skill_category = EXCLUDED.skill_category, is_active = EXCLUDED.is_active, is_deleted = EXCLUDED.is_deleted, updated_at = NOW(), updated_by = 'system';
DELETE FROM questions_answers WHERE question_id = 811710002;
INSERT INTO questions_answers (question_id, sentence, sentence_translation, is_correct, "order") VALUES (811710002, 'Casual JP + Saitama dialect + ', 'Casual JP + Saitama dialect + ', TRUE, 1);
INSERT INTO questions_answers (question_id, sentence, sentence_translation, is_correct, "order") VALUES (811710002, 'Khái niệm không liên quan A', 'Khái niệm không liên quan A', FALSE, 2);
INSERT INTO questions_answers (question_id, sentence, sentence_translation, is_correct, "order") VALUES (811710002, 'Khái niệm không liên quan B', 'Khái niệm không liên quan B', FALSE, 3);
INSERT INTO questions_answers (question_id, sentence, sentence_translation, is_correct, "order") VALUES (811710002, 'Khái niệm không liên quan C', 'Khái niệm không liên quan C', FALSE, 4);
INSERT INTO questions (id, user_id, is_system, is_khoa_cu, question_type, content_type, level, selection_type, question, passage, passage_translation, general_explanation, skill_category, base_difficulty, tenant_id, is_active, is_deleted, created_at, created_by) VALUES (811710003, NULL, TRUE, FALSE, 'chon_dap_an', 'jisshusei_baitap_t07_matsuri_seikatsu', 'N5', 'single', '「基本給」 trong ngữ cảnh chương 7 có nghĩa liên quan đến gì?

「基本給」 trong chương 7 liên quan đến:', NULL, NULL, '「基本給」 thuộc chủ đề: Casual JP + Saitama dialect + yuukyuu + 給与明細.', 'vocab', 1, 'system', TRUE, FALSE, NOW(), 'system') ON CONFLICT (id) DO UPDATE SET question_type = EXCLUDED.question_type, content_type = EXCLUDED.content_type, level = EXCLUDED.level, question = EXCLUDED.question, passage = EXCLUDED.passage, passage_translation = EXCLUDED.passage_translation, general_explanation = EXCLUDED.general_explanation, skill_category = EXCLUDED.skill_category, is_active = EXCLUDED.is_active, is_deleted = EXCLUDED.is_deleted, updated_at = NOW(), updated_by = 'system';
DELETE FROM questions_answers WHERE question_id = 811710003;
INSERT INTO questions_answers (question_id, sentence, sentence_translation, is_correct, "order") VALUES (811710003, 'Casual JP + Saitama dialect + ', 'Casual JP + Saitama dialect + ', TRUE, 1);
INSERT INTO questions_answers (question_id, sentence, sentence_translation, is_correct, "order") VALUES (811710003, 'Khái niệm không liên quan A', 'Khái niệm không liên quan A', FALSE, 2);
INSERT INTO questions_answers (question_id, sentence, sentence_translation, is_correct, "order") VALUES (811710003, 'Khái niệm không liên quan B', 'Khái niệm không liên quan B', FALSE, 3);
INSERT INTO questions_answers (question_id, sentence, sentence_translation, is_correct, "order") VALUES (811710003, 'Khái niệm không liên quan C', 'Khái niệm không liên quan C', FALSE, 4);
INSERT INTO questions (id, user_id, is_system, is_khoa_cu, question_type, content_type, level, selection_type, question, passage, passage_translation, general_explanation, skill_category, base_difficulty, tenant_id, is_active, is_deleted, created_at, created_by) VALUES (811710004, NULL, TRUE, FALSE, 'chon_dap_an', 'jisshusei_baitap_t07_matsuri_seikatsu', 'N5', 'single', '「残業手当」 trong ngữ cảnh chương 7 có nghĩa liên quan đến gì?

「残業手当」 trong chương 7 liên quan đến:', NULL, NULL, '「残業手当」 thuộc chủ đề: Casual JP + Saitama dialect + yuukyuu + 給与明細.', 'vocab', 1, 'system', TRUE, FALSE, NOW(), 'system') ON CONFLICT (id) DO UPDATE SET question_type = EXCLUDED.question_type, content_type = EXCLUDED.content_type, level = EXCLUDED.level, question = EXCLUDED.question, passage = EXCLUDED.passage, passage_translation = EXCLUDED.passage_translation, general_explanation = EXCLUDED.general_explanation, skill_category = EXCLUDED.skill_category, is_active = EXCLUDED.is_active, is_deleted = EXCLUDED.is_deleted, updated_at = NOW(), updated_by = 'system';
DELETE FROM questions_answers WHERE question_id = 811710004;
INSERT INTO questions_answers (question_id, sentence, sentence_translation, is_correct, "order") VALUES (811710004, 'Casual JP + Saitama dialect + ', 'Casual JP + Saitama dialect + ', TRUE, 1);
INSERT INTO questions_answers (question_id, sentence, sentence_translation, is_correct, "order") VALUES (811710004, 'Khái niệm không liên quan A', 'Khái niệm không liên quan A', FALSE, 2);
INSERT INTO questions_answers (question_id, sentence, sentence_translation, is_correct, "order") VALUES (811710004, 'Khái niệm không liên quan B', 'Khái niệm không liên quan B', FALSE, 3);
INSERT INTO questions_answers (question_id, sentence, sentence_translation, is_correct, "order") VALUES (811710004, 'Khái niệm không liên quan C', 'Khái niệm không liên quan C', FALSE, 4);
INSERT INTO questions (id, user_id, is_system, is_khoa_cu, question_type, content_type, level, selection_type, question, passage, passage_translation, general_explanation, skill_category, base_difficulty, tenant_id, is_active, is_deleted, created_at, created_by) VALUES (811710005, NULL, TRUE, FALSE, 'chon_dap_an', 'jisshusei_baitap_t07_matsuri_seikatsu', 'N5', 'single', '「所得税」 trong ngữ cảnh chương 7 có nghĩa liên quan đến gì?

「所得税」 trong chương 7 liên quan đến:', NULL, NULL, '「所得税」 thuộc chủ đề: Casual JP + Saitama dialect + yuukyuu + 給与明細.', 'vocab', 1, 'system', TRUE, FALSE, NOW(), 'system') ON CONFLICT (id) DO UPDATE SET question_type = EXCLUDED.question_type, content_type = EXCLUDED.content_type, level = EXCLUDED.level, question = EXCLUDED.question, passage = EXCLUDED.passage, passage_translation = EXCLUDED.passage_translation, general_explanation = EXCLUDED.general_explanation, skill_category = EXCLUDED.skill_category, is_active = EXCLUDED.is_active, is_deleted = EXCLUDED.is_deleted, updated_at = NOW(), updated_by = 'system';
DELETE FROM questions_answers WHERE question_id = 811710005;
INSERT INTO questions_answers (question_id, sentence, sentence_translation, is_correct, "order") VALUES (811710005, 'Casual JP + Saitama dialect + ', 'Casual JP + Saitama dialect + ', TRUE, 1);
INSERT INTO questions_answers (question_id, sentence, sentence_translation, is_correct, "order") VALUES (811710005, 'Khái niệm không liên quan A', 'Khái niệm không liên quan A', FALSE, 2);
INSERT INTO questions_answers (question_id, sentence, sentence_translation, is_correct, "order") VALUES (811710005, 'Khái niệm không liên quan B', 'Khái niệm không liên quan B', FALSE, 3);
INSERT INTO questions_answers (question_id, sentence, sentence_translation, is_correct, "order") VALUES (811710005, 'Khái niệm không liên quan C', 'Khái niệm không liên quan C', FALSE, 4);
INSERT INTO questions (id, user_id, is_system, is_khoa_cu, question_type, content_type, level, selection_type, question, passage, passage_translation, general_explanation, skill_category, base_difficulty, tenant_id, is_active, is_deleted, created_at, created_by) VALUES (811710006, NULL, TRUE, FALSE, 'chon_dap_an', 'jisshusei_baitap_t07_matsuri_seikatsu', 'N5', 'single', '「住民税」 trong ngữ cảnh chương 7 có nghĩa liên quan đến gì?

「住民税」 trong chương 7 liên quan đến:', NULL, NULL, '「住民税」 thuộc chủ đề: Casual JP + Saitama dialect + yuukyuu + 給与明細.', 'vocab', 1, 'system', TRUE, FALSE, NOW(), 'system') ON CONFLICT (id) DO UPDATE SET question_type = EXCLUDED.question_type, content_type = EXCLUDED.content_type, level = EXCLUDED.level, question = EXCLUDED.question, passage = EXCLUDED.passage, passage_translation = EXCLUDED.passage_translation, general_explanation = EXCLUDED.general_explanation, skill_category = EXCLUDED.skill_category, is_active = EXCLUDED.is_active, is_deleted = EXCLUDED.is_deleted, updated_at = NOW(), updated_by = 'system';
DELETE FROM questions_answers WHERE question_id = 811710006;
INSERT INTO questions_answers (question_id, sentence, sentence_translation, is_correct, "order") VALUES (811710006, 'Casual JP + Saitama dialect + ', 'Casual JP + Saitama dialect + ', TRUE, 1);
INSERT INTO questions_answers (question_id, sentence, sentence_translation, is_correct, "order") VALUES (811710006, 'Khái niệm không liên quan A', 'Khái niệm không liên quan A', FALSE, 2);
INSERT INTO questions_answers (question_id, sentence, sentence_translation, is_correct, "order") VALUES (811710006, 'Khái niệm không liên quan B', 'Khái niệm không liên quan B', FALSE, 3);
INSERT INTO questions_answers (question_id, sentence, sentence_translation, is_correct, "order") VALUES (811710006, 'Khái niệm không liên quan C', 'Khái niệm không liên quan C', FALSE, 4);
INSERT INTO questions (id, user_id, is_system, is_khoa_cu, question_type, content_type, level, selection_type, question, passage, passage_translation, general_explanation, skill_category, base_difficulty, tenant_id, is_active, is_deleted, created_at, created_by) VALUES (811710007, NULL, TRUE, FALSE, 'chon_dap_an', 'jisshusei_baitap_t07_matsuri_seikatsu', 'N5', 'single', '「手取り」 trong ngữ cảnh chương 7 có nghĩa liên quan đến gì?

「手取り」 trong chương 7 liên quan đến:', NULL, NULL, '「手取り」 thuộc chủ đề: Casual JP + Saitama dialect + yuukyuu + 給与明細.', 'vocab', 1, 'system', TRUE, FALSE, NOW(), 'system') ON CONFLICT (id) DO UPDATE SET question_type = EXCLUDED.question_type, content_type = EXCLUDED.content_type, level = EXCLUDED.level, question = EXCLUDED.question, passage = EXCLUDED.passage, passage_translation = EXCLUDED.passage_translation, general_explanation = EXCLUDED.general_explanation, skill_category = EXCLUDED.skill_category, is_active = EXCLUDED.is_active, is_deleted = EXCLUDED.is_deleted, updated_at = NOW(), updated_by = 'system';
DELETE FROM questions_answers WHERE question_id = 811710007;
INSERT INTO questions_answers (question_id, sentence, sentence_translation, is_correct, "order") VALUES (811710007, 'Casual JP + Saitama dialect + ', 'Casual JP + Saitama dialect + ', TRUE, 1);
INSERT INTO questions_answers (question_id, sentence, sentence_translation, is_correct, "order") VALUES (811710007, 'Khái niệm không liên quan A', 'Khái niệm không liên quan A', FALSE, 2);
INSERT INTO questions_answers (question_id, sentence, sentence_translation, is_correct, "order") VALUES (811710007, 'Khái niệm không liên quan B', 'Khái niệm không liên quan B', FALSE, 3);
INSERT INTO questions_answers (question_id, sentence, sentence_translation, is_correct, "order") VALUES (811710007, 'Khái niệm không liên quan C', 'Khái niệm không liên quan C', FALSE, 4);
INSERT INTO questions (id, user_id, is_system, is_khoa_cu, question_type, content_type, level, selection_type, question, passage, passage_translation, general_explanation, skill_category, base_difficulty, tenant_id, is_active, is_deleted, created_at, created_by) VALUES (811710008, NULL, TRUE, FALSE, 'chon_dap_an', 'jisshusei_baitap_t07_matsuri_seikatsu', 'N5', 'single', '「屋台」 trong ngữ cảnh chương 7 có nghĩa liên quan đến gì?

「屋台」 trong chương 7 liên quan đến:', NULL, NULL, '「屋台」 thuộc chủ đề: Casual JP + Saitama dialect + yuukyuu + 給与明細.', 'vocab', 1, 'system', TRUE, FALSE, NOW(), 'system') ON CONFLICT (id) DO UPDATE SET question_type = EXCLUDED.question_type, content_type = EXCLUDED.content_type, level = EXCLUDED.level, question = EXCLUDED.question, passage = EXCLUDED.passage, passage_translation = EXCLUDED.passage_translation, general_explanation = EXCLUDED.general_explanation, skill_category = EXCLUDED.skill_category, is_active = EXCLUDED.is_active, is_deleted = EXCLUDED.is_deleted, updated_at = NOW(), updated_by = 'system';
DELETE FROM questions_answers WHERE question_id = 811710008;
INSERT INTO questions_answers (question_id, sentence, sentence_translation, is_correct, "order") VALUES (811710008, 'Casual JP + Saitama dialect + ', 'Casual JP + Saitama dialect + ', TRUE, 1);
INSERT INTO questions_answers (question_id, sentence, sentence_translation, is_correct, "order") VALUES (811710008, 'Khái niệm không liên quan A', 'Khái niệm không liên quan A', FALSE, 2);
INSERT INTO questions_answers (question_id, sentence, sentence_translation, is_correct, "order") VALUES (811710008, 'Khái niệm không liên quan B', 'Khái niệm không liên quan B', FALSE, 3);
INSERT INTO questions_answers (question_id, sentence, sentence_translation, is_correct, "order") VALUES (811710008, 'Khái niệm không liên quan C', 'Khái niệm không liên quan C', FALSE, 4);
INSERT INTO questions (id, user_id, is_system, is_khoa_cu, question_type, content_type, level, selection_type, question, passage, passage_translation, general_explanation, skill_category, base_difficulty, tenant_id, is_active, is_deleted, created_at, created_by) VALUES (811710009, NULL, TRUE, FALSE, 'chon_dap_an', 'jisshusei_baitap_t07_matsuri_seikatsu', 'N5', 'single', '「神輿」 trong ngữ cảnh chương 7 có nghĩa liên quan đến gì?

「神輿」 trong chương 7 liên quan đến:', NULL, NULL, '「神輿」 thuộc chủ đề: Casual JP + Saitama dialect + yuukyuu + 給与明細.', 'vocab', 1, 'system', TRUE, FALSE, NOW(), 'system') ON CONFLICT (id) DO UPDATE SET question_type = EXCLUDED.question_type, content_type = EXCLUDED.content_type, level = EXCLUDED.level, question = EXCLUDED.question, passage = EXCLUDED.passage, passage_translation = EXCLUDED.passage_translation, general_explanation = EXCLUDED.general_explanation, skill_category = EXCLUDED.skill_category, is_active = EXCLUDED.is_active, is_deleted = EXCLUDED.is_deleted, updated_at = NOW(), updated_by = 'system';
DELETE FROM questions_answers WHERE question_id = 811710009;
INSERT INTO questions_answers (question_id, sentence, sentence_translation, is_correct, "order") VALUES (811710009, 'Casual JP + Saitama dialect + ', 'Casual JP + Saitama dialect + ', TRUE, 1);
INSERT INTO questions_answers (question_id, sentence, sentence_translation, is_correct, "order") VALUES (811710009, 'Khái niệm không liên quan A', 'Khái niệm không liên quan A', FALSE, 2);
INSERT INTO questions_answers (question_id, sentence, sentence_translation, is_correct, "order") VALUES (811710009, 'Khái niệm không liên quan B', 'Khái niệm không liên quan B', FALSE, 3);
INSERT INTO questions_answers (question_id, sentence, sentence_translation, is_correct, "order") VALUES (811710009, 'Khái niệm không liên quan C', 'Khái niệm không liên quan C', FALSE, 4);
INSERT INTO questions (id, user_id, is_system, is_khoa_cu, question_type, content_type, level, selection_type, question, passage, passage_translation, general_explanation, skill_category, base_difficulty, tenant_id, is_active, is_deleted, created_at, created_by) VALUES (811710010, NULL, TRUE, FALSE, 'chon_dap_an', 'jisshusei_baitap_t07_matsuri_seikatsu', 'N5', 'single', '「浴衣」 trong ngữ cảnh chương 7 có nghĩa liên quan đến gì?

「浴衣」 trong chương 7 liên quan đến:', NULL, NULL, '「浴衣」 thuộc chủ đề: Casual JP + Saitama dialect + yuukyuu + 給与明細.', 'vocab', 1, 'system', TRUE, FALSE, NOW(), 'system') ON CONFLICT (id) DO UPDATE SET question_type = EXCLUDED.question_type, content_type = EXCLUDED.content_type, level = EXCLUDED.level, question = EXCLUDED.question, passage = EXCLUDED.passage, passage_translation = EXCLUDED.passage_translation, general_explanation = EXCLUDED.general_explanation, skill_category = EXCLUDED.skill_category, is_active = EXCLUDED.is_active, is_deleted = EXCLUDED.is_deleted, updated_at = NOW(), updated_by = 'system';
DELETE FROM questions_answers WHERE question_id = 811710010;
INSERT INTO questions_answers (question_id, sentence, sentence_translation, is_correct, "order") VALUES (811710010, 'Casual JP + Saitama dialect + ', 'Casual JP + Saitama dialect + ', TRUE, 1);
INSERT INTO questions_answers (question_id, sentence, sentence_translation, is_correct, "order") VALUES (811710010, 'Khái niệm không liên quan A', 'Khái niệm không liên quan A', FALSE, 2);
INSERT INTO questions_answers (question_id, sentence, sentence_translation, is_correct, "order") VALUES (811710010, 'Khái niệm không liên quan B', 'Khái niệm không liên quan B', FALSE, 3);
INSERT INTO questions_answers (question_id, sentence, sentence_translation, is_correct, "order") VALUES (811710010, 'Khái niệm không liên quan C', 'Khái niệm không liên quan C', FALSE, 4);
INSERT INTO questions (id, user_id, is_system, is_khoa_cu, question_type, content_type, level, selection_type, question, passage, passage_translation, general_explanation, skill_category, base_difficulty, tenant_id, is_active, is_deleted, created_at, created_by) VALUES (811710011, NULL, TRUE, FALSE, 'chon_dap_an', 'jisshusei_baitap_t07_matsuri_seikatsu', 'N5', 'single', 'Cụm「有休を取りたいんですが」 thường dùng khi nào trong chương 7?

「有休を取りたいんですが」 dùng khi nào?', NULL, NULL, '「有休を取りたいんですが」 được dạy trong chương 7 (Casual JP + Saitama dialect + yuukyuu + 給与明細).', 'vocab', 1, 'system', TRUE, FALSE, NOW(), 'system') ON CONFLICT (id) DO UPDATE SET question_type = EXCLUDED.question_type, content_type = EXCLUDED.content_type, level = EXCLUDED.level, question = EXCLUDED.question, passage = EXCLUDED.passage, passage_translation = EXCLUDED.passage_translation, general_explanation = EXCLUDED.general_explanation, skill_category = EXCLUDED.skill_category, is_active = EXCLUDED.is_active, is_deleted = EXCLUDED.is_deleted, updated_at = NOW(), updated_by = 'system';
DELETE FROM questions_answers WHERE question_id = 811710011;
INSERT INTO questions_answers (question_id, sentence, sentence_translation, is_correct, "order") VALUES (811710011, 'Trong tình huống chương 7: Casual JP + Saitama dialect + yuukyuu + ', 'Trong tình huống chương 7: Casual JP + Saitama dialect + yuukyuu + ', TRUE, 1);
INSERT INTO questions_answers (question_id, sentence, sentence_translation, is_correct, "order") VALUES (811710011, 'Khi ngủ', 'Khi ngủ', FALSE, 2);
INSERT INTO questions_answers (question_id, sentence, sentence_translation, is_correct, "order") VALUES (811710011, 'Khi ăn', 'Khi ăn', FALSE, 3);
INSERT INTO questions_answers (question_id, sentence, sentence_translation, is_correct, "order") VALUES (811710011, 'Không dùng', 'Không dùng', FALSE, 4);
INSERT INTO questions (id, user_id, is_system, is_khoa_cu, question_type, content_type, level, selection_type, question, passage, passage_translation, general_explanation, skill_category, base_difficulty, tenant_id, is_active, is_deleted, created_at, created_by) VALUES (811710012, NULL, TRUE, FALSE, 'chon_dap_an', 'jisshusei_baitap_t07_matsuri_seikatsu', 'N5', 'single', 'Cụm「送金」 thường dùng khi nào trong chương 7?

「送金」 dùng khi nào?', NULL, NULL, '「送金」 được dạy trong chương 7 (Casual JP + Saitama dialect + yuukyuu + 給与明細).', 'vocab', 1, 'system', TRUE, FALSE, NOW(), 'system') ON CONFLICT (id) DO UPDATE SET question_type = EXCLUDED.question_type, content_type = EXCLUDED.content_type, level = EXCLUDED.level, question = EXCLUDED.question, passage = EXCLUDED.passage, passage_translation = EXCLUDED.passage_translation, general_explanation = EXCLUDED.general_explanation, skill_category = EXCLUDED.skill_category, is_active = EXCLUDED.is_active, is_deleted = EXCLUDED.is_deleted, updated_at = NOW(), updated_by = 'system';
DELETE FROM questions_answers WHERE question_id = 811710012;
INSERT INTO questions_answers (question_id, sentence, sentence_translation, is_correct, "order") VALUES (811710012, 'Trong tình huống chương 7: Casual JP + Saitama dialect + yuukyuu + ', 'Trong tình huống chương 7: Casual JP + Saitama dialect + yuukyuu + ', TRUE, 1);
INSERT INTO questions_answers (question_id, sentence, sentence_translation, is_correct, "order") VALUES (811710012, 'Khi ngủ', 'Khi ngủ', FALSE, 2);
INSERT INTO questions_answers (question_id, sentence, sentence_translation, is_correct, "order") VALUES (811710012, 'Khi ăn', 'Khi ăn', FALSE, 3);
INSERT INTO questions_answers (question_id, sentence, sentence_translation, is_correct, "order") VALUES (811710012, 'Không dùng', 'Không dùng', FALSE, 4);
INSERT INTO questions (id, user_id, is_system, is_khoa_cu, question_type, content_type, level, selection_type, question, passage, passage_translation, general_explanation, skill_category, base_difficulty, tenant_id, is_active, is_deleted, created_at, created_by) VALUES (811710013, NULL, TRUE, FALSE, 'chon_dap_an', 'jisshusei_baitap_t07_matsuri_seikatsu', 'N5', 'single', 'Cụm「Saitama dialect ~だべ」 thường dùng khi nào trong chương 7?

「Saitama dialect ~だべ」 dùng khi nào?', NULL, NULL, '「Saitama dialect ~だべ」 được dạy trong chương 7 (Casual JP + Saitama dialect + yuukyuu + 給与明細).', 'vocab', 1, 'system', TRUE, FALSE, NOW(), 'system') ON CONFLICT (id) DO UPDATE SET question_type = EXCLUDED.question_type, content_type = EXCLUDED.content_type, level = EXCLUDED.level, question = EXCLUDED.question, passage = EXCLUDED.passage, passage_translation = EXCLUDED.passage_translation, general_explanation = EXCLUDED.general_explanation, skill_category = EXCLUDED.skill_category, is_active = EXCLUDED.is_active, is_deleted = EXCLUDED.is_deleted, updated_at = NOW(), updated_by = 'system';
DELETE FROM questions_answers WHERE question_id = 811710013;
INSERT INTO questions_answers (question_id, sentence, sentence_translation, is_correct, "order") VALUES (811710013, 'Trong tình huống chương 7: Casual JP + Saitama dialect + yuukyuu + ', 'Trong tình huống chương 7: Casual JP + Saitama dialect + yuukyuu + ', TRUE, 1);
INSERT INTO questions_answers (question_id, sentence, sentence_translation, is_correct, "order") VALUES (811710013, 'Khi ngủ', 'Khi ngủ', FALSE, 2);
INSERT INTO questions_answers (question_id, sentence, sentence_translation, is_correct, "order") VALUES (811710013, 'Khi ăn', 'Khi ăn', FALSE, 3);
INSERT INTO questions_answers (question_id, sentence, sentence_translation, is_correct, "order") VALUES (811710013, 'Không dùng', 'Không dùng', FALSE, 4);
INSERT INTO questions (id, user_id, is_system, is_khoa_cu, question_type, content_type, level, selection_type, question, passage, passage_translation, general_explanation, skill_category, base_difficulty, tenant_id, is_active, is_deleted, created_at, created_by) VALUES (811710014, NULL, TRUE, FALSE, 'chon_dap_an', 'jisshusei_baitap_t07_matsuri_seikatsu', 'N5', 'single', 'Cụm「有休を取りたいんですが」 thường dùng khi nào trong chương 7?

「有休を取りたいんですが」 dùng khi nào?', NULL, NULL, '「有休を取りたいんですが」 được dạy trong chương 7 (Casual JP + Saitama dialect + yuukyuu + 給与明細).', 'vocab', 1, 'system', TRUE, FALSE, NOW(), 'system') ON CONFLICT (id) DO UPDATE SET question_type = EXCLUDED.question_type, content_type = EXCLUDED.content_type, level = EXCLUDED.level, question = EXCLUDED.question, passage = EXCLUDED.passage, passage_translation = EXCLUDED.passage_translation, general_explanation = EXCLUDED.general_explanation, skill_category = EXCLUDED.skill_category, is_active = EXCLUDED.is_active, is_deleted = EXCLUDED.is_deleted, updated_at = NOW(), updated_by = 'system';
DELETE FROM questions_answers WHERE question_id = 811710014;
INSERT INTO questions_answers (question_id, sentence, sentence_translation, is_correct, "order") VALUES (811710014, 'Trong tình huống chương 7: Casual JP + Saitama dialect + yuukyuu + ', 'Trong tình huống chương 7: Casual JP + Saitama dialect + yuukyuu + ', TRUE, 1);
INSERT INTO questions_answers (question_id, sentence, sentence_translation, is_correct, "order") VALUES (811710014, 'Khi ngủ', 'Khi ngủ', FALSE, 2);
INSERT INTO questions_answers (question_id, sentence, sentence_translation, is_correct, "order") VALUES (811710014, 'Khi ăn', 'Khi ăn', FALSE, 3);
INSERT INTO questions_answers (question_id, sentence, sentence_translation, is_correct, "order") VALUES (811710014, 'Không dùng', 'Không dùng', FALSE, 4);
INSERT INTO questions (id, user_id, is_system, is_khoa_cu, question_type, content_type, level, selection_type, question, passage, passage_translation, general_explanation, skill_category, base_difficulty, tenant_id, is_active, is_deleted, created_at, created_by) VALUES (811710015, NULL, TRUE, FALSE, 'chon_dap_an', 'jisshusei_baitap_t07_matsuri_seikatsu', 'N5', 'single', 'Cụm「送金」 thường dùng khi nào trong chương 7?

「送金」 dùng khi nào?', NULL, NULL, '「送金」 được dạy trong chương 7 (Casual JP + Saitama dialect + yuukyuu + 給与明細).', 'vocab', 1, 'system', TRUE, FALSE, NOW(), 'system') ON CONFLICT (id) DO UPDATE SET question_type = EXCLUDED.question_type, content_type = EXCLUDED.content_type, level = EXCLUDED.level, question = EXCLUDED.question, passage = EXCLUDED.passage, passage_translation = EXCLUDED.passage_translation, general_explanation = EXCLUDED.general_explanation, skill_category = EXCLUDED.skill_category, is_active = EXCLUDED.is_active, is_deleted = EXCLUDED.is_deleted, updated_at = NOW(), updated_by = 'system';
DELETE FROM questions_answers WHERE question_id = 811710015;
INSERT INTO questions_answers (question_id, sentence, sentence_translation, is_correct, "order") VALUES (811710015, 'Trong tình huống chương 7: Casual JP + Saitama dialect + yuukyuu + ', 'Trong tình huống chương 7: Casual JP + Saitama dialect + yuukyuu + ', TRUE, 1);
INSERT INTO questions_answers (question_id, sentence, sentence_translation, is_correct, "order") VALUES (811710015, 'Khi ngủ', 'Khi ngủ', FALSE, 2);
INSERT INTO questions_answers (question_id, sentence, sentence_translation, is_correct, "order") VALUES (811710015, 'Khi ăn', 'Khi ăn', FALSE, 3);
INSERT INTO questions_answers (question_id, sentence, sentence_translation, is_correct, "order") VALUES (811710015, 'Không dùng', 'Không dùng', FALSE, 4);
INSERT INTO questions (id, user_id, is_system, is_khoa_cu, question_type, content_type, level, selection_type, question, passage, passage_translation, general_explanation, skill_category, base_difficulty, tenant_id, is_active, is_deleted, created_at, created_by) VALUES (811710016, NULL, TRUE, FALSE, 'chon_dap_an', 'jisshusei_baitap_t07_matsuri_seikatsu', 'N5', 'single', 'Cụm「Saitama dialect ~だべ」 thường dùng khi nào trong chương 7?

「Saitama dialect ~だべ」 dùng khi nào?', NULL, NULL, '「Saitama dialect ~だべ」 được dạy trong chương 7 (Casual JP + Saitama dialect + yuukyuu + 給与明細).', 'vocab', 1, 'system', TRUE, FALSE, NOW(), 'system') ON CONFLICT (id) DO UPDATE SET question_type = EXCLUDED.question_type, content_type = EXCLUDED.content_type, level = EXCLUDED.level, question = EXCLUDED.question, passage = EXCLUDED.passage, passage_translation = EXCLUDED.passage_translation, general_explanation = EXCLUDED.general_explanation, skill_category = EXCLUDED.skill_category, is_active = EXCLUDED.is_active, is_deleted = EXCLUDED.is_deleted, updated_at = NOW(), updated_by = 'system';
DELETE FROM questions_answers WHERE question_id = 811710016;
INSERT INTO questions_answers (question_id, sentence, sentence_translation, is_correct, "order") VALUES (811710016, 'Trong tình huống chương 7: Casual JP + Saitama dialect + yuukyuu + ', 'Trong tình huống chương 7: Casual JP + Saitama dialect + yuukyuu + ', TRUE, 1);
INSERT INTO questions_answers (question_id, sentence, sentence_translation, is_correct, "order") VALUES (811710016, 'Khi ngủ', 'Khi ngủ', FALSE, 2);
INSERT INTO questions_answers (question_id, sentence, sentence_translation, is_correct, "order") VALUES (811710016, 'Khi ăn', 'Khi ăn', FALSE, 3);
INSERT INTO questions_answers (question_id, sentence, sentence_translation, is_correct, "order") VALUES (811710016, 'Không dùng', 'Không dùng', FALSE, 4);
INSERT INTO questions (id, user_id, is_system, is_khoa_cu, question_type, content_type, level, selection_type, question, passage, passage_translation, general_explanation, skill_category, base_difficulty, tenant_id, is_active, is_deleted, created_at, created_by) VALUES (811710017, NULL, TRUE, FALSE, 'chon_dap_an', 'jisshusei_baitap_t07_matsuri_seikatsu', 'N5', 'single', 'Cụm「有休を取りたいんですが」 thường dùng khi nào trong chương 7?

「有休を取りたいんですが」 dùng khi nào?', NULL, NULL, '「有休を取りたいんですが」 được dạy trong chương 7 (Casual JP + Saitama dialect + yuukyuu + 給与明細).', 'vocab', 1, 'system', TRUE, FALSE, NOW(), 'system') ON CONFLICT (id) DO UPDATE SET question_type = EXCLUDED.question_type, content_type = EXCLUDED.content_type, level = EXCLUDED.level, question = EXCLUDED.question, passage = EXCLUDED.passage, passage_translation = EXCLUDED.passage_translation, general_explanation = EXCLUDED.general_explanation, skill_category = EXCLUDED.skill_category, is_active = EXCLUDED.is_active, is_deleted = EXCLUDED.is_deleted, updated_at = NOW(), updated_by = 'system';
DELETE FROM questions_answers WHERE question_id = 811710017;
INSERT INTO questions_answers (question_id, sentence, sentence_translation, is_correct, "order") VALUES (811710017, 'Trong tình huống chương 7: Casual JP + Saitama dialect + yuukyuu + ', 'Trong tình huống chương 7: Casual JP + Saitama dialect + yuukyuu + ', TRUE, 1);
INSERT INTO questions_answers (question_id, sentence, sentence_translation, is_correct, "order") VALUES (811710017, 'Khi ngủ', 'Khi ngủ', FALSE, 2);
INSERT INTO questions_answers (question_id, sentence, sentence_translation, is_correct, "order") VALUES (811710017, 'Khi ăn', 'Khi ăn', FALSE, 3);
INSERT INTO questions_answers (question_id, sentence, sentence_translation, is_correct, "order") VALUES (811710017, 'Không dùng', 'Không dùng', FALSE, 4);
INSERT INTO questions (id, user_id, is_system, is_khoa_cu, question_type, content_type, level, selection_type, question, passage, passage_translation, general_explanation, skill_category, base_difficulty, tenant_id, is_active, is_deleted, created_at, created_by) VALUES (811710018, NULL, TRUE, FALSE, 'chon_dap_an', 'jisshusei_baitap_t07_matsuri_seikatsu', 'N5', 'single', 'Cụm「送金」 thường dùng khi nào trong chương 7?

「送金」 dùng khi nào?', NULL, NULL, '「送金」 được dạy trong chương 7 (Casual JP + Saitama dialect + yuukyuu + 給与明細).', 'vocab', 1, 'system', TRUE, FALSE, NOW(), 'system') ON CONFLICT (id) DO UPDATE SET question_type = EXCLUDED.question_type, content_type = EXCLUDED.content_type, level = EXCLUDED.level, question = EXCLUDED.question, passage = EXCLUDED.passage, passage_translation = EXCLUDED.passage_translation, general_explanation = EXCLUDED.general_explanation, skill_category = EXCLUDED.skill_category, is_active = EXCLUDED.is_active, is_deleted = EXCLUDED.is_deleted, updated_at = NOW(), updated_by = 'system';
DELETE FROM questions_answers WHERE question_id = 811710018;
INSERT INTO questions_answers (question_id, sentence, sentence_translation, is_correct, "order") VALUES (811710018, 'Trong tình huống chương 7: Casual JP + Saitama dialect + yuukyuu + ', 'Trong tình huống chương 7: Casual JP + Saitama dialect + yuukyuu + ', TRUE, 1);
INSERT INTO questions_answers (question_id, sentence, sentence_translation, is_correct, "order") VALUES (811710018, 'Khi ngủ', 'Khi ngủ', FALSE, 2);
INSERT INTO questions_answers (question_id, sentence, sentence_translation, is_correct, "order") VALUES (811710018, 'Khi ăn', 'Khi ăn', FALSE, 3);
INSERT INTO questions_answers (question_id, sentence, sentence_translation, is_correct, "order") VALUES (811710018, 'Không dùng', 'Không dùng', FALSE, 4);
INSERT INTO questions (id, user_id, is_system, is_khoa_cu, question_type, content_type, level, selection_type, question, passage, passage_translation, general_explanation, skill_category, base_difficulty, tenant_id, is_active, is_deleted, created_at, created_by) VALUES (811710019, NULL, TRUE, FALSE, 'chon_dap_an', 'jisshusei_baitap_t07_matsuri_seikatsu', 'N5', 'single', 'Cụm「Saitama dialect ~だべ」 thường dùng khi nào trong chương 7?

「Saitama dialect ~だべ」 dùng khi nào?', NULL, NULL, '「Saitama dialect ~だべ」 được dạy trong chương 7 (Casual JP + Saitama dialect + yuukyuu + 給与明細).', 'vocab', 1, 'system', TRUE, FALSE, NOW(), 'system') ON CONFLICT (id) DO UPDATE SET question_type = EXCLUDED.question_type, content_type = EXCLUDED.content_type, level = EXCLUDED.level, question = EXCLUDED.question, passage = EXCLUDED.passage, passage_translation = EXCLUDED.passage_translation, general_explanation = EXCLUDED.general_explanation, skill_category = EXCLUDED.skill_category, is_active = EXCLUDED.is_active, is_deleted = EXCLUDED.is_deleted, updated_at = NOW(), updated_by = 'system';
DELETE FROM questions_answers WHERE question_id = 811710019;
INSERT INTO questions_answers (question_id, sentence, sentence_translation, is_correct, "order") VALUES (811710019, 'Trong tình huống chương 7: Casual JP + Saitama dialect + yuukyuu + ', 'Trong tình huống chương 7: Casual JP + Saitama dialect + yuukyuu + ', TRUE, 1);
INSERT INTO questions_answers (question_id, sentence, sentence_translation, is_correct, "order") VALUES (811710019, 'Khi ngủ', 'Khi ngủ', FALSE, 2);
INSERT INTO questions_answers (question_id, sentence, sentence_translation, is_correct, "order") VALUES (811710019, 'Khi ăn', 'Khi ăn', FALSE, 3);
INSERT INTO questions_answers (question_id, sentence, sentence_translation, is_correct, "order") VALUES (811710019, 'Không dùng', 'Không dùng', FALSE, 4);
INSERT INTO questions (id, user_id, is_system, is_khoa_cu, question_type, content_type, level, selection_type, question, passage, passage_translation, general_explanation, skill_category, base_difficulty, tenant_id, is_active, is_deleted, created_at, created_by) VALUES (811710020, NULL, TRUE, FALSE, 'chon_dap_an', 'jisshusei_baitap_t07_matsuri_seikatsu', 'N5', 'single', 'Cụm「有休を取りたいんですが」 thường dùng khi nào trong chương 7?

「有休を取りたいんですが」 dùng khi nào?', NULL, NULL, '「有休を取りたいんですが」 được dạy trong chương 7 (Casual JP + Saitama dialect + yuukyuu + 給与明細).', 'vocab', 1, 'system', TRUE, FALSE, NOW(), 'system') ON CONFLICT (id) DO UPDATE SET question_type = EXCLUDED.question_type, content_type = EXCLUDED.content_type, level = EXCLUDED.level, question = EXCLUDED.question, passage = EXCLUDED.passage, passage_translation = EXCLUDED.passage_translation, general_explanation = EXCLUDED.general_explanation, skill_category = EXCLUDED.skill_category, is_active = EXCLUDED.is_active, is_deleted = EXCLUDED.is_deleted, updated_at = NOW(), updated_by = 'system';
DELETE FROM questions_answers WHERE question_id = 811710020;
INSERT INTO questions_answers (question_id, sentence, sentence_translation, is_correct, "order") VALUES (811710020, 'Trong tình huống chương 7: Casual JP + Saitama dialect + yuukyuu + ', 'Trong tình huống chương 7: Casual JP + Saitama dialect + yuukyuu + ', TRUE, 1);
INSERT INTO questions_answers (question_id, sentence, sentence_translation, is_correct, "order") VALUES (811710020, 'Khi ngủ', 'Khi ngủ', FALSE, 2);
INSERT INTO questions_answers (question_id, sentence, sentence_translation, is_correct, "order") VALUES (811710020, 'Khi ăn', 'Khi ăn', FALSE, 3);
INSERT INTO questions_answers (question_id, sentence, sentence_translation, is_correct, "order") VALUES (811710020, 'Không dùng', 'Không dùng', FALSE, 4);
INSERT INTO questions (id, user_id, is_system, is_khoa_cu, question_type, content_type, level, selection_type, question, passage, passage_translation, general_explanation, skill_category, base_difficulty, tenant_id, is_active, is_deleted, created_at, created_by) VALUES (811710021, NULL, TRUE, FALSE, 'chon_dap_an', 'jisshusei_baitap_t07_matsuri_seikatsu', 'N4', 'single', 'Tình huống 1 trong chương 7: phản ứng đúng là?

Phản ứng đúng cho tình huống 1:', NULL, NULL, 'Áp dụng nguyên tắc của chương: Casual JP + Saitama dialect + yuukyuu + 給与明細.', 'vocab', 1, 'system', TRUE, FALSE, NOW(), 'system') ON CONFLICT (id) DO UPDATE SET question_type = EXCLUDED.question_type, content_type = EXCLUDED.content_type, level = EXCLUDED.level, question = EXCLUDED.question, passage = EXCLUDED.passage, passage_translation = EXCLUDED.passage_translation, general_explanation = EXCLUDED.general_explanation, skill_category = EXCLUDED.skill_category, is_active = EXCLUDED.is_active, is_deleted = EXCLUDED.is_deleted, updated_at = NOW(), updated_by = 'system';
DELETE FROM questions_answers WHERE question_id = 811710021;
INSERT INTO questions_answers (question_id, sentence, sentence_translation, is_correct, "order") VALUES (811710021, 'Theo nguyên tắc đã học trong chương', 'Theo nguyên tắc đã học trong chương', TRUE, 1);
INSERT INTO questions_answers (question_id, sentence, sentence_translation, is_correct, "order") VALUES (811710021, 'Tự ý làm theo ý mình', 'Tự ý làm theo ý mình', FALSE, 2);
INSERT INTO questions_answers (question_id, sentence, sentence_translation, is_correct, "order") VALUES (811710021, 'Im lặng không làm gì', 'Im lặng không làm gì', FALSE, 3);
INSERT INTO questions_answers (question_id, sentence, sentence_translation, is_correct, "order") VALUES (811710021, 'Nhờ người khác làm hộ', 'Nhờ người khác làm hộ', FALSE, 4);
INSERT INTO questions (id, user_id, is_system, is_khoa_cu, question_type, content_type, level, selection_type, question, passage, passage_translation, general_explanation, skill_category, base_difficulty, tenant_id, is_active, is_deleted, created_at, created_by) VALUES (811710022, NULL, TRUE, FALSE, 'chon_dap_an', 'jisshusei_baitap_t07_matsuri_seikatsu', 'N4', 'single', 'Tình huống 2 trong chương 7: phản ứng đúng là?

Phản ứng đúng cho tình huống 2:', NULL, NULL, 'Áp dụng nguyên tắc của chương: Casual JP + Saitama dialect + yuukyuu + 給与明細.', 'vocab', 1, 'system', TRUE, FALSE, NOW(), 'system') ON CONFLICT (id) DO UPDATE SET question_type = EXCLUDED.question_type, content_type = EXCLUDED.content_type, level = EXCLUDED.level, question = EXCLUDED.question, passage = EXCLUDED.passage, passage_translation = EXCLUDED.passage_translation, general_explanation = EXCLUDED.general_explanation, skill_category = EXCLUDED.skill_category, is_active = EXCLUDED.is_active, is_deleted = EXCLUDED.is_deleted, updated_at = NOW(), updated_by = 'system';
DELETE FROM questions_answers WHERE question_id = 811710022;
INSERT INTO questions_answers (question_id, sentence, sentence_translation, is_correct, "order") VALUES (811710022, 'Theo nguyên tắc đã học trong chương', 'Theo nguyên tắc đã học trong chương', TRUE, 1);
INSERT INTO questions_answers (question_id, sentence, sentence_translation, is_correct, "order") VALUES (811710022, 'Tự ý làm theo ý mình', 'Tự ý làm theo ý mình', FALSE, 2);
INSERT INTO questions_answers (question_id, sentence, sentence_translation, is_correct, "order") VALUES (811710022, 'Im lặng không làm gì', 'Im lặng không làm gì', FALSE, 3);
INSERT INTO questions_answers (question_id, sentence, sentence_translation, is_correct, "order") VALUES (811710022, 'Nhờ người khác làm hộ', 'Nhờ người khác làm hộ', FALSE, 4);
INSERT INTO questions (id, user_id, is_system, is_khoa_cu, question_type, content_type, level, selection_type, question, passage, passage_translation, general_explanation, skill_category, base_difficulty, tenant_id, is_active, is_deleted, created_at, created_by) VALUES (811710023, NULL, TRUE, FALSE, 'chon_dap_an', 'jisshusei_baitap_t07_matsuri_seikatsu', 'N4', 'single', 'Tình huống 3 trong chương 7: phản ứng đúng là?

Phản ứng đúng cho tình huống 3:', NULL, NULL, 'Áp dụng nguyên tắc của chương: Casual JP + Saitama dialect + yuukyuu + 給与明細.', 'vocab', 1, 'system', TRUE, FALSE, NOW(), 'system') ON CONFLICT (id) DO UPDATE SET question_type = EXCLUDED.question_type, content_type = EXCLUDED.content_type, level = EXCLUDED.level, question = EXCLUDED.question, passage = EXCLUDED.passage, passage_translation = EXCLUDED.passage_translation, general_explanation = EXCLUDED.general_explanation, skill_category = EXCLUDED.skill_category, is_active = EXCLUDED.is_active, is_deleted = EXCLUDED.is_deleted, updated_at = NOW(), updated_by = 'system';
DELETE FROM questions_answers WHERE question_id = 811710023;
INSERT INTO questions_answers (question_id, sentence, sentence_translation, is_correct, "order") VALUES (811710023, 'Theo nguyên tắc đã học trong chương', 'Theo nguyên tắc đã học trong chương', TRUE, 1);
INSERT INTO questions_answers (question_id, sentence, sentence_translation, is_correct, "order") VALUES (811710023, 'Tự ý làm theo ý mình', 'Tự ý làm theo ý mình', FALSE, 2);
INSERT INTO questions_answers (question_id, sentence, sentence_translation, is_correct, "order") VALUES (811710023, 'Im lặng không làm gì', 'Im lặng không làm gì', FALSE, 3);
INSERT INTO questions_answers (question_id, sentence, sentence_translation, is_correct, "order") VALUES (811710023, 'Nhờ người khác làm hộ', 'Nhờ người khác làm hộ', FALSE, 4);
INSERT INTO questions (id, user_id, is_system, is_khoa_cu, question_type, content_type, level, selection_type, question, passage, passage_translation, general_explanation, skill_category, base_difficulty, tenant_id, is_active, is_deleted, created_at, created_by) VALUES (811710024, NULL, TRUE, FALSE, 'chon_dap_an', 'jisshusei_baitap_t07_matsuri_seikatsu', 'N4', 'single', 'Tình huống 4 trong chương 7: phản ứng đúng là?

Phản ứng đúng cho tình huống 4:', NULL, NULL, 'Áp dụng nguyên tắc của chương: Casual JP + Saitama dialect + yuukyuu + 給与明細.', 'vocab', 1, 'system', TRUE, FALSE, NOW(), 'system') ON CONFLICT (id) DO UPDATE SET question_type = EXCLUDED.question_type, content_type = EXCLUDED.content_type, level = EXCLUDED.level, question = EXCLUDED.question, passage = EXCLUDED.passage, passage_translation = EXCLUDED.passage_translation, general_explanation = EXCLUDED.general_explanation, skill_category = EXCLUDED.skill_category, is_active = EXCLUDED.is_active, is_deleted = EXCLUDED.is_deleted, updated_at = NOW(), updated_by = 'system';
DELETE FROM questions_answers WHERE question_id = 811710024;
INSERT INTO questions_answers (question_id, sentence, sentence_translation, is_correct, "order") VALUES (811710024, 'Theo nguyên tắc đã học trong chương', 'Theo nguyên tắc đã học trong chương', TRUE, 1);
INSERT INTO questions_answers (question_id, sentence, sentence_translation, is_correct, "order") VALUES (811710024, 'Tự ý làm theo ý mình', 'Tự ý làm theo ý mình', FALSE, 2);
INSERT INTO questions_answers (question_id, sentence, sentence_translation, is_correct, "order") VALUES (811710024, 'Im lặng không làm gì', 'Im lặng không làm gì', FALSE, 3);
INSERT INTO questions_answers (question_id, sentence, sentence_translation, is_correct, "order") VALUES (811710024, 'Nhờ người khác làm hộ', 'Nhờ người khác làm hộ', FALSE, 4);
INSERT INTO questions (id, user_id, is_system, is_khoa_cu, question_type, content_type, level, selection_type, question, passage, passage_translation, general_explanation, skill_category, base_difficulty, tenant_id, is_active, is_deleted, created_at, created_by) VALUES (811710025, NULL, TRUE, FALSE, 'chon_dap_an', 'jisshusei_baitap_t07_matsuri_seikatsu', 'N4', 'single', 'Tình huống 5 trong chương 7: phản ứng đúng là?

Phản ứng đúng cho tình huống 5:', NULL, NULL, 'Áp dụng nguyên tắc của chương: Casual JP + Saitama dialect + yuukyuu + 給与明細.', 'vocab', 1, 'system', TRUE, FALSE, NOW(), 'system') ON CONFLICT (id) DO UPDATE SET question_type = EXCLUDED.question_type, content_type = EXCLUDED.content_type, level = EXCLUDED.level, question = EXCLUDED.question, passage = EXCLUDED.passage, passage_translation = EXCLUDED.passage_translation, general_explanation = EXCLUDED.general_explanation, skill_category = EXCLUDED.skill_category, is_active = EXCLUDED.is_active, is_deleted = EXCLUDED.is_deleted, updated_at = NOW(), updated_by = 'system';
DELETE FROM questions_answers WHERE question_id = 811710025;
INSERT INTO questions_answers (question_id, sentence, sentence_translation, is_correct, "order") VALUES (811710025, 'Theo nguyên tắc đã học trong chương', 'Theo nguyên tắc đã học trong chương', TRUE, 1);
INSERT INTO questions_answers (question_id, sentence, sentence_translation, is_correct, "order") VALUES (811710025, 'Tự ý làm theo ý mình', 'Tự ý làm theo ý mình', FALSE, 2);
INSERT INTO questions_answers (question_id, sentence, sentence_translation, is_correct, "order") VALUES (811710025, 'Im lặng không làm gì', 'Im lặng không làm gì', FALSE, 3);
INSERT INTO questions_answers (question_id, sentence, sentence_translation, is_correct, "order") VALUES (811710025, 'Nhờ người khác làm hộ', 'Nhờ người khác làm hộ', FALSE, 4);
INSERT INTO questions (id, user_id, is_system, is_khoa_cu, question_type, content_type, level, selection_type, question, passage, passage_translation, general_explanation, skill_category, base_difficulty, tenant_id, is_active, is_deleted, created_at, created_by) VALUES (811710026, NULL, TRUE, FALSE, 'chon_dap_an', 'jisshusei_baitap_t07_matsuri_seikatsu', 'N4', 'single', 'Tình huống 6 trong chương 7: phản ứng đúng là?

Phản ứng đúng cho tình huống 6:', NULL, NULL, 'Áp dụng nguyên tắc của chương: Casual JP + Saitama dialect + yuukyuu + 給与明細.', 'vocab', 1, 'system', TRUE, FALSE, NOW(), 'system') ON CONFLICT (id) DO UPDATE SET question_type = EXCLUDED.question_type, content_type = EXCLUDED.content_type, level = EXCLUDED.level, question = EXCLUDED.question, passage = EXCLUDED.passage, passage_translation = EXCLUDED.passage_translation, general_explanation = EXCLUDED.general_explanation, skill_category = EXCLUDED.skill_category, is_active = EXCLUDED.is_active, is_deleted = EXCLUDED.is_deleted, updated_at = NOW(), updated_by = 'system';
DELETE FROM questions_answers WHERE question_id = 811710026;
INSERT INTO questions_answers (question_id, sentence, sentence_translation, is_correct, "order") VALUES (811710026, 'Theo nguyên tắc đã học trong chương', 'Theo nguyên tắc đã học trong chương', TRUE, 1);
INSERT INTO questions_answers (question_id, sentence, sentence_translation, is_correct, "order") VALUES (811710026, 'Tự ý làm theo ý mình', 'Tự ý làm theo ý mình', FALSE, 2);
INSERT INTO questions_answers (question_id, sentence, sentence_translation, is_correct, "order") VALUES (811710026, 'Im lặng không làm gì', 'Im lặng không làm gì', FALSE, 3);
INSERT INTO questions_answers (question_id, sentence, sentence_translation, is_correct, "order") VALUES (811710026, 'Nhờ người khác làm hộ', 'Nhờ người khác làm hộ', FALSE, 4);
INSERT INTO questions (id, user_id, is_system, is_khoa_cu, question_type, content_type, level, selection_type, question, passage, passage_translation, general_explanation, skill_category, base_difficulty, tenant_id, is_active, is_deleted, created_at, created_by) VALUES (811710027, NULL, TRUE, FALSE, 'chon_dap_an', 'jisshusei_baitap_t07_matsuri_seikatsu', 'N4', 'single', 'Tình huống 7 trong chương 7: phản ứng đúng là?

Phản ứng đúng cho tình huống 7:', NULL, NULL, 'Áp dụng nguyên tắc của chương: Casual JP + Saitama dialect + yuukyuu + 給与明細.', 'vocab', 1, 'system', TRUE, FALSE, NOW(), 'system') ON CONFLICT (id) DO UPDATE SET question_type = EXCLUDED.question_type, content_type = EXCLUDED.content_type, level = EXCLUDED.level, question = EXCLUDED.question, passage = EXCLUDED.passage, passage_translation = EXCLUDED.passage_translation, general_explanation = EXCLUDED.general_explanation, skill_category = EXCLUDED.skill_category, is_active = EXCLUDED.is_active, is_deleted = EXCLUDED.is_deleted, updated_at = NOW(), updated_by = 'system';
DELETE FROM questions_answers WHERE question_id = 811710027;
INSERT INTO questions_answers (question_id, sentence, sentence_translation, is_correct, "order") VALUES (811710027, 'Theo nguyên tắc đã học trong chương', 'Theo nguyên tắc đã học trong chương', TRUE, 1);
INSERT INTO questions_answers (question_id, sentence, sentence_translation, is_correct, "order") VALUES (811710027, 'Tự ý làm theo ý mình', 'Tự ý làm theo ý mình', FALSE, 2);
INSERT INTO questions_answers (question_id, sentence, sentence_translation, is_correct, "order") VALUES (811710027, 'Im lặng không làm gì', 'Im lặng không làm gì', FALSE, 3);
INSERT INTO questions_answers (question_id, sentence, sentence_translation, is_correct, "order") VALUES (811710027, 'Nhờ người khác làm hộ', 'Nhờ người khác làm hộ', FALSE, 4);
INSERT INTO questions (id, user_id, is_system, is_khoa_cu, question_type, content_type, level, selection_type, question, passage, passage_translation, general_explanation, skill_category, base_difficulty, tenant_id, is_active, is_deleted, created_at, created_by) VALUES (811710028, NULL, TRUE, FALSE, 'chon_dap_an', 'jisshusei_baitap_t07_matsuri_seikatsu', 'N4', 'single', 'Tình huống 8 trong chương 7: phản ứng đúng là?

Phản ứng đúng cho tình huống 8:', NULL, NULL, 'Áp dụng nguyên tắc của chương: Casual JP + Saitama dialect + yuukyuu + 給与明細.', 'vocab', 1, 'system', TRUE, FALSE, NOW(), 'system') ON CONFLICT (id) DO UPDATE SET question_type = EXCLUDED.question_type, content_type = EXCLUDED.content_type, level = EXCLUDED.level, question = EXCLUDED.question, passage = EXCLUDED.passage, passage_translation = EXCLUDED.passage_translation, general_explanation = EXCLUDED.general_explanation, skill_category = EXCLUDED.skill_category, is_active = EXCLUDED.is_active, is_deleted = EXCLUDED.is_deleted, updated_at = NOW(), updated_by = 'system';
DELETE FROM questions_answers WHERE question_id = 811710028;
INSERT INTO questions_answers (question_id, sentence, sentence_translation, is_correct, "order") VALUES (811710028, 'Theo nguyên tắc đã học trong chương', 'Theo nguyên tắc đã học trong chương', TRUE, 1);
INSERT INTO questions_answers (question_id, sentence, sentence_translation, is_correct, "order") VALUES (811710028, 'Tự ý làm theo ý mình', 'Tự ý làm theo ý mình', FALSE, 2);
INSERT INTO questions_answers (question_id, sentence, sentence_translation, is_correct, "order") VALUES (811710028, 'Im lặng không làm gì', 'Im lặng không làm gì', FALSE, 3);
INSERT INTO questions_answers (question_id, sentence, sentence_translation, is_correct, "order") VALUES (811710028, 'Nhờ người khác làm hộ', 'Nhờ người khác làm hộ', FALSE, 4);
INSERT INTO questions (id, user_id, is_system, is_khoa_cu, question_type, content_type, level, selection_type, question, passage, passage_translation, general_explanation, skill_category, base_difficulty, tenant_id, is_active, is_deleted, created_at, created_by) VALUES (811710029, NULL, TRUE, FALSE, 'chon_dap_an', 'jisshusei_baitap_t07_matsuri_seikatsu', 'N4', 'single', 'Tình huống 9 trong chương 7: phản ứng đúng là?

Phản ứng đúng cho tình huống 9:', NULL, NULL, 'Áp dụng nguyên tắc của chương: Casual JP + Saitama dialect + yuukyuu + 給与明細.', 'vocab', 1, 'system', TRUE, FALSE, NOW(), 'system') ON CONFLICT (id) DO UPDATE SET question_type = EXCLUDED.question_type, content_type = EXCLUDED.content_type, level = EXCLUDED.level, question = EXCLUDED.question, passage = EXCLUDED.passage, passage_translation = EXCLUDED.passage_translation, general_explanation = EXCLUDED.general_explanation, skill_category = EXCLUDED.skill_category, is_active = EXCLUDED.is_active, is_deleted = EXCLUDED.is_deleted, updated_at = NOW(), updated_by = 'system';
DELETE FROM questions_answers WHERE question_id = 811710029;
INSERT INTO questions_answers (question_id, sentence, sentence_translation, is_correct, "order") VALUES (811710029, 'Theo nguyên tắc đã học trong chương', 'Theo nguyên tắc đã học trong chương', TRUE, 1);
INSERT INTO questions_answers (question_id, sentence, sentence_translation, is_correct, "order") VALUES (811710029, 'Tự ý làm theo ý mình', 'Tự ý làm theo ý mình', FALSE, 2);
INSERT INTO questions_answers (question_id, sentence, sentence_translation, is_correct, "order") VALUES (811710029, 'Im lặng không làm gì', 'Im lặng không làm gì', FALSE, 3);
INSERT INTO questions_answers (question_id, sentence, sentence_translation, is_correct, "order") VALUES (811710029, 'Nhờ người khác làm hộ', 'Nhờ người khác làm hộ', FALSE, 4);
INSERT INTO questions (id, user_id, is_system, is_khoa_cu, question_type, content_type, level, selection_type, question, passage, passage_translation, general_explanation, skill_category, base_difficulty, tenant_id, is_active, is_deleted, created_at, created_by) VALUES (811710030, NULL, TRUE, FALSE, 'chon_dap_an', 'jisshusei_baitap_t07_matsuri_seikatsu', 'N4', 'single', 'Tình huống 10 trong chương 7: phản ứng đúng là?

Phản ứng đúng cho tình huống 10:', NULL, NULL, 'Áp dụng nguyên tắc của chương: Casual JP + Saitama dialect + yuukyuu + 給与明細.', 'vocab', 1, 'system', TRUE, FALSE, NOW(), 'system') ON CONFLICT (id) DO UPDATE SET question_type = EXCLUDED.question_type, content_type = EXCLUDED.content_type, level = EXCLUDED.level, question = EXCLUDED.question, passage = EXCLUDED.passage, passage_translation = EXCLUDED.passage_translation, general_explanation = EXCLUDED.general_explanation, skill_category = EXCLUDED.skill_category, is_active = EXCLUDED.is_active, is_deleted = EXCLUDED.is_deleted, updated_at = NOW(), updated_by = 'system';
DELETE FROM questions_answers WHERE question_id = 811710030;
INSERT INTO questions_answers (question_id, sentence, sentence_translation, is_correct, "order") VALUES (811710030, 'Theo nguyên tắc đã học trong chương', 'Theo nguyên tắc đã học trong chương', TRUE, 1);
INSERT INTO questions_answers (question_id, sentence, sentence_translation, is_correct, "order") VALUES (811710030, 'Tự ý làm theo ý mình', 'Tự ý làm theo ý mình', FALSE, 2);
INSERT INTO questions_answers (question_id, sentence, sentence_translation, is_correct, "order") VALUES (811710030, 'Im lặng không làm gì', 'Im lặng không làm gì', FALSE, 3);
INSERT INTO questions_answers (question_id, sentence, sentence_translation, is_correct, "order") VALUES (811710030, 'Nhờ người khác làm hộ', 'Nhờ người khác làm hộ', FALSE, 4);
INSERT INTO questions (id, user_id, is_system, is_khoa_cu, question_type, content_type, level, selection_type, question, passage, passage_translation, general_explanation, skill_category, base_difficulty, tenant_id, is_active, is_deleted, created_at, created_by) VALUES (811710031, NULL, TRUE, FALSE, 'chon_dap_an', 'jisshusei_baitap_t07_matsuri_seikatsu', 'N4', 'single', 'Văn hoá Nhật trong chương 7, nuance #1:

Văn hoá Nhật chương 7, sắc thái #1:', NULL, NULL, 'Chi tiết xem trong LyThuyet chương 7.', 'vocab', 1, 'system', TRUE, FALSE, NOW(), 'system') ON CONFLICT (id) DO UPDATE SET question_type = EXCLUDED.question_type, content_type = EXCLUDED.content_type, level = EXCLUDED.level, question = EXCLUDED.question, passage = EXCLUDED.passage, passage_translation = EXCLUDED.passage_translation, general_explanation = EXCLUDED.general_explanation, skill_category = EXCLUDED.skill_category, is_active = EXCLUDED.is_active, is_deleted = EXCLUDED.is_deleted, updated_at = NOW(), updated_by = 'system';
DELETE FROM questions_answers WHERE question_id = 811710031;
INSERT INTO questions_answers (question_id, sentence, sentence_translation, is_correct, "order") VALUES (811710031, 'Cách tiếp cận tinh tế phù hợp văn hoá Nhật (đã giải thích trong LyThuyet)', 'Cách tiếp cận tinh tế phù hợp văn hoá Nhật (đã giải thích trong LyThuyet)', TRUE, 1);
INSERT INTO questions_answers (question_id, sentence, sentence_translation, is_correct, "order") VALUES (811710031, 'Cách tiếp cận thẳng thắn theo style phương Tây', 'Cách tiếp cận thẳng thắn theo style phương Tây', FALSE, 2);
INSERT INTO questions_answers (question_id, sentence, sentence_translation, is_correct, "order") VALUES (811710031, 'Im lặng là tốt nhất', 'Im lặng là tốt nhất', FALSE, 3);
INSERT INTO questions_answers (question_id, sentence, sentence_translation, is_correct, "order") VALUES (811710031, 'Không có sự khác biệt văn hoá', 'Không có sự khác biệt văn hoá', FALSE, 4);
INSERT INTO questions (id, user_id, is_system, is_khoa_cu, question_type, content_type, level, selection_type, question, passage, passage_translation, general_explanation, skill_category, base_difficulty, tenant_id, is_active, is_deleted, created_at, created_by) VALUES (811710032, NULL, TRUE, FALSE, 'chon_dap_an', 'jisshusei_baitap_t07_matsuri_seikatsu', 'N4', 'single', 'Văn hoá Nhật trong chương 7, nuance #2:

Văn hoá Nhật chương 7, sắc thái #2:', NULL, NULL, 'Chi tiết xem trong LyThuyet chương 7.', 'vocab', 1, 'system', TRUE, FALSE, NOW(), 'system') ON CONFLICT (id) DO UPDATE SET question_type = EXCLUDED.question_type, content_type = EXCLUDED.content_type, level = EXCLUDED.level, question = EXCLUDED.question, passage = EXCLUDED.passage, passage_translation = EXCLUDED.passage_translation, general_explanation = EXCLUDED.general_explanation, skill_category = EXCLUDED.skill_category, is_active = EXCLUDED.is_active, is_deleted = EXCLUDED.is_deleted, updated_at = NOW(), updated_by = 'system';
DELETE FROM questions_answers WHERE question_id = 811710032;
INSERT INTO questions_answers (question_id, sentence, sentence_translation, is_correct, "order") VALUES (811710032, 'Cách tiếp cận tinh tế phù hợp văn hoá Nhật (đã giải thích trong LyThuyet)', 'Cách tiếp cận tinh tế phù hợp văn hoá Nhật (đã giải thích trong LyThuyet)', TRUE, 1);
INSERT INTO questions_answers (question_id, sentence, sentence_translation, is_correct, "order") VALUES (811710032, 'Cách tiếp cận thẳng thắn theo style phương Tây', 'Cách tiếp cận thẳng thắn theo style phương Tây', FALSE, 2);
INSERT INTO questions_answers (question_id, sentence, sentence_translation, is_correct, "order") VALUES (811710032, 'Im lặng là tốt nhất', 'Im lặng là tốt nhất', FALSE, 3);
INSERT INTO questions_answers (question_id, sentence, sentence_translation, is_correct, "order") VALUES (811710032, 'Không có sự khác biệt văn hoá', 'Không có sự khác biệt văn hoá', FALSE, 4);
INSERT INTO questions (id, user_id, is_system, is_khoa_cu, question_type, content_type, level, selection_type, question, passage, passage_translation, general_explanation, skill_category, base_difficulty, tenant_id, is_active, is_deleted, created_at, created_by) VALUES (811710033, NULL, TRUE, FALSE, 'chon_dap_an', 'jisshusei_baitap_t07_matsuri_seikatsu', 'N4', 'single', 'Văn hoá Nhật trong chương 7, nuance #3:

Văn hoá Nhật chương 7, sắc thái #3:', NULL, NULL, 'Chi tiết xem trong LyThuyet chương 7.', 'vocab', 1, 'system', TRUE, FALSE, NOW(), 'system') ON CONFLICT (id) DO UPDATE SET question_type = EXCLUDED.question_type, content_type = EXCLUDED.content_type, level = EXCLUDED.level, question = EXCLUDED.question, passage = EXCLUDED.passage, passage_translation = EXCLUDED.passage_translation, general_explanation = EXCLUDED.general_explanation, skill_category = EXCLUDED.skill_category, is_active = EXCLUDED.is_active, is_deleted = EXCLUDED.is_deleted, updated_at = NOW(), updated_by = 'system';
DELETE FROM questions_answers WHERE question_id = 811710033;
INSERT INTO questions_answers (question_id, sentence, sentence_translation, is_correct, "order") VALUES (811710033, 'Cách tiếp cận tinh tế phù hợp văn hoá Nhật (đã giải thích trong LyThuyet)', 'Cách tiếp cận tinh tế phù hợp văn hoá Nhật (đã giải thích trong LyThuyet)', TRUE, 1);
INSERT INTO questions_answers (question_id, sentence, sentence_translation, is_correct, "order") VALUES (811710033, 'Cách tiếp cận thẳng thắn theo style phương Tây', 'Cách tiếp cận thẳng thắn theo style phương Tây', FALSE, 2);
INSERT INTO questions_answers (question_id, sentence, sentence_translation, is_correct, "order") VALUES (811710033, 'Im lặng là tốt nhất', 'Im lặng là tốt nhất', FALSE, 3);
INSERT INTO questions_answers (question_id, sentence, sentence_translation, is_correct, "order") VALUES (811710033, 'Không có sự khác biệt văn hoá', 'Không có sự khác biệt văn hoá', FALSE, 4);
INSERT INTO questions (id, user_id, is_system, is_khoa_cu, question_type, content_type, level, selection_type, question, passage, passage_translation, general_explanation, skill_category, base_difficulty, tenant_id, is_active, is_deleted, created_at, created_by) VALUES (811710034, NULL, TRUE, FALSE, 'chon_dap_an', 'jisshusei_baitap_t07_matsuri_seikatsu', 'N4', 'single', 'Văn hoá Nhật trong chương 7, nuance #4:

Văn hoá Nhật chương 7, sắc thái #4:', NULL, NULL, 'Chi tiết xem trong LyThuyet chương 7.', 'vocab', 1, 'system', TRUE, FALSE, NOW(), 'system') ON CONFLICT (id) DO UPDATE SET question_type = EXCLUDED.question_type, content_type = EXCLUDED.content_type, level = EXCLUDED.level, question = EXCLUDED.question, passage = EXCLUDED.passage, passage_translation = EXCLUDED.passage_translation, general_explanation = EXCLUDED.general_explanation, skill_category = EXCLUDED.skill_category, is_active = EXCLUDED.is_active, is_deleted = EXCLUDED.is_deleted, updated_at = NOW(), updated_by = 'system';
DELETE FROM questions_answers WHERE question_id = 811710034;
INSERT INTO questions_answers (question_id, sentence, sentence_translation, is_correct, "order") VALUES (811710034, 'Cách tiếp cận tinh tế phù hợp văn hoá Nhật (đã giải thích trong LyThuyet)', 'Cách tiếp cận tinh tế phù hợp văn hoá Nhật (đã giải thích trong LyThuyet)', TRUE, 1);
INSERT INTO questions_answers (question_id, sentence, sentence_translation, is_correct, "order") VALUES (811710034, 'Cách tiếp cận thẳng thắn theo style phương Tây', 'Cách tiếp cận thẳng thắn theo style phương Tây', FALSE, 2);
INSERT INTO questions_answers (question_id, sentence, sentence_translation, is_correct, "order") VALUES (811710034, 'Im lặng là tốt nhất', 'Im lặng là tốt nhất', FALSE, 3);
INSERT INTO questions_answers (question_id, sentence, sentence_translation, is_correct, "order") VALUES (811710034, 'Không có sự khác biệt văn hoá', 'Không có sự khác biệt văn hoá', FALSE, 4);
INSERT INTO questions (id, user_id, is_system, is_khoa_cu, question_type, content_type, level, selection_type, question, passage, passage_translation, general_explanation, skill_category, base_difficulty, tenant_id, is_active, is_deleted, created_at, created_by) VALUES (811710035, NULL, TRUE, FALSE, 'chon_dap_an', 'jisshusei_baitap_t07_matsuri_seikatsu', 'N4', 'single', 'Văn hoá Nhật trong chương 7, nuance #5:

Văn hoá Nhật chương 7, sắc thái #5:', NULL, NULL, 'Chi tiết xem trong LyThuyet chương 7.', 'vocab', 1, 'system', TRUE, FALSE, NOW(), 'system') ON CONFLICT (id) DO UPDATE SET question_type = EXCLUDED.question_type, content_type = EXCLUDED.content_type, level = EXCLUDED.level, question = EXCLUDED.question, passage = EXCLUDED.passage, passage_translation = EXCLUDED.passage_translation, general_explanation = EXCLUDED.general_explanation, skill_category = EXCLUDED.skill_category, is_active = EXCLUDED.is_active, is_deleted = EXCLUDED.is_deleted, updated_at = NOW(), updated_by = 'system';
DELETE FROM questions_answers WHERE question_id = 811710035;
INSERT INTO questions_answers (question_id, sentence, sentence_translation, is_correct, "order") VALUES (811710035, 'Cách tiếp cận tinh tế phù hợp văn hoá Nhật (đã giải thích trong LyThuyet)', 'Cách tiếp cận tinh tế phù hợp văn hoá Nhật (đã giải thích trong LyThuyet)', TRUE, 1);
INSERT INTO questions_answers (question_id, sentence, sentence_translation, is_correct, "order") VALUES (811710035, 'Cách tiếp cận thẳng thắn theo style phương Tây', 'Cách tiếp cận thẳng thắn theo style phương Tây', FALSE, 2);
INSERT INTO questions_answers (question_id, sentence, sentence_translation, is_correct, "order") VALUES (811710035, 'Im lặng là tốt nhất', 'Im lặng là tốt nhất', FALSE, 3);
INSERT INTO questions_answers (question_id, sentence, sentence_translation, is_correct, "order") VALUES (811710035, 'Không có sự khác biệt văn hoá', 'Không có sự khác biệt văn hoá', FALSE, 4);
INSERT INTO questions (id, user_id, is_system, is_khoa_cu, question_type, content_type, level, selection_type, question, passage, passage_translation, general_explanation, skill_category, base_difficulty, tenant_id, is_active, is_deleted, created_at, created_by) VALUES (811710036, NULL, TRUE, FALSE, 'chon_dap_an', 'jisshusei_baitap_t07_matsuri_seikatsu', 'N4', 'single', 'Văn hoá Nhật trong chương 7, nuance #6:

Văn hoá Nhật chương 7, sắc thái #6:', NULL, NULL, 'Chi tiết xem trong LyThuyet chương 7.', 'vocab', 1, 'system', TRUE, FALSE, NOW(), 'system') ON CONFLICT (id) DO UPDATE SET question_type = EXCLUDED.question_type, content_type = EXCLUDED.content_type, level = EXCLUDED.level, question = EXCLUDED.question, passage = EXCLUDED.passage, passage_translation = EXCLUDED.passage_translation, general_explanation = EXCLUDED.general_explanation, skill_category = EXCLUDED.skill_category, is_active = EXCLUDED.is_active, is_deleted = EXCLUDED.is_deleted, updated_at = NOW(), updated_by = 'system';
DELETE FROM questions_answers WHERE question_id = 811710036;
INSERT INTO questions_answers (question_id, sentence, sentence_translation, is_correct, "order") VALUES (811710036, 'Cách tiếp cận tinh tế phù hợp văn hoá Nhật (đã giải thích trong LyThuyet)', 'Cách tiếp cận tinh tế phù hợp văn hoá Nhật (đã giải thích trong LyThuyet)', TRUE, 1);
INSERT INTO questions_answers (question_id, sentence, sentence_translation, is_correct, "order") VALUES (811710036, 'Cách tiếp cận thẳng thắn theo style phương Tây', 'Cách tiếp cận thẳng thắn theo style phương Tây', FALSE, 2);
INSERT INTO questions_answers (question_id, sentence, sentence_translation, is_correct, "order") VALUES (811710036, 'Im lặng là tốt nhất', 'Im lặng là tốt nhất', FALSE, 3);
INSERT INTO questions_answers (question_id, sentence, sentence_translation, is_correct, "order") VALUES (811710036, 'Không có sự khác biệt văn hoá', 'Không có sự khác biệt văn hoá', FALSE, 4);
INSERT INTO questions (id, user_id, is_system, is_khoa_cu, question_type, content_type, level, selection_type, question, passage, passage_translation, general_explanation, skill_category, base_difficulty, tenant_id, is_active, is_deleted, created_at, created_by) VALUES (811710037, NULL, TRUE, FALSE, 'chon_dap_an', 'jisshusei_baitap_t07_matsuri_seikatsu', 'N4', 'single', 'Văn hoá Nhật trong chương 7, nuance #7:

Văn hoá Nhật chương 7, sắc thái #7:', NULL, NULL, 'Chi tiết xem trong LyThuyet chương 7.', 'vocab', 1, 'system', TRUE, FALSE, NOW(), 'system') ON CONFLICT (id) DO UPDATE SET question_type = EXCLUDED.question_type, content_type = EXCLUDED.content_type, level = EXCLUDED.level, question = EXCLUDED.question, passage = EXCLUDED.passage, passage_translation = EXCLUDED.passage_translation, general_explanation = EXCLUDED.general_explanation, skill_category = EXCLUDED.skill_category, is_active = EXCLUDED.is_active, is_deleted = EXCLUDED.is_deleted, updated_at = NOW(), updated_by = 'system';
DELETE FROM questions_answers WHERE question_id = 811710037;
INSERT INTO questions_answers (question_id, sentence, sentence_translation, is_correct, "order") VALUES (811710037, 'Cách tiếp cận tinh tế phù hợp văn hoá Nhật (đã giải thích trong LyThuyet)', 'Cách tiếp cận tinh tế phù hợp văn hoá Nhật (đã giải thích trong LyThuyet)', TRUE, 1);
INSERT INTO questions_answers (question_id, sentence, sentence_translation, is_correct, "order") VALUES (811710037, 'Cách tiếp cận thẳng thắn theo style phương Tây', 'Cách tiếp cận thẳng thắn theo style phương Tây', FALSE, 2);
INSERT INTO questions_answers (question_id, sentence, sentence_translation, is_correct, "order") VALUES (811710037, 'Im lặng là tốt nhất', 'Im lặng là tốt nhất', FALSE, 3);
INSERT INTO questions_answers (question_id, sentence, sentence_translation, is_correct, "order") VALUES (811710037, 'Không có sự khác biệt văn hoá', 'Không có sự khác biệt văn hoá', FALSE, 4);
INSERT INTO questions (id, user_id, is_system, is_khoa_cu, question_type, content_type, level, selection_type, question, passage, passage_translation, general_explanation, skill_category, base_difficulty, tenant_id, is_active, is_deleted, created_at, created_by) VALUES (811710038, NULL, TRUE, FALSE, 'chon_dap_an', 'jisshusei_baitap_t07_matsuri_seikatsu', 'N4', 'single', 'Văn hoá Nhật trong chương 7, nuance #8:

Văn hoá Nhật chương 7, sắc thái #8:', NULL, NULL, 'Chi tiết xem trong LyThuyet chương 7.', 'vocab', 1, 'system', TRUE, FALSE, NOW(), 'system') ON CONFLICT (id) DO UPDATE SET question_type = EXCLUDED.question_type, content_type = EXCLUDED.content_type, level = EXCLUDED.level, question = EXCLUDED.question, passage = EXCLUDED.passage, passage_translation = EXCLUDED.passage_translation, general_explanation = EXCLUDED.general_explanation, skill_category = EXCLUDED.skill_category, is_active = EXCLUDED.is_active, is_deleted = EXCLUDED.is_deleted, updated_at = NOW(), updated_by = 'system';
DELETE FROM questions_answers WHERE question_id = 811710038;
INSERT INTO questions_answers (question_id, sentence, sentence_translation, is_correct, "order") VALUES (811710038, 'Cách tiếp cận tinh tế phù hợp văn hoá Nhật (đã giải thích trong LyThuyet)', 'Cách tiếp cận tinh tế phù hợp văn hoá Nhật (đã giải thích trong LyThuyet)', TRUE, 1);
INSERT INTO questions_answers (question_id, sentence, sentence_translation, is_correct, "order") VALUES (811710038, 'Cách tiếp cận thẳng thắn theo style phương Tây', 'Cách tiếp cận thẳng thắn theo style phương Tây', FALSE, 2);
INSERT INTO questions_answers (question_id, sentence, sentence_translation, is_correct, "order") VALUES (811710038, 'Im lặng là tốt nhất', 'Im lặng là tốt nhất', FALSE, 3);
INSERT INTO questions_answers (question_id, sentence, sentence_translation, is_correct, "order") VALUES (811710038, 'Không có sự khác biệt văn hoá', 'Không có sự khác biệt văn hoá', FALSE, 4);
INSERT INTO questions (id, user_id, is_system, is_khoa_cu, question_type, content_type, level, selection_type, question, passage, passage_translation, general_explanation, skill_category, base_difficulty, tenant_id, is_active, is_deleted, created_at, created_by) VALUES (811710039, NULL, TRUE, FALSE, 'chon_dap_an', 'jisshusei_baitap_t07_matsuri_seikatsu', 'N4', 'single', 'Văn hoá Nhật trong chương 7, nuance #9:

Văn hoá Nhật chương 7, sắc thái #9:', NULL, NULL, 'Chi tiết xem trong LyThuyet chương 7.', 'vocab', 1, 'system', TRUE, FALSE, NOW(), 'system') ON CONFLICT (id) DO UPDATE SET question_type = EXCLUDED.question_type, content_type = EXCLUDED.content_type, level = EXCLUDED.level, question = EXCLUDED.question, passage = EXCLUDED.passage, passage_translation = EXCLUDED.passage_translation, general_explanation = EXCLUDED.general_explanation, skill_category = EXCLUDED.skill_category, is_active = EXCLUDED.is_active, is_deleted = EXCLUDED.is_deleted, updated_at = NOW(), updated_by = 'system';
DELETE FROM questions_answers WHERE question_id = 811710039;
INSERT INTO questions_answers (question_id, sentence, sentence_translation, is_correct, "order") VALUES (811710039, 'Cách tiếp cận tinh tế phù hợp văn hoá Nhật (đã giải thích trong LyThuyet)', 'Cách tiếp cận tinh tế phù hợp văn hoá Nhật (đã giải thích trong LyThuyet)', TRUE, 1);
INSERT INTO questions_answers (question_id, sentence, sentence_translation, is_correct, "order") VALUES (811710039, 'Cách tiếp cận thẳng thắn theo style phương Tây', 'Cách tiếp cận thẳng thắn theo style phương Tây', FALSE, 2);
INSERT INTO questions_answers (question_id, sentence, sentence_translation, is_correct, "order") VALUES (811710039, 'Im lặng là tốt nhất', 'Im lặng là tốt nhất', FALSE, 3);
INSERT INTO questions_answers (question_id, sentence, sentence_translation, is_correct, "order") VALUES (811710039, 'Không có sự khác biệt văn hoá', 'Không có sự khác biệt văn hoá', FALSE, 4);
INSERT INTO questions (id, user_id, is_system, is_khoa_cu, question_type, content_type, level, selection_type, question, passage, passage_translation, general_explanation, skill_category, base_difficulty, tenant_id, is_active, is_deleted, created_at, created_by) VALUES (811710040, NULL, TRUE, FALSE, 'chon_dap_an', 'jisshusei_baitap_t07_matsuri_seikatsu', 'N4', 'single', 'Văn hoá Nhật trong chương 7, nuance #10:

Văn hoá Nhật chương 7, sắc thái #10:', NULL, NULL, 'Chi tiết xem trong LyThuyet chương 7.', 'vocab', 1, 'system', TRUE, FALSE, NOW(), 'system') ON CONFLICT (id) DO UPDATE SET question_type = EXCLUDED.question_type, content_type = EXCLUDED.content_type, level = EXCLUDED.level, question = EXCLUDED.question, passage = EXCLUDED.passage, passage_translation = EXCLUDED.passage_translation, general_explanation = EXCLUDED.general_explanation, skill_category = EXCLUDED.skill_category, is_active = EXCLUDED.is_active, is_deleted = EXCLUDED.is_deleted, updated_at = NOW(), updated_by = 'system';
DELETE FROM questions_answers WHERE question_id = 811710040;
INSERT INTO questions_answers (question_id, sentence, sentence_translation, is_correct, "order") VALUES (811710040, 'Cách tiếp cận tinh tế phù hợp văn hoá Nhật (đã giải thích trong LyThuyet)', 'Cách tiếp cận tinh tế phù hợp văn hoá Nhật (đã giải thích trong LyThuyet)', TRUE, 1);
INSERT INTO questions_answers (question_id, sentence, sentence_translation, is_correct, "order") VALUES (811710040, 'Cách tiếp cận thẳng thắn theo style phương Tây', 'Cách tiếp cận thẳng thắn theo style phương Tây', FALSE, 2);
INSERT INTO questions_answers (question_id, sentence, sentence_translation, is_correct, "order") VALUES (811710040, 'Im lặng là tốt nhất', 'Im lặng là tốt nhất', FALSE, 3);
INSERT INTO questions_answers (question_id, sentence, sentence_translation, is_correct, "order") VALUES (811710040, 'Không có sự khác biệt văn hoá', 'Không có sự khác biệt văn hoá', FALSE, 4);

INSERT INTO study_question_sets (id, name, description, set_type, card_count, tenant_id, is_active, is_deleted, created_at, created_by) VALUES (8110711, 'T7. Mùa thu — Lễ hội & Đời sống — Bài tập Level 1', 'Bài tập trắc nghiệm — Level 1: N5', 'practice', 10, 'system', TRUE, FALSE, NOW(), 'system') ON CONFLICT (id) DO UPDATE SET name = EXCLUDED.name, description = EXCLUDED.description, set_type = EXCLUDED.set_type, card_count = EXCLUDED.card_count, is_active = EXCLUDED.is_active, is_deleted = EXCLUDED.is_deleted, updated_at = NOW(), updated_by = 'system';
INSERT INTO study_question_set_questions (study_question_set_id, question_id, order_index, tenant_id, is_deleted, created_at, created_by) VALUES (8110711, 811710001, 1, 'system', FALSE, NOW(), 'system') ON CONFLICT (study_question_set_id, question_id) DO UPDATE SET order_index = EXCLUDED.order_index, is_deleted = FALSE;
INSERT INTO study_question_set_questions (study_question_set_id, question_id, order_index, tenant_id, is_deleted, created_at, created_by) VALUES (8110711, 811710002, 2, 'system', FALSE, NOW(), 'system') ON CONFLICT (study_question_set_id, question_id) DO UPDATE SET order_index = EXCLUDED.order_index, is_deleted = FALSE;
INSERT INTO study_question_set_questions (study_question_set_id, question_id, order_index, tenant_id, is_deleted, created_at, created_by) VALUES (8110711, 811710003, 3, 'system', FALSE, NOW(), 'system') ON CONFLICT (study_question_set_id, question_id) DO UPDATE SET order_index = EXCLUDED.order_index, is_deleted = FALSE;
INSERT INTO study_question_set_questions (study_question_set_id, question_id, order_index, tenant_id, is_deleted, created_at, created_by) VALUES (8110711, 811710004, 4, 'system', FALSE, NOW(), 'system') ON CONFLICT (study_question_set_id, question_id) DO UPDATE SET order_index = EXCLUDED.order_index, is_deleted = FALSE;
INSERT INTO study_question_set_questions (study_question_set_id, question_id, order_index, tenant_id, is_deleted, created_at, created_by) VALUES (8110711, 811710005, 5, 'system', FALSE, NOW(), 'system') ON CONFLICT (study_question_set_id, question_id) DO UPDATE SET order_index = EXCLUDED.order_index, is_deleted = FALSE;
INSERT INTO study_question_set_questions (study_question_set_id, question_id, order_index, tenant_id, is_deleted, created_at, created_by) VALUES (8110711, 811710006, 6, 'system', FALSE, NOW(), 'system') ON CONFLICT (study_question_set_id, question_id) DO UPDATE SET order_index = EXCLUDED.order_index, is_deleted = FALSE;
INSERT INTO study_question_set_questions (study_question_set_id, question_id, order_index, tenant_id, is_deleted, created_at, created_by) VALUES (8110711, 811710007, 7, 'system', FALSE, NOW(), 'system') ON CONFLICT (study_question_set_id, question_id) DO UPDATE SET order_index = EXCLUDED.order_index, is_deleted = FALSE;
INSERT INTO study_question_set_questions (study_question_set_id, question_id, order_index, tenant_id, is_deleted, created_at, created_by) VALUES (8110711, 811710008, 8, 'system', FALSE, NOW(), 'system') ON CONFLICT (study_question_set_id, question_id) DO UPDATE SET order_index = EXCLUDED.order_index, is_deleted = FALSE;
INSERT INTO study_question_set_questions (study_question_set_id, question_id, order_index, tenant_id, is_deleted, created_at, created_by) VALUES (8110711, 811710009, 9, 'system', FALSE, NOW(), 'system') ON CONFLICT (study_question_set_id, question_id) DO UPDATE SET order_index = EXCLUDED.order_index, is_deleted = FALSE;
INSERT INTO study_question_set_questions (study_question_set_id, question_id, order_index, tenant_id, is_deleted, created_at, created_by) VALUES (8110711, 811710010, 10, 'system', FALSE, NOW(), 'system') ON CONFLICT (study_question_set_id, question_id) DO UPDATE SET order_index = EXCLUDED.order_index, is_deleted = FALSE;
INSERT INTO study_resource_question_sets (resource_type, resource_id, study_question_set_id, position, context, tenant_id, is_active, is_deleted, created_at, created_by) VALUES ('module', 8011007, 8110711, 1, '{"label": "T7. Mùa thu — Lễ hội & Đời sống — Bài tập Level 1"}'::jsonb, 'system', TRUE, FALSE, NOW(), 'system') ON CONFLICT (resource_type, resource_id, study_question_set_id) DO UPDATE SET position = EXCLUDED.position, context = EXCLUDED.context, is_active = TRUE, is_deleted = FALSE;

INSERT INTO study_question_sets (id, name, description, set_type, card_count, tenant_id, is_active, is_deleted, created_at, created_by) VALUES (8110712, 'T7. Mùa thu — Lễ hội & Đời sống — Bài tập Level 2', 'Bài tập trắc nghiệm — Level 2: N5', 'practice', 10, 'system', TRUE, FALSE, NOW(), 'system') ON CONFLICT (id) DO UPDATE SET name = EXCLUDED.name, description = EXCLUDED.description, set_type = EXCLUDED.set_type, card_count = EXCLUDED.card_count, is_active = EXCLUDED.is_active, is_deleted = EXCLUDED.is_deleted, updated_at = NOW(), updated_by = 'system';
INSERT INTO study_question_set_questions (study_question_set_id, question_id, order_index, tenant_id, is_deleted, created_at, created_by) VALUES (8110712, 811710011, 1, 'system', FALSE, NOW(), 'system') ON CONFLICT (study_question_set_id, question_id) DO UPDATE SET order_index = EXCLUDED.order_index, is_deleted = FALSE;
INSERT INTO study_question_set_questions (study_question_set_id, question_id, order_index, tenant_id, is_deleted, created_at, created_by) VALUES (8110712, 811710012, 2, 'system', FALSE, NOW(), 'system') ON CONFLICT (study_question_set_id, question_id) DO UPDATE SET order_index = EXCLUDED.order_index, is_deleted = FALSE;
INSERT INTO study_question_set_questions (study_question_set_id, question_id, order_index, tenant_id, is_deleted, created_at, created_by) VALUES (8110712, 811710013, 3, 'system', FALSE, NOW(), 'system') ON CONFLICT (study_question_set_id, question_id) DO UPDATE SET order_index = EXCLUDED.order_index, is_deleted = FALSE;
INSERT INTO study_question_set_questions (study_question_set_id, question_id, order_index, tenant_id, is_deleted, created_at, created_by) VALUES (8110712, 811710014, 4, 'system', FALSE, NOW(), 'system') ON CONFLICT (study_question_set_id, question_id) DO UPDATE SET order_index = EXCLUDED.order_index, is_deleted = FALSE;
INSERT INTO study_question_set_questions (study_question_set_id, question_id, order_index, tenant_id, is_deleted, created_at, created_by) VALUES (8110712, 811710015, 5, 'system', FALSE, NOW(), 'system') ON CONFLICT (study_question_set_id, question_id) DO UPDATE SET order_index = EXCLUDED.order_index, is_deleted = FALSE;
INSERT INTO study_question_set_questions (study_question_set_id, question_id, order_index, tenant_id, is_deleted, created_at, created_by) VALUES (8110712, 811710016, 6, 'system', FALSE, NOW(), 'system') ON CONFLICT (study_question_set_id, question_id) DO UPDATE SET order_index = EXCLUDED.order_index, is_deleted = FALSE;
INSERT INTO study_question_set_questions (study_question_set_id, question_id, order_index, tenant_id, is_deleted, created_at, created_by) VALUES (8110712, 811710017, 7, 'system', FALSE, NOW(), 'system') ON CONFLICT (study_question_set_id, question_id) DO UPDATE SET order_index = EXCLUDED.order_index, is_deleted = FALSE;
INSERT INTO study_question_set_questions (study_question_set_id, question_id, order_index, tenant_id, is_deleted, created_at, created_by) VALUES (8110712, 811710018, 8, 'system', FALSE, NOW(), 'system') ON CONFLICT (study_question_set_id, question_id) DO UPDATE SET order_index = EXCLUDED.order_index, is_deleted = FALSE;
INSERT INTO study_question_set_questions (study_question_set_id, question_id, order_index, tenant_id, is_deleted, created_at, created_by) VALUES (8110712, 811710019, 9, 'system', FALSE, NOW(), 'system') ON CONFLICT (study_question_set_id, question_id) DO UPDATE SET order_index = EXCLUDED.order_index, is_deleted = FALSE;
INSERT INTO study_question_set_questions (study_question_set_id, question_id, order_index, tenant_id, is_deleted, created_at, created_by) VALUES (8110712, 811710020, 10, 'system', FALSE, NOW(), 'system') ON CONFLICT (study_question_set_id, question_id) DO UPDATE SET order_index = EXCLUDED.order_index, is_deleted = FALSE;
INSERT INTO study_resource_question_sets (resource_type, resource_id, study_question_set_id, position, context, tenant_id, is_active, is_deleted, created_at, created_by) VALUES ('module', 8011007, 8110712, 2, '{"label": "T7. Mùa thu — Lễ hội & Đời sống — Bài tập Level 2"}'::jsonb, 'system', TRUE, FALSE, NOW(), 'system') ON CONFLICT (resource_type, resource_id, study_question_set_id) DO UPDATE SET position = EXCLUDED.position, context = EXCLUDED.context, is_active = TRUE, is_deleted = FALSE;

INSERT INTO study_question_sets (id, name, description, set_type, card_count, tenant_id, is_active, is_deleted, created_at, created_by) VALUES (8110713, 'T7. Mùa thu — Lễ hội & Đời sống — Bài tập Level 3', 'Bài tập trắc nghiệm — Level 3: N4', 'practice', 10, 'system', TRUE, FALSE, NOW(), 'system') ON CONFLICT (id) DO UPDATE SET name = EXCLUDED.name, description = EXCLUDED.description, set_type = EXCLUDED.set_type, card_count = EXCLUDED.card_count, is_active = EXCLUDED.is_active, is_deleted = EXCLUDED.is_deleted, updated_at = NOW(), updated_by = 'system';
INSERT INTO study_question_set_questions (study_question_set_id, question_id, order_index, tenant_id, is_deleted, created_at, created_by) VALUES (8110713, 811710021, 1, 'system', FALSE, NOW(), 'system') ON CONFLICT (study_question_set_id, question_id) DO UPDATE SET order_index = EXCLUDED.order_index, is_deleted = FALSE;
INSERT INTO study_question_set_questions (study_question_set_id, question_id, order_index, tenant_id, is_deleted, created_at, created_by) VALUES (8110713, 811710022, 2, 'system', FALSE, NOW(), 'system') ON CONFLICT (study_question_set_id, question_id) DO UPDATE SET order_index = EXCLUDED.order_index, is_deleted = FALSE;
INSERT INTO study_question_set_questions (study_question_set_id, question_id, order_index, tenant_id, is_deleted, created_at, created_by) VALUES (8110713, 811710023, 3, 'system', FALSE, NOW(), 'system') ON CONFLICT (study_question_set_id, question_id) DO UPDATE SET order_index = EXCLUDED.order_index, is_deleted = FALSE;
INSERT INTO study_question_set_questions (study_question_set_id, question_id, order_index, tenant_id, is_deleted, created_at, created_by) VALUES (8110713, 811710024, 4, 'system', FALSE, NOW(), 'system') ON CONFLICT (study_question_set_id, question_id) DO UPDATE SET order_index = EXCLUDED.order_index, is_deleted = FALSE;
INSERT INTO study_question_set_questions (study_question_set_id, question_id, order_index, tenant_id, is_deleted, created_at, created_by) VALUES (8110713, 811710025, 5, 'system', FALSE, NOW(), 'system') ON CONFLICT (study_question_set_id, question_id) DO UPDATE SET order_index = EXCLUDED.order_index, is_deleted = FALSE;
INSERT INTO study_question_set_questions (study_question_set_id, question_id, order_index, tenant_id, is_deleted, created_at, created_by) VALUES (8110713, 811710026, 6, 'system', FALSE, NOW(), 'system') ON CONFLICT (study_question_set_id, question_id) DO UPDATE SET order_index = EXCLUDED.order_index, is_deleted = FALSE;
INSERT INTO study_question_set_questions (study_question_set_id, question_id, order_index, tenant_id, is_deleted, created_at, created_by) VALUES (8110713, 811710027, 7, 'system', FALSE, NOW(), 'system') ON CONFLICT (study_question_set_id, question_id) DO UPDATE SET order_index = EXCLUDED.order_index, is_deleted = FALSE;
INSERT INTO study_question_set_questions (study_question_set_id, question_id, order_index, tenant_id, is_deleted, created_at, created_by) VALUES (8110713, 811710028, 8, 'system', FALSE, NOW(), 'system') ON CONFLICT (study_question_set_id, question_id) DO UPDATE SET order_index = EXCLUDED.order_index, is_deleted = FALSE;
INSERT INTO study_question_set_questions (study_question_set_id, question_id, order_index, tenant_id, is_deleted, created_at, created_by) VALUES (8110713, 811710029, 9, 'system', FALSE, NOW(), 'system') ON CONFLICT (study_question_set_id, question_id) DO UPDATE SET order_index = EXCLUDED.order_index, is_deleted = FALSE;
INSERT INTO study_question_set_questions (study_question_set_id, question_id, order_index, tenant_id, is_deleted, created_at, created_by) VALUES (8110713, 811710030, 10, 'system', FALSE, NOW(), 'system') ON CONFLICT (study_question_set_id, question_id) DO UPDATE SET order_index = EXCLUDED.order_index, is_deleted = FALSE;
INSERT INTO study_resource_question_sets (resource_type, resource_id, study_question_set_id, position, context, tenant_id, is_active, is_deleted, created_at, created_by) VALUES ('module', 8011007, 8110713, 3, '{"label": "T7. Mùa thu — Lễ hội & Đời sống — Bài tập Level 3"}'::jsonb, 'system', TRUE, FALSE, NOW(), 'system') ON CONFLICT (resource_type, resource_id, study_question_set_id) DO UPDATE SET position = EXCLUDED.position, context = EXCLUDED.context, is_active = TRUE, is_deleted = FALSE;

INSERT INTO study_question_sets (id, name, description, set_type, card_count, tenant_id, is_active, is_deleted, created_at, created_by) VALUES (8110714, 'T7. Mùa thu — Lễ hội & Đời sống — Bài tập Level 4', 'Bài tập trắc nghiệm — Level 4: N4', 'practice', 10, 'system', TRUE, FALSE, NOW(), 'system') ON CONFLICT (id) DO UPDATE SET name = EXCLUDED.name, description = EXCLUDED.description, set_type = EXCLUDED.set_type, card_count = EXCLUDED.card_count, is_active = EXCLUDED.is_active, is_deleted = EXCLUDED.is_deleted, updated_at = NOW(), updated_by = 'system';
INSERT INTO study_question_set_questions (study_question_set_id, question_id, order_index, tenant_id, is_deleted, created_at, created_by) VALUES (8110714, 811710031, 1, 'system', FALSE, NOW(), 'system') ON CONFLICT (study_question_set_id, question_id) DO UPDATE SET order_index = EXCLUDED.order_index, is_deleted = FALSE;
INSERT INTO study_question_set_questions (study_question_set_id, question_id, order_index, tenant_id, is_deleted, created_at, created_by) VALUES (8110714, 811710032, 2, 'system', FALSE, NOW(), 'system') ON CONFLICT (study_question_set_id, question_id) DO UPDATE SET order_index = EXCLUDED.order_index, is_deleted = FALSE;
INSERT INTO study_question_set_questions (study_question_set_id, question_id, order_index, tenant_id, is_deleted, created_at, created_by) VALUES (8110714, 811710033, 3, 'system', FALSE, NOW(), 'system') ON CONFLICT (study_question_set_id, question_id) DO UPDATE SET order_index = EXCLUDED.order_index, is_deleted = FALSE;
INSERT INTO study_question_set_questions (study_question_set_id, question_id, order_index, tenant_id, is_deleted, created_at, created_by) VALUES (8110714, 811710034, 4, 'system', FALSE, NOW(), 'system') ON CONFLICT (study_question_set_id, question_id) DO UPDATE SET order_index = EXCLUDED.order_index, is_deleted = FALSE;
INSERT INTO study_question_set_questions (study_question_set_id, question_id, order_index, tenant_id, is_deleted, created_at, created_by) VALUES (8110714, 811710035, 5, 'system', FALSE, NOW(), 'system') ON CONFLICT (study_question_set_id, question_id) DO UPDATE SET order_index = EXCLUDED.order_index, is_deleted = FALSE;
INSERT INTO study_question_set_questions (study_question_set_id, question_id, order_index, tenant_id, is_deleted, created_at, created_by) VALUES (8110714, 811710036, 6, 'system', FALSE, NOW(), 'system') ON CONFLICT (study_question_set_id, question_id) DO UPDATE SET order_index = EXCLUDED.order_index, is_deleted = FALSE;
INSERT INTO study_question_set_questions (study_question_set_id, question_id, order_index, tenant_id, is_deleted, created_at, created_by) VALUES (8110714, 811710037, 7, 'system', FALSE, NOW(), 'system') ON CONFLICT (study_question_set_id, question_id) DO UPDATE SET order_index = EXCLUDED.order_index, is_deleted = FALSE;
INSERT INTO study_question_set_questions (study_question_set_id, question_id, order_index, tenant_id, is_deleted, created_at, created_by) VALUES (8110714, 811710038, 8, 'system', FALSE, NOW(), 'system') ON CONFLICT (study_question_set_id, question_id) DO UPDATE SET order_index = EXCLUDED.order_index, is_deleted = FALSE;
INSERT INTO study_question_set_questions (study_question_set_id, question_id, order_index, tenant_id, is_deleted, created_at, created_by) VALUES (8110714, 811710039, 9, 'system', FALSE, NOW(), 'system') ON CONFLICT (study_question_set_id, question_id) DO UPDATE SET order_index = EXCLUDED.order_index, is_deleted = FALSE;
INSERT INTO study_question_set_questions (study_question_set_id, question_id, order_index, tenant_id, is_deleted, created_at, created_by) VALUES (8110714, 811710040, 10, 'system', FALSE, NOW(), 'system') ON CONFLICT (study_question_set_id, question_id) DO UPDATE SET order_index = EXCLUDED.order_index, is_deleted = FALSE;
INSERT INTO study_resource_question_sets (resource_type, resource_id, study_question_set_id, position, context, tenant_id, is_active, is_deleted, created_at, created_by) VALUES ('module', 8011007, 8110714, 4, '{"label": "T7. Mùa thu — Lễ hội & Đời sống — Bài tập Level 4"}'::jsonb, 'system', TRUE, FALSE, NOW(), 'system') ON CONFLICT (resource_type, resource_id, study_question_set_id) DO UPDATE SET position = EXCLUDED.position, context = EXCLUDED.context, is_active = TRUE, is_deleted = FALSE;

-- Mogishiken: t07_matsuri_seikatsu (5 passages, 20 questions)
INSERT INTO reading_passages (id, user_id, is_system, is_public, title, content, translation, jlpt_level, category, difficulty, word_count, tenant_id, is_active, is_deleted, created_at, created_by) VALUES (81107001, NULL, TRUE, TRUE, '秋祭りと暮らし — プロセスシート 1', 'これは 秋祭りと暮らし の プロセスシート です。Casual JP + Saitama dialect + yuukyuu + 給与明細 に関する内容を含みます。実習生が業務中に必要な情報をまとめています。詳細は工場のマニュアルを参照してください。', 'Đây là Bảng quy trình của T7. Mùa thu — Lễ hội & Đời sống. Bao gồm nội dung liên quan đến Casual JP + Saitama dialect + yuukyuu + 給与明細. Tổng hợp thông tin thực tập sinh cần biết khi làm việc. Chi tiết xem sổ tay nhà máy.', 'N4', 'notice', 3, 150, 'system', TRUE, FALSE, NOW(), 'system') ON CONFLICT (id) DO UPDATE SET title = EXCLUDED.title, content = EXCLUDED.content, translation = EXCLUDED.translation, jlpt_level = EXCLUDED.jlpt_level, category = EXCLUDED.category, difficulty = EXCLUDED.difficulty, word_count = EXCLUDED.word_count, is_active = EXCLUDED.is_active, is_deleted = EXCLUDED.is_deleted, updated_at = NOW(), updated_by = 'system';
INSERT INTO reading_passages (id, user_id, is_system, is_public, title, content, translation, jlpt_level, category, difficulty, word_count, tenant_id, is_active, is_deleted, created_at, created_by) VALUES (81107002, NULL, TRUE, TRUE, '秋祭りと暮らし — マニュアル 2', 'これは 秋祭りと暮らし の マニュアル です。Casual JP + Saitama dialect + yuukyuu + 給与明細 に関する内容を含みます。実習生が業務中に必要な情報をまとめています。詳細は工場のマニュアルを参照してください。', 'Đây là Sổ tay hướng dẫn của T7. Mùa thu — Lễ hội & Đời sống. Bao gồm nội dung liên quan đến Casual JP + Saitama dialect + yuukyuu + 給与明細. Tổng hợp thông tin thực tập sinh cần biết khi làm việc. Chi tiết xem sổ tay nhà máy.', 'N4', 'notice', 3, 150, 'system', TRUE, FALSE, NOW(), 'system') ON CONFLICT (id) DO UPDATE SET title = EXCLUDED.title, content = EXCLUDED.content, translation = EXCLUDED.translation, jlpt_level = EXCLUDED.jlpt_level, category = EXCLUDED.category, difficulty = EXCLUDED.difficulty, word_count = EXCLUDED.word_count, is_active = EXCLUDED.is_active, is_deleted = EXCLUDED.is_deleted, updated_at = NOW(), updated_by = 'system';
INSERT INTO reading_passages (id, user_id, is_system, is_public, title, content, translation, jlpt_level, category, difficulty, word_count, tenant_id, is_active, is_deleted, created_at, created_by) VALUES (81107003, NULL, TRUE, TRUE, '秋祭りと暮らし — 報告書 3', 'これは 秋祭りと暮らし の 報告書 です。Casual JP + Saitama dialect + yuukyuu + 給与明細 に関する内容を含みます。実習生が業務中に必要な情報をまとめています。詳細は工場のマニュアルを参照してください。', 'Đây là Báo cáo của T7. Mùa thu — Lễ hội & Đời sống. Bao gồm nội dung liên quan đến Casual JP + Saitama dialect + yuukyuu + 給与明細. Tổng hợp thông tin thực tập sinh cần biết khi làm việc. Chi tiết xem sổ tay nhà máy.', 'N4', 'notice', 3, 150, 'system', TRUE, FALSE, NOW(), 'system') ON CONFLICT (id) DO UPDATE SET title = EXCLUDED.title, content = EXCLUDED.content, translation = EXCLUDED.translation, jlpt_level = EXCLUDED.jlpt_level, category = EXCLUDED.category, difficulty = EXCLUDED.difficulty, word_count = EXCLUDED.word_count, is_active = EXCLUDED.is_active, is_deleted = EXCLUDED.is_deleted, updated_at = NOW(), updated_by = 'system';
INSERT INTO reading_passages (id, user_id, is_system, is_public, title, content, translation, jlpt_level, category, difficulty, word_count, tenant_id, is_active, is_deleted, created_at, created_by) VALUES (81107004, NULL, TRUE, TRUE, '秋祭りと暮らし — 通知 4', 'これは 秋祭りと暮らし の 通知 です。Casual JP + Saitama dialect + yuukyuu + 給与明細 に関する内容を含みます。実習生が業務中に必要な情報をまとめています。詳細は工場のマニュアルを参照してください。', 'Đây là Thông báo của T7. Mùa thu — Lễ hội & Đời sống. Bao gồm nội dung liên quan đến Casual JP + Saitama dialect + yuukyuu + 給与明細. Tổng hợp thông tin thực tập sinh cần biết khi làm việc. Chi tiết xem sổ tay nhà máy.', 'N4', 'notice', 3, 150, 'system', TRUE, FALSE, NOW(), 'system') ON CONFLICT (id) DO UPDATE SET title = EXCLUDED.title, content = EXCLUDED.content, translation = EXCLUDED.translation, jlpt_level = EXCLUDED.jlpt_level, category = EXCLUDED.category, difficulty = EXCLUDED.difficulty, word_count = EXCLUDED.word_count, is_active = EXCLUDED.is_active, is_deleted = EXCLUDED.is_deleted, updated_at = NOW(), updated_by = 'system';
INSERT INTO reading_passages (id, user_id, is_system, is_public, title, content, translation, jlpt_level, category, difficulty, word_count, tenant_id, is_active, is_deleted, created_at, created_by) VALUES (81107005, NULL, TRUE, TRUE, '秋祭りと暮らし — チェックリスト 5', 'これは 秋祭りと暮らし の チェックリスト です。Casual JP + Saitama dialect + yuukyuu + 給与明細 に関する内容を含みます。実習生が業務中に必要な情報をまとめています。詳細は工場のマニュアルを参照してください。', 'Đây là Danh mục kiểm tra của T7. Mùa thu — Lễ hội & Đời sống. Bao gồm nội dung liên quan đến Casual JP + Saitama dialect + yuukyuu + 給与明細. Tổng hợp thông tin thực tập sinh cần biết khi làm việc. Chi tiết xem sổ tay nhà máy.', 'N4', 'notice', 3, 150, 'system', TRUE, FALSE, NOW(), 'system') ON CONFLICT (id) DO UPDATE SET title = EXCLUDED.title, content = EXCLUDED.content, translation = EXCLUDED.translation, jlpt_level = EXCLUDED.jlpt_level, category = EXCLUDED.category, difficulty = EXCLUDED.difficulty, word_count = EXCLUDED.word_count, is_active = EXCLUDED.is_active, is_deleted = EXCLUDED.is_deleted, updated_at = NOW(), updated_by = 'system';

INSERT INTO questions (id, user_id, is_system, is_khoa_cu, question_type, content_type, level, selection_type, question, passage, passage_translation, general_explanation, skill_category, base_difficulty, tenant_id, is_active, is_deleted, created_at, created_by) VALUES (811720001, NULL, TRUE, FALSE, 'reading', 'jisshusei_mogishiken_t07_matsuri_seikatsu', 'N4', 'single', 'この プロセスシート の主旨は何ですか? (Q1)

Ý chính của Bảng quy trình này là gì? (Q1)', '81107001', NULL, 'プロセスシート chứa thông tin về Casual JP + Saitama dialect + yuukyuu + 給与明細.', 'dokkai', 1, 'system', TRUE, FALSE, NOW(), 'system') ON CONFLICT (id) DO UPDATE SET question_type = EXCLUDED.question_type, content_type = EXCLUDED.content_type, level = EXCLUDED.level, question = EXCLUDED.question, passage = EXCLUDED.passage, passage_translation = EXCLUDED.passage_translation, general_explanation = EXCLUDED.general_explanation, skill_category = EXCLUDED.skill_category, is_active = EXCLUDED.is_active, is_deleted = EXCLUDED.is_deleted, updated_at = NOW(), updated_by = 'system';
DELETE FROM questions_answers WHERE question_id = 811720001;
INSERT INTO questions_answers (question_id, sentence, sentence_translation, is_correct, "order") VALUES (811720001, 'Casual JP + Saitama dialect + yuukyuu + に関する情報', 'Thông tin liên quan đến Casual JP + Saitama dialect + yuukyuu + ', TRUE, 1);
INSERT INTO questions_answers (question_id, sentence, sentence_translation, is_correct, "order") VALUES (811720001, '工場の歴史', 'Lịch sử nhà máy', FALSE, 2);
INSERT INTO questions_answers (question_id, sentence, sentence_translation, is_correct, "order") VALUES (811720001, '社員の名前リスト', 'Danh sách tên nhân viên', FALSE, 3);
INSERT INTO questions_answers (question_id, sentence, sentence_translation, is_correct, "order") VALUES (811720001, '設備の値段', 'Giá thiết bị', FALSE, 4);
INSERT INTO questions (id, user_id, is_system, is_khoa_cu, question_type, content_type, level, selection_type, question, passage, passage_translation, general_explanation, skill_category, base_difficulty, tenant_id, is_active, is_deleted, created_at, created_by) VALUES (811720002, NULL, TRUE, FALSE, 'reading', 'jisshusei_mogishiken_t07_matsuri_seikatsu', 'N4', 'single', 'この プロセスシート の主旨は何ですか? (Q2)

Ý chính của Bảng quy trình này là gì? (Q2)', '81107001', NULL, 'プロセスシート chứa thông tin về Casual JP + Saitama dialect + yuukyuu + 給与明細.', 'dokkai', 1, 'system', TRUE, FALSE, NOW(), 'system') ON CONFLICT (id) DO UPDATE SET question_type = EXCLUDED.question_type, content_type = EXCLUDED.content_type, level = EXCLUDED.level, question = EXCLUDED.question, passage = EXCLUDED.passage, passage_translation = EXCLUDED.passage_translation, general_explanation = EXCLUDED.general_explanation, skill_category = EXCLUDED.skill_category, is_active = EXCLUDED.is_active, is_deleted = EXCLUDED.is_deleted, updated_at = NOW(), updated_by = 'system';
DELETE FROM questions_answers WHERE question_id = 811720002;
INSERT INTO questions_answers (question_id, sentence, sentence_translation, is_correct, "order") VALUES (811720002, 'Casual JP + Saitama dialect + yuukyuu + に関する情報', 'Thông tin liên quan đến Casual JP + Saitama dialect + yuukyuu + ', TRUE, 1);
INSERT INTO questions_answers (question_id, sentence, sentence_translation, is_correct, "order") VALUES (811720002, '工場の歴史', 'Lịch sử nhà máy', FALSE, 2);
INSERT INTO questions_answers (question_id, sentence, sentence_translation, is_correct, "order") VALUES (811720002, '社員の名前リスト', 'Danh sách tên nhân viên', FALSE, 3);
INSERT INTO questions_answers (question_id, sentence, sentence_translation, is_correct, "order") VALUES (811720002, '設備の値段', 'Giá thiết bị', FALSE, 4);
INSERT INTO questions (id, user_id, is_system, is_khoa_cu, question_type, content_type, level, selection_type, question, passage, passage_translation, general_explanation, skill_category, base_difficulty, tenant_id, is_active, is_deleted, created_at, created_by) VALUES (811720003, NULL, TRUE, FALSE, 'reading', 'jisshusei_mogishiken_t07_matsuri_seikatsu', 'N4', 'single', 'この プロセスシート の主旨は何ですか? (Q3)

Ý chính của Bảng quy trình này là gì? (Q3)', '81107001', NULL, 'プロセスシート chứa thông tin về Casual JP + Saitama dialect + yuukyuu + 給与明細.', 'dokkai', 1, 'system', TRUE, FALSE, NOW(), 'system') ON CONFLICT (id) DO UPDATE SET question_type = EXCLUDED.question_type, content_type = EXCLUDED.content_type, level = EXCLUDED.level, question = EXCLUDED.question, passage = EXCLUDED.passage, passage_translation = EXCLUDED.passage_translation, general_explanation = EXCLUDED.general_explanation, skill_category = EXCLUDED.skill_category, is_active = EXCLUDED.is_active, is_deleted = EXCLUDED.is_deleted, updated_at = NOW(), updated_by = 'system';
DELETE FROM questions_answers WHERE question_id = 811720003;
INSERT INTO questions_answers (question_id, sentence, sentence_translation, is_correct, "order") VALUES (811720003, 'Casual JP + Saitama dialect + yuukyuu + に関する情報', 'Thông tin liên quan đến Casual JP + Saitama dialect + yuukyuu + ', TRUE, 1);
INSERT INTO questions_answers (question_id, sentence, sentence_translation, is_correct, "order") VALUES (811720003, '工場の歴史', 'Lịch sử nhà máy', FALSE, 2);
INSERT INTO questions_answers (question_id, sentence, sentence_translation, is_correct, "order") VALUES (811720003, '社員の名前リスト', 'Danh sách tên nhân viên', FALSE, 3);
INSERT INTO questions_answers (question_id, sentence, sentence_translation, is_correct, "order") VALUES (811720003, '設備の値段', 'Giá thiết bị', FALSE, 4);
INSERT INTO questions (id, user_id, is_system, is_khoa_cu, question_type, content_type, level, selection_type, question, passage, passage_translation, general_explanation, skill_category, base_difficulty, tenant_id, is_active, is_deleted, created_at, created_by) VALUES (811720004, NULL, TRUE, FALSE, 'reading', 'jisshusei_mogishiken_t07_matsuri_seikatsu', 'N4', 'single', 'この プロセスシート の主旨は何ですか? (Q4)

Ý chính của Bảng quy trình này là gì? (Q4)', '81107001', NULL, 'プロセスシート chứa thông tin về Casual JP + Saitama dialect + yuukyuu + 給与明細.', 'dokkai', 1, 'system', TRUE, FALSE, NOW(), 'system') ON CONFLICT (id) DO UPDATE SET question_type = EXCLUDED.question_type, content_type = EXCLUDED.content_type, level = EXCLUDED.level, question = EXCLUDED.question, passage = EXCLUDED.passage, passage_translation = EXCLUDED.passage_translation, general_explanation = EXCLUDED.general_explanation, skill_category = EXCLUDED.skill_category, is_active = EXCLUDED.is_active, is_deleted = EXCLUDED.is_deleted, updated_at = NOW(), updated_by = 'system';
DELETE FROM questions_answers WHERE question_id = 811720004;
INSERT INTO questions_answers (question_id, sentence, sentence_translation, is_correct, "order") VALUES (811720004, 'Casual JP + Saitama dialect + yuukyuu + に関する情報', 'Thông tin liên quan đến Casual JP + Saitama dialect + yuukyuu + ', TRUE, 1);
INSERT INTO questions_answers (question_id, sentence, sentence_translation, is_correct, "order") VALUES (811720004, '工場の歴史', 'Lịch sử nhà máy', FALSE, 2);
INSERT INTO questions_answers (question_id, sentence, sentence_translation, is_correct, "order") VALUES (811720004, '社員の名前リスト', 'Danh sách tên nhân viên', FALSE, 3);
INSERT INTO questions_answers (question_id, sentence, sentence_translation, is_correct, "order") VALUES (811720004, '設備の値段', 'Giá thiết bị', FALSE, 4);
INSERT INTO questions (id, user_id, is_system, is_khoa_cu, question_type, content_type, level, selection_type, question, passage, passage_translation, general_explanation, skill_category, base_difficulty, tenant_id, is_active, is_deleted, created_at, created_by) VALUES (811720005, NULL, TRUE, FALSE, 'reading', 'jisshusei_mogishiken_t07_matsuri_seikatsu', 'N4', 'single', 'この マニュアル の主旨は何ですか? (Q1)

Ý chính của Sổ tay hướng dẫn này là gì? (Q1)', '81107002', NULL, 'マニュアル chứa thông tin về Casual JP + Saitama dialect + yuukyuu + 給与明細.', 'dokkai', 1, 'system', TRUE, FALSE, NOW(), 'system') ON CONFLICT (id) DO UPDATE SET question_type = EXCLUDED.question_type, content_type = EXCLUDED.content_type, level = EXCLUDED.level, question = EXCLUDED.question, passage = EXCLUDED.passage, passage_translation = EXCLUDED.passage_translation, general_explanation = EXCLUDED.general_explanation, skill_category = EXCLUDED.skill_category, is_active = EXCLUDED.is_active, is_deleted = EXCLUDED.is_deleted, updated_at = NOW(), updated_by = 'system';
DELETE FROM questions_answers WHERE question_id = 811720005;
INSERT INTO questions_answers (question_id, sentence, sentence_translation, is_correct, "order") VALUES (811720005, 'Casual JP + Saitama dialect + yuukyuu + に関する情報', 'Thông tin liên quan đến Casual JP + Saitama dialect + yuukyuu + ', TRUE, 1);
INSERT INTO questions_answers (question_id, sentence, sentence_translation, is_correct, "order") VALUES (811720005, '工場の歴史', 'Lịch sử nhà máy', FALSE, 2);
INSERT INTO questions_answers (question_id, sentence, sentence_translation, is_correct, "order") VALUES (811720005, '社員の名前リスト', 'Danh sách tên nhân viên', FALSE, 3);
INSERT INTO questions_answers (question_id, sentence, sentence_translation, is_correct, "order") VALUES (811720005, '設備の値段', 'Giá thiết bị', FALSE, 4);
INSERT INTO questions (id, user_id, is_system, is_khoa_cu, question_type, content_type, level, selection_type, question, passage, passage_translation, general_explanation, skill_category, base_difficulty, tenant_id, is_active, is_deleted, created_at, created_by) VALUES (811720006, NULL, TRUE, FALSE, 'reading', 'jisshusei_mogishiken_t07_matsuri_seikatsu', 'N4', 'single', 'この マニュアル の主旨は何ですか? (Q2)

Ý chính của Sổ tay hướng dẫn này là gì? (Q2)', '81107002', NULL, 'マニュアル chứa thông tin về Casual JP + Saitama dialect + yuukyuu + 給与明細.', 'dokkai', 1, 'system', TRUE, FALSE, NOW(), 'system') ON CONFLICT (id) DO UPDATE SET question_type = EXCLUDED.question_type, content_type = EXCLUDED.content_type, level = EXCLUDED.level, question = EXCLUDED.question, passage = EXCLUDED.passage, passage_translation = EXCLUDED.passage_translation, general_explanation = EXCLUDED.general_explanation, skill_category = EXCLUDED.skill_category, is_active = EXCLUDED.is_active, is_deleted = EXCLUDED.is_deleted, updated_at = NOW(), updated_by = 'system';
DELETE FROM questions_answers WHERE question_id = 811720006;
INSERT INTO questions_answers (question_id, sentence, sentence_translation, is_correct, "order") VALUES (811720006, 'Casual JP + Saitama dialect + yuukyuu + に関する情報', 'Thông tin liên quan đến Casual JP + Saitama dialect + yuukyuu + ', TRUE, 1);
INSERT INTO questions_answers (question_id, sentence, sentence_translation, is_correct, "order") VALUES (811720006, '工場の歴史', 'Lịch sử nhà máy', FALSE, 2);
INSERT INTO questions_answers (question_id, sentence, sentence_translation, is_correct, "order") VALUES (811720006, '社員の名前リスト', 'Danh sách tên nhân viên', FALSE, 3);
INSERT INTO questions_answers (question_id, sentence, sentence_translation, is_correct, "order") VALUES (811720006, '設備の値段', 'Giá thiết bị', FALSE, 4);
INSERT INTO questions (id, user_id, is_system, is_khoa_cu, question_type, content_type, level, selection_type, question, passage, passage_translation, general_explanation, skill_category, base_difficulty, tenant_id, is_active, is_deleted, created_at, created_by) VALUES (811720007, NULL, TRUE, FALSE, 'reading', 'jisshusei_mogishiken_t07_matsuri_seikatsu', 'N4', 'single', 'この マニュアル の主旨は何ですか? (Q3)

Ý chính của Sổ tay hướng dẫn này là gì? (Q3)', '81107002', NULL, 'マニュアル chứa thông tin về Casual JP + Saitama dialect + yuukyuu + 給与明細.', 'dokkai', 1, 'system', TRUE, FALSE, NOW(), 'system') ON CONFLICT (id) DO UPDATE SET question_type = EXCLUDED.question_type, content_type = EXCLUDED.content_type, level = EXCLUDED.level, question = EXCLUDED.question, passage = EXCLUDED.passage, passage_translation = EXCLUDED.passage_translation, general_explanation = EXCLUDED.general_explanation, skill_category = EXCLUDED.skill_category, is_active = EXCLUDED.is_active, is_deleted = EXCLUDED.is_deleted, updated_at = NOW(), updated_by = 'system';
DELETE FROM questions_answers WHERE question_id = 811720007;
INSERT INTO questions_answers (question_id, sentence, sentence_translation, is_correct, "order") VALUES (811720007, 'Casual JP + Saitama dialect + yuukyuu + に関する情報', 'Thông tin liên quan đến Casual JP + Saitama dialect + yuukyuu + ', TRUE, 1);
INSERT INTO questions_answers (question_id, sentence, sentence_translation, is_correct, "order") VALUES (811720007, '工場の歴史', 'Lịch sử nhà máy', FALSE, 2);
INSERT INTO questions_answers (question_id, sentence, sentence_translation, is_correct, "order") VALUES (811720007, '社員の名前リスト', 'Danh sách tên nhân viên', FALSE, 3);
INSERT INTO questions_answers (question_id, sentence, sentence_translation, is_correct, "order") VALUES (811720007, '設備の値段', 'Giá thiết bị', FALSE, 4);
INSERT INTO questions (id, user_id, is_system, is_khoa_cu, question_type, content_type, level, selection_type, question, passage, passage_translation, general_explanation, skill_category, base_difficulty, tenant_id, is_active, is_deleted, created_at, created_by) VALUES (811720008, NULL, TRUE, FALSE, 'reading', 'jisshusei_mogishiken_t07_matsuri_seikatsu', 'N4', 'single', 'この マニュアル の主旨は何ですか? (Q4)

Ý chính của Sổ tay hướng dẫn này là gì? (Q4)', '81107002', NULL, 'マニュアル chứa thông tin về Casual JP + Saitama dialect + yuukyuu + 給与明細.', 'dokkai', 1, 'system', TRUE, FALSE, NOW(), 'system') ON CONFLICT (id) DO UPDATE SET question_type = EXCLUDED.question_type, content_type = EXCLUDED.content_type, level = EXCLUDED.level, question = EXCLUDED.question, passage = EXCLUDED.passage, passage_translation = EXCLUDED.passage_translation, general_explanation = EXCLUDED.general_explanation, skill_category = EXCLUDED.skill_category, is_active = EXCLUDED.is_active, is_deleted = EXCLUDED.is_deleted, updated_at = NOW(), updated_by = 'system';
DELETE FROM questions_answers WHERE question_id = 811720008;
INSERT INTO questions_answers (question_id, sentence, sentence_translation, is_correct, "order") VALUES (811720008, 'Casual JP + Saitama dialect + yuukyuu + に関する情報', 'Thông tin liên quan đến Casual JP + Saitama dialect + yuukyuu + ', TRUE, 1);
INSERT INTO questions_answers (question_id, sentence, sentence_translation, is_correct, "order") VALUES (811720008, '工場の歴史', 'Lịch sử nhà máy', FALSE, 2);
INSERT INTO questions_answers (question_id, sentence, sentence_translation, is_correct, "order") VALUES (811720008, '社員の名前リスト', 'Danh sách tên nhân viên', FALSE, 3);
INSERT INTO questions_answers (question_id, sentence, sentence_translation, is_correct, "order") VALUES (811720008, '設備の値段', 'Giá thiết bị', FALSE, 4);
INSERT INTO questions (id, user_id, is_system, is_khoa_cu, question_type, content_type, level, selection_type, question, passage, passage_translation, general_explanation, skill_category, base_difficulty, tenant_id, is_active, is_deleted, created_at, created_by) VALUES (811720009, NULL, TRUE, FALSE, 'reading', 'jisshusei_mogishiken_t07_matsuri_seikatsu', 'N4', 'single', 'この 報告書 の主旨は何ですか? (Q1)

Ý chính của Báo cáo này là gì? (Q1)', '81107003', NULL, '報告書 chứa thông tin về Casual JP + Saitama dialect + yuukyuu + 給与明細.', 'dokkai', 1, 'system', TRUE, FALSE, NOW(), 'system') ON CONFLICT (id) DO UPDATE SET question_type = EXCLUDED.question_type, content_type = EXCLUDED.content_type, level = EXCLUDED.level, question = EXCLUDED.question, passage = EXCLUDED.passage, passage_translation = EXCLUDED.passage_translation, general_explanation = EXCLUDED.general_explanation, skill_category = EXCLUDED.skill_category, is_active = EXCLUDED.is_active, is_deleted = EXCLUDED.is_deleted, updated_at = NOW(), updated_by = 'system';
DELETE FROM questions_answers WHERE question_id = 811720009;
INSERT INTO questions_answers (question_id, sentence, sentence_translation, is_correct, "order") VALUES (811720009, 'Casual JP + Saitama dialect + yuukyuu + に関する情報', 'Thông tin liên quan đến Casual JP + Saitama dialect + yuukyuu + ', TRUE, 1);
INSERT INTO questions_answers (question_id, sentence, sentence_translation, is_correct, "order") VALUES (811720009, '工場の歴史', 'Lịch sử nhà máy', FALSE, 2);
INSERT INTO questions_answers (question_id, sentence, sentence_translation, is_correct, "order") VALUES (811720009, '社員の名前リスト', 'Danh sách tên nhân viên', FALSE, 3);
INSERT INTO questions_answers (question_id, sentence, sentence_translation, is_correct, "order") VALUES (811720009, '設備の値段', 'Giá thiết bị', FALSE, 4);
INSERT INTO questions (id, user_id, is_system, is_khoa_cu, question_type, content_type, level, selection_type, question, passage, passage_translation, general_explanation, skill_category, base_difficulty, tenant_id, is_active, is_deleted, created_at, created_by) VALUES (811720010, NULL, TRUE, FALSE, 'reading', 'jisshusei_mogishiken_t07_matsuri_seikatsu', 'N4', 'single', 'この 報告書 の主旨は何ですか? (Q2)

Ý chính của Báo cáo này là gì? (Q2)', '81107003', NULL, '報告書 chứa thông tin về Casual JP + Saitama dialect + yuukyuu + 給与明細.', 'dokkai', 1, 'system', TRUE, FALSE, NOW(), 'system') ON CONFLICT (id) DO UPDATE SET question_type = EXCLUDED.question_type, content_type = EXCLUDED.content_type, level = EXCLUDED.level, question = EXCLUDED.question, passage = EXCLUDED.passage, passage_translation = EXCLUDED.passage_translation, general_explanation = EXCLUDED.general_explanation, skill_category = EXCLUDED.skill_category, is_active = EXCLUDED.is_active, is_deleted = EXCLUDED.is_deleted, updated_at = NOW(), updated_by = 'system';
DELETE FROM questions_answers WHERE question_id = 811720010;
INSERT INTO questions_answers (question_id, sentence, sentence_translation, is_correct, "order") VALUES (811720010, 'Casual JP + Saitama dialect + yuukyuu + に関する情報', 'Thông tin liên quan đến Casual JP + Saitama dialect + yuukyuu + ', TRUE, 1);
INSERT INTO questions_answers (question_id, sentence, sentence_translation, is_correct, "order") VALUES (811720010, '工場の歴史', 'Lịch sử nhà máy', FALSE, 2);
INSERT INTO questions_answers (question_id, sentence, sentence_translation, is_correct, "order") VALUES (811720010, '社員の名前リスト', 'Danh sách tên nhân viên', FALSE, 3);
INSERT INTO questions_answers (question_id, sentence, sentence_translation, is_correct, "order") VALUES (811720010, '設備の値段', 'Giá thiết bị', FALSE, 4);
INSERT INTO questions (id, user_id, is_system, is_khoa_cu, question_type, content_type, level, selection_type, question, passage, passage_translation, general_explanation, skill_category, base_difficulty, tenant_id, is_active, is_deleted, created_at, created_by) VALUES (811720011, NULL, TRUE, FALSE, 'reading', 'jisshusei_mogishiken_t07_matsuri_seikatsu', 'N4', 'single', 'この 報告書 の主旨は何ですか? (Q3)

Ý chính của Báo cáo này là gì? (Q3)', '81107003', NULL, '報告書 chứa thông tin về Casual JP + Saitama dialect + yuukyuu + 給与明細.', 'dokkai', 1, 'system', TRUE, FALSE, NOW(), 'system') ON CONFLICT (id) DO UPDATE SET question_type = EXCLUDED.question_type, content_type = EXCLUDED.content_type, level = EXCLUDED.level, question = EXCLUDED.question, passage = EXCLUDED.passage, passage_translation = EXCLUDED.passage_translation, general_explanation = EXCLUDED.general_explanation, skill_category = EXCLUDED.skill_category, is_active = EXCLUDED.is_active, is_deleted = EXCLUDED.is_deleted, updated_at = NOW(), updated_by = 'system';
DELETE FROM questions_answers WHERE question_id = 811720011;
INSERT INTO questions_answers (question_id, sentence, sentence_translation, is_correct, "order") VALUES (811720011, 'Casual JP + Saitama dialect + yuukyuu + に関する情報', 'Thông tin liên quan đến Casual JP + Saitama dialect + yuukyuu + ', TRUE, 1);
INSERT INTO questions_answers (question_id, sentence, sentence_translation, is_correct, "order") VALUES (811720011, '工場の歴史', 'Lịch sử nhà máy', FALSE, 2);
INSERT INTO questions_answers (question_id, sentence, sentence_translation, is_correct, "order") VALUES (811720011, '社員の名前リスト', 'Danh sách tên nhân viên', FALSE, 3);
INSERT INTO questions_answers (question_id, sentence, sentence_translation, is_correct, "order") VALUES (811720011, '設備の値段', 'Giá thiết bị', FALSE, 4);
INSERT INTO questions (id, user_id, is_system, is_khoa_cu, question_type, content_type, level, selection_type, question, passage, passage_translation, general_explanation, skill_category, base_difficulty, tenant_id, is_active, is_deleted, created_at, created_by) VALUES (811720012, NULL, TRUE, FALSE, 'reading', 'jisshusei_mogishiken_t07_matsuri_seikatsu', 'N4', 'single', 'この 報告書 の主旨は何ですか? (Q4)

Ý chính của Báo cáo này là gì? (Q4)', '81107003', NULL, '報告書 chứa thông tin về Casual JP + Saitama dialect + yuukyuu + 給与明細.', 'dokkai', 1, 'system', TRUE, FALSE, NOW(), 'system') ON CONFLICT (id) DO UPDATE SET question_type = EXCLUDED.question_type, content_type = EXCLUDED.content_type, level = EXCLUDED.level, question = EXCLUDED.question, passage = EXCLUDED.passage, passage_translation = EXCLUDED.passage_translation, general_explanation = EXCLUDED.general_explanation, skill_category = EXCLUDED.skill_category, is_active = EXCLUDED.is_active, is_deleted = EXCLUDED.is_deleted, updated_at = NOW(), updated_by = 'system';
DELETE FROM questions_answers WHERE question_id = 811720012;
INSERT INTO questions_answers (question_id, sentence, sentence_translation, is_correct, "order") VALUES (811720012, 'Casual JP + Saitama dialect + yuukyuu + に関する情報', 'Thông tin liên quan đến Casual JP + Saitama dialect + yuukyuu + ', TRUE, 1);
INSERT INTO questions_answers (question_id, sentence, sentence_translation, is_correct, "order") VALUES (811720012, '工場の歴史', 'Lịch sử nhà máy', FALSE, 2);
INSERT INTO questions_answers (question_id, sentence, sentence_translation, is_correct, "order") VALUES (811720012, '社員の名前リスト', 'Danh sách tên nhân viên', FALSE, 3);
INSERT INTO questions_answers (question_id, sentence, sentence_translation, is_correct, "order") VALUES (811720012, '設備の値段', 'Giá thiết bị', FALSE, 4);
INSERT INTO questions (id, user_id, is_system, is_khoa_cu, question_type, content_type, level, selection_type, question, passage, passage_translation, general_explanation, skill_category, base_difficulty, tenant_id, is_active, is_deleted, created_at, created_by) VALUES (811720013, NULL, TRUE, FALSE, 'reading', 'jisshusei_mogishiken_t07_matsuri_seikatsu', 'N4', 'single', 'この 通知 の主旨は何ですか? (Q1)

Ý chính của Thông báo này là gì? (Q1)', '81107004', NULL, '通知 chứa thông tin về Casual JP + Saitama dialect + yuukyuu + 給与明細.', 'dokkai', 1, 'system', TRUE, FALSE, NOW(), 'system') ON CONFLICT (id) DO UPDATE SET question_type = EXCLUDED.question_type, content_type = EXCLUDED.content_type, level = EXCLUDED.level, question = EXCLUDED.question, passage = EXCLUDED.passage, passage_translation = EXCLUDED.passage_translation, general_explanation = EXCLUDED.general_explanation, skill_category = EXCLUDED.skill_category, is_active = EXCLUDED.is_active, is_deleted = EXCLUDED.is_deleted, updated_at = NOW(), updated_by = 'system';
DELETE FROM questions_answers WHERE question_id = 811720013;
INSERT INTO questions_answers (question_id, sentence, sentence_translation, is_correct, "order") VALUES (811720013, 'Casual JP + Saitama dialect + yuukyuu + に関する情報', 'Thông tin liên quan đến Casual JP + Saitama dialect + yuukyuu + ', TRUE, 1);
INSERT INTO questions_answers (question_id, sentence, sentence_translation, is_correct, "order") VALUES (811720013, '工場の歴史', 'Lịch sử nhà máy', FALSE, 2);
INSERT INTO questions_answers (question_id, sentence, sentence_translation, is_correct, "order") VALUES (811720013, '社員の名前リスト', 'Danh sách tên nhân viên', FALSE, 3);
INSERT INTO questions_answers (question_id, sentence, sentence_translation, is_correct, "order") VALUES (811720013, '設備の値段', 'Giá thiết bị', FALSE, 4);
INSERT INTO questions (id, user_id, is_system, is_khoa_cu, question_type, content_type, level, selection_type, question, passage, passage_translation, general_explanation, skill_category, base_difficulty, tenant_id, is_active, is_deleted, created_at, created_by) VALUES (811720014, NULL, TRUE, FALSE, 'reading', 'jisshusei_mogishiken_t07_matsuri_seikatsu', 'N4', 'single', 'この 通知 の主旨は何ですか? (Q2)

Ý chính của Thông báo này là gì? (Q2)', '81107004', NULL, '通知 chứa thông tin về Casual JP + Saitama dialect + yuukyuu + 給与明細.', 'dokkai', 1, 'system', TRUE, FALSE, NOW(), 'system') ON CONFLICT (id) DO UPDATE SET question_type = EXCLUDED.question_type, content_type = EXCLUDED.content_type, level = EXCLUDED.level, question = EXCLUDED.question, passage = EXCLUDED.passage, passage_translation = EXCLUDED.passage_translation, general_explanation = EXCLUDED.general_explanation, skill_category = EXCLUDED.skill_category, is_active = EXCLUDED.is_active, is_deleted = EXCLUDED.is_deleted, updated_at = NOW(), updated_by = 'system';
DELETE FROM questions_answers WHERE question_id = 811720014;
INSERT INTO questions_answers (question_id, sentence, sentence_translation, is_correct, "order") VALUES (811720014, 'Casual JP + Saitama dialect + yuukyuu + に関する情報', 'Thông tin liên quan đến Casual JP + Saitama dialect + yuukyuu + ', TRUE, 1);
INSERT INTO questions_answers (question_id, sentence, sentence_translation, is_correct, "order") VALUES (811720014, '工場の歴史', 'Lịch sử nhà máy', FALSE, 2);
INSERT INTO questions_answers (question_id, sentence, sentence_translation, is_correct, "order") VALUES (811720014, '社員の名前リスト', 'Danh sách tên nhân viên', FALSE, 3);
INSERT INTO questions_answers (question_id, sentence, sentence_translation, is_correct, "order") VALUES (811720014, '設備の値段', 'Giá thiết bị', FALSE, 4);
INSERT INTO questions (id, user_id, is_system, is_khoa_cu, question_type, content_type, level, selection_type, question, passage, passage_translation, general_explanation, skill_category, base_difficulty, tenant_id, is_active, is_deleted, created_at, created_by) VALUES (811720015, NULL, TRUE, FALSE, 'reading', 'jisshusei_mogishiken_t07_matsuri_seikatsu', 'N4', 'single', 'この 通知 の主旨は何ですか? (Q3)

Ý chính của Thông báo này là gì? (Q3)', '81107004', NULL, '通知 chứa thông tin về Casual JP + Saitama dialect + yuukyuu + 給与明細.', 'dokkai', 1, 'system', TRUE, FALSE, NOW(), 'system') ON CONFLICT (id) DO UPDATE SET question_type = EXCLUDED.question_type, content_type = EXCLUDED.content_type, level = EXCLUDED.level, question = EXCLUDED.question, passage = EXCLUDED.passage, passage_translation = EXCLUDED.passage_translation, general_explanation = EXCLUDED.general_explanation, skill_category = EXCLUDED.skill_category, is_active = EXCLUDED.is_active, is_deleted = EXCLUDED.is_deleted, updated_at = NOW(), updated_by = 'system';
DELETE FROM questions_answers WHERE question_id = 811720015;
INSERT INTO questions_answers (question_id, sentence, sentence_translation, is_correct, "order") VALUES (811720015, 'Casual JP + Saitama dialect + yuukyuu + に関する情報', 'Thông tin liên quan đến Casual JP + Saitama dialect + yuukyuu + ', TRUE, 1);
INSERT INTO questions_answers (question_id, sentence, sentence_translation, is_correct, "order") VALUES (811720015, '工場の歴史', 'Lịch sử nhà máy', FALSE, 2);
INSERT INTO questions_answers (question_id, sentence, sentence_translation, is_correct, "order") VALUES (811720015, '社員の名前リスト', 'Danh sách tên nhân viên', FALSE, 3);
INSERT INTO questions_answers (question_id, sentence, sentence_translation, is_correct, "order") VALUES (811720015, '設備の値段', 'Giá thiết bị', FALSE, 4);
INSERT INTO questions (id, user_id, is_system, is_khoa_cu, question_type, content_type, level, selection_type, question, passage, passage_translation, general_explanation, skill_category, base_difficulty, tenant_id, is_active, is_deleted, created_at, created_by) VALUES (811720016, NULL, TRUE, FALSE, 'reading', 'jisshusei_mogishiken_t07_matsuri_seikatsu', 'N4', 'single', 'この 通知 の主旨は何ですか? (Q4)

Ý chính của Thông báo này là gì? (Q4)', '81107004', NULL, '通知 chứa thông tin về Casual JP + Saitama dialect + yuukyuu + 給与明細.', 'dokkai', 1, 'system', TRUE, FALSE, NOW(), 'system') ON CONFLICT (id) DO UPDATE SET question_type = EXCLUDED.question_type, content_type = EXCLUDED.content_type, level = EXCLUDED.level, question = EXCLUDED.question, passage = EXCLUDED.passage, passage_translation = EXCLUDED.passage_translation, general_explanation = EXCLUDED.general_explanation, skill_category = EXCLUDED.skill_category, is_active = EXCLUDED.is_active, is_deleted = EXCLUDED.is_deleted, updated_at = NOW(), updated_by = 'system';
DELETE FROM questions_answers WHERE question_id = 811720016;
INSERT INTO questions_answers (question_id, sentence, sentence_translation, is_correct, "order") VALUES (811720016, 'Casual JP + Saitama dialect + yuukyuu + に関する情報', 'Thông tin liên quan đến Casual JP + Saitama dialect + yuukyuu + ', TRUE, 1);
INSERT INTO questions_answers (question_id, sentence, sentence_translation, is_correct, "order") VALUES (811720016, '工場の歴史', 'Lịch sử nhà máy', FALSE, 2);
INSERT INTO questions_answers (question_id, sentence, sentence_translation, is_correct, "order") VALUES (811720016, '社員の名前リスト', 'Danh sách tên nhân viên', FALSE, 3);
INSERT INTO questions_answers (question_id, sentence, sentence_translation, is_correct, "order") VALUES (811720016, '設備の値段', 'Giá thiết bị', FALSE, 4);
INSERT INTO questions (id, user_id, is_system, is_khoa_cu, question_type, content_type, level, selection_type, question, passage, passage_translation, general_explanation, skill_category, base_difficulty, tenant_id, is_active, is_deleted, created_at, created_by) VALUES (811720017, NULL, TRUE, FALSE, 'reading', 'jisshusei_mogishiken_t07_matsuri_seikatsu', 'N4', 'single', 'この チェックリスト の主旨は何ですか? (Q1)

Ý chính của Danh mục kiểm tra này là gì? (Q1)', '81107005', NULL, 'チェックリスト chứa thông tin về Casual JP + Saitama dialect + yuukyuu + 給与明細.', 'dokkai', 1, 'system', TRUE, FALSE, NOW(), 'system') ON CONFLICT (id) DO UPDATE SET question_type = EXCLUDED.question_type, content_type = EXCLUDED.content_type, level = EXCLUDED.level, question = EXCLUDED.question, passage = EXCLUDED.passage, passage_translation = EXCLUDED.passage_translation, general_explanation = EXCLUDED.general_explanation, skill_category = EXCLUDED.skill_category, is_active = EXCLUDED.is_active, is_deleted = EXCLUDED.is_deleted, updated_at = NOW(), updated_by = 'system';
DELETE FROM questions_answers WHERE question_id = 811720017;
INSERT INTO questions_answers (question_id, sentence, sentence_translation, is_correct, "order") VALUES (811720017, 'Casual JP + Saitama dialect + yuukyuu + に関する情報', 'Thông tin liên quan đến Casual JP + Saitama dialect + yuukyuu + ', TRUE, 1);
INSERT INTO questions_answers (question_id, sentence, sentence_translation, is_correct, "order") VALUES (811720017, '工場の歴史', 'Lịch sử nhà máy', FALSE, 2);
INSERT INTO questions_answers (question_id, sentence, sentence_translation, is_correct, "order") VALUES (811720017, '社員の名前リスト', 'Danh sách tên nhân viên', FALSE, 3);
INSERT INTO questions_answers (question_id, sentence, sentence_translation, is_correct, "order") VALUES (811720017, '設備の値段', 'Giá thiết bị', FALSE, 4);
INSERT INTO questions (id, user_id, is_system, is_khoa_cu, question_type, content_type, level, selection_type, question, passage, passage_translation, general_explanation, skill_category, base_difficulty, tenant_id, is_active, is_deleted, created_at, created_by) VALUES (811720018, NULL, TRUE, FALSE, 'reading', 'jisshusei_mogishiken_t07_matsuri_seikatsu', 'N4', 'single', 'この チェックリスト の主旨は何ですか? (Q2)

Ý chính của Danh mục kiểm tra này là gì? (Q2)', '81107005', NULL, 'チェックリスト chứa thông tin về Casual JP + Saitama dialect + yuukyuu + 給与明細.', 'dokkai', 1, 'system', TRUE, FALSE, NOW(), 'system') ON CONFLICT (id) DO UPDATE SET question_type = EXCLUDED.question_type, content_type = EXCLUDED.content_type, level = EXCLUDED.level, question = EXCLUDED.question, passage = EXCLUDED.passage, passage_translation = EXCLUDED.passage_translation, general_explanation = EXCLUDED.general_explanation, skill_category = EXCLUDED.skill_category, is_active = EXCLUDED.is_active, is_deleted = EXCLUDED.is_deleted, updated_at = NOW(), updated_by = 'system';
DELETE FROM questions_answers WHERE question_id = 811720018;
INSERT INTO questions_answers (question_id, sentence, sentence_translation, is_correct, "order") VALUES (811720018, 'Casual JP + Saitama dialect + yuukyuu + に関する情報', 'Thông tin liên quan đến Casual JP + Saitama dialect + yuukyuu + ', TRUE, 1);
INSERT INTO questions_answers (question_id, sentence, sentence_translation, is_correct, "order") VALUES (811720018, '工場の歴史', 'Lịch sử nhà máy', FALSE, 2);
INSERT INTO questions_answers (question_id, sentence, sentence_translation, is_correct, "order") VALUES (811720018, '社員の名前リスト', 'Danh sách tên nhân viên', FALSE, 3);
INSERT INTO questions_answers (question_id, sentence, sentence_translation, is_correct, "order") VALUES (811720018, '設備の値段', 'Giá thiết bị', FALSE, 4);
INSERT INTO questions (id, user_id, is_system, is_khoa_cu, question_type, content_type, level, selection_type, question, passage, passage_translation, general_explanation, skill_category, base_difficulty, tenant_id, is_active, is_deleted, created_at, created_by) VALUES (811720019, NULL, TRUE, FALSE, 'reading', 'jisshusei_mogishiken_t07_matsuri_seikatsu', 'N4', 'single', 'この チェックリスト の主旨は何ですか? (Q3)

Ý chính của Danh mục kiểm tra này là gì? (Q3)', '81107005', NULL, 'チェックリスト chứa thông tin về Casual JP + Saitama dialect + yuukyuu + 給与明細.', 'dokkai', 1, 'system', TRUE, FALSE, NOW(), 'system') ON CONFLICT (id) DO UPDATE SET question_type = EXCLUDED.question_type, content_type = EXCLUDED.content_type, level = EXCLUDED.level, question = EXCLUDED.question, passage = EXCLUDED.passage, passage_translation = EXCLUDED.passage_translation, general_explanation = EXCLUDED.general_explanation, skill_category = EXCLUDED.skill_category, is_active = EXCLUDED.is_active, is_deleted = EXCLUDED.is_deleted, updated_at = NOW(), updated_by = 'system';
DELETE FROM questions_answers WHERE question_id = 811720019;
INSERT INTO questions_answers (question_id, sentence, sentence_translation, is_correct, "order") VALUES (811720019, 'Casual JP + Saitama dialect + yuukyuu + に関する情報', 'Thông tin liên quan đến Casual JP + Saitama dialect + yuukyuu + ', TRUE, 1);
INSERT INTO questions_answers (question_id, sentence, sentence_translation, is_correct, "order") VALUES (811720019, '工場の歴史', 'Lịch sử nhà máy', FALSE, 2);
INSERT INTO questions_answers (question_id, sentence, sentence_translation, is_correct, "order") VALUES (811720019, '社員の名前リスト', 'Danh sách tên nhân viên', FALSE, 3);
INSERT INTO questions_answers (question_id, sentence, sentence_translation, is_correct, "order") VALUES (811720019, '設備の値段', 'Giá thiết bị', FALSE, 4);
INSERT INTO questions (id, user_id, is_system, is_khoa_cu, question_type, content_type, level, selection_type, question, passage, passage_translation, general_explanation, skill_category, base_difficulty, tenant_id, is_active, is_deleted, created_at, created_by) VALUES (811720020, NULL, TRUE, FALSE, 'reading', 'jisshusei_mogishiken_t07_matsuri_seikatsu', 'N4', 'single', 'この チェックリスト の主旨は何ですか? (Q4)

Ý chính của Danh mục kiểm tra này là gì? (Q4)', '81107005', NULL, 'チェックリスト chứa thông tin về Casual JP + Saitama dialect + yuukyuu + 給与明細.', 'dokkai', 1, 'system', TRUE, FALSE, NOW(), 'system') ON CONFLICT (id) DO UPDATE SET question_type = EXCLUDED.question_type, content_type = EXCLUDED.content_type, level = EXCLUDED.level, question = EXCLUDED.question, passage = EXCLUDED.passage, passage_translation = EXCLUDED.passage_translation, general_explanation = EXCLUDED.general_explanation, skill_category = EXCLUDED.skill_category, is_active = EXCLUDED.is_active, is_deleted = EXCLUDED.is_deleted, updated_at = NOW(), updated_by = 'system';
DELETE FROM questions_answers WHERE question_id = 811720020;
INSERT INTO questions_answers (question_id, sentence, sentence_translation, is_correct, "order") VALUES (811720020, 'Casual JP + Saitama dialect + yuukyuu + に関する情報', 'Thông tin liên quan đến Casual JP + Saitama dialect + yuukyuu + ', TRUE, 1);
INSERT INTO questions_answers (question_id, sentence, sentence_translation, is_correct, "order") VALUES (811720020, '工場の歴史', 'Lịch sử nhà máy', FALSE, 2);
INSERT INTO questions_answers (question_id, sentence, sentence_translation, is_correct, "order") VALUES (811720020, '社員の名前リスト', 'Danh sách tên nhân viên', FALSE, 3);
INSERT INTO questions_answers (question_id, sentence, sentence_translation, is_correct, "order") VALUES (811720020, '設備の値段', 'Giá thiết bị', FALSE, 4);

INSERT INTO study_question_sets (id, name, description, set_type, card_count, tenant_id, is_active, is_deleted, created_at, created_by) VALUES (8110721, 'T7. Mùa thu — Lễ hội & Đời sống — Reading Section 1: Bảng quy trình', 'Đọc hiểu Bảng quy trình', 'reading', 4, 'system', TRUE, FALSE, NOW(), 'system') ON CONFLICT (id) DO UPDATE SET name = EXCLUDED.name, description = EXCLUDED.description, set_type = EXCLUDED.set_type, card_count = EXCLUDED.card_count, is_active = EXCLUDED.is_active, is_deleted = EXCLUDED.is_deleted, updated_at = NOW(), updated_by = 'system';
INSERT INTO study_question_set_questions (study_question_set_id, question_id, order_index, tenant_id, is_deleted, created_at, created_by) VALUES (8110721, 811720001, 1, 'system', FALSE, NOW(), 'system') ON CONFLICT (study_question_set_id, question_id) DO UPDATE SET order_index = EXCLUDED.order_index, is_deleted = FALSE;
INSERT INTO study_question_set_questions (study_question_set_id, question_id, order_index, tenant_id, is_deleted, created_at, created_by) VALUES (8110721, 811720002, 2, 'system', FALSE, NOW(), 'system') ON CONFLICT (study_question_set_id, question_id) DO UPDATE SET order_index = EXCLUDED.order_index, is_deleted = FALSE;
INSERT INTO study_question_set_questions (study_question_set_id, question_id, order_index, tenant_id, is_deleted, created_at, created_by) VALUES (8110721, 811720003, 3, 'system', FALSE, NOW(), 'system') ON CONFLICT (study_question_set_id, question_id) DO UPDATE SET order_index = EXCLUDED.order_index, is_deleted = FALSE;
INSERT INTO study_question_set_questions (study_question_set_id, question_id, order_index, tenant_id, is_deleted, created_at, created_by) VALUES (8110721, 811720004, 4, 'system', FALSE, NOW(), 'system') ON CONFLICT (study_question_set_id, question_id) DO UPDATE SET order_index = EXCLUDED.order_index, is_deleted = FALSE;
INSERT INTO study_resource_question_sets (resource_type, resource_id, study_question_set_id, position, context, tenant_id, is_active, is_deleted, created_at, created_by) VALUES ('module', 8011007, 8110721, 5, '{"label": "T7. Mùa thu — Lễ hội & Đời sống — Reading Section 1: Bảng quy trình"}'::jsonb, 'system', TRUE, FALSE, NOW(), 'system') ON CONFLICT (resource_type, resource_id, study_question_set_id) DO UPDATE SET position = EXCLUDED.position, context = EXCLUDED.context, is_active = TRUE, is_deleted = FALSE;

INSERT INTO study_question_sets (id, name, description, set_type, card_count, tenant_id, is_active, is_deleted, created_at, created_by) VALUES (8110722, 'T7. Mùa thu — Lễ hội & Đời sống — Reading Section 2: Sổ tay hướng dẫn', 'Đọc hiểu Sổ tay hướng dẫn', 'reading', 4, 'system', TRUE, FALSE, NOW(), 'system') ON CONFLICT (id) DO UPDATE SET name = EXCLUDED.name, description = EXCLUDED.description, set_type = EXCLUDED.set_type, card_count = EXCLUDED.card_count, is_active = EXCLUDED.is_active, is_deleted = EXCLUDED.is_deleted, updated_at = NOW(), updated_by = 'system';
INSERT INTO study_question_set_questions (study_question_set_id, question_id, order_index, tenant_id, is_deleted, created_at, created_by) VALUES (8110722, 811720005, 1, 'system', FALSE, NOW(), 'system') ON CONFLICT (study_question_set_id, question_id) DO UPDATE SET order_index = EXCLUDED.order_index, is_deleted = FALSE;
INSERT INTO study_question_set_questions (study_question_set_id, question_id, order_index, tenant_id, is_deleted, created_at, created_by) VALUES (8110722, 811720006, 2, 'system', FALSE, NOW(), 'system') ON CONFLICT (study_question_set_id, question_id) DO UPDATE SET order_index = EXCLUDED.order_index, is_deleted = FALSE;
INSERT INTO study_question_set_questions (study_question_set_id, question_id, order_index, tenant_id, is_deleted, created_at, created_by) VALUES (8110722, 811720007, 3, 'system', FALSE, NOW(), 'system') ON CONFLICT (study_question_set_id, question_id) DO UPDATE SET order_index = EXCLUDED.order_index, is_deleted = FALSE;
INSERT INTO study_question_set_questions (study_question_set_id, question_id, order_index, tenant_id, is_deleted, created_at, created_by) VALUES (8110722, 811720008, 4, 'system', FALSE, NOW(), 'system') ON CONFLICT (study_question_set_id, question_id) DO UPDATE SET order_index = EXCLUDED.order_index, is_deleted = FALSE;
INSERT INTO study_resource_question_sets (resource_type, resource_id, study_question_set_id, position, context, tenant_id, is_active, is_deleted, created_at, created_by) VALUES ('module', 8011007, 8110722, 6, '{"label": "T7. Mùa thu — Lễ hội & Đời sống — Reading Section 2: Sổ tay hướng dẫn"}'::jsonb, 'system', TRUE, FALSE, NOW(), 'system') ON CONFLICT (resource_type, resource_id, study_question_set_id) DO UPDATE SET position = EXCLUDED.position, context = EXCLUDED.context, is_active = TRUE, is_deleted = FALSE;

INSERT INTO study_question_sets (id, name, description, set_type, card_count, tenant_id, is_active, is_deleted, created_at, created_by) VALUES (8110723, 'T7. Mùa thu — Lễ hội & Đời sống — Reading Section 3: Báo cáo', 'Đọc hiểu Báo cáo', 'reading', 4, 'system', TRUE, FALSE, NOW(), 'system') ON CONFLICT (id) DO UPDATE SET name = EXCLUDED.name, description = EXCLUDED.description, set_type = EXCLUDED.set_type, card_count = EXCLUDED.card_count, is_active = EXCLUDED.is_active, is_deleted = EXCLUDED.is_deleted, updated_at = NOW(), updated_by = 'system';
INSERT INTO study_question_set_questions (study_question_set_id, question_id, order_index, tenant_id, is_deleted, created_at, created_by) VALUES (8110723, 811720009, 1, 'system', FALSE, NOW(), 'system') ON CONFLICT (study_question_set_id, question_id) DO UPDATE SET order_index = EXCLUDED.order_index, is_deleted = FALSE;
INSERT INTO study_question_set_questions (study_question_set_id, question_id, order_index, tenant_id, is_deleted, created_at, created_by) VALUES (8110723, 811720010, 2, 'system', FALSE, NOW(), 'system') ON CONFLICT (study_question_set_id, question_id) DO UPDATE SET order_index = EXCLUDED.order_index, is_deleted = FALSE;
INSERT INTO study_question_set_questions (study_question_set_id, question_id, order_index, tenant_id, is_deleted, created_at, created_by) VALUES (8110723, 811720011, 3, 'system', FALSE, NOW(), 'system') ON CONFLICT (study_question_set_id, question_id) DO UPDATE SET order_index = EXCLUDED.order_index, is_deleted = FALSE;
INSERT INTO study_question_set_questions (study_question_set_id, question_id, order_index, tenant_id, is_deleted, created_at, created_by) VALUES (8110723, 811720012, 4, 'system', FALSE, NOW(), 'system') ON CONFLICT (study_question_set_id, question_id) DO UPDATE SET order_index = EXCLUDED.order_index, is_deleted = FALSE;
INSERT INTO study_resource_question_sets (resource_type, resource_id, study_question_set_id, position, context, tenant_id, is_active, is_deleted, created_at, created_by) VALUES ('module', 8011007, 8110723, 7, '{"label": "T7. Mùa thu — Lễ hội & Đời sống — Reading Section 3: Báo cáo"}'::jsonb, 'system', TRUE, FALSE, NOW(), 'system') ON CONFLICT (resource_type, resource_id, study_question_set_id) DO UPDATE SET position = EXCLUDED.position, context = EXCLUDED.context, is_active = TRUE, is_deleted = FALSE;

INSERT INTO study_question_sets (id, name, description, set_type, card_count, tenant_id, is_active, is_deleted, created_at, created_by) VALUES (8110724, 'T7. Mùa thu — Lễ hội & Đời sống — Reading Section 4: Thông báo', 'Đọc hiểu Thông báo', 'reading', 4, 'system', TRUE, FALSE, NOW(), 'system') ON CONFLICT (id) DO UPDATE SET name = EXCLUDED.name, description = EXCLUDED.description, set_type = EXCLUDED.set_type, card_count = EXCLUDED.card_count, is_active = EXCLUDED.is_active, is_deleted = EXCLUDED.is_deleted, updated_at = NOW(), updated_by = 'system';
INSERT INTO study_question_set_questions (study_question_set_id, question_id, order_index, tenant_id, is_deleted, created_at, created_by) VALUES (8110724, 811720013, 1, 'system', FALSE, NOW(), 'system') ON CONFLICT (study_question_set_id, question_id) DO UPDATE SET order_index = EXCLUDED.order_index, is_deleted = FALSE;
INSERT INTO study_question_set_questions (study_question_set_id, question_id, order_index, tenant_id, is_deleted, created_at, created_by) VALUES (8110724, 811720014, 2, 'system', FALSE, NOW(), 'system') ON CONFLICT (study_question_set_id, question_id) DO UPDATE SET order_index = EXCLUDED.order_index, is_deleted = FALSE;
INSERT INTO study_question_set_questions (study_question_set_id, question_id, order_index, tenant_id, is_deleted, created_at, created_by) VALUES (8110724, 811720015, 3, 'system', FALSE, NOW(), 'system') ON CONFLICT (study_question_set_id, question_id) DO UPDATE SET order_index = EXCLUDED.order_index, is_deleted = FALSE;
INSERT INTO study_question_set_questions (study_question_set_id, question_id, order_index, tenant_id, is_deleted, created_at, created_by) VALUES (8110724, 811720016, 4, 'system', FALSE, NOW(), 'system') ON CONFLICT (study_question_set_id, question_id) DO UPDATE SET order_index = EXCLUDED.order_index, is_deleted = FALSE;
INSERT INTO study_resource_question_sets (resource_type, resource_id, study_question_set_id, position, context, tenant_id, is_active, is_deleted, created_at, created_by) VALUES ('module', 8011007, 8110724, 8, '{"label": "T7. Mùa thu — Lễ hội & Đời sống — Reading Section 4: Thông báo"}'::jsonb, 'system', TRUE, FALSE, NOW(), 'system') ON CONFLICT (resource_type, resource_id, study_question_set_id) DO UPDATE SET position = EXCLUDED.position, context = EXCLUDED.context, is_active = TRUE, is_deleted = FALSE;

INSERT INTO study_question_sets (id, name, description, set_type, card_count, tenant_id, is_active, is_deleted, created_at, created_by) VALUES (8110725, 'T7. Mùa thu — Lễ hội & Đời sống — Reading Section 5: Danh mục kiểm tra', 'Đọc hiểu Danh mục kiểm tra', 'reading', 4, 'system', TRUE, FALSE, NOW(), 'system') ON CONFLICT (id) DO UPDATE SET name = EXCLUDED.name, description = EXCLUDED.description, set_type = EXCLUDED.set_type, card_count = EXCLUDED.card_count, is_active = EXCLUDED.is_active, is_deleted = EXCLUDED.is_deleted, updated_at = NOW(), updated_by = 'system';
INSERT INTO study_question_set_questions (study_question_set_id, question_id, order_index, tenant_id, is_deleted, created_at, created_by) VALUES (8110725, 811720017, 1, 'system', FALSE, NOW(), 'system') ON CONFLICT (study_question_set_id, question_id) DO UPDATE SET order_index = EXCLUDED.order_index, is_deleted = FALSE;
INSERT INTO study_question_set_questions (study_question_set_id, question_id, order_index, tenant_id, is_deleted, created_at, created_by) VALUES (8110725, 811720018, 2, 'system', FALSE, NOW(), 'system') ON CONFLICT (study_question_set_id, question_id) DO UPDATE SET order_index = EXCLUDED.order_index, is_deleted = FALSE;
INSERT INTO study_question_set_questions (study_question_set_id, question_id, order_index, tenant_id, is_deleted, created_at, created_by) VALUES (8110725, 811720019, 3, 'system', FALSE, NOW(), 'system') ON CONFLICT (study_question_set_id, question_id) DO UPDATE SET order_index = EXCLUDED.order_index, is_deleted = FALSE;
INSERT INTO study_question_set_questions (study_question_set_id, question_id, order_index, tenant_id, is_deleted, created_at, created_by) VALUES (8110725, 811720020, 4, 'system', FALSE, NOW(), 'system') ON CONFLICT (study_question_set_id, question_id) DO UPDATE SET order_index = EXCLUDED.order_index, is_deleted = FALSE;
INSERT INTO study_resource_question_sets (resource_type, resource_id, study_question_set_id, position, context, tenant_id, is_active, is_deleted, created_at, created_by) VALUES ('module', 8011007, 8110725, 9, '{"label": "T7. Mùa thu — Lễ hội & Đời sống — Reading Section 5: Danh mục kiểm tra"}'::jsonb, 'system', TRUE, FALSE, NOW(), 'system') ON CONFLICT (resource_type, resource_id, study_question_set_id) DO UPDATE SET position = EXCLUDED.position, context = EXCLUDED.context, is_active = TRUE, is_deleted = FALSE;

-- BaiTap: t08_iso_audit (40 questions)
INSERT INTO questions (id, user_id, is_system, is_khoa_cu, question_type, content_type, level, selection_type, question, passage, passage_translation, general_explanation, skill_category, base_difficulty, tenant_id, is_active, is_deleted, created_at, created_by) VALUES (811810001, NULL, TRUE, FALSE, 'chon_dap_an', 'jisshusei_baitap_t08_iso_audit', 'N5', 'single', '「監査」 trong ngữ cảnh chương 8 có nghĩa liên quan đến gì?

「監査」 trong chương 8 liên quan đến:', NULL, NULL, '「監査」 thuộc chủ đề: Keigo cao cấp + ISO 22000/FSSC + uchi-soto + xử lý xung đột.', 'grammar', 1, 'system', TRUE, FALSE, NOW(), 'system') ON CONFLICT (id) DO UPDATE SET question_type = EXCLUDED.question_type, content_type = EXCLUDED.content_type, level = EXCLUDED.level, question = EXCLUDED.question, passage = EXCLUDED.passage, passage_translation = EXCLUDED.passage_translation, general_explanation = EXCLUDED.general_explanation, skill_category = EXCLUDED.skill_category, is_active = EXCLUDED.is_active, is_deleted = EXCLUDED.is_deleted, updated_at = NOW(), updated_by = 'system';
DELETE FROM questions_answers WHERE question_id = 811810001;
INSERT INTO questions_answers (question_id, sentence, sentence_translation, is_correct, "order") VALUES (811810001, 'Keigo cao cấp + ISO 22000/FSSC', 'Keigo cao cấp + ISO 22000/FSSC', TRUE, 1);
INSERT INTO questions_answers (question_id, sentence, sentence_translation, is_correct, "order") VALUES (811810001, 'Khái niệm không liên quan A', 'Khái niệm không liên quan A', FALSE, 2);
INSERT INTO questions_answers (question_id, sentence, sentence_translation, is_correct, "order") VALUES (811810001, 'Khái niệm không liên quan B', 'Khái niệm không liên quan B', FALSE, 3);
INSERT INTO questions_answers (question_id, sentence, sentence_translation, is_correct, "order") VALUES (811810001, 'Khái niệm không liên quan C', 'Khái niệm không liên quan C', FALSE, 4);
INSERT INTO questions (id, user_id, is_system, is_khoa_cu, question_type, content_type, level, selection_type, question, passage, passage_translation, general_explanation, skill_category, base_difficulty, tenant_id, is_active, is_deleted, created_at, created_by) VALUES (811810002, NULL, TRUE, FALSE, 'chon_dap_an', 'jisshusei_baitap_t08_iso_audit', 'N5', 'single', '「監査員」 trong ngữ cảnh chương 8 có nghĩa liên quan đến gì?

「監査員」 trong chương 8 liên quan đến:', NULL, NULL, '「監査員」 thuộc chủ đề: Keigo cao cấp + ISO 22000/FSSC + uchi-soto + xử lý xung đột.', 'grammar', 1, 'system', TRUE, FALSE, NOW(), 'system') ON CONFLICT (id) DO UPDATE SET question_type = EXCLUDED.question_type, content_type = EXCLUDED.content_type, level = EXCLUDED.level, question = EXCLUDED.question, passage = EXCLUDED.passage, passage_translation = EXCLUDED.passage_translation, general_explanation = EXCLUDED.general_explanation, skill_category = EXCLUDED.skill_category, is_active = EXCLUDED.is_active, is_deleted = EXCLUDED.is_deleted, updated_at = NOW(), updated_by = 'system';
DELETE FROM questions_answers WHERE question_id = 811810002;
INSERT INTO questions_answers (question_id, sentence, sentence_translation, is_correct, "order") VALUES (811810002, 'Keigo cao cấp + ISO 22000/FSSC', 'Keigo cao cấp + ISO 22000/FSSC', TRUE, 1);
INSERT INTO questions_answers (question_id, sentence, sentence_translation, is_correct, "order") VALUES (811810002, 'Khái niệm không liên quan A', 'Khái niệm không liên quan A', FALSE, 2);
INSERT INTO questions_answers (question_id, sentence, sentence_translation, is_correct, "order") VALUES (811810002, 'Khái niệm không liên quan B', 'Khái niệm không liên quan B', FALSE, 3);
INSERT INTO questions_answers (question_id, sentence, sentence_translation, is_correct, "order") VALUES (811810002, 'Khái niệm không liên quan C', 'Khái niệm không liên quan C', FALSE, 4);
INSERT INTO questions (id, user_id, is_system, is_khoa_cu, question_type, content_type, level, selection_type, question, passage, passage_translation, general_explanation, skill_category, base_difficulty, tenant_id, is_active, is_deleted, created_at, created_by) VALUES (811810003, NULL, TRUE, FALSE, 'chon_dap_an', 'jisshusei_baitap_t08_iso_audit', 'N5', 'single', '「是正」 trong ngữ cảnh chương 8 có nghĩa liên quan đến gì?

「是正」 trong chương 8 liên quan đến:', NULL, NULL, '「是正」 thuộc chủ đề: Keigo cao cấp + ISO 22000/FSSC + uchi-soto + xử lý xung đột.', 'grammar', 1, 'system', TRUE, FALSE, NOW(), 'system') ON CONFLICT (id) DO UPDATE SET question_type = EXCLUDED.question_type, content_type = EXCLUDED.content_type, level = EXCLUDED.level, question = EXCLUDED.question, passage = EXCLUDED.passage, passage_translation = EXCLUDED.passage_translation, general_explanation = EXCLUDED.general_explanation, skill_category = EXCLUDED.skill_category, is_active = EXCLUDED.is_active, is_deleted = EXCLUDED.is_deleted, updated_at = NOW(), updated_by = 'system';
DELETE FROM questions_answers WHERE question_id = 811810003;
INSERT INTO questions_answers (question_id, sentence, sentence_translation, is_correct, "order") VALUES (811810003, 'Keigo cao cấp + ISO 22000/FSSC', 'Keigo cao cấp + ISO 22000/FSSC', TRUE, 1);
INSERT INTO questions_answers (question_id, sentence, sentence_translation, is_correct, "order") VALUES (811810003, 'Khái niệm không liên quan A', 'Khái niệm không liên quan A', FALSE, 2);
INSERT INTO questions_answers (question_id, sentence, sentence_translation, is_correct, "order") VALUES (811810003, 'Khái niệm không liên quan B', 'Khái niệm không liên quan B', FALSE, 3);
INSERT INTO questions_answers (question_id, sentence, sentence_translation, is_correct, "order") VALUES (811810003, 'Khái niệm không liên quan C', 'Khái niệm không liên quan C', FALSE, 4);
INSERT INTO questions (id, user_id, is_system, is_khoa_cu, question_type, content_type, level, selection_type, question, passage, passage_translation, general_explanation, skill_category, base_difficulty, tenant_id, is_active, is_deleted, created_at, created_by) VALUES (811810004, NULL, TRUE, FALSE, 'chon_dap_an', 'jisshusei_baitap_t08_iso_audit', 'N5', 'single', '「不適合」 trong ngữ cảnh chương 8 có nghĩa liên quan đến gì?

「不適合」 trong chương 8 liên quan đến:', NULL, NULL, '「不適合」 thuộc chủ đề: Keigo cao cấp + ISO 22000/FSSC + uchi-soto + xử lý xung đột.', 'grammar', 1, 'system', TRUE, FALSE, NOW(), 'system') ON CONFLICT (id) DO UPDATE SET question_type = EXCLUDED.question_type, content_type = EXCLUDED.content_type, level = EXCLUDED.level, question = EXCLUDED.question, passage = EXCLUDED.passage, passage_translation = EXCLUDED.passage_translation, general_explanation = EXCLUDED.general_explanation, skill_category = EXCLUDED.skill_category, is_active = EXCLUDED.is_active, is_deleted = EXCLUDED.is_deleted, updated_at = NOW(), updated_by = 'system';
DELETE FROM questions_answers WHERE question_id = 811810004;
INSERT INTO questions_answers (question_id, sentence, sentence_translation, is_correct, "order") VALUES (811810004, 'Keigo cao cấp + ISO 22000/FSSC', 'Keigo cao cấp + ISO 22000/FSSC', TRUE, 1);
INSERT INTO questions_answers (question_id, sentence, sentence_translation, is_correct, "order") VALUES (811810004, 'Khái niệm không liên quan A', 'Khái niệm không liên quan A', FALSE, 2);
INSERT INTO questions_answers (question_id, sentence, sentence_translation, is_correct, "order") VALUES (811810004, 'Khái niệm không liên quan B', 'Khái niệm không liên quan B', FALSE, 3);
INSERT INTO questions_answers (question_id, sentence, sentence_translation, is_correct, "order") VALUES (811810004, 'Khái niệm không liên quan C', 'Khái niệm không liên quan C', FALSE, 4);
INSERT INTO questions (id, user_id, is_system, is_khoa_cu, question_type, content_type, level, selection_type, question, passage, passage_translation, general_explanation, skill_category, base_difficulty, tenant_id, is_active, is_deleted, created_at, created_by) VALUES (811810005, NULL, TRUE, FALSE, 'chon_dap_an', 'jisshusei_baitap_t08_iso_audit', 'N5', 'single', '「エビデンス」 trong ngữ cảnh chương 8 có nghĩa liên quan đến gì?

「エビデンス」 trong chương 8 liên quan đến:', NULL, NULL, '「エビデンス」 thuộc chủ đề: Keigo cao cấp + ISO 22000/FSSC + uchi-soto + xử lý xung đột.', 'grammar', 1, 'system', TRUE, FALSE, NOW(), 'system') ON CONFLICT (id) DO UPDATE SET question_type = EXCLUDED.question_type, content_type = EXCLUDED.content_type, level = EXCLUDED.level, question = EXCLUDED.question, passage = EXCLUDED.passage, passage_translation = EXCLUDED.passage_translation, general_explanation = EXCLUDED.general_explanation, skill_category = EXCLUDED.skill_category, is_active = EXCLUDED.is_active, is_deleted = EXCLUDED.is_deleted, updated_at = NOW(), updated_by = 'system';
DELETE FROM questions_answers WHERE question_id = 811810005;
INSERT INTO questions_answers (question_id, sentence, sentence_translation, is_correct, "order") VALUES (811810005, 'Keigo cao cấp + ISO 22000/FSSC', 'Keigo cao cấp + ISO 22000/FSSC', TRUE, 1);
INSERT INTO questions_answers (question_id, sentence, sentence_translation, is_correct, "order") VALUES (811810005, 'Khái niệm không liên quan A', 'Khái niệm không liên quan A', FALSE, 2);
INSERT INTO questions_answers (question_id, sentence, sentence_translation, is_correct, "order") VALUES (811810005, 'Khái niệm không liên quan B', 'Khái niệm không liên quan B', FALSE, 3);
INSERT INTO questions_answers (question_id, sentence, sentence_translation, is_correct, "order") VALUES (811810005, 'Khái niệm không liên quan C', 'Khái niệm không liên quan C', FALSE, 4);
INSERT INTO questions (id, user_id, is_system, is_khoa_cu, question_type, content_type, level, selection_type, question, passage, passage_translation, general_explanation, skill_category, base_difficulty, tenant_id, is_active, is_deleted, created_at, created_by) VALUES (811810006, NULL, TRUE, FALSE, 'chon_dap_an', 'jisshusei_baitap_t08_iso_audit', 'N5', 'single', '「ISO 22000」 trong ngữ cảnh chương 8 có nghĩa liên quan đến gì?

「ISO 22000」 trong chương 8 liên quan đến:', NULL, NULL, '「ISO 22000」 thuộc chủ đề: Keigo cao cấp + ISO 22000/FSSC + uchi-soto + xử lý xung đột.', 'grammar', 1, 'system', TRUE, FALSE, NOW(), 'system') ON CONFLICT (id) DO UPDATE SET question_type = EXCLUDED.question_type, content_type = EXCLUDED.content_type, level = EXCLUDED.level, question = EXCLUDED.question, passage = EXCLUDED.passage, passage_translation = EXCLUDED.passage_translation, general_explanation = EXCLUDED.general_explanation, skill_category = EXCLUDED.skill_category, is_active = EXCLUDED.is_active, is_deleted = EXCLUDED.is_deleted, updated_at = NOW(), updated_by = 'system';
DELETE FROM questions_answers WHERE question_id = 811810006;
INSERT INTO questions_answers (question_id, sentence, sentence_translation, is_correct, "order") VALUES (811810006, 'Keigo cao cấp + ISO 22000/FSSC', 'Keigo cao cấp + ISO 22000/FSSC', TRUE, 1);
INSERT INTO questions_answers (question_id, sentence, sentence_translation, is_correct, "order") VALUES (811810006, 'Khái niệm không liên quan A', 'Khái niệm không liên quan A', FALSE, 2);
INSERT INTO questions_answers (question_id, sentence, sentence_translation, is_correct, "order") VALUES (811810006, 'Khái niệm không liên quan B', 'Khái niệm không liên quan B', FALSE, 3);
INSERT INTO questions_answers (question_id, sentence, sentence_translation, is_correct, "order") VALUES (811810006, 'Khái niệm không liên quan C', 'Khái niệm không liên quan C', FALSE, 4);
INSERT INTO questions (id, user_id, is_system, is_khoa_cu, question_type, content_type, level, selection_type, question, passage, passage_translation, general_explanation, skill_category, base_difficulty, tenant_id, is_active, is_deleted, created_at, created_by) VALUES (811810007, NULL, TRUE, FALSE, 'chon_dap_an', 'jisshusei_baitap_t08_iso_audit', 'N5', 'single', '「FSSC 22000」 trong ngữ cảnh chương 8 có nghĩa liên quan đến gì?

「FSSC 22000」 trong chương 8 liên quan đến:', NULL, NULL, '「FSSC 22000」 thuộc chủ đề: Keigo cao cấp + ISO 22000/FSSC + uchi-soto + xử lý xung đột.', 'grammar', 1, 'system', TRUE, FALSE, NOW(), 'system') ON CONFLICT (id) DO UPDATE SET question_type = EXCLUDED.question_type, content_type = EXCLUDED.content_type, level = EXCLUDED.level, question = EXCLUDED.question, passage = EXCLUDED.passage, passage_translation = EXCLUDED.passage_translation, general_explanation = EXCLUDED.general_explanation, skill_category = EXCLUDED.skill_category, is_active = EXCLUDED.is_active, is_deleted = EXCLUDED.is_deleted, updated_at = NOW(), updated_by = 'system';
DELETE FROM questions_answers WHERE question_id = 811810007;
INSERT INTO questions_answers (question_id, sentence, sentence_translation, is_correct, "order") VALUES (811810007, 'Keigo cao cấp + ISO 22000/FSSC', 'Keigo cao cấp + ISO 22000/FSSC', TRUE, 1);
INSERT INTO questions_answers (question_id, sentence, sentence_translation, is_correct, "order") VALUES (811810007, 'Khái niệm không liên quan A', 'Khái niệm không liên quan A', FALSE, 2);
INSERT INTO questions_answers (question_id, sentence, sentence_translation, is_correct, "order") VALUES (811810007, 'Khái niệm không liên quan B', 'Khái niệm không liên quan B', FALSE, 3);
INSERT INTO questions_answers (question_id, sentence, sentence_translation, is_correct, "order") VALUES (811810007, 'Khái niệm không liên quan C', 'Khái niệm không liên quan C', FALSE, 4);
INSERT INTO questions (id, user_id, is_system, is_khoa_cu, question_type, content_type, level, selection_type, question, passage, passage_translation, general_explanation, skill_category, base_difficulty, tenant_id, is_active, is_deleted, created_at, created_by) VALUES (811810008, NULL, TRUE, FALSE, 'chon_dap_an', 'jisshusei_baitap_t08_iso_audit', 'N5', 'single', '「校正」 trong ngữ cảnh chương 8 có nghĩa liên quan đến gì?

「校正」 trong chương 8 liên quan đến:', NULL, NULL, '「校正」 thuộc chủ đề: Keigo cao cấp + ISO 22000/FSSC + uchi-soto + xử lý xung đột.', 'grammar', 1, 'system', TRUE, FALSE, NOW(), 'system') ON CONFLICT (id) DO UPDATE SET question_type = EXCLUDED.question_type, content_type = EXCLUDED.content_type, level = EXCLUDED.level, question = EXCLUDED.question, passage = EXCLUDED.passage, passage_translation = EXCLUDED.passage_translation, general_explanation = EXCLUDED.general_explanation, skill_category = EXCLUDED.skill_category, is_active = EXCLUDED.is_active, is_deleted = EXCLUDED.is_deleted, updated_at = NOW(), updated_by = 'system';
DELETE FROM questions_answers WHERE question_id = 811810008;
INSERT INTO questions_answers (question_id, sentence, sentence_translation, is_correct, "order") VALUES (811810008, 'Keigo cao cấp + ISO 22000/FSSC', 'Keigo cao cấp + ISO 22000/FSSC', TRUE, 1);
INSERT INTO questions_answers (question_id, sentence, sentence_translation, is_correct, "order") VALUES (811810008, 'Khái niệm không liên quan A', 'Khái niệm không liên quan A', FALSE, 2);
INSERT INTO questions_answers (question_id, sentence, sentence_translation, is_correct, "order") VALUES (811810008, 'Khái niệm không liên quan B', 'Khái niệm không liên quan B', FALSE, 3);
INSERT INTO questions_answers (question_id, sentence, sentence_translation, is_correct, "order") VALUES (811810008, 'Khái niệm không liên quan C', 'Khái niệm không liên quan C', FALSE, 4);
INSERT INTO questions (id, user_id, is_system, is_khoa_cu, question_type, content_type, level, selection_type, question, passage, passage_translation, general_explanation, skill_category, base_difficulty, tenant_id, is_active, is_deleted, created_at, created_by) VALUES (811810009, NULL, TRUE, FALSE, 'chon_dap_an', 'jisshusei_baitap_t08_iso_audit', 'N5', 'single', '「感度」 trong ngữ cảnh chương 8 có nghĩa liên quan đến gì?

「感度」 trong chương 8 liên quan đến:', NULL, NULL, '「感度」 thuộc chủ đề: Keigo cao cấp + ISO 22000/FSSC + uchi-soto + xử lý xung đột.', 'grammar', 1, 'system', TRUE, FALSE, NOW(), 'system') ON CONFLICT (id) DO UPDATE SET question_type = EXCLUDED.question_type, content_type = EXCLUDED.content_type, level = EXCLUDED.level, question = EXCLUDED.question, passage = EXCLUDED.passage, passage_translation = EXCLUDED.passage_translation, general_explanation = EXCLUDED.general_explanation, skill_category = EXCLUDED.skill_category, is_active = EXCLUDED.is_active, is_deleted = EXCLUDED.is_deleted, updated_at = NOW(), updated_by = 'system';
DELETE FROM questions_answers WHERE question_id = 811810009;
INSERT INTO questions_answers (question_id, sentence, sentence_translation, is_correct, "order") VALUES (811810009, 'Keigo cao cấp + ISO 22000/FSSC', 'Keigo cao cấp + ISO 22000/FSSC', TRUE, 1);
INSERT INTO questions_answers (question_id, sentence, sentence_translation, is_correct, "order") VALUES (811810009, 'Khái niệm không liên quan A', 'Khái niệm không liên quan A', FALSE, 2);
INSERT INTO questions_answers (question_id, sentence, sentence_translation, is_correct, "order") VALUES (811810009, 'Khái niệm không liên quan B', 'Khái niệm không liên quan B', FALSE, 3);
INSERT INTO questions_answers (question_id, sentence, sentence_translation, is_correct, "order") VALUES (811810009, 'Khái niệm không liên quan C', 'Khái niệm không liên quan C', FALSE, 4);
INSERT INTO questions (id, user_id, is_system, is_khoa_cu, question_type, content_type, level, selection_type, question, passage, passage_translation, general_explanation, skill_category, base_difficulty, tenant_id, is_active, is_deleted, created_at, created_by) VALUES (811810010, NULL, TRUE, FALSE, 'chon_dap_an', 'jisshusei_baitap_t08_iso_audit', 'N5', 'single', '「頻度」 trong ngữ cảnh chương 8 có nghĩa liên quan đến gì?

「頻度」 trong chương 8 liên quan đến:', NULL, NULL, '「頻度」 thuộc chủ đề: Keigo cao cấp + ISO 22000/FSSC + uchi-soto + xử lý xung đột.', 'grammar', 1, 'system', TRUE, FALSE, NOW(), 'system') ON CONFLICT (id) DO UPDATE SET question_type = EXCLUDED.question_type, content_type = EXCLUDED.content_type, level = EXCLUDED.level, question = EXCLUDED.question, passage = EXCLUDED.passage, passage_translation = EXCLUDED.passage_translation, general_explanation = EXCLUDED.general_explanation, skill_category = EXCLUDED.skill_category, is_active = EXCLUDED.is_active, is_deleted = EXCLUDED.is_deleted, updated_at = NOW(), updated_by = 'system';
DELETE FROM questions_answers WHERE question_id = 811810010;
INSERT INTO questions_answers (question_id, sentence, sentence_translation, is_correct, "order") VALUES (811810010, 'Keigo cao cấp + ISO 22000/FSSC', 'Keigo cao cấp + ISO 22000/FSSC', TRUE, 1);
INSERT INTO questions_answers (question_id, sentence, sentence_translation, is_correct, "order") VALUES (811810010, 'Khái niệm không liên quan A', 'Khái niệm không liên quan A', FALSE, 2);
INSERT INTO questions_answers (question_id, sentence, sentence_translation, is_correct, "order") VALUES (811810010, 'Khái niệm không liên quan B', 'Khái niệm không liên quan B', FALSE, 3);
INSERT INTO questions_answers (question_id, sentence, sentence_translation, is_correct, "order") VALUES (811810010, 'Khái niệm không liên quan C', 'Khái niệm không liên quan C', FALSE, 4);
INSERT INTO questions (id, user_id, is_system, is_khoa_cu, question_type, content_type, level, selection_type, question, passage, passage_translation, general_explanation, skill_category, base_difficulty, tenant_id, is_active, is_deleted, created_at, created_by) VALUES (811810011, NULL, TRUE, FALSE, 'chon_dap_an', 'jisshusei_baitap_t08_iso_audit', 'N5', 'single', 'Cụm「ご案内致します」 thường dùng khi nào trong chương 8?

「ご案内致します」 dùng khi nào?', NULL, NULL, '「ご案内致します」 được dạy trong chương 8 (Keigo cao cấp + ISO 22000/FSSC + uchi-soto + xử lý xung đột).', 'grammar', 1, 'system', TRUE, FALSE, NOW(), 'system') ON CONFLICT (id) DO UPDATE SET question_type = EXCLUDED.question_type, content_type = EXCLUDED.content_type, level = EXCLUDED.level, question = EXCLUDED.question, passage = EXCLUDED.passage, passage_translation = EXCLUDED.passage_translation, general_explanation = EXCLUDED.general_explanation, skill_category = EXCLUDED.skill_category, is_active = EXCLUDED.is_active, is_deleted = EXCLUDED.is_deleted, updated_at = NOW(), updated_by = 'system';
DELETE FROM questions_answers WHERE question_id = 811810011;
INSERT INTO questions_answers (question_id, sentence, sentence_translation, is_correct, "order") VALUES (811810011, 'Trong tình huống chương 8: Keigo cao cấp + ISO 22000/FSSC + uchi-so', 'Trong tình huống chương 8: Keigo cao cấp + ISO 22000/FSSC + uchi-so', TRUE, 1);
INSERT INTO questions_answers (question_id, sentence, sentence_translation, is_correct, "order") VALUES (811810011, 'Khi ngủ', 'Khi ngủ', FALSE, 2);
INSERT INTO questions_answers (question_id, sentence, sentence_translation, is_correct, "order") VALUES (811810011, 'Khi ăn', 'Khi ăn', FALSE, 3);
INSERT INTO questions_answers (question_id, sentence, sentence_translation, is_correct, "order") VALUES (811810011, 'Không dùng', 'Không dùng', FALSE, 4);
INSERT INTO questions (id, user_id, is_system, is_khoa_cu, question_type, content_type, level, selection_type, question, passage, passage_translation, general_explanation, skill_category, base_difficulty, tenant_id, is_active, is_deleted, created_at, created_by) VALUES (811810012, NULL, TRUE, FALSE, 'chon_dap_an', 'jisshusei_baitap_t08_iso_audit', 'N5', 'single', 'Cụm「こちらでございます」 thường dùng khi nào trong chương 8?

「こちらでございます」 dùng khi nào?', NULL, NULL, '「こちらでございます」 được dạy trong chương 8 (Keigo cao cấp + ISO 22000/FSSC + uchi-soto + xử lý xung đột).', 'grammar', 1, 'system', TRUE, FALSE, NOW(), 'system') ON CONFLICT (id) DO UPDATE SET question_type = EXCLUDED.question_type, content_type = EXCLUDED.content_type, level = EXCLUDED.level, question = EXCLUDED.question, passage = EXCLUDED.passage, passage_translation = EXCLUDED.passage_translation, general_explanation = EXCLUDED.general_explanation, skill_category = EXCLUDED.skill_category, is_active = EXCLUDED.is_active, is_deleted = EXCLUDED.is_deleted, updated_at = NOW(), updated_by = 'system';
DELETE FROM questions_answers WHERE question_id = 811810012;
INSERT INTO questions_answers (question_id, sentence, sentence_translation, is_correct, "order") VALUES (811810012, 'Trong tình huống chương 8: Keigo cao cấp + ISO 22000/FSSC + uchi-so', 'Trong tình huống chương 8: Keigo cao cấp + ISO 22000/FSSC + uchi-so', TRUE, 1);
INSERT INTO questions_answers (question_id, sentence, sentence_translation, is_correct, "order") VALUES (811810012, 'Khi ngủ', 'Khi ngủ', FALSE, 2);
INSERT INTO questions_answers (question_id, sentence, sentence_translation, is_correct, "order") VALUES (811810012, 'Khi ăn', 'Khi ăn', FALSE, 3);
INSERT INTO questions_answers (question_id, sentence, sentence_translation, is_correct, "order") VALUES (811810012, 'Không dùng', 'Không dùng', FALSE, 4);
INSERT INTO questions (id, user_id, is_system, is_khoa_cu, question_type, content_type, level, selection_type, question, passage, passage_translation, general_explanation, skill_category, base_difficulty, tenant_id, is_active, is_deleted, created_at, created_by) VALUES (811810013, NULL, TRUE, FALSE, 'chon_dap_an', 'jisshusei_baitap_t08_iso_audit', 'N5', 'single', 'Cụm「お確かめいただけますでしょうか」 thường dùng khi nào trong chương 8?

「お確かめいただけますでしょうか」 dùng khi nào?', NULL, NULL, '「お確かめいただけますでしょうか」 được dạy trong chương 8 (Keigo cao cấp + ISO 22000/FSSC + uchi-soto + xử lý xung đột).', 'grammar', 1, 'system', TRUE, FALSE, NOW(), 'system') ON CONFLICT (id) DO UPDATE SET question_type = EXCLUDED.question_type, content_type = EXCLUDED.content_type, level = EXCLUDED.level, question = EXCLUDED.question, passage = EXCLUDED.passage, passage_translation = EXCLUDED.passage_translation, general_explanation = EXCLUDED.general_explanation, skill_category = EXCLUDED.skill_category, is_active = EXCLUDED.is_active, is_deleted = EXCLUDED.is_deleted, updated_at = NOW(), updated_by = 'system';
DELETE FROM questions_answers WHERE question_id = 811810013;
INSERT INTO questions_answers (question_id, sentence, sentence_translation, is_correct, "order") VALUES (811810013, 'Trong tình huống chương 8: Keigo cao cấp + ISO 22000/FSSC + uchi-so', 'Trong tình huống chương 8: Keigo cao cấp + ISO 22000/FSSC + uchi-so', TRUE, 1);
INSERT INTO questions_answers (question_id, sentence, sentence_translation, is_correct, "order") VALUES (811810013, 'Khi ngủ', 'Khi ngủ', FALSE, 2);
INSERT INTO questions_answers (question_id, sentence, sentence_translation, is_correct, "order") VALUES (811810013, 'Khi ăn', 'Khi ăn', FALSE, 3);
INSERT INTO questions_answers (question_id, sentence, sentence_translation, is_correct, "order") VALUES (811810013, 'Không dùng', 'Không dùng', FALSE, 4);
INSERT INTO questions (id, user_id, is_system, is_khoa_cu, question_type, content_type, level, selection_type, question, passage, passage_translation, general_explanation, skill_category, base_difficulty, tenant_id, is_active, is_deleted, created_at, created_by) VALUES (811810014, NULL, TRUE, FALSE, 'chon_dap_an', 'jisshusei_baitap_t08_iso_audit', 'N5', 'single', 'Cụm「かしこまりました」 thường dùng khi nào trong chương 8?

「かしこまりました」 dùng khi nào?', NULL, NULL, '「かしこまりました」 được dạy trong chương 8 (Keigo cao cấp + ISO 22000/FSSC + uchi-soto + xử lý xung đột).', 'grammar', 1, 'system', TRUE, FALSE, NOW(), 'system') ON CONFLICT (id) DO UPDATE SET question_type = EXCLUDED.question_type, content_type = EXCLUDED.content_type, level = EXCLUDED.level, question = EXCLUDED.question, passage = EXCLUDED.passage, passage_translation = EXCLUDED.passage_translation, general_explanation = EXCLUDED.general_explanation, skill_category = EXCLUDED.skill_category, is_active = EXCLUDED.is_active, is_deleted = EXCLUDED.is_deleted, updated_at = NOW(), updated_by = 'system';
DELETE FROM questions_answers WHERE question_id = 811810014;
INSERT INTO questions_answers (question_id, sentence, sentence_translation, is_correct, "order") VALUES (811810014, 'Trong tình huống chương 8: Keigo cao cấp + ISO 22000/FSSC + uchi-so', 'Trong tình huống chương 8: Keigo cao cấp + ISO 22000/FSSC + uchi-so', TRUE, 1);
INSERT INTO questions_answers (question_id, sentence, sentence_translation, is_correct, "order") VALUES (811810014, 'Khi ngủ', 'Khi ngủ', FALSE, 2);
INSERT INTO questions_answers (question_id, sentence, sentence_translation, is_correct, "order") VALUES (811810014, 'Khi ăn', 'Khi ăn', FALSE, 3);
INSERT INTO questions_answers (question_id, sentence, sentence_translation, is_correct, "order") VALUES (811810014, 'Không dùng', 'Không dùng', FALSE, 4);
INSERT INTO questions (id, user_id, is_system, is_khoa_cu, question_type, content_type, level, selection_type, question, passage, passage_translation, general_explanation, skill_category, base_difficulty, tenant_id, is_active, is_deleted, created_at, created_by) VALUES (811810015, NULL, TRUE, FALSE, 'chon_dap_an', 'jisshusei_baitap_t08_iso_audit', 'N5', 'single', 'Cụm「ご案内致します」 thường dùng khi nào trong chương 8?

「ご案内致します」 dùng khi nào?', NULL, NULL, '「ご案内致します」 được dạy trong chương 8 (Keigo cao cấp + ISO 22000/FSSC + uchi-soto + xử lý xung đột).', 'grammar', 1, 'system', TRUE, FALSE, NOW(), 'system') ON CONFLICT (id) DO UPDATE SET question_type = EXCLUDED.question_type, content_type = EXCLUDED.content_type, level = EXCLUDED.level, question = EXCLUDED.question, passage = EXCLUDED.passage, passage_translation = EXCLUDED.passage_translation, general_explanation = EXCLUDED.general_explanation, skill_category = EXCLUDED.skill_category, is_active = EXCLUDED.is_active, is_deleted = EXCLUDED.is_deleted, updated_at = NOW(), updated_by = 'system';
DELETE FROM questions_answers WHERE question_id = 811810015;
INSERT INTO questions_answers (question_id, sentence, sentence_translation, is_correct, "order") VALUES (811810015, 'Trong tình huống chương 8: Keigo cao cấp + ISO 22000/FSSC + uchi-so', 'Trong tình huống chương 8: Keigo cao cấp + ISO 22000/FSSC + uchi-so', TRUE, 1);
INSERT INTO questions_answers (question_id, sentence, sentence_translation, is_correct, "order") VALUES (811810015, 'Khi ngủ', 'Khi ngủ', FALSE, 2);
INSERT INTO questions_answers (question_id, sentence, sentence_translation, is_correct, "order") VALUES (811810015, 'Khi ăn', 'Khi ăn', FALSE, 3);
INSERT INTO questions_answers (question_id, sentence, sentence_translation, is_correct, "order") VALUES (811810015, 'Không dùng', 'Không dùng', FALSE, 4);
INSERT INTO questions (id, user_id, is_system, is_khoa_cu, question_type, content_type, level, selection_type, question, passage, passage_translation, general_explanation, skill_category, base_difficulty, tenant_id, is_active, is_deleted, created_at, created_by) VALUES (811810016, NULL, TRUE, FALSE, 'chon_dap_an', 'jisshusei_baitap_t08_iso_audit', 'N5', 'single', 'Cụm「こちらでございます」 thường dùng khi nào trong chương 8?

「こちらでございます」 dùng khi nào?', NULL, NULL, '「こちらでございます」 được dạy trong chương 8 (Keigo cao cấp + ISO 22000/FSSC + uchi-soto + xử lý xung đột).', 'grammar', 1, 'system', TRUE, FALSE, NOW(), 'system') ON CONFLICT (id) DO UPDATE SET question_type = EXCLUDED.question_type, content_type = EXCLUDED.content_type, level = EXCLUDED.level, question = EXCLUDED.question, passage = EXCLUDED.passage, passage_translation = EXCLUDED.passage_translation, general_explanation = EXCLUDED.general_explanation, skill_category = EXCLUDED.skill_category, is_active = EXCLUDED.is_active, is_deleted = EXCLUDED.is_deleted, updated_at = NOW(), updated_by = 'system';
DELETE FROM questions_answers WHERE question_id = 811810016;
INSERT INTO questions_answers (question_id, sentence, sentence_translation, is_correct, "order") VALUES (811810016, 'Trong tình huống chương 8: Keigo cao cấp + ISO 22000/FSSC + uchi-so', 'Trong tình huống chương 8: Keigo cao cấp + ISO 22000/FSSC + uchi-so', TRUE, 1);
INSERT INTO questions_answers (question_id, sentence, sentence_translation, is_correct, "order") VALUES (811810016, 'Khi ngủ', 'Khi ngủ', FALSE, 2);
INSERT INTO questions_answers (question_id, sentence, sentence_translation, is_correct, "order") VALUES (811810016, 'Khi ăn', 'Khi ăn', FALSE, 3);
INSERT INTO questions_answers (question_id, sentence, sentence_translation, is_correct, "order") VALUES (811810016, 'Không dùng', 'Không dùng', FALSE, 4);
INSERT INTO questions (id, user_id, is_system, is_khoa_cu, question_type, content_type, level, selection_type, question, passage, passage_translation, general_explanation, skill_category, base_difficulty, tenant_id, is_active, is_deleted, created_at, created_by) VALUES (811810017, NULL, TRUE, FALSE, 'chon_dap_an', 'jisshusei_baitap_t08_iso_audit', 'N5', 'single', 'Cụm「お確かめいただけますでしょうか」 thường dùng khi nào trong chương 8?

「お確かめいただけますでしょうか」 dùng khi nào?', NULL, NULL, '「お確かめいただけますでしょうか」 được dạy trong chương 8 (Keigo cao cấp + ISO 22000/FSSC + uchi-soto + xử lý xung đột).', 'grammar', 1, 'system', TRUE, FALSE, NOW(), 'system') ON CONFLICT (id) DO UPDATE SET question_type = EXCLUDED.question_type, content_type = EXCLUDED.content_type, level = EXCLUDED.level, question = EXCLUDED.question, passage = EXCLUDED.passage, passage_translation = EXCLUDED.passage_translation, general_explanation = EXCLUDED.general_explanation, skill_category = EXCLUDED.skill_category, is_active = EXCLUDED.is_active, is_deleted = EXCLUDED.is_deleted, updated_at = NOW(), updated_by = 'system';
DELETE FROM questions_answers WHERE question_id = 811810017;
INSERT INTO questions_answers (question_id, sentence, sentence_translation, is_correct, "order") VALUES (811810017, 'Trong tình huống chương 8: Keigo cao cấp + ISO 22000/FSSC + uchi-so', 'Trong tình huống chương 8: Keigo cao cấp + ISO 22000/FSSC + uchi-so', TRUE, 1);
INSERT INTO questions_answers (question_id, sentence, sentence_translation, is_correct, "order") VALUES (811810017, 'Khi ngủ', 'Khi ngủ', FALSE, 2);
INSERT INTO questions_answers (question_id, sentence, sentence_translation, is_correct, "order") VALUES (811810017, 'Khi ăn', 'Khi ăn', FALSE, 3);
INSERT INTO questions_answers (question_id, sentence, sentence_translation, is_correct, "order") VALUES (811810017, 'Không dùng', 'Không dùng', FALSE, 4);
INSERT INTO questions (id, user_id, is_system, is_khoa_cu, question_type, content_type, level, selection_type, question, passage, passage_translation, general_explanation, skill_category, base_difficulty, tenant_id, is_active, is_deleted, created_at, created_by) VALUES (811810018, NULL, TRUE, FALSE, 'chon_dap_an', 'jisshusei_baitap_t08_iso_audit', 'N5', 'single', 'Cụm「かしこまりました」 thường dùng khi nào trong chương 8?

「かしこまりました」 dùng khi nào?', NULL, NULL, '「かしこまりました」 được dạy trong chương 8 (Keigo cao cấp + ISO 22000/FSSC + uchi-soto + xử lý xung đột).', 'grammar', 1, 'system', TRUE, FALSE, NOW(), 'system') ON CONFLICT (id) DO UPDATE SET question_type = EXCLUDED.question_type, content_type = EXCLUDED.content_type, level = EXCLUDED.level, question = EXCLUDED.question, passage = EXCLUDED.passage, passage_translation = EXCLUDED.passage_translation, general_explanation = EXCLUDED.general_explanation, skill_category = EXCLUDED.skill_category, is_active = EXCLUDED.is_active, is_deleted = EXCLUDED.is_deleted, updated_at = NOW(), updated_by = 'system';
DELETE FROM questions_answers WHERE question_id = 811810018;
INSERT INTO questions_answers (question_id, sentence, sentence_translation, is_correct, "order") VALUES (811810018, 'Trong tình huống chương 8: Keigo cao cấp + ISO 22000/FSSC + uchi-so', 'Trong tình huống chương 8: Keigo cao cấp + ISO 22000/FSSC + uchi-so', TRUE, 1);
INSERT INTO questions_answers (question_id, sentence, sentence_translation, is_correct, "order") VALUES (811810018, 'Khi ngủ', 'Khi ngủ', FALSE, 2);
INSERT INTO questions_answers (question_id, sentence, sentence_translation, is_correct, "order") VALUES (811810018, 'Khi ăn', 'Khi ăn', FALSE, 3);
INSERT INTO questions_answers (question_id, sentence, sentence_translation, is_correct, "order") VALUES (811810018, 'Không dùng', 'Không dùng', FALSE, 4);
INSERT INTO questions (id, user_id, is_system, is_khoa_cu, question_type, content_type, level, selection_type, question, passage, passage_translation, general_explanation, skill_category, base_difficulty, tenant_id, is_active, is_deleted, created_at, created_by) VALUES (811810019, NULL, TRUE, FALSE, 'chon_dap_an', 'jisshusei_baitap_t08_iso_audit', 'N5', 'single', 'Cụm「ご案内致します」 thường dùng khi nào trong chương 8?

「ご案内致します」 dùng khi nào?', NULL, NULL, '「ご案内致します」 được dạy trong chương 8 (Keigo cao cấp + ISO 22000/FSSC + uchi-soto + xử lý xung đột).', 'grammar', 1, 'system', TRUE, FALSE, NOW(), 'system') ON CONFLICT (id) DO UPDATE SET question_type = EXCLUDED.question_type, content_type = EXCLUDED.content_type, level = EXCLUDED.level, question = EXCLUDED.question, passage = EXCLUDED.passage, passage_translation = EXCLUDED.passage_translation, general_explanation = EXCLUDED.general_explanation, skill_category = EXCLUDED.skill_category, is_active = EXCLUDED.is_active, is_deleted = EXCLUDED.is_deleted, updated_at = NOW(), updated_by = 'system';
DELETE FROM questions_answers WHERE question_id = 811810019;
INSERT INTO questions_answers (question_id, sentence, sentence_translation, is_correct, "order") VALUES (811810019, 'Trong tình huống chương 8: Keigo cao cấp + ISO 22000/FSSC + uchi-so', 'Trong tình huống chương 8: Keigo cao cấp + ISO 22000/FSSC + uchi-so', TRUE, 1);
INSERT INTO questions_answers (question_id, sentence, sentence_translation, is_correct, "order") VALUES (811810019, 'Khi ngủ', 'Khi ngủ', FALSE, 2);
INSERT INTO questions_answers (question_id, sentence, sentence_translation, is_correct, "order") VALUES (811810019, 'Khi ăn', 'Khi ăn', FALSE, 3);
INSERT INTO questions_answers (question_id, sentence, sentence_translation, is_correct, "order") VALUES (811810019, 'Không dùng', 'Không dùng', FALSE, 4);
INSERT INTO questions (id, user_id, is_system, is_khoa_cu, question_type, content_type, level, selection_type, question, passage, passage_translation, general_explanation, skill_category, base_difficulty, tenant_id, is_active, is_deleted, created_at, created_by) VALUES (811810020, NULL, TRUE, FALSE, 'chon_dap_an', 'jisshusei_baitap_t08_iso_audit', 'N5', 'single', 'Cụm「こちらでございます」 thường dùng khi nào trong chương 8?

「こちらでございます」 dùng khi nào?', NULL, NULL, '「こちらでございます」 được dạy trong chương 8 (Keigo cao cấp + ISO 22000/FSSC + uchi-soto + xử lý xung đột).', 'grammar', 1, 'system', TRUE, FALSE, NOW(), 'system') ON CONFLICT (id) DO UPDATE SET question_type = EXCLUDED.question_type, content_type = EXCLUDED.content_type, level = EXCLUDED.level, question = EXCLUDED.question, passage = EXCLUDED.passage, passage_translation = EXCLUDED.passage_translation, general_explanation = EXCLUDED.general_explanation, skill_category = EXCLUDED.skill_category, is_active = EXCLUDED.is_active, is_deleted = EXCLUDED.is_deleted, updated_at = NOW(), updated_by = 'system';
DELETE FROM questions_answers WHERE question_id = 811810020;
INSERT INTO questions_answers (question_id, sentence, sentence_translation, is_correct, "order") VALUES (811810020, 'Trong tình huống chương 8: Keigo cao cấp + ISO 22000/FSSC + uchi-so', 'Trong tình huống chương 8: Keigo cao cấp + ISO 22000/FSSC + uchi-so', TRUE, 1);
INSERT INTO questions_answers (question_id, sentence, sentence_translation, is_correct, "order") VALUES (811810020, 'Khi ngủ', 'Khi ngủ', FALSE, 2);
INSERT INTO questions_answers (question_id, sentence, sentence_translation, is_correct, "order") VALUES (811810020, 'Khi ăn', 'Khi ăn', FALSE, 3);
INSERT INTO questions_answers (question_id, sentence, sentence_translation, is_correct, "order") VALUES (811810020, 'Không dùng', 'Không dùng', FALSE, 4);
INSERT INTO questions (id, user_id, is_system, is_khoa_cu, question_type, content_type, level, selection_type, question, passage, passage_translation, general_explanation, skill_category, base_difficulty, tenant_id, is_active, is_deleted, created_at, created_by) VALUES (811810021, NULL, TRUE, FALSE, 'chon_dap_an', 'jisshusei_baitap_t08_iso_audit', 'N4', 'single', 'Tình huống 1 trong chương 8: phản ứng đúng là?

Phản ứng đúng cho tình huống 1:', NULL, NULL, 'Áp dụng nguyên tắc của chương: Keigo cao cấp + ISO 22000/FSSC + uchi-soto + xử lý xung đột.', 'grammar', 1, 'system', TRUE, FALSE, NOW(), 'system') ON CONFLICT (id) DO UPDATE SET question_type = EXCLUDED.question_type, content_type = EXCLUDED.content_type, level = EXCLUDED.level, question = EXCLUDED.question, passage = EXCLUDED.passage, passage_translation = EXCLUDED.passage_translation, general_explanation = EXCLUDED.general_explanation, skill_category = EXCLUDED.skill_category, is_active = EXCLUDED.is_active, is_deleted = EXCLUDED.is_deleted, updated_at = NOW(), updated_by = 'system';
DELETE FROM questions_answers WHERE question_id = 811810021;
INSERT INTO questions_answers (question_id, sentence, sentence_translation, is_correct, "order") VALUES (811810021, 'Theo nguyên tắc đã học trong chương', 'Theo nguyên tắc đã học trong chương', TRUE, 1);
INSERT INTO questions_answers (question_id, sentence, sentence_translation, is_correct, "order") VALUES (811810021, 'Tự ý làm theo ý mình', 'Tự ý làm theo ý mình', FALSE, 2);
INSERT INTO questions_answers (question_id, sentence, sentence_translation, is_correct, "order") VALUES (811810021, 'Im lặng không làm gì', 'Im lặng không làm gì', FALSE, 3);
INSERT INTO questions_answers (question_id, sentence, sentence_translation, is_correct, "order") VALUES (811810021, 'Nhờ người khác làm hộ', 'Nhờ người khác làm hộ', FALSE, 4);
INSERT INTO questions (id, user_id, is_system, is_khoa_cu, question_type, content_type, level, selection_type, question, passage, passage_translation, general_explanation, skill_category, base_difficulty, tenant_id, is_active, is_deleted, created_at, created_by) VALUES (811810022, NULL, TRUE, FALSE, 'chon_dap_an', 'jisshusei_baitap_t08_iso_audit', 'N4', 'single', 'Tình huống 2 trong chương 8: phản ứng đúng là?

Phản ứng đúng cho tình huống 2:', NULL, NULL, 'Áp dụng nguyên tắc của chương: Keigo cao cấp + ISO 22000/FSSC + uchi-soto + xử lý xung đột.', 'grammar', 1, 'system', TRUE, FALSE, NOW(), 'system') ON CONFLICT (id) DO UPDATE SET question_type = EXCLUDED.question_type, content_type = EXCLUDED.content_type, level = EXCLUDED.level, question = EXCLUDED.question, passage = EXCLUDED.passage, passage_translation = EXCLUDED.passage_translation, general_explanation = EXCLUDED.general_explanation, skill_category = EXCLUDED.skill_category, is_active = EXCLUDED.is_active, is_deleted = EXCLUDED.is_deleted, updated_at = NOW(), updated_by = 'system';
DELETE FROM questions_answers WHERE question_id = 811810022;
INSERT INTO questions_answers (question_id, sentence, sentence_translation, is_correct, "order") VALUES (811810022, 'Theo nguyên tắc đã học trong chương', 'Theo nguyên tắc đã học trong chương', TRUE, 1);
INSERT INTO questions_answers (question_id, sentence, sentence_translation, is_correct, "order") VALUES (811810022, 'Tự ý làm theo ý mình', 'Tự ý làm theo ý mình', FALSE, 2);
INSERT INTO questions_answers (question_id, sentence, sentence_translation, is_correct, "order") VALUES (811810022, 'Im lặng không làm gì', 'Im lặng không làm gì', FALSE, 3);
INSERT INTO questions_answers (question_id, sentence, sentence_translation, is_correct, "order") VALUES (811810022, 'Nhờ người khác làm hộ', 'Nhờ người khác làm hộ', FALSE, 4);
INSERT INTO questions (id, user_id, is_system, is_khoa_cu, question_type, content_type, level, selection_type, question, passage, passage_translation, general_explanation, skill_category, base_difficulty, tenant_id, is_active, is_deleted, created_at, created_by) VALUES (811810023, NULL, TRUE, FALSE, 'chon_dap_an', 'jisshusei_baitap_t08_iso_audit', 'N4', 'single', 'Tình huống 3 trong chương 8: phản ứng đúng là?

Phản ứng đúng cho tình huống 3:', NULL, NULL, 'Áp dụng nguyên tắc của chương: Keigo cao cấp + ISO 22000/FSSC + uchi-soto + xử lý xung đột.', 'grammar', 1, 'system', TRUE, FALSE, NOW(), 'system') ON CONFLICT (id) DO UPDATE SET question_type = EXCLUDED.question_type, content_type = EXCLUDED.content_type, level = EXCLUDED.level, question = EXCLUDED.question, passage = EXCLUDED.passage, passage_translation = EXCLUDED.passage_translation, general_explanation = EXCLUDED.general_explanation, skill_category = EXCLUDED.skill_category, is_active = EXCLUDED.is_active, is_deleted = EXCLUDED.is_deleted, updated_at = NOW(), updated_by = 'system';
DELETE FROM questions_answers WHERE question_id = 811810023;
INSERT INTO questions_answers (question_id, sentence, sentence_translation, is_correct, "order") VALUES (811810023, 'Theo nguyên tắc đã học trong chương', 'Theo nguyên tắc đã học trong chương', TRUE, 1);
INSERT INTO questions_answers (question_id, sentence, sentence_translation, is_correct, "order") VALUES (811810023, 'Tự ý làm theo ý mình', 'Tự ý làm theo ý mình', FALSE, 2);
INSERT INTO questions_answers (question_id, sentence, sentence_translation, is_correct, "order") VALUES (811810023, 'Im lặng không làm gì', 'Im lặng không làm gì', FALSE, 3);
INSERT INTO questions_answers (question_id, sentence, sentence_translation, is_correct, "order") VALUES (811810023, 'Nhờ người khác làm hộ', 'Nhờ người khác làm hộ', FALSE, 4);
INSERT INTO questions (id, user_id, is_system, is_khoa_cu, question_type, content_type, level, selection_type, question, passage, passage_translation, general_explanation, skill_category, base_difficulty, tenant_id, is_active, is_deleted, created_at, created_by) VALUES (811810024, NULL, TRUE, FALSE, 'chon_dap_an', 'jisshusei_baitap_t08_iso_audit', 'N4', 'single', 'Tình huống 4 trong chương 8: phản ứng đúng là?

Phản ứng đúng cho tình huống 4:', NULL, NULL, 'Áp dụng nguyên tắc của chương: Keigo cao cấp + ISO 22000/FSSC + uchi-soto + xử lý xung đột.', 'grammar', 1, 'system', TRUE, FALSE, NOW(), 'system') ON CONFLICT (id) DO UPDATE SET question_type = EXCLUDED.question_type, content_type = EXCLUDED.content_type, level = EXCLUDED.level, question = EXCLUDED.question, passage = EXCLUDED.passage, passage_translation = EXCLUDED.passage_translation, general_explanation = EXCLUDED.general_explanation, skill_category = EXCLUDED.skill_category, is_active = EXCLUDED.is_active, is_deleted = EXCLUDED.is_deleted, updated_at = NOW(), updated_by = 'system';
DELETE FROM questions_answers WHERE question_id = 811810024;
INSERT INTO questions_answers (question_id, sentence, sentence_translation, is_correct, "order") VALUES (811810024, 'Theo nguyên tắc đã học trong chương', 'Theo nguyên tắc đã học trong chương', TRUE, 1);
INSERT INTO questions_answers (question_id, sentence, sentence_translation, is_correct, "order") VALUES (811810024, 'Tự ý làm theo ý mình', 'Tự ý làm theo ý mình', FALSE, 2);
INSERT INTO questions_answers (question_id, sentence, sentence_translation, is_correct, "order") VALUES (811810024, 'Im lặng không làm gì', 'Im lặng không làm gì', FALSE, 3);
INSERT INTO questions_answers (question_id, sentence, sentence_translation, is_correct, "order") VALUES (811810024, 'Nhờ người khác làm hộ', 'Nhờ người khác làm hộ', FALSE, 4);
INSERT INTO questions (id, user_id, is_system, is_khoa_cu, question_type, content_type, level, selection_type, question, passage, passage_translation, general_explanation, skill_category, base_difficulty, tenant_id, is_active, is_deleted, created_at, created_by) VALUES (811810025, NULL, TRUE, FALSE, 'chon_dap_an', 'jisshusei_baitap_t08_iso_audit', 'N4', 'single', 'Tình huống 5 trong chương 8: phản ứng đúng là?

Phản ứng đúng cho tình huống 5:', NULL, NULL, 'Áp dụng nguyên tắc của chương: Keigo cao cấp + ISO 22000/FSSC + uchi-soto + xử lý xung đột.', 'grammar', 1, 'system', TRUE, FALSE, NOW(), 'system') ON CONFLICT (id) DO UPDATE SET question_type = EXCLUDED.question_type, content_type = EXCLUDED.content_type, level = EXCLUDED.level, question = EXCLUDED.question, passage = EXCLUDED.passage, passage_translation = EXCLUDED.passage_translation, general_explanation = EXCLUDED.general_explanation, skill_category = EXCLUDED.skill_category, is_active = EXCLUDED.is_active, is_deleted = EXCLUDED.is_deleted, updated_at = NOW(), updated_by = 'system';
DELETE FROM questions_answers WHERE question_id = 811810025;
INSERT INTO questions_answers (question_id, sentence, sentence_translation, is_correct, "order") VALUES (811810025, 'Theo nguyên tắc đã học trong chương', 'Theo nguyên tắc đã học trong chương', TRUE, 1);
INSERT INTO questions_answers (question_id, sentence, sentence_translation, is_correct, "order") VALUES (811810025, 'Tự ý làm theo ý mình', 'Tự ý làm theo ý mình', FALSE, 2);
INSERT INTO questions_answers (question_id, sentence, sentence_translation, is_correct, "order") VALUES (811810025, 'Im lặng không làm gì', 'Im lặng không làm gì', FALSE, 3);
INSERT INTO questions_answers (question_id, sentence, sentence_translation, is_correct, "order") VALUES (811810025, 'Nhờ người khác làm hộ', 'Nhờ người khác làm hộ', FALSE, 4);
INSERT INTO questions (id, user_id, is_system, is_khoa_cu, question_type, content_type, level, selection_type, question, passage, passage_translation, general_explanation, skill_category, base_difficulty, tenant_id, is_active, is_deleted, created_at, created_by) VALUES (811810026, NULL, TRUE, FALSE, 'chon_dap_an', 'jisshusei_baitap_t08_iso_audit', 'N4', 'single', 'Tình huống 6 trong chương 8: phản ứng đúng là?

Phản ứng đúng cho tình huống 6:', NULL, NULL, 'Áp dụng nguyên tắc của chương: Keigo cao cấp + ISO 22000/FSSC + uchi-soto + xử lý xung đột.', 'grammar', 1, 'system', TRUE, FALSE, NOW(), 'system') ON CONFLICT (id) DO UPDATE SET question_type = EXCLUDED.question_type, content_type = EXCLUDED.content_type, level = EXCLUDED.level, question = EXCLUDED.question, passage = EXCLUDED.passage, passage_translation = EXCLUDED.passage_translation, general_explanation = EXCLUDED.general_explanation, skill_category = EXCLUDED.skill_category, is_active = EXCLUDED.is_active, is_deleted = EXCLUDED.is_deleted, updated_at = NOW(), updated_by = 'system';
DELETE FROM questions_answers WHERE question_id = 811810026;
INSERT INTO questions_answers (question_id, sentence, sentence_translation, is_correct, "order") VALUES (811810026, 'Theo nguyên tắc đã học trong chương', 'Theo nguyên tắc đã học trong chương', TRUE, 1);
INSERT INTO questions_answers (question_id, sentence, sentence_translation, is_correct, "order") VALUES (811810026, 'Tự ý làm theo ý mình', 'Tự ý làm theo ý mình', FALSE, 2);
INSERT INTO questions_answers (question_id, sentence, sentence_translation, is_correct, "order") VALUES (811810026, 'Im lặng không làm gì', 'Im lặng không làm gì', FALSE, 3);
INSERT INTO questions_answers (question_id, sentence, sentence_translation, is_correct, "order") VALUES (811810026, 'Nhờ người khác làm hộ', 'Nhờ người khác làm hộ', FALSE, 4);
INSERT INTO questions (id, user_id, is_system, is_khoa_cu, question_type, content_type, level, selection_type, question, passage, passage_translation, general_explanation, skill_category, base_difficulty, tenant_id, is_active, is_deleted, created_at, created_by) VALUES (811810027, NULL, TRUE, FALSE, 'chon_dap_an', 'jisshusei_baitap_t08_iso_audit', 'N4', 'single', 'Tình huống 7 trong chương 8: phản ứng đúng là?

Phản ứng đúng cho tình huống 7:', NULL, NULL, 'Áp dụng nguyên tắc của chương: Keigo cao cấp + ISO 22000/FSSC + uchi-soto + xử lý xung đột.', 'grammar', 1, 'system', TRUE, FALSE, NOW(), 'system') ON CONFLICT (id) DO UPDATE SET question_type = EXCLUDED.question_type, content_type = EXCLUDED.content_type, level = EXCLUDED.level, question = EXCLUDED.question, passage = EXCLUDED.passage, passage_translation = EXCLUDED.passage_translation, general_explanation = EXCLUDED.general_explanation, skill_category = EXCLUDED.skill_category, is_active = EXCLUDED.is_active, is_deleted = EXCLUDED.is_deleted, updated_at = NOW(), updated_by = 'system';
DELETE FROM questions_answers WHERE question_id = 811810027;
INSERT INTO questions_answers (question_id, sentence, sentence_translation, is_correct, "order") VALUES (811810027, 'Theo nguyên tắc đã học trong chương', 'Theo nguyên tắc đã học trong chương', TRUE, 1);
INSERT INTO questions_answers (question_id, sentence, sentence_translation, is_correct, "order") VALUES (811810027, 'Tự ý làm theo ý mình', 'Tự ý làm theo ý mình', FALSE, 2);
INSERT INTO questions_answers (question_id, sentence, sentence_translation, is_correct, "order") VALUES (811810027, 'Im lặng không làm gì', 'Im lặng không làm gì', FALSE, 3);
INSERT INTO questions_answers (question_id, sentence, sentence_translation, is_correct, "order") VALUES (811810027, 'Nhờ người khác làm hộ', 'Nhờ người khác làm hộ', FALSE, 4);
INSERT INTO questions (id, user_id, is_system, is_khoa_cu, question_type, content_type, level, selection_type, question, passage, passage_translation, general_explanation, skill_category, base_difficulty, tenant_id, is_active, is_deleted, created_at, created_by) VALUES (811810028, NULL, TRUE, FALSE, 'chon_dap_an', 'jisshusei_baitap_t08_iso_audit', 'N4', 'single', 'Tình huống 8 trong chương 8: phản ứng đúng là?

Phản ứng đúng cho tình huống 8:', NULL, NULL, 'Áp dụng nguyên tắc của chương: Keigo cao cấp + ISO 22000/FSSC + uchi-soto + xử lý xung đột.', 'grammar', 1, 'system', TRUE, FALSE, NOW(), 'system') ON CONFLICT (id) DO UPDATE SET question_type = EXCLUDED.question_type, content_type = EXCLUDED.content_type, level = EXCLUDED.level, question = EXCLUDED.question, passage = EXCLUDED.passage, passage_translation = EXCLUDED.passage_translation, general_explanation = EXCLUDED.general_explanation, skill_category = EXCLUDED.skill_category, is_active = EXCLUDED.is_active, is_deleted = EXCLUDED.is_deleted, updated_at = NOW(), updated_by = 'system';
DELETE FROM questions_answers WHERE question_id = 811810028;
INSERT INTO questions_answers (question_id, sentence, sentence_translation, is_correct, "order") VALUES (811810028, 'Theo nguyên tắc đã học trong chương', 'Theo nguyên tắc đã học trong chương', TRUE, 1);
INSERT INTO questions_answers (question_id, sentence, sentence_translation, is_correct, "order") VALUES (811810028, 'Tự ý làm theo ý mình', 'Tự ý làm theo ý mình', FALSE, 2);
INSERT INTO questions_answers (question_id, sentence, sentence_translation, is_correct, "order") VALUES (811810028, 'Im lặng không làm gì', 'Im lặng không làm gì', FALSE, 3);
INSERT INTO questions_answers (question_id, sentence, sentence_translation, is_correct, "order") VALUES (811810028, 'Nhờ người khác làm hộ', 'Nhờ người khác làm hộ', FALSE, 4);
INSERT INTO questions (id, user_id, is_system, is_khoa_cu, question_type, content_type, level, selection_type, question, passage, passage_translation, general_explanation, skill_category, base_difficulty, tenant_id, is_active, is_deleted, created_at, created_by) VALUES (811810029, NULL, TRUE, FALSE, 'chon_dap_an', 'jisshusei_baitap_t08_iso_audit', 'N4', 'single', 'Tình huống 9 trong chương 8: phản ứng đúng là?

Phản ứng đúng cho tình huống 9:', NULL, NULL, 'Áp dụng nguyên tắc của chương: Keigo cao cấp + ISO 22000/FSSC + uchi-soto + xử lý xung đột.', 'grammar', 1, 'system', TRUE, FALSE, NOW(), 'system') ON CONFLICT (id) DO UPDATE SET question_type = EXCLUDED.question_type, content_type = EXCLUDED.content_type, level = EXCLUDED.level, question = EXCLUDED.question, passage = EXCLUDED.passage, passage_translation = EXCLUDED.passage_translation, general_explanation = EXCLUDED.general_explanation, skill_category = EXCLUDED.skill_category, is_active = EXCLUDED.is_active, is_deleted = EXCLUDED.is_deleted, updated_at = NOW(), updated_by = 'system';
DELETE FROM questions_answers WHERE question_id = 811810029;
INSERT INTO questions_answers (question_id, sentence, sentence_translation, is_correct, "order") VALUES (811810029, 'Theo nguyên tắc đã học trong chương', 'Theo nguyên tắc đã học trong chương', TRUE, 1);
INSERT INTO questions_answers (question_id, sentence, sentence_translation, is_correct, "order") VALUES (811810029, 'Tự ý làm theo ý mình', 'Tự ý làm theo ý mình', FALSE, 2);
INSERT INTO questions_answers (question_id, sentence, sentence_translation, is_correct, "order") VALUES (811810029, 'Im lặng không làm gì', 'Im lặng không làm gì', FALSE, 3);
INSERT INTO questions_answers (question_id, sentence, sentence_translation, is_correct, "order") VALUES (811810029, 'Nhờ người khác làm hộ', 'Nhờ người khác làm hộ', FALSE, 4);
INSERT INTO questions (id, user_id, is_system, is_khoa_cu, question_type, content_type, level, selection_type, question, passage, passage_translation, general_explanation, skill_category, base_difficulty, tenant_id, is_active, is_deleted, created_at, created_by) VALUES (811810030, NULL, TRUE, FALSE, 'chon_dap_an', 'jisshusei_baitap_t08_iso_audit', 'N4', 'single', 'Tình huống 10 trong chương 8: phản ứng đúng là?

Phản ứng đúng cho tình huống 10:', NULL, NULL, 'Áp dụng nguyên tắc của chương: Keigo cao cấp + ISO 22000/FSSC + uchi-soto + xử lý xung đột.', 'grammar', 1, 'system', TRUE, FALSE, NOW(), 'system') ON CONFLICT (id) DO UPDATE SET question_type = EXCLUDED.question_type, content_type = EXCLUDED.content_type, level = EXCLUDED.level, question = EXCLUDED.question, passage = EXCLUDED.passage, passage_translation = EXCLUDED.passage_translation, general_explanation = EXCLUDED.general_explanation, skill_category = EXCLUDED.skill_category, is_active = EXCLUDED.is_active, is_deleted = EXCLUDED.is_deleted, updated_at = NOW(), updated_by = 'system';
DELETE FROM questions_answers WHERE question_id = 811810030;
INSERT INTO questions_answers (question_id, sentence, sentence_translation, is_correct, "order") VALUES (811810030, 'Theo nguyên tắc đã học trong chương', 'Theo nguyên tắc đã học trong chương', TRUE, 1);
INSERT INTO questions_answers (question_id, sentence, sentence_translation, is_correct, "order") VALUES (811810030, 'Tự ý làm theo ý mình', 'Tự ý làm theo ý mình', FALSE, 2);
INSERT INTO questions_answers (question_id, sentence, sentence_translation, is_correct, "order") VALUES (811810030, 'Im lặng không làm gì', 'Im lặng không làm gì', FALSE, 3);
INSERT INTO questions_answers (question_id, sentence, sentence_translation, is_correct, "order") VALUES (811810030, 'Nhờ người khác làm hộ', 'Nhờ người khác làm hộ', FALSE, 4);
INSERT INTO questions (id, user_id, is_system, is_khoa_cu, question_type, content_type, level, selection_type, question, passage, passage_translation, general_explanation, skill_category, base_difficulty, tenant_id, is_active, is_deleted, created_at, created_by) VALUES (811810031, NULL, TRUE, FALSE, 'chon_dap_an', 'jisshusei_baitap_t08_iso_audit', 'N4', 'single', 'Văn hoá Nhật trong chương 8, nuance #1:

Văn hoá Nhật chương 8, sắc thái #1:', NULL, NULL, 'Chi tiết xem trong LyThuyet chương 8.', 'grammar', 1, 'system', TRUE, FALSE, NOW(), 'system') ON CONFLICT (id) DO UPDATE SET question_type = EXCLUDED.question_type, content_type = EXCLUDED.content_type, level = EXCLUDED.level, question = EXCLUDED.question, passage = EXCLUDED.passage, passage_translation = EXCLUDED.passage_translation, general_explanation = EXCLUDED.general_explanation, skill_category = EXCLUDED.skill_category, is_active = EXCLUDED.is_active, is_deleted = EXCLUDED.is_deleted, updated_at = NOW(), updated_by = 'system';
DELETE FROM questions_answers WHERE question_id = 811810031;
INSERT INTO questions_answers (question_id, sentence, sentence_translation, is_correct, "order") VALUES (811810031, 'Cách tiếp cận tinh tế phù hợp văn hoá Nhật (đã giải thích trong LyThuyet)', 'Cách tiếp cận tinh tế phù hợp văn hoá Nhật (đã giải thích trong LyThuyet)', TRUE, 1);
INSERT INTO questions_answers (question_id, sentence, sentence_translation, is_correct, "order") VALUES (811810031, 'Cách tiếp cận thẳng thắn theo style phương Tây', 'Cách tiếp cận thẳng thắn theo style phương Tây', FALSE, 2);
INSERT INTO questions_answers (question_id, sentence, sentence_translation, is_correct, "order") VALUES (811810031, 'Im lặng là tốt nhất', 'Im lặng là tốt nhất', FALSE, 3);
INSERT INTO questions_answers (question_id, sentence, sentence_translation, is_correct, "order") VALUES (811810031, 'Không có sự khác biệt văn hoá', 'Không có sự khác biệt văn hoá', FALSE, 4);
INSERT INTO questions (id, user_id, is_system, is_khoa_cu, question_type, content_type, level, selection_type, question, passage, passage_translation, general_explanation, skill_category, base_difficulty, tenant_id, is_active, is_deleted, created_at, created_by) VALUES (811810032, NULL, TRUE, FALSE, 'chon_dap_an', 'jisshusei_baitap_t08_iso_audit', 'N4', 'single', 'Văn hoá Nhật trong chương 8, nuance #2:

Văn hoá Nhật chương 8, sắc thái #2:', NULL, NULL, 'Chi tiết xem trong LyThuyet chương 8.', 'grammar', 1, 'system', TRUE, FALSE, NOW(), 'system') ON CONFLICT (id) DO UPDATE SET question_type = EXCLUDED.question_type, content_type = EXCLUDED.content_type, level = EXCLUDED.level, question = EXCLUDED.question, passage = EXCLUDED.passage, passage_translation = EXCLUDED.passage_translation, general_explanation = EXCLUDED.general_explanation, skill_category = EXCLUDED.skill_category, is_active = EXCLUDED.is_active, is_deleted = EXCLUDED.is_deleted, updated_at = NOW(), updated_by = 'system';
DELETE FROM questions_answers WHERE question_id = 811810032;
INSERT INTO questions_answers (question_id, sentence, sentence_translation, is_correct, "order") VALUES (811810032, 'Cách tiếp cận tinh tế phù hợp văn hoá Nhật (đã giải thích trong LyThuyet)', 'Cách tiếp cận tinh tế phù hợp văn hoá Nhật (đã giải thích trong LyThuyet)', TRUE, 1);
INSERT INTO questions_answers (question_id, sentence, sentence_translation, is_correct, "order") VALUES (811810032, 'Cách tiếp cận thẳng thắn theo style phương Tây', 'Cách tiếp cận thẳng thắn theo style phương Tây', FALSE, 2);
INSERT INTO questions_answers (question_id, sentence, sentence_translation, is_correct, "order") VALUES (811810032, 'Im lặng là tốt nhất', 'Im lặng là tốt nhất', FALSE, 3);
INSERT INTO questions_answers (question_id, sentence, sentence_translation, is_correct, "order") VALUES (811810032, 'Không có sự khác biệt văn hoá', 'Không có sự khác biệt văn hoá', FALSE, 4);
INSERT INTO questions (id, user_id, is_system, is_khoa_cu, question_type, content_type, level, selection_type, question, passage, passage_translation, general_explanation, skill_category, base_difficulty, tenant_id, is_active, is_deleted, created_at, created_by) VALUES (811810033, NULL, TRUE, FALSE, 'chon_dap_an', 'jisshusei_baitap_t08_iso_audit', 'N4', 'single', 'Văn hoá Nhật trong chương 8, nuance #3:

Văn hoá Nhật chương 8, sắc thái #3:', NULL, NULL, 'Chi tiết xem trong LyThuyet chương 8.', 'grammar', 1, 'system', TRUE, FALSE, NOW(), 'system') ON CONFLICT (id) DO UPDATE SET question_type = EXCLUDED.question_type, content_type = EXCLUDED.content_type, level = EXCLUDED.level, question = EXCLUDED.question, passage = EXCLUDED.passage, passage_translation = EXCLUDED.passage_translation, general_explanation = EXCLUDED.general_explanation, skill_category = EXCLUDED.skill_category, is_active = EXCLUDED.is_active, is_deleted = EXCLUDED.is_deleted, updated_at = NOW(), updated_by = 'system';
DELETE FROM questions_answers WHERE question_id = 811810033;
INSERT INTO questions_answers (question_id, sentence, sentence_translation, is_correct, "order") VALUES (811810033, 'Cách tiếp cận tinh tế phù hợp văn hoá Nhật (đã giải thích trong LyThuyet)', 'Cách tiếp cận tinh tế phù hợp văn hoá Nhật (đã giải thích trong LyThuyet)', TRUE, 1);
INSERT INTO questions_answers (question_id, sentence, sentence_translation, is_correct, "order") VALUES (811810033, 'Cách tiếp cận thẳng thắn theo style phương Tây', 'Cách tiếp cận thẳng thắn theo style phương Tây', FALSE, 2);
INSERT INTO questions_answers (question_id, sentence, sentence_translation, is_correct, "order") VALUES (811810033, 'Im lặng là tốt nhất', 'Im lặng là tốt nhất', FALSE, 3);
INSERT INTO questions_answers (question_id, sentence, sentence_translation, is_correct, "order") VALUES (811810033, 'Không có sự khác biệt văn hoá', 'Không có sự khác biệt văn hoá', FALSE, 4);
INSERT INTO questions (id, user_id, is_system, is_khoa_cu, question_type, content_type, level, selection_type, question, passage, passage_translation, general_explanation, skill_category, base_difficulty, tenant_id, is_active, is_deleted, created_at, created_by) VALUES (811810034, NULL, TRUE, FALSE, 'chon_dap_an', 'jisshusei_baitap_t08_iso_audit', 'N4', 'single', 'Văn hoá Nhật trong chương 8, nuance #4:

Văn hoá Nhật chương 8, sắc thái #4:', NULL, NULL, 'Chi tiết xem trong LyThuyet chương 8.', 'grammar', 1, 'system', TRUE, FALSE, NOW(), 'system') ON CONFLICT (id) DO UPDATE SET question_type = EXCLUDED.question_type, content_type = EXCLUDED.content_type, level = EXCLUDED.level, question = EXCLUDED.question, passage = EXCLUDED.passage, passage_translation = EXCLUDED.passage_translation, general_explanation = EXCLUDED.general_explanation, skill_category = EXCLUDED.skill_category, is_active = EXCLUDED.is_active, is_deleted = EXCLUDED.is_deleted, updated_at = NOW(), updated_by = 'system';
DELETE FROM questions_answers WHERE question_id = 811810034;
INSERT INTO questions_answers (question_id, sentence, sentence_translation, is_correct, "order") VALUES (811810034, 'Cách tiếp cận tinh tế phù hợp văn hoá Nhật (đã giải thích trong LyThuyet)', 'Cách tiếp cận tinh tế phù hợp văn hoá Nhật (đã giải thích trong LyThuyet)', TRUE, 1);
INSERT INTO questions_answers (question_id, sentence, sentence_translation, is_correct, "order") VALUES (811810034, 'Cách tiếp cận thẳng thắn theo style phương Tây', 'Cách tiếp cận thẳng thắn theo style phương Tây', FALSE, 2);
INSERT INTO questions_answers (question_id, sentence, sentence_translation, is_correct, "order") VALUES (811810034, 'Im lặng là tốt nhất', 'Im lặng là tốt nhất', FALSE, 3);
INSERT INTO questions_answers (question_id, sentence, sentence_translation, is_correct, "order") VALUES (811810034, 'Không có sự khác biệt văn hoá', 'Không có sự khác biệt văn hoá', FALSE, 4);
INSERT INTO questions (id, user_id, is_system, is_khoa_cu, question_type, content_type, level, selection_type, question, passage, passage_translation, general_explanation, skill_category, base_difficulty, tenant_id, is_active, is_deleted, created_at, created_by) VALUES (811810035, NULL, TRUE, FALSE, 'chon_dap_an', 'jisshusei_baitap_t08_iso_audit', 'N4', 'single', 'Văn hoá Nhật trong chương 8, nuance #5:

Văn hoá Nhật chương 8, sắc thái #5:', NULL, NULL, 'Chi tiết xem trong LyThuyet chương 8.', 'grammar', 1, 'system', TRUE, FALSE, NOW(), 'system') ON CONFLICT (id) DO UPDATE SET question_type = EXCLUDED.question_type, content_type = EXCLUDED.content_type, level = EXCLUDED.level, question = EXCLUDED.question, passage = EXCLUDED.passage, passage_translation = EXCLUDED.passage_translation, general_explanation = EXCLUDED.general_explanation, skill_category = EXCLUDED.skill_category, is_active = EXCLUDED.is_active, is_deleted = EXCLUDED.is_deleted, updated_at = NOW(), updated_by = 'system';
DELETE FROM questions_answers WHERE question_id = 811810035;
INSERT INTO questions_answers (question_id, sentence, sentence_translation, is_correct, "order") VALUES (811810035, 'Cách tiếp cận tinh tế phù hợp văn hoá Nhật (đã giải thích trong LyThuyet)', 'Cách tiếp cận tinh tế phù hợp văn hoá Nhật (đã giải thích trong LyThuyet)', TRUE, 1);
INSERT INTO questions_answers (question_id, sentence, sentence_translation, is_correct, "order") VALUES (811810035, 'Cách tiếp cận thẳng thắn theo style phương Tây', 'Cách tiếp cận thẳng thắn theo style phương Tây', FALSE, 2);
INSERT INTO questions_answers (question_id, sentence, sentence_translation, is_correct, "order") VALUES (811810035, 'Im lặng là tốt nhất', 'Im lặng là tốt nhất', FALSE, 3);
INSERT INTO questions_answers (question_id, sentence, sentence_translation, is_correct, "order") VALUES (811810035, 'Không có sự khác biệt văn hoá', 'Không có sự khác biệt văn hoá', FALSE, 4);
INSERT INTO questions (id, user_id, is_system, is_khoa_cu, question_type, content_type, level, selection_type, question, passage, passage_translation, general_explanation, skill_category, base_difficulty, tenant_id, is_active, is_deleted, created_at, created_by) VALUES (811810036, NULL, TRUE, FALSE, 'chon_dap_an', 'jisshusei_baitap_t08_iso_audit', 'N4', 'single', 'Văn hoá Nhật trong chương 8, nuance #6:

Văn hoá Nhật chương 8, sắc thái #6:', NULL, NULL, 'Chi tiết xem trong LyThuyet chương 8.', 'grammar', 1, 'system', TRUE, FALSE, NOW(), 'system') ON CONFLICT (id) DO UPDATE SET question_type = EXCLUDED.question_type, content_type = EXCLUDED.content_type, level = EXCLUDED.level, question = EXCLUDED.question, passage = EXCLUDED.passage, passage_translation = EXCLUDED.passage_translation, general_explanation = EXCLUDED.general_explanation, skill_category = EXCLUDED.skill_category, is_active = EXCLUDED.is_active, is_deleted = EXCLUDED.is_deleted, updated_at = NOW(), updated_by = 'system';
DELETE FROM questions_answers WHERE question_id = 811810036;
INSERT INTO questions_answers (question_id, sentence, sentence_translation, is_correct, "order") VALUES (811810036, 'Cách tiếp cận tinh tế phù hợp văn hoá Nhật (đã giải thích trong LyThuyet)', 'Cách tiếp cận tinh tế phù hợp văn hoá Nhật (đã giải thích trong LyThuyet)', TRUE, 1);
INSERT INTO questions_answers (question_id, sentence, sentence_translation, is_correct, "order") VALUES (811810036, 'Cách tiếp cận thẳng thắn theo style phương Tây', 'Cách tiếp cận thẳng thắn theo style phương Tây', FALSE, 2);
INSERT INTO questions_answers (question_id, sentence, sentence_translation, is_correct, "order") VALUES (811810036, 'Im lặng là tốt nhất', 'Im lặng là tốt nhất', FALSE, 3);
INSERT INTO questions_answers (question_id, sentence, sentence_translation, is_correct, "order") VALUES (811810036, 'Không có sự khác biệt văn hoá', 'Không có sự khác biệt văn hoá', FALSE, 4);
INSERT INTO questions (id, user_id, is_system, is_khoa_cu, question_type, content_type, level, selection_type, question, passage, passage_translation, general_explanation, skill_category, base_difficulty, tenant_id, is_active, is_deleted, created_at, created_by) VALUES (811810037, NULL, TRUE, FALSE, 'chon_dap_an', 'jisshusei_baitap_t08_iso_audit', 'N4', 'single', 'Văn hoá Nhật trong chương 8, nuance #7:

Văn hoá Nhật chương 8, sắc thái #7:', NULL, NULL, 'Chi tiết xem trong LyThuyet chương 8.', 'grammar', 1, 'system', TRUE, FALSE, NOW(), 'system') ON CONFLICT (id) DO UPDATE SET question_type = EXCLUDED.question_type, content_type = EXCLUDED.content_type, level = EXCLUDED.level, question = EXCLUDED.question, passage = EXCLUDED.passage, passage_translation = EXCLUDED.passage_translation, general_explanation = EXCLUDED.general_explanation, skill_category = EXCLUDED.skill_category, is_active = EXCLUDED.is_active, is_deleted = EXCLUDED.is_deleted, updated_at = NOW(), updated_by = 'system';
DELETE FROM questions_answers WHERE question_id = 811810037;
INSERT INTO questions_answers (question_id, sentence, sentence_translation, is_correct, "order") VALUES (811810037, 'Cách tiếp cận tinh tế phù hợp văn hoá Nhật (đã giải thích trong LyThuyet)', 'Cách tiếp cận tinh tế phù hợp văn hoá Nhật (đã giải thích trong LyThuyet)', TRUE, 1);
INSERT INTO questions_answers (question_id, sentence, sentence_translation, is_correct, "order") VALUES (811810037, 'Cách tiếp cận thẳng thắn theo style phương Tây', 'Cách tiếp cận thẳng thắn theo style phương Tây', FALSE, 2);
INSERT INTO questions_answers (question_id, sentence, sentence_translation, is_correct, "order") VALUES (811810037, 'Im lặng là tốt nhất', 'Im lặng là tốt nhất', FALSE, 3);
INSERT INTO questions_answers (question_id, sentence, sentence_translation, is_correct, "order") VALUES (811810037, 'Không có sự khác biệt văn hoá', 'Không có sự khác biệt văn hoá', FALSE, 4);
INSERT INTO questions (id, user_id, is_system, is_khoa_cu, question_type, content_type, level, selection_type, question, passage, passage_translation, general_explanation, skill_category, base_difficulty, tenant_id, is_active, is_deleted, created_at, created_by) VALUES (811810038, NULL, TRUE, FALSE, 'chon_dap_an', 'jisshusei_baitap_t08_iso_audit', 'N4', 'single', 'Văn hoá Nhật trong chương 8, nuance #8:

Văn hoá Nhật chương 8, sắc thái #8:', NULL, NULL, 'Chi tiết xem trong LyThuyet chương 8.', 'grammar', 1, 'system', TRUE, FALSE, NOW(), 'system') ON CONFLICT (id) DO UPDATE SET question_type = EXCLUDED.question_type, content_type = EXCLUDED.content_type, level = EXCLUDED.level, question = EXCLUDED.question, passage = EXCLUDED.passage, passage_translation = EXCLUDED.passage_translation, general_explanation = EXCLUDED.general_explanation, skill_category = EXCLUDED.skill_category, is_active = EXCLUDED.is_active, is_deleted = EXCLUDED.is_deleted, updated_at = NOW(), updated_by = 'system';
DELETE FROM questions_answers WHERE question_id = 811810038;
INSERT INTO questions_answers (question_id, sentence, sentence_translation, is_correct, "order") VALUES (811810038, 'Cách tiếp cận tinh tế phù hợp văn hoá Nhật (đã giải thích trong LyThuyet)', 'Cách tiếp cận tinh tế phù hợp văn hoá Nhật (đã giải thích trong LyThuyet)', TRUE, 1);
INSERT INTO questions_answers (question_id, sentence, sentence_translation, is_correct, "order") VALUES (811810038, 'Cách tiếp cận thẳng thắn theo style phương Tây', 'Cách tiếp cận thẳng thắn theo style phương Tây', FALSE, 2);
INSERT INTO questions_answers (question_id, sentence, sentence_translation, is_correct, "order") VALUES (811810038, 'Im lặng là tốt nhất', 'Im lặng là tốt nhất', FALSE, 3);
INSERT INTO questions_answers (question_id, sentence, sentence_translation, is_correct, "order") VALUES (811810038, 'Không có sự khác biệt văn hoá', 'Không có sự khác biệt văn hoá', FALSE, 4);
INSERT INTO questions (id, user_id, is_system, is_khoa_cu, question_type, content_type, level, selection_type, question, passage, passage_translation, general_explanation, skill_category, base_difficulty, tenant_id, is_active, is_deleted, created_at, created_by) VALUES (811810039, NULL, TRUE, FALSE, 'chon_dap_an', 'jisshusei_baitap_t08_iso_audit', 'N4', 'single', 'Văn hoá Nhật trong chương 8, nuance #9:

Văn hoá Nhật chương 8, sắc thái #9:', NULL, NULL, 'Chi tiết xem trong LyThuyet chương 8.', 'grammar', 1, 'system', TRUE, FALSE, NOW(), 'system') ON CONFLICT (id) DO UPDATE SET question_type = EXCLUDED.question_type, content_type = EXCLUDED.content_type, level = EXCLUDED.level, question = EXCLUDED.question, passage = EXCLUDED.passage, passage_translation = EXCLUDED.passage_translation, general_explanation = EXCLUDED.general_explanation, skill_category = EXCLUDED.skill_category, is_active = EXCLUDED.is_active, is_deleted = EXCLUDED.is_deleted, updated_at = NOW(), updated_by = 'system';
DELETE FROM questions_answers WHERE question_id = 811810039;
INSERT INTO questions_answers (question_id, sentence, sentence_translation, is_correct, "order") VALUES (811810039, 'Cách tiếp cận tinh tế phù hợp văn hoá Nhật (đã giải thích trong LyThuyet)', 'Cách tiếp cận tinh tế phù hợp văn hoá Nhật (đã giải thích trong LyThuyet)', TRUE, 1);
INSERT INTO questions_answers (question_id, sentence, sentence_translation, is_correct, "order") VALUES (811810039, 'Cách tiếp cận thẳng thắn theo style phương Tây', 'Cách tiếp cận thẳng thắn theo style phương Tây', FALSE, 2);
INSERT INTO questions_answers (question_id, sentence, sentence_translation, is_correct, "order") VALUES (811810039, 'Im lặng là tốt nhất', 'Im lặng là tốt nhất', FALSE, 3);
INSERT INTO questions_answers (question_id, sentence, sentence_translation, is_correct, "order") VALUES (811810039, 'Không có sự khác biệt văn hoá', 'Không có sự khác biệt văn hoá', FALSE, 4);
INSERT INTO questions (id, user_id, is_system, is_khoa_cu, question_type, content_type, level, selection_type, question, passage, passage_translation, general_explanation, skill_category, base_difficulty, tenant_id, is_active, is_deleted, created_at, created_by) VALUES (811810040, NULL, TRUE, FALSE, 'chon_dap_an', 'jisshusei_baitap_t08_iso_audit', 'N4', 'single', 'Văn hoá Nhật trong chương 8, nuance #10:

Văn hoá Nhật chương 8, sắc thái #10:', NULL, NULL, 'Chi tiết xem trong LyThuyet chương 8.', 'grammar', 1, 'system', TRUE, FALSE, NOW(), 'system') ON CONFLICT (id) DO UPDATE SET question_type = EXCLUDED.question_type, content_type = EXCLUDED.content_type, level = EXCLUDED.level, question = EXCLUDED.question, passage = EXCLUDED.passage, passage_translation = EXCLUDED.passage_translation, general_explanation = EXCLUDED.general_explanation, skill_category = EXCLUDED.skill_category, is_active = EXCLUDED.is_active, is_deleted = EXCLUDED.is_deleted, updated_at = NOW(), updated_by = 'system';
DELETE FROM questions_answers WHERE question_id = 811810040;
INSERT INTO questions_answers (question_id, sentence, sentence_translation, is_correct, "order") VALUES (811810040, 'Cách tiếp cận tinh tế phù hợp văn hoá Nhật (đã giải thích trong LyThuyet)', 'Cách tiếp cận tinh tế phù hợp văn hoá Nhật (đã giải thích trong LyThuyet)', TRUE, 1);
INSERT INTO questions_answers (question_id, sentence, sentence_translation, is_correct, "order") VALUES (811810040, 'Cách tiếp cận thẳng thắn theo style phương Tây', 'Cách tiếp cận thẳng thắn theo style phương Tây', FALSE, 2);
INSERT INTO questions_answers (question_id, sentence, sentence_translation, is_correct, "order") VALUES (811810040, 'Im lặng là tốt nhất', 'Im lặng là tốt nhất', FALSE, 3);
INSERT INTO questions_answers (question_id, sentence, sentence_translation, is_correct, "order") VALUES (811810040, 'Không có sự khác biệt văn hoá', 'Không có sự khác biệt văn hoá', FALSE, 4);

INSERT INTO study_question_sets (id, name, description, set_type, card_count, tenant_id, is_active, is_deleted, created_at, created_by) VALUES (8110811, 'T8. Khách kiểm tra audit — Bài tập Level 1', 'Bài tập trắc nghiệm — Level 1: N5', 'practice', 10, 'system', TRUE, FALSE, NOW(), 'system') ON CONFLICT (id) DO UPDATE SET name = EXCLUDED.name, description = EXCLUDED.description, set_type = EXCLUDED.set_type, card_count = EXCLUDED.card_count, is_active = EXCLUDED.is_active, is_deleted = EXCLUDED.is_deleted, updated_at = NOW(), updated_by = 'system';
INSERT INTO study_question_set_questions (study_question_set_id, question_id, order_index, tenant_id, is_deleted, created_at, created_by) VALUES (8110811, 811810001, 1, 'system', FALSE, NOW(), 'system') ON CONFLICT (study_question_set_id, question_id) DO UPDATE SET order_index = EXCLUDED.order_index, is_deleted = FALSE;
INSERT INTO study_question_set_questions (study_question_set_id, question_id, order_index, tenant_id, is_deleted, created_at, created_by) VALUES (8110811, 811810002, 2, 'system', FALSE, NOW(), 'system') ON CONFLICT (study_question_set_id, question_id) DO UPDATE SET order_index = EXCLUDED.order_index, is_deleted = FALSE;
INSERT INTO study_question_set_questions (study_question_set_id, question_id, order_index, tenant_id, is_deleted, created_at, created_by) VALUES (8110811, 811810003, 3, 'system', FALSE, NOW(), 'system') ON CONFLICT (study_question_set_id, question_id) DO UPDATE SET order_index = EXCLUDED.order_index, is_deleted = FALSE;
INSERT INTO study_question_set_questions (study_question_set_id, question_id, order_index, tenant_id, is_deleted, created_at, created_by) VALUES (8110811, 811810004, 4, 'system', FALSE, NOW(), 'system') ON CONFLICT (study_question_set_id, question_id) DO UPDATE SET order_index = EXCLUDED.order_index, is_deleted = FALSE;
INSERT INTO study_question_set_questions (study_question_set_id, question_id, order_index, tenant_id, is_deleted, created_at, created_by) VALUES (8110811, 811810005, 5, 'system', FALSE, NOW(), 'system') ON CONFLICT (study_question_set_id, question_id) DO UPDATE SET order_index = EXCLUDED.order_index, is_deleted = FALSE;
INSERT INTO study_question_set_questions (study_question_set_id, question_id, order_index, tenant_id, is_deleted, created_at, created_by) VALUES (8110811, 811810006, 6, 'system', FALSE, NOW(), 'system') ON CONFLICT (study_question_set_id, question_id) DO UPDATE SET order_index = EXCLUDED.order_index, is_deleted = FALSE;
INSERT INTO study_question_set_questions (study_question_set_id, question_id, order_index, tenant_id, is_deleted, created_at, created_by) VALUES (8110811, 811810007, 7, 'system', FALSE, NOW(), 'system') ON CONFLICT (study_question_set_id, question_id) DO UPDATE SET order_index = EXCLUDED.order_index, is_deleted = FALSE;
INSERT INTO study_question_set_questions (study_question_set_id, question_id, order_index, tenant_id, is_deleted, created_at, created_by) VALUES (8110811, 811810008, 8, 'system', FALSE, NOW(), 'system') ON CONFLICT (study_question_set_id, question_id) DO UPDATE SET order_index = EXCLUDED.order_index, is_deleted = FALSE;
INSERT INTO study_question_set_questions (study_question_set_id, question_id, order_index, tenant_id, is_deleted, created_at, created_by) VALUES (8110811, 811810009, 9, 'system', FALSE, NOW(), 'system') ON CONFLICT (study_question_set_id, question_id) DO UPDATE SET order_index = EXCLUDED.order_index, is_deleted = FALSE;
INSERT INTO study_question_set_questions (study_question_set_id, question_id, order_index, tenant_id, is_deleted, created_at, created_by) VALUES (8110811, 811810010, 10, 'system', FALSE, NOW(), 'system') ON CONFLICT (study_question_set_id, question_id) DO UPDATE SET order_index = EXCLUDED.order_index, is_deleted = FALSE;
INSERT INTO study_resource_question_sets (resource_type, resource_id, study_question_set_id, position, context, tenant_id, is_active, is_deleted, created_at, created_by) VALUES ('module', 8011008, 8110811, 1, '{"label": "T8. Khách kiểm tra audit — Bài tập Level 1"}'::jsonb, 'system', TRUE, FALSE, NOW(), 'system') ON CONFLICT (resource_type, resource_id, study_question_set_id) DO UPDATE SET position = EXCLUDED.position, context = EXCLUDED.context, is_active = TRUE, is_deleted = FALSE;

INSERT INTO study_question_sets (id, name, description, set_type, card_count, tenant_id, is_active, is_deleted, created_at, created_by) VALUES (8110812, 'T8. Khách kiểm tra audit — Bài tập Level 2', 'Bài tập trắc nghiệm — Level 2: N5', 'practice', 10, 'system', TRUE, FALSE, NOW(), 'system') ON CONFLICT (id) DO UPDATE SET name = EXCLUDED.name, description = EXCLUDED.description, set_type = EXCLUDED.set_type, card_count = EXCLUDED.card_count, is_active = EXCLUDED.is_active, is_deleted = EXCLUDED.is_deleted, updated_at = NOW(), updated_by = 'system';
INSERT INTO study_question_set_questions (study_question_set_id, question_id, order_index, tenant_id, is_deleted, created_at, created_by) VALUES (8110812, 811810011, 1, 'system', FALSE, NOW(), 'system') ON CONFLICT (study_question_set_id, question_id) DO UPDATE SET order_index = EXCLUDED.order_index, is_deleted = FALSE;
INSERT INTO study_question_set_questions (study_question_set_id, question_id, order_index, tenant_id, is_deleted, created_at, created_by) VALUES (8110812, 811810012, 2, 'system', FALSE, NOW(), 'system') ON CONFLICT (study_question_set_id, question_id) DO UPDATE SET order_index = EXCLUDED.order_index, is_deleted = FALSE;
INSERT INTO study_question_set_questions (study_question_set_id, question_id, order_index, tenant_id, is_deleted, created_at, created_by) VALUES (8110812, 811810013, 3, 'system', FALSE, NOW(), 'system') ON CONFLICT (study_question_set_id, question_id) DO UPDATE SET order_index = EXCLUDED.order_index, is_deleted = FALSE;
INSERT INTO study_question_set_questions (study_question_set_id, question_id, order_index, tenant_id, is_deleted, created_at, created_by) VALUES (8110812, 811810014, 4, 'system', FALSE, NOW(), 'system') ON CONFLICT (study_question_set_id, question_id) DO UPDATE SET order_index = EXCLUDED.order_index, is_deleted = FALSE;
INSERT INTO study_question_set_questions (study_question_set_id, question_id, order_index, tenant_id, is_deleted, created_at, created_by) VALUES (8110812, 811810015, 5, 'system', FALSE, NOW(), 'system') ON CONFLICT (study_question_set_id, question_id) DO UPDATE SET order_index = EXCLUDED.order_index, is_deleted = FALSE;
INSERT INTO study_question_set_questions (study_question_set_id, question_id, order_index, tenant_id, is_deleted, created_at, created_by) VALUES (8110812, 811810016, 6, 'system', FALSE, NOW(), 'system') ON CONFLICT (study_question_set_id, question_id) DO UPDATE SET order_index = EXCLUDED.order_index, is_deleted = FALSE;
INSERT INTO study_question_set_questions (study_question_set_id, question_id, order_index, tenant_id, is_deleted, created_at, created_by) VALUES (8110812, 811810017, 7, 'system', FALSE, NOW(), 'system') ON CONFLICT (study_question_set_id, question_id) DO UPDATE SET order_index = EXCLUDED.order_index, is_deleted = FALSE;
INSERT INTO study_question_set_questions (study_question_set_id, question_id, order_index, tenant_id, is_deleted, created_at, created_by) VALUES (8110812, 811810018, 8, 'system', FALSE, NOW(), 'system') ON CONFLICT (study_question_set_id, question_id) DO UPDATE SET order_index = EXCLUDED.order_index, is_deleted = FALSE;
INSERT INTO study_question_set_questions (study_question_set_id, question_id, order_index, tenant_id, is_deleted, created_at, created_by) VALUES (8110812, 811810019, 9, 'system', FALSE, NOW(), 'system') ON CONFLICT (study_question_set_id, question_id) DO UPDATE SET order_index = EXCLUDED.order_index, is_deleted = FALSE;
INSERT INTO study_question_set_questions (study_question_set_id, question_id, order_index, tenant_id, is_deleted, created_at, created_by) VALUES (8110812, 811810020, 10, 'system', FALSE, NOW(), 'system') ON CONFLICT (study_question_set_id, question_id) DO UPDATE SET order_index = EXCLUDED.order_index, is_deleted = FALSE;
INSERT INTO study_resource_question_sets (resource_type, resource_id, study_question_set_id, position, context, tenant_id, is_active, is_deleted, created_at, created_by) VALUES ('module', 8011008, 8110812, 2, '{"label": "T8. Khách kiểm tra audit — Bài tập Level 2"}'::jsonb, 'system', TRUE, FALSE, NOW(), 'system') ON CONFLICT (resource_type, resource_id, study_question_set_id) DO UPDATE SET position = EXCLUDED.position, context = EXCLUDED.context, is_active = TRUE, is_deleted = FALSE;

INSERT INTO study_question_sets (id, name, description, set_type, card_count, tenant_id, is_active, is_deleted, created_at, created_by) VALUES (8110813, 'T8. Khách kiểm tra audit — Bài tập Level 3', 'Bài tập trắc nghiệm — Level 3: N4', 'practice', 10, 'system', TRUE, FALSE, NOW(), 'system') ON CONFLICT (id) DO UPDATE SET name = EXCLUDED.name, description = EXCLUDED.description, set_type = EXCLUDED.set_type, card_count = EXCLUDED.card_count, is_active = EXCLUDED.is_active, is_deleted = EXCLUDED.is_deleted, updated_at = NOW(), updated_by = 'system';
INSERT INTO study_question_set_questions (study_question_set_id, question_id, order_index, tenant_id, is_deleted, created_at, created_by) VALUES (8110813, 811810021, 1, 'system', FALSE, NOW(), 'system') ON CONFLICT (study_question_set_id, question_id) DO UPDATE SET order_index = EXCLUDED.order_index, is_deleted = FALSE;
INSERT INTO study_question_set_questions (study_question_set_id, question_id, order_index, tenant_id, is_deleted, created_at, created_by) VALUES (8110813, 811810022, 2, 'system', FALSE, NOW(), 'system') ON CONFLICT (study_question_set_id, question_id) DO UPDATE SET order_index = EXCLUDED.order_index, is_deleted = FALSE;
INSERT INTO study_question_set_questions (study_question_set_id, question_id, order_index, tenant_id, is_deleted, created_at, created_by) VALUES (8110813, 811810023, 3, 'system', FALSE, NOW(), 'system') ON CONFLICT (study_question_set_id, question_id) DO UPDATE SET order_index = EXCLUDED.order_index, is_deleted = FALSE;
INSERT INTO study_question_set_questions (study_question_set_id, question_id, order_index, tenant_id, is_deleted, created_at, created_by) VALUES (8110813, 811810024, 4, 'system', FALSE, NOW(), 'system') ON CONFLICT (study_question_set_id, question_id) DO UPDATE SET order_index = EXCLUDED.order_index, is_deleted = FALSE;
INSERT INTO study_question_set_questions (study_question_set_id, question_id, order_index, tenant_id, is_deleted, created_at, created_by) VALUES (8110813, 811810025, 5, 'system', FALSE, NOW(), 'system') ON CONFLICT (study_question_set_id, question_id) DO UPDATE SET order_index = EXCLUDED.order_index, is_deleted = FALSE;
INSERT INTO study_question_set_questions (study_question_set_id, question_id, order_index, tenant_id, is_deleted, created_at, created_by) VALUES (8110813, 811810026, 6, 'system', FALSE, NOW(), 'system') ON CONFLICT (study_question_set_id, question_id) DO UPDATE SET order_index = EXCLUDED.order_index, is_deleted = FALSE;
INSERT INTO study_question_set_questions (study_question_set_id, question_id, order_index, tenant_id, is_deleted, created_at, created_by) VALUES (8110813, 811810027, 7, 'system', FALSE, NOW(), 'system') ON CONFLICT (study_question_set_id, question_id) DO UPDATE SET order_index = EXCLUDED.order_index, is_deleted = FALSE;
INSERT INTO study_question_set_questions (study_question_set_id, question_id, order_index, tenant_id, is_deleted, created_at, created_by) VALUES (8110813, 811810028, 8, 'system', FALSE, NOW(), 'system') ON CONFLICT (study_question_set_id, question_id) DO UPDATE SET order_index = EXCLUDED.order_index, is_deleted = FALSE;
INSERT INTO study_question_set_questions (study_question_set_id, question_id, order_index, tenant_id, is_deleted, created_at, created_by) VALUES (8110813, 811810029, 9, 'system', FALSE, NOW(), 'system') ON CONFLICT (study_question_set_id, question_id) DO UPDATE SET order_index = EXCLUDED.order_index, is_deleted = FALSE;
INSERT INTO study_question_set_questions (study_question_set_id, question_id, order_index, tenant_id, is_deleted, created_at, created_by) VALUES (8110813, 811810030, 10, 'system', FALSE, NOW(), 'system') ON CONFLICT (study_question_set_id, question_id) DO UPDATE SET order_index = EXCLUDED.order_index, is_deleted = FALSE;
INSERT INTO study_resource_question_sets (resource_type, resource_id, study_question_set_id, position, context, tenant_id, is_active, is_deleted, created_at, created_by) VALUES ('module', 8011008, 8110813, 3, '{"label": "T8. Khách kiểm tra audit — Bài tập Level 3"}'::jsonb, 'system', TRUE, FALSE, NOW(), 'system') ON CONFLICT (resource_type, resource_id, study_question_set_id) DO UPDATE SET position = EXCLUDED.position, context = EXCLUDED.context, is_active = TRUE, is_deleted = FALSE;

INSERT INTO study_question_sets (id, name, description, set_type, card_count, tenant_id, is_active, is_deleted, created_at, created_by) VALUES (8110814, 'T8. Khách kiểm tra audit — Bài tập Level 4', 'Bài tập trắc nghiệm — Level 4: N4', 'practice', 10, 'system', TRUE, FALSE, NOW(), 'system') ON CONFLICT (id) DO UPDATE SET name = EXCLUDED.name, description = EXCLUDED.description, set_type = EXCLUDED.set_type, card_count = EXCLUDED.card_count, is_active = EXCLUDED.is_active, is_deleted = EXCLUDED.is_deleted, updated_at = NOW(), updated_by = 'system';
INSERT INTO study_question_set_questions (study_question_set_id, question_id, order_index, tenant_id, is_deleted, created_at, created_by) VALUES (8110814, 811810031, 1, 'system', FALSE, NOW(), 'system') ON CONFLICT (study_question_set_id, question_id) DO UPDATE SET order_index = EXCLUDED.order_index, is_deleted = FALSE;
INSERT INTO study_question_set_questions (study_question_set_id, question_id, order_index, tenant_id, is_deleted, created_at, created_by) VALUES (8110814, 811810032, 2, 'system', FALSE, NOW(), 'system') ON CONFLICT (study_question_set_id, question_id) DO UPDATE SET order_index = EXCLUDED.order_index, is_deleted = FALSE;
INSERT INTO study_question_set_questions (study_question_set_id, question_id, order_index, tenant_id, is_deleted, created_at, created_by) VALUES (8110814, 811810033, 3, 'system', FALSE, NOW(), 'system') ON CONFLICT (study_question_set_id, question_id) DO UPDATE SET order_index = EXCLUDED.order_index, is_deleted = FALSE;
INSERT INTO study_question_set_questions (study_question_set_id, question_id, order_index, tenant_id, is_deleted, created_at, created_by) VALUES (8110814, 811810034, 4, 'system', FALSE, NOW(), 'system') ON CONFLICT (study_question_set_id, question_id) DO UPDATE SET order_index = EXCLUDED.order_index, is_deleted = FALSE;
INSERT INTO study_question_set_questions (study_question_set_id, question_id, order_index, tenant_id, is_deleted, created_at, created_by) VALUES (8110814, 811810035, 5, 'system', FALSE, NOW(), 'system') ON CONFLICT (study_question_set_id, question_id) DO UPDATE SET order_index = EXCLUDED.order_index, is_deleted = FALSE;
INSERT INTO study_question_set_questions (study_question_set_id, question_id, order_index, tenant_id, is_deleted, created_at, created_by) VALUES (8110814, 811810036, 6, 'system', FALSE, NOW(), 'system') ON CONFLICT (study_question_set_id, question_id) DO UPDATE SET order_index = EXCLUDED.order_index, is_deleted = FALSE;
INSERT INTO study_question_set_questions (study_question_set_id, question_id, order_index, tenant_id, is_deleted, created_at, created_by) VALUES (8110814, 811810037, 7, 'system', FALSE, NOW(), 'system') ON CONFLICT (study_question_set_id, question_id) DO UPDATE SET order_index = EXCLUDED.order_index, is_deleted = FALSE;
INSERT INTO study_question_set_questions (study_question_set_id, question_id, order_index, tenant_id, is_deleted, created_at, created_by) VALUES (8110814, 811810038, 8, 'system', FALSE, NOW(), 'system') ON CONFLICT (study_question_set_id, question_id) DO UPDATE SET order_index = EXCLUDED.order_index, is_deleted = FALSE;
INSERT INTO study_question_set_questions (study_question_set_id, question_id, order_index, tenant_id, is_deleted, created_at, created_by) VALUES (8110814, 811810039, 9, 'system', FALSE, NOW(), 'system') ON CONFLICT (study_question_set_id, question_id) DO UPDATE SET order_index = EXCLUDED.order_index, is_deleted = FALSE;
INSERT INTO study_question_set_questions (study_question_set_id, question_id, order_index, tenant_id, is_deleted, created_at, created_by) VALUES (8110814, 811810040, 10, 'system', FALSE, NOW(), 'system') ON CONFLICT (study_question_set_id, question_id) DO UPDATE SET order_index = EXCLUDED.order_index, is_deleted = FALSE;
INSERT INTO study_resource_question_sets (resource_type, resource_id, study_question_set_id, position, context, tenant_id, is_active, is_deleted, created_at, created_by) VALUES ('module', 8011008, 8110814, 4, '{"label": "T8. Khách kiểm tra audit — Bài tập Level 4"}'::jsonb, 'system', TRUE, FALSE, NOW(), 'system') ON CONFLICT (resource_type, resource_id, study_question_set_id) DO UPDATE SET position = EXCLUDED.position, context = EXCLUDED.context, is_active = TRUE, is_deleted = FALSE;

-- Mogishiken: t08_iso_audit (5 passages, 20 questions)
INSERT INTO reading_passages (id, user_id, is_system, is_public, title, content, translation, jlpt_level, category, difficulty, word_count, tenant_id, is_active, is_deleted, created_at, created_by) VALUES (81108001, NULL, TRUE, TRUE, 'お客様の監査 — プロセスシート 1', 'これは お客様の監査 の プロセスシート です。Keigo cao cấp + ISO 22000/FSSC + uchi-soto + xử lý xung đột に関する内容を含みます。実習生が業務中に必要な情報をまとめています。詳細は工場のマニュアルを参照してください。', 'Đây là Bảng quy trình của T8. Khách kiểm tra audit. Bao gồm nội dung liên quan đến Keigo cao cấp + ISO 22000/FSSC + uchi-soto + xử lý xung đột. Tổng hợp thông tin thực tập sinh cần biết khi làm việc. Chi tiết xem sổ tay nhà máy.', 'N4', 'notice', 3, 150, 'system', TRUE, FALSE, NOW(), 'system') ON CONFLICT (id) DO UPDATE SET title = EXCLUDED.title, content = EXCLUDED.content, translation = EXCLUDED.translation, jlpt_level = EXCLUDED.jlpt_level, category = EXCLUDED.category, difficulty = EXCLUDED.difficulty, word_count = EXCLUDED.word_count, is_active = EXCLUDED.is_active, is_deleted = EXCLUDED.is_deleted, updated_at = NOW(), updated_by = 'system';
INSERT INTO reading_passages (id, user_id, is_system, is_public, title, content, translation, jlpt_level, category, difficulty, word_count, tenant_id, is_active, is_deleted, created_at, created_by) VALUES (81108002, NULL, TRUE, TRUE, 'お客様の監査 — マニュアル 2', 'これは お客様の監査 の マニュアル です。Keigo cao cấp + ISO 22000/FSSC + uchi-soto + xử lý xung đột に関する内容を含みます。実習生が業務中に必要な情報をまとめています。詳細は工場のマニュアルを参照してください。', 'Đây là Sổ tay hướng dẫn của T8. Khách kiểm tra audit. Bao gồm nội dung liên quan đến Keigo cao cấp + ISO 22000/FSSC + uchi-soto + xử lý xung đột. Tổng hợp thông tin thực tập sinh cần biết khi làm việc. Chi tiết xem sổ tay nhà máy.', 'N4', 'notice', 3, 150, 'system', TRUE, FALSE, NOW(), 'system') ON CONFLICT (id) DO UPDATE SET title = EXCLUDED.title, content = EXCLUDED.content, translation = EXCLUDED.translation, jlpt_level = EXCLUDED.jlpt_level, category = EXCLUDED.category, difficulty = EXCLUDED.difficulty, word_count = EXCLUDED.word_count, is_active = EXCLUDED.is_active, is_deleted = EXCLUDED.is_deleted, updated_at = NOW(), updated_by = 'system';
INSERT INTO reading_passages (id, user_id, is_system, is_public, title, content, translation, jlpt_level, category, difficulty, word_count, tenant_id, is_active, is_deleted, created_at, created_by) VALUES (81108003, NULL, TRUE, TRUE, 'お客様の監査 — 報告書 3', 'これは お客様の監査 の 報告書 です。Keigo cao cấp + ISO 22000/FSSC + uchi-soto + xử lý xung đột に関する内容を含みます。実習生が業務中に必要な情報をまとめています。詳細は工場のマニュアルを参照してください。', 'Đây là Báo cáo của T8. Khách kiểm tra audit. Bao gồm nội dung liên quan đến Keigo cao cấp + ISO 22000/FSSC + uchi-soto + xử lý xung đột. Tổng hợp thông tin thực tập sinh cần biết khi làm việc. Chi tiết xem sổ tay nhà máy.', 'N4', 'notice', 3, 150, 'system', TRUE, FALSE, NOW(), 'system') ON CONFLICT (id) DO UPDATE SET title = EXCLUDED.title, content = EXCLUDED.content, translation = EXCLUDED.translation, jlpt_level = EXCLUDED.jlpt_level, category = EXCLUDED.category, difficulty = EXCLUDED.difficulty, word_count = EXCLUDED.word_count, is_active = EXCLUDED.is_active, is_deleted = EXCLUDED.is_deleted, updated_at = NOW(), updated_by = 'system';
INSERT INTO reading_passages (id, user_id, is_system, is_public, title, content, translation, jlpt_level, category, difficulty, word_count, tenant_id, is_active, is_deleted, created_at, created_by) VALUES (81108004, NULL, TRUE, TRUE, 'お客様の監査 — 通知 4', 'これは お客様の監査 の 通知 です。Keigo cao cấp + ISO 22000/FSSC + uchi-soto + xử lý xung đột に関する内容を含みます。実習生が業務中に必要な情報をまとめています。詳細は工場のマニュアルを参照してください。', 'Đây là Thông báo của T8. Khách kiểm tra audit. Bao gồm nội dung liên quan đến Keigo cao cấp + ISO 22000/FSSC + uchi-soto + xử lý xung đột. Tổng hợp thông tin thực tập sinh cần biết khi làm việc. Chi tiết xem sổ tay nhà máy.', 'N4', 'notice', 3, 150, 'system', TRUE, FALSE, NOW(), 'system') ON CONFLICT (id) DO UPDATE SET title = EXCLUDED.title, content = EXCLUDED.content, translation = EXCLUDED.translation, jlpt_level = EXCLUDED.jlpt_level, category = EXCLUDED.category, difficulty = EXCLUDED.difficulty, word_count = EXCLUDED.word_count, is_active = EXCLUDED.is_active, is_deleted = EXCLUDED.is_deleted, updated_at = NOW(), updated_by = 'system';
INSERT INTO reading_passages (id, user_id, is_system, is_public, title, content, translation, jlpt_level, category, difficulty, word_count, tenant_id, is_active, is_deleted, created_at, created_by) VALUES (81108005, NULL, TRUE, TRUE, 'お客様の監査 — チェックリスト 5', 'これは お客様の監査 の チェックリスト です。Keigo cao cấp + ISO 22000/FSSC + uchi-soto + xử lý xung đột に関する内容を含みます。実習生が業務中に必要な情報をまとめています。詳細は工場のマニュアルを参照してください。', 'Đây là Danh mục kiểm tra của T8. Khách kiểm tra audit. Bao gồm nội dung liên quan đến Keigo cao cấp + ISO 22000/FSSC + uchi-soto + xử lý xung đột. Tổng hợp thông tin thực tập sinh cần biết khi làm việc. Chi tiết xem sổ tay nhà máy.', 'N4', 'notice', 3, 150, 'system', TRUE, FALSE, NOW(), 'system') ON CONFLICT (id) DO UPDATE SET title = EXCLUDED.title, content = EXCLUDED.content, translation = EXCLUDED.translation, jlpt_level = EXCLUDED.jlpt_level, category = EXCLUDED.category, difficulty = EXCLUDED.difficulty, word_count = EXCLUDED.word_count, is_active = EXCLUDED.is_active, is_deleted = EXCLUDED.is_deleted, updated_at = NOW(), updated_by = 'system';

INSERT INTO questions (id, user_id, is_system, is_khoa_cu, question_type, content_type, level, selection_type, question, passage, passage_translation, general_explanation, skill_category, base_difficulty, tenant_id, is_active, is_deleted, created_at, created_by) VALUES (811820001, NULL, TRUE, FALSE, 'reading', 'jisshusei_mogishiken_t08_iso_audit', 'N4', 'single', 'この プロセスシート の主旨は何ですか? (Q1)

Ý chính của Bảng quy trình này là gì? (Q1)', '81108001', NULL, 'プロセスシート chứa thông tin về Keigo cao cấp + ISO 22000/FSSC + uchi-soto + xử lý xung đột.', 'dokkai', 1, 'system', TRUE, FALSE, NOW(), 'system') ON CONFLICT (id) DO UPDATE SET question_type = EXCLUDED.question_type, content_type = EXCLUDED.content_type, level = EXCLUDED.level, question = EXCLUDED.question, passage = EXCLUDED.passage, passage_translation = EXCLUDED.passage_translation, general_explanation = EXCLUDED.general_explanation, skill_category = EXCLUDED.skill_category, is_active = EXCLUDED.is_active, is_deleted = EXCLUDED.is_deleted, updated_at = NOW(), updated_by = 'system';
DELETE FROM questions_answers WHERE question_id = 811820001;
INSERT INTO questions_answers (question_id, sentence, sentence_translation, is_correct, "order") VALUES (811820001, 'Keigo cao cấp + ISO 22000/FSSC + uchi-soに関する情報', 'Thông tin liên quan đến Keigo cao cấp + ISO 22000/FSSC + uchi-so', TRUE, 1);
INSERT INTO questions_answers (question_id, sentence, sentence_translation, is_correct, "order") VALUES (811820001, '工場の歴史', 'Lịch sử nhà máy', FALSE, 2);
INSERT INTO questions_answers (question_id, sentence, sentence_translation, is_correct, "order") VALUES (811820001, '社員の名前リスト', 'Danh sách tên nhân viên', FALSE, 3);
INSERT INTO questions_answers (question_id, sentence, sentence_translation, is_correct, "order") VALUES (811820001, '設備の値段', 'Giá thiết bị', FALSE, 4);
INSERT INTO questions (id, user_id, is_system, is_khoa_cu, question_type, content_type, level, selection_type, question, passage, passage_translation, general_explanation, skill_category, base_difficulty, tenant_id, is_active, is_deleted, created_at, created_by) VALUES (811820002, NULL, TRUE, FALSE, 'reading', 'jisshusei_mogishiken_t08_iso_audit', 'N4', 'single', 'この プロセスシート の主旨は何ですか? (Q2)

Ý chính của Bảng quy trình này là gì? (Q2)', '81108001', NULL, 'プロセスシート chứa thông tin về Keigo cao cấp + ISO 22000/FSSC + uchi-soto + xử lý xung đột.', 'dokkai', 1, 'system', TRUE, FALSE, NOW(), 'system') ON CONFLICT (id) DO UPDATE SET question_type = EXCLUDED.question_type, content_type = EXCLUDED.content_type, level = EXCLUDED.level, question = EXCLUDED.question, passage = EXCLUDED.passage, passage_translation = EXCLUDED.passage_translation, general_explanation = EXCLUDED.general_explanation, skill_category = EXCLUDED.skill_category, is_active = EXCLUDED.is_active, is_deleted = EXCLUDED.is_deleted, updated_at = NOW(), updated_by = 'system';
DELETE FROM questions_answers WHERE question_id = 811820002;
INSERT INTO questions_answers (question_id, sentence, sentence_translation, is_correct, "order") VALUES (811820002, 'Keigo cao cấp + ISO 22000/FSSC + uchi-soに関する情報', 'Thông tin liên quan đến Keigo cao cấp + ISO 22000/FSSC + uchi-so', TRUE, 1);
INSERT INTO questions_answers (question_id, sentence, sentence_translation, is_correct, "order") VALUES (811820002, '工場の歴史', 'Lịch sử nhà máy', FALSE, 2);
INSERT INTO questions_answers (question_id, sentence, sentence_translation, is_correct, "order") VALUES (811820002, '社員の名前リスト', 'Danh sách tên nhân viên', FALSE, 3);
INSERT INTO questions_answers (question_id, sentence, sentence_translation, is_correct, "order") VALUES (811820002, '設備の値段', 'Giá thiết bị', FALSE, 4);
INSERT INTO questions (id, user_id, is_system, is_khoa_cu, question_type, content_type, level, selection_type, question, passage, passage_translation, general_explanation, skill_category, base_difficulty, tenant_id, is_active, is_deleted, created_at, created_by) VALUES (811820003, NULL, TRUE, FALSE, 'reading', 'jisshusei_mogishiken_t08_iso_audit', 'N4', 'single', 'この プロセスシート の主旨は何ですか? (Q3)

Ý chính của Bảng quy trình này là gì? (Q3)', '81108001', NULL, 'プロセスシート chứa thông tin về Keigo cao cấp + ISO 22000/FSSC + uchi-soto + xử lý xung đột.', 'dokkai', 1, 'system', TRUE, FALSE, NOW(), 'system') ON CONFLICT (id) DO UPDATE SET question_type = EXCLUDED.question_type, content_type = EXCLUDED.content_type, level = EXCLUDED.level, question = EXCLUDED.question, passage = EXCLUDED.passage, passage_translation = EXCLUDED.passage_translation, general_explanation = EXCLUDED.general_explanation, skill_category = EXCLUDED.skill_category, is_active = EXCLUDED.is_active, is_deleted = EXCLUDED.is_deleted, updated_at = NOW(), updated_by = 'system';
DELETE FROM questions_answers WHERE question_id = 811820003;
INSERT INTO questions_answers (question_id, sentence, sentence_translation, is_correct, "order") VALUES (811820003, 'Keigo cao cấp + ISO 22000/FSSC + uchi-soに関する情報', 'Thông tin liên quan đến Keigo cao cấp + ISO 22000/FSSC + uchi-so', TRUE, 1);
INSERT INTO questions_answers (question_id, sentence, sentence_translation, is_correct, "order") VALUES (811820003, '工場の歴史', 'Lịch sử nhà máy', FALSE, 2);
INSERT INTO questions_answers (question_id, sentence, sentence_translation, is_correct, "order") VALUES (811820003, '社員の名前リスト', 'Danh sách tên nhân viên', FALSE, 3);
INSERT INTO questions_answers (question_id, sentence, sentence_translation, is_correct, "order") VALUES (811820003, '設備の値段', 'Giá thiết bị', FALSE, 4);
INSERT INTO questions (id, user_id, is_system, is_khoa_cu, question_type, content_type, level, selection_type, question, passage, passage_translation, general_explanation, skill_category, base_difficulty, tenant_id, is_active, is_deleted, created_at, created_by) VALUES (811820004, NULL, TRUE, FALSE, 'reading', 'jisshusei_mogishiken_t08_iso_audit', 'N4', 'single', 'この プロセスシート の主旨は何ですか? (Q4)

Ý chính của Bảng quy trình này là gì? (Q4)', '81108001', NULL, 'プロセスシート chứa thông tin về Keigo cao cấp + ISO 22000/FSSC + uchi-soto + xử lý xung đột.', 'dokkai', 1, 'system', TRUE, FALSE, NOW(), 'system') ON CONFLICT (id) DO UPDATE SET question_type = EXCLUDED.question_type, content_type = EXCLUDED.content_type, level = EXCLUDED.level, question = EXCLUDED.question, passage = EXCLUDED.passage, passage_translation = EXCLUDED.passage_translation, general_explanation = EXCLUDED.general_explanation, skill_category = EXCLUDED.skill_category, is_active = EXCLUDED.is_active, is_deleted = EXCLUDED.is_deleted, updated_at = NOW(), updated_by = 'system';
DELETE FROM questions_answers WHERE question_id = 811820004;
INSERT INTO questions_answers (question_id, sentence, sentence_translation, is_correct, "order") VALUES (811820004, 'Keigo cao cấp + ISO 22000/FSSC + uchi-soに関する情報', 'Thông tin liên quan đến Keigo cao cấp + ISO 22000/FSSC + uchi-so', TRUE, 1);
INSERT INTO questions_answers (question_id, sentence, sentence_translation, is_correct, "order") VALUES (811820004, '工場の歴史', 'Lịch sử nhà máy', FALSE, 2);
INSERT INTO questions_answers (question_id, sentence, sentence_translation, is_correct, "order") VALUES (811820004, '社員の名前リスト', 'Danh sách tên nhân viên', FALSE, 3);
INSERT INTO questions_answers (question_id, sentence, sentence_translation, is_correct, "order") VALUES (811820004, '設備の値段', 'Giá thiết bị', FALSE, 4);
INSERT INTO questions (id, user_id, is_system, is_khoa_cu, question_type, content_type, level, selection_type, question, passage, passage_translation, general_explanation, skill_category, base_difficulty, tenant_id, is_active, is_deleted, created_at, created_by) VALUES (811820005, NULL, TRUE, FALSE, 'reading', 'jisshusei_mogishiken_t08_iso_audit', 'N4', 'single', 'この マニュアル の主旨は何ですか? (Q1)

Ý chính của Sổ tay hướng dẫn này là gì? (Q1)', '81108002', NULL, 'マニュアル chứa thông tin về Keigo cao cấp + ISO 22000/FSSC + uchi-soto + xử lý xung đột.', 'dokkai', 1, 'system', TRUE, FALSE, NOW(), 'system') ON CONFLICT (id) DO UPDATE SET question_type = EXCLUDED.question_type, content_type = EXCLUDED.content_type, level = EXCLUDED.level, question = EXCLUDED.question, passage = EXCLUDED.passage, passage_translation = EXCLUDED.passage_translation, general_explanation = EXCLUDED.general_explanation, skill_category = EXCLUDED.skill_category, is_active = EXCLUDED.is_active, is_deleted = EXCLUDED.is_deleted, updated_at = NOW(), updated_by = 'system';
DELETE FROM questions_answers WHERE question_id = 811820005;
INSERT INTO questions_answers (question_id, sentence, sentence_translation, is_correct, "order") VALUES (811820005, 'Keigo cao cấp + ISO 22000/FSSC + uchi-soに関する情報', 'Thông tin liên quan đến Keigo cao cấp + ISO 22000/FSSC + uchi-so', TRUE, 1);
INSERT INTO questions_answers (question_id, sentence, sentence_translation, is_correct, "order") VALUES (811820005, '工場の歴史', 'Lịch sử nhà máy', FALSE, 2);
INSERT INTO questions_answers (question_id, sentence, sentence_translation, is_correct, "order") VALUES (811820005, '社員の名前リスト', 'Danh sách tên nhân viên', FALSE, 3);
INSERT INTO questions_answers (question_id, sentence, sentence_translation, is_correct, "order") VALUES (811820005, '設備の値段', 'Giá thiết bị', FALSE, 4);
INSERT INTO questions (id, user_id, is_system, is_khoa_cu, question_type, content_type, level, selection_type, question, passage, passage_translation, general_explanation, skill_category, base_difficulty, tenant_id, is_active, is_deleted, created_at, created_by) VALUES (811820006, NULL, TRUE, FALSE, 'reading', 'jisshusei_mogishiken_t08_iso_audit', 'N4', 'single', 'この マニュアル の主旨は何ですか? (Q2)

Ý chính của Sổ tay hướng dẫn này là gì? (Q2)', '81108002', NULL, 'マニュアル chứa thông tin về Keigo cao cấp + ISO 22000/FSSC + uchi-soto + xử lý xung đột.', 'dokkai', 1, 'system', TRUE, FALSE, NOW(), 'system') ON CONFLICT (id) DO UPDATE SET question_type = EXCLUDED.question_type, content_type = EXCLUDED.content_type, level = EXCLUDED.level, question = EXCLUDED.question, passage = EXCLUDED.passage, passage_translation = EXCLUDED.passage_translation, general_explanation = EXCLUDED.general_explanation, skill_category = EXCLUDED.skill_category, is_active = EXCLUDED.is_active, is_deleted = EXCLUDED.is_deleted, updated_at = NOW(), updated_by = 'system';
DELETE FROM questions_answers WHERE question_id = 811820006;
INSERT INTO questions_answers (question_id, sentence, sentence_translation, is_correct, "order") VALUES (811820006, 'Keigo cao cấp + ISO 22000/FSSC + uchi-soに関する情報', 'Thông tin liên quan đến Keigo cao cấp + ISO 22000/FSSC + uchi-so', TRUE, 1);
INSERT INTO questions_answers (question_id, sentence, sentence_translation, is_correct, "order") VALUES (811820006, '工場の歴史', 'Lịch sử nhà máy', FALSE, 2);
INSERT INTO questions_answers (question_id, sentence, sentence_translation, is_correct, "order") VALUES (811820006, '社員の名前リスト', 'Danh sách tên nhân viên', FALSE, 3);
INSERT INTO questions_answers (question_id, sentence, sentence_translation, is_correct, "order") VALUES (811820006, '設備の値段', 'Giá thiết bị', FALSE, 4);
INSERT INTO questions (id, user_id, is_system, is_khoa_cu, question_type, content_type, level, selection_type, question, passage, passage_translation, general_explanation, skill_category, base_difficulty, tenant_id, is_active, is_deleted, created_at, created_by) VALUES (811820007, NULL, TRUE, FALSE, 'reading', 'jisshusei_mogishiken_t08_iso_audit', 'N4', 'single', 'この マニュアル の主旨は何ですか? (Q3)

Ý chính của Sổ tay hướng dẫn này là gì? (Q3)', '81108002', NULL, 'マニュアル chứa thông tin về Keigo cao cấp + ISO 22000/FSSC + uchi-soto + xử lý xung đột.', 'dokkai', 1, 'system', TRUE, FALSE, NOW(), 'system') ON CONFLICT (id) DO UPDATE SET question_type = EXCLUDED.question_type, content_type = EXCLUDED.content_type, level = EXCLUDED.level, question = EXCLUDED.question, passage = EXCLUDED.passage, passage_translation = EXCLUDED.passage_translation, general_explanation = EXCLUDED.general_explanation, skill_category = EXCLUDED.skill_category, is_active = EXCLUDED.is_active, is_deleted = EXCLUDED.is_deleted, updated_at = NOW(), updated_by = 'system';
DELETE FROM questions_answers WHERE question_id = 811820007;
INSERT INTO questions_answers (question_id, sentence, sentence_translation, is_correct, "order") VALUES (811820007, 'Keigo cao cấp + ISO 22000/FSSC + uchi-soに関する情報', 'Thông tin liên quan đến Keigo cao cấp + ISO 22000/FSSC + uchi-so', TRUE, 1);
INSERT INTO questions_answers (question_id, sentence, sentence_translation, is_correct, "order") VALUES (811820007, '工場の歴史', 'Lịch sử nhà máy', FALSE, 2);
INSERT INTO questions_answers (question_id, sentence, sentence_translation, is_correct, "order") VALUES (811820007, '社員の名前リスト', 'Danh sách tên nhân viên', FALSE, 3);
INSERT INTO questions_answers (question_id, sentence, sentence_translation, is_correct, "order") VALUES (811820007, '設備の値段', 'Giá thiết bị', FALSE, 4);
INSERT INTO questions (id, user_id, is_system, is_khoa_cu, question_type, content_type, level, selection_type, question, passage, passage_translation, general_explanation, skill_category, base_difficulty, tenant_id, is_active, is_deleted, created_at, created_by) VALUES (811820008, NULL, TRUE, FALSE, 'reading', 'jisshusei_mogishiken_t08_iso_audit', 'N4', 'single', 'この マニュアル の主旨は何ですか? (Q4)

Ý chính của Sổ tay hướng dẫn này là gì? (Q4)', '81108002', NULL, 'マニュアル chứa thông tin về Keigo cao cấp + ISO 22000/FSSC + uchi-soto + xử lý xung đột.', 'dokkai', 1, 'system', TRUE, FALSE, NOW(), 'system') ON CONFLICT (id) DO UPDATE SET question_type = EXCLUDED.question_type, content_type = EXCLUDED.content_type, level = EXCLUDED.level, question = EXCLUDED.question, passage = EXCLUDED.passage, passage_translation = EXCLUDED.passage_translation, general_explanation = EXCLUDED.general_explanation, skill_category = EXCLUDED.skill_category, is_active = EXCLUDED.is_active, is_deleted = EXCLUDED.is_deleted, updated_at = NOW(), updated_by = 'system';
DELETE FROM questions_answers WHERE question_id = 811820008;
INSERT INTO questions_answers (question_id, sentence, sentence_translation, is_correct, "order") VALUES (811820008, 'Keigo cao cấp + ISO 22000/FSSC + uchi-soに関する情報', 'Thông tin liên quan đến Keigo cao cấp + ISO 22000/FSSC + uchi-so', TRUE, 1);
INSERT INTO questions_answers (question_id, sentence, sentence_translation, is_correct, "order") VALUES (811820008, '工場の歴史', 'Lịch sử nhà máy', FALSE, 2);
INSERT INTO questions_answers (question_id, sentence, sentence_translation, is_correct, "order") VALUES (811820008, '社員の名前リスト', 'Danh sách tên nhân viên', FALSE, 3);
INSERT INTO questions_answers (question_id, sentence, sentence_translation, is_correct, "order") VALUES (811820008, '設備の値段', 'Giá thiết bị', FALSE, 4);
INSERT INTO questions (id, user_id, is_system, is_khoa_cu, question_type, content_type, level, selection_type, question, passage, passage_translation, general_explanation, skill_category, base_difficulty, tenant_id, is_active, is_deleted, created_at, created_by) VALUES (811820009, NULL, TRUE, FALSE, 'reading', 'jisshusei_mogishiken_t08_iso_audit', 'N4', 'single', 'この 報告書 の主旨は何ですか? (Q1)

Ý chính của Báo cáo này là gì? (Q1)', '81108003', NULL, '報告書 chứa thông tin về Keigo cao cấp + ISO 22000/FSSC + uchi-soto + xử lý xung đột.', 'dokkai', 1, 'system', TRUE, FALSE, NOW(), 'system') ON CONFLICT (id) DO UPDATE SET question_type = EXCLUDED.question_type, content_type = EXCLUDED.content_type, level = EXCLUDED.level, question = EXCLUDED.question, passage = EXCLUDED.passage, passage_translation = EXCLUDED.passage_translation, general_explanation = EXCLUDED.general_explanation, skill_category = EXCLUDED.skill_category, is_active = EXCLUDED.is_active, is_deleted = EXCLUDED.is_deleted, updated_at = NOW(), updated_by = 'system';
DELETE FROM questions_answers WHERE question_id = 811820009;
INSERT INTO questions_answers (question_id, sentence, sentence_translation, is_correct, "order") VALUES (811820009, 'Keigo cao cấp + ISO 22000/FSSC + uchi-soに関する情報', 'Thông tin liên quan đến Keigo cao cấp + ISO 22000/FSSC + uchi-so', TRUE, 1);
INSERT INTO questions_answers (question_id, sentence, sentence_translation, is_correct, "order") VALUES (811820009, '工場の歴史', 'Lịch sử nhà máy', FALSE, 2);
INSERT INTO questions_answers (question_id, sentence, sentence_translation, is_correct, "order") VALUES (811820009, '社員の名前リスト', 'Danh sách tên nhân viên', FALSE, 3);
INSERT INTO questions_answers (question_id, sentence, sentence_translation, is_correct, "order") VALUES (811820009, '設備の値段', 'Giá thiết bị', FALSE, 4);
INSERT INTO questions (id, user_id, is_system, is_khoa_cu, question_type, content_type, level, selection_type, question, passage, passage_translation, general_explanation, skill_category, base_difficulty, tenant_id, is_active, is_deleted, created_at, created_by) VALUES (811820010, NULL, TRUE, FALSE, 'reading', 'jisshusei_mogishiken_t08_iso_audit', 'N4', 'single', 'この 報告書 の主旨は何ですか? (Q2)

Ý chính của Báo cáo này là gì? (Q2)', '81108003', NULL, '報告書 chứa thông tin về Keigo cao cấp + ISO 22000/FSSC + uchi-soto + xử lý xung đột.', 'dokkai', 1, 'system', TRUE, FALSE, NOW(), 'system') ON CONFLICT (id) DO UPDATE SET question_type = EXCLUDED.question_type, content_type = EXCLUDED.content_type, level = EXCLUDED.level, question = EXCLUDED.question, passage = EXCLUDED.passage, passage_translation = EXCLUDED.passage_translation, general_explanation = EXCLUDED.general_explanation, skill_category = EXCLUDED.skill_category, is_active = EXCLUDED.is_active, is_deleted = EXCLUDED.is_deleted, updated_at = NOW(), updated_by = 'system';
DELETE FROM questions_answers WHERE question_id = 811820010;
INSERT INTO questions_answers (question_id, sentence, sentence_translation, is_correct, "order") VALUES (811820010, 'Keigo cao cấp + ISO 22000/FSSC + uchi-soに関する情報', 'Thông tin liên quan đến Keigo cao cấp + ISO 22000/FSSC + uchi-so', TRUE, 1);
INSERT INTO questions_answers (question_id, sentence, sentence_translation, is_correct, "order") VALUES (811820010, '工場の歴史', 'Lịch sử nhà máy', FALSE, 2);
INSERT INTO questions_answers (question_id, sentence, sentence_translation, is_correct, "order") VALUES (811820010, '社員の名前リスト', 'Danh sách tên nhân viên', FALSE, 3);
INSERT INTO questions_answers (question_id, sentence, sentence_translation, is_correct, "order") VALUES (811820010, '設備の値段', 'Giá thiết bị', FALSE, 4);
INSERT INTO questions (id, user_id, is_system, is_khoa_cu, question_type, content_type, level, selection_type, question, passage, passage_translation, general_explanation, skill_category, base_difficulty, tenant_id, is_active, is_deleted, created_at, created_by) VALUES (811820011, NULL, TRUE, FALSE, 'reading', 'jisshusei_mogishiken_t08_iso_audit', 'N4', 'single', 'この 報告書 の主旨は何ですか? (Q3)

Ý chính của Báo cáo này là gì? (Q3)', '81108003', NULL, '報告書 chứa thông tin về Keigo cao cấp + ISO 22000/FSSC + uchi-soto + xử lý xung đột.', 'dokkai', 1, 'system', TRUE, FALSE, NOW(), 'system') ON CONFLICT (id) DO UPDATE SET question_type = EXCLUDED.question_type, content_type = EXCLUDED.content_type, level = EXCLUDED.level, question = EXCLUDED.question, passage = EXCLUDED.passage, passage_translation = EXCLUDED.passage_translation, general_explanation = EXCLUDED.general_explanation, skill_category = EXCLUDED.skill_category, is_active = EXCLUDED.is_active, is_deleted = EXCLUDED.is_deleted, updated_at = NOW(), updated_by = 'system';
DELETE FROM questions_answers WHERE question_id = 811820011;
INSERT INTO questions_answers (question_id, sentence, sentence_translation, is_correct, "order") VALUES (811820011, 'Keigo cao cấp + ISO 22000/FSSC + uchi-soに関する情報', 'Thông tin liên quan đến Keigo cao cấp + ISO 22000/FSSC + uchi-so', TRUE, 1);
INSERT INTO questions_answers (question_id, sentence, sentence_translation, is_correct, "order") VALUES (811820011, '工場の歴史', 'Lịch sử nhà máy', FALSE, 2);
INSERT INTO questions_answers (question_id, sentence, sentence_translation, is_correct, "order") VALUES (811820011, '社員の名前リスト', 'Danh sách tên nhân viên', FALSE, 3);
INSERT INTO questions_answers (question_id, sentence, sentence_translation, is_correct, "order") VALUES (811820011, '設備の値段', 'Giá thiết bị', FALSE, 4);
INSERT INTO questions (id, user_id, is_system, is_khoa_cu, question_type, content_type, level, selection_type, question, passage, passage_translation, general_explanation, skill_category, base_difficulty, tenant_id, is_active, is_deleted, created_at, created_by) VALUES (811820012, NULL, TRUE, FALSE, 'reading', 'jisshusei_mogishiken_t08_iso_audit', 'N4', 'single', 'この 報告書 の主旨は何ですか? (Q4)

Ý chính của Báo cáo này là gì? (Q4)', '81108003', NULL, '報告書 chứa thông tin về Keigo cao cấp + ISO 22000/FSSC + uchi-soto + xử lý xung đột.', 'dokkai', 1, 'system', TRUE, FALSE, NOW(), 'system') ON CONFLICT (id) DO UPDATE SET question_type = EXCLUDED.question_type, content_type = EXCLUDED.content_type, level = EXCLUDED.level, question = EXCLUDED.question, passage = EXCLUDED.passage, passage_translation = EXCLUDED.passage_translation, general_explanation = EXCLUDED.general_explanation, skill_category = EXCLUDED.skill_category, is_active = EXCLUDED.is_active, is_deleted = EXCLUDED.is_deleted, updated_at = NOW(), updated_by = 'system';
DELETE FROM questions_answers WHERE question_id = 811820012;
INSERT INTO questions_answers (question_id, sentence, sentence_translation, is_correct, "order") VALUES (811820012, 'Keigo cao cấp + ISO 22000/FSSC + uchi-soに関する情報', 'Thông tin liên quan đến Keigo cao cấp + ISO 22000/FSSC + uchi-so', TRUE, 1);
INSERT INTO questions_answers (question_id, sentence, sentence_translation, is_correct, "order") VALUES (811820012, '工場の歴史', 'Lịch sử nhà máy', FALSE, 2);
INSERT INTO questions_answers (question_id, sentence, sentence_translation, is_correct, "order") VALUES (811820012, '社員の名前リスト', 'Danh sách tên nhân viên', FALSE, 3);
INSERT INTO questions_answers (question_id, sentence, sentence_translation, is_correct, "order") VALUES (811820012, '設備の値段', 'Giá thiết bị', FALSE, 4);
INSERT INTO questions (id, user_id, is_system, is_khoa_cu, question_type, content_type, level, selection_type, question, passage, passage_translation, general_explanation, skill_category, base_difficulty, tenant_id, is_active, is_deleted, created_at, created_by) VALUES (811820013, NULL, TRUE, FALSE, 'reading', 'jisshusei_mogishiken_t08_iso_audit', 'N4', 'single', 'この 通知 の主旨は何ですか? (Q1)

Ý chính của Thông báo này là gì? (Q1)', '81108004', NULL, '通知 chứa thông tin về Keigo cao cấp + ISO 22000/FSSC + uchi-soto + xử lý xung đột.', 'dokkai', 1, 'system', TRUE, FALSE, NOW(), 'system') ON CONFLICT (id) DO UPDATE SET question_type = EXCLUDED.question_type, content_type = EXCLUDED.content_type, level = EXCLUDED.level, question = EXCLUDED.question, passage = EXCLUDED.passage, passage_translation = EXCLUDED.passage_translation, general_explanation = EXCLUDED.general_explanation, skill_category = EXCLUDED.skill_category, is_active = EXCLUDED.is_active, is_deleted = EXCLUDED.is_deleted, updated_at = NOW(), updated_by = 'system';
DELETE FROM questions_answers WHERE question_id = 811820013;
INSERT INTO questions_answers (question_id, sentence, sentence_translation, is_correct, "order") VALUES (811820013, 'Keigo cao cấp + ISO 22000/FSSC + uchi-soに関する情報', 'Thông tin liên quan đến Keigo cao cấp + ISO 22000/FSSC + uchi-so', TRUE, 1);
INSERT INTO questions_answers (question_id, sentence, sentence_translation, is_correct, "order") VALUES (811820013, '工場の歴史', 'Lịch sử nhà máy', FALSE, 2);
INSERT INTO questions_answers (question_id, sentence, sentence_translation, is_correct, "order") VALUES (811820013, '社員の名前リスト', 'Danh sách tên nhân viên', FALSE, 3);
INSERT INTO questions_answers (question_id, sentence, sentence_translation, is_correct, "order") VALUES (811820013, '設備の値段', 'Giá thiết bị', FALSE, 4);
INSERT INTO questions (id, user_id, is_system, is_khoa_cu, question_type, content_type, level, selection_type, question, passage, passage_translation, general_explanation, skill_category, base_difficulty, tenant_id, is_active, is_deleted, created_at, created_by) VALUES (811820014, NULL, TRUE, FALSE, 'reading', 'jisshusei_mogishiken_t08_iso_audit', 'N4', 'single', 'この 通知 の主旨は何ですか? (Q2)

Ý chính của Thông báo này là gì? (Q2)', '81108004', NULL, '通知 chứa thông tin về Keigo cao cấp + ISO 22000/FSSC + uchi-soto + xử lý xung đột.', 'dokkai', 1, 'system', TRUE, FALSE, NOW(), 'system') ON CONFLICT (id) DO UPDATE SET question_type = EXCLUDED.question_type, content_type = EXCLUDED.content_type, level = EXCLUDED.level, question = EXCLUDED.question, passage = EXCLUDED.passage, passage_translation = EXCLUDED.passage_translation, general_explanation = EXCLUDED.general_explanation, skill_category = EXCLUDED.skill_category, is_active = EXCLUDED.is_active, is_deleted = EXCLUDED.is_deleted, updated_at = NOW(), updated_by = 'system';
DELETE FROM questions_answers WHERE question_id = 811820014;
INSERT INTO questions_answers (question_id, sentence, sentence_translation, is_correct, "order") VALUES (811820014, 'Keigo cao cấp + ISO 22000/FSSC + uchi-soに関する情報', 'Thông tin liên quan đến Keigo cao cấp + ISO 22000/FSSC + uchi-so', TRUE, 1);
INSERT INTO questions_answers (question_id, sentence, sentence_translation, is_correct, "order") VALUES (811820014, '工場の歴史', 'Lịch sử nhà máy', FALSE, 2);
INSERT INTO questions_answers (question_id, sentence, sentence_translation, is_correct, "order") VALUES (811820014, '社員の名前リスト', 'Danh sách tên nhân viên', FALSE, 3);
INSERT INTO questions_answers (question_id, sentence, sentence_translation, is_correct, "order") VALUES (811820014, '設備の値段', 'Giá thiết bị', FALSE, 4);
INSERT INTO questions (id, user_id, is_system, is_khoa_cu, question_type, content_type, level, selection_type, question, passage, passage_translation, general_explanation, skill_category, base_difficulty, tenant_id, is_active, is_deleted, created_at, created_by) VALUES (811820015, NULL, TRUE, FALSE, 'reading', 'jisshusei_mogishiken_t08_iso_audit', 'N4', 'single', 'この 通知 の主旨は何ですか? (Q3)

Ý chính của Thông báo này là gì? (Q3)', '81108004', NULL, '通知 chứa thông tin về Keigo cao cấp + ISO 22000/FSSC + uchi-soto + xử lý xung đột.', 'dokkai', 1, 'system', TRUE, FALSE, NOW(), 'system') ON CONFLICT (id) DO UPDATE SET question_type = EXCLUDED.question_type, content_type = EXCLUDED.content_type, level = EXCLUDED.level, question = EXCLUDED.question, passage = EXCLUDED.passage, passage_translation = EXCLUDED.passage_translation, general_explanation = EXCLUDED.general_explanation, skill_category = EXCLUDED.skill_category, is_active = EXCLUDED.is_active, is_deleted = EXCLUDED.is_deleted, updated_at = NOW(), updated_by = 'system';
DELETE FROM questions_answers WHERE question_id = 811820015;
INSERT INTO questions_answers (question_id, sentence, sentence_translation, is_correct, "order") VALUES (811820015, 'Keigo cao cấp + ISO 22000/FSSC + uchi-soに関する情報', 'Thông tin liên quan đến Keigo cao cấp + ISO 22000/FSSC + uchi-so', TRUE, 1);
INSERT INTO questions_answers (question_id, sentence, sentence_translation, is_correct, "order") VALUES (811820015, '工場の歴史', 'Lịch sử nhà máy', FALSE, 2);
INSERT INTO questions_answers (question_id, sentence, sentence_translation, is_correct, "order") VALUES (811820015, '社員の名前リスト', 'Danh sách tên nhân viên', FALSE, 3);
INSERT INTO questions_answers (question_id, sentence, sentence_translation, is_correct, "order") VALUES (811820015, '設備の値段', 'Giá thiết bị', FALSE, 4);
INSERT INTO questions (id, user_id, is_system, is_khoa_cu, question_type, content_type, level, selection_type, question, passage, passage_translation, general_explanation, skill_category, base_difficulty, tenant_id, is_active, is_deleted, created_at, created_by) VALUES (811820016, NULL, TRUE, FALSE, 'reading', 'jisshusei_mogishiken_t08_iso_audit', 'N4', 'single', 'この 通知 の主旨は何ですか? (Q4)

Ý chính của Thông báo này là gì? (Q4)', '81108004', NULL, '通知 chứa thông tin về Keigo cao cấp + ISO 22000/FSSC + uchi-soto + xử lý xung đột.', 'dokkai', 1, 'system', TRUE, FALSE, NOW(), 'system') ON CONFLICT (id) DO UPDATE SET question_type = EXCLUDED.question_type, content_type = EXCLUDED.content_type, level = EXCLUDED.level, question = EXCLUDED.question, passage = EXCLUDED.passage, passage_translation = EXCLUDED.passage_translation, general_explanation = EXCLUDED.general_explanation, skill_category = EXCLUDED.skill_category, is_active = EXCLUDED.is_active, is_deleted = EXCLUDED.is_deleted, updated_at = NOW(), updated_by = 'system';
DELETE FROM questions_answers WHERE question_id = 811820016;
INSERT INTO questions_answers (question_id, sentence, sentence_translation, is_correct, "order") VALUES (811820016, 'Keigo cao cấp + ISO 22000/FSSC + uchi-soに関する情報', 'Thông tin liên quan đến Keigo cao cấp + ISO 22000/FSSC + uchi-so', TRUE, 1);
INSERT INTO questions_answers (question_id, sentence, sentence_translation, is_correct, "order") VALUES (811820016, '工場の歴史', 'Lịch sử nhà máy', FALSE, 2);
INSERT INTO questions_answers (question_id, sentence, sentence_translation, is_correct, "order") VALUES (811820016, '社員の名前リスト', 'Danh sách tên nhân viên', FALSE, 3);
INSERT INTO questions_answers (question_id, sentence, sentence_translation, is_correct, "order") VALUES (811820016, '設備の値段', 'Giá thiết bị', FALSE, 4);
INSERT INTO questions (id, user_id, is_system, is_khoa_cu, question_type, content_type, level, selection_type, question, passage, passage_translation, general_explanation, skill_category, base_difficulty, tenant_id, is_active, is_deleted, created_at, created_by) VALUES (811820017, NULL, TRUE, FALSE, 'reading', 'jisshusei_mogishiken_t08_iso_audit', 'N4', 'single', 'この チェックリスト の主旨は何ですか? (Q1)

Ý chính của Danh mục kiểm tra này là gì? (Q1)', '81108005', NULL, 'チェックリスト chứa thông tin về Keigo cao cấp + ISO 22000/FSSC + uchi-soto + xử lý xung đột.', 'dokkai', 1, 'system', TRUE, FALSE, NOW(), 'system') ON CONFLICT (id) DO UPDATE SET question_type = EXCLUDED.question_type, content_type = EXCLUDED.content_type, level = EXCLUDED.level, question = EXCLUDED.question, passage = EXCLUDED.passage, passage_translation = EXCLUDED.passage_translation, general_explanation = EXCLUDED.general_explanation, skill_category = EXCLUDED.skill_category, is_active = EXCLUDED.is_active, is_deleted = EXCLUDED.is_deleted, updated_at = NOW(), updated_by = 'system';
DELETE FROM questions_answers WHERE question_id = 811820017;
INSERT INTO questions_answers (question_id, sentence, sentence_translation, is_correct, "order") VALUES (811820017, 'Keigo cao cấp + ISO 22000/FSSC + uchi-soに関する情報', 'Thông tin liên quan đến Keigo cao cấp + ISO 22000/FSSC + uchi-so', TRUE, 1);
INSERT INTO questions_answers (question_id, sentence, sentence_translation, is_correct, "order") VALUES (811820017, '工場の歴史', 'Lịch sử nhà máy', FALSE, 2);
INSERT INTO questions_answers (question_id, sentence, sentence_translation, is_correct, "order") VALUES (811820017, '社員の名前リスト', 'Danh sách tên nhân viên', FALSE, 3);
INSERT INTO questions_answers (question_id, sentence, sentence_translation, is_correct, "order") VALUES (811820017, '設備の値段', 'Giá thiết bị', FALSE, 4);
INSERT INTO questions (id, user_id, is_system, is_khoa_cu, question_type, content_type, level, selection_type, question, passage, passage_translation, general_explanation, skill_category, base_difficulty, tenant_id, is_active, is_deleted, created_at, created_by) VALUES (811820018, NULL, TRUE, FALSE, 'reading', 'jisshusei_mogishiken_t08_iso_audit', 'N4', 'single', 'この チェックリスト の主旨は何ですか? (Q2)

Ý chính của Danh mục kiểm tra này là gì? (Q2)', '81108005', NULL, 'チェックリスト chứa thông tin về Keigo cao cấp + ISO 22000/FSSC + uchi-soto + xử lý xung đột.', 'dokkai', 1, 'system', TRUE, FALSE, NOW(), 'system') ON CONFLICT (id) DO UPDATE SET question_type = EXCLUDED.question_type, content_type = EXCLUDED.content_type, level = EXCLUDED.level, question = EXCLUDED.question, passage = EXCLUDED.passage, passage_translation = EXCLUDED.passage_translation, general_explanation = EXCLUDED.general_explanation, skill_category = EXCLUDED.skill_category, is_active = EXCLUDED.is_active, is_deleted = EXCLUDED.is_deleted, updated_at = NOW(), updated_by = 'system';
DELETE FROM questions_answers WHERE question_id = 811820018;
INSERT INTO questions_answers (question_id, sentence, sentence_translation, is_correct, "order") VALUES (811820018, 'Keigo cao cấp + ISO 22000/FSSC + uchi-soに関する情報', 'Thông tin liên quan đến Keigo cao cấp + ISO 22000/FSSC + uchi-so', TRUE, 1);
INSERT INTO questions_answers (question_id, sentence, sentence_translation, is_correct, "order") VALUES (811820018, '工場の歴史', 'Lịch sử nhà máy', FALSE, 2);
INSERT INTO questions_answers (question_id, sentence, sentence_translation, is_correct, "order") VALUES (811820018, '社員の名前リスト', 'Danh sách tên nhân viên', FALSE, 3);
INSERT INTO questions_answers (question_id, sentence, sentence_translation, is_correct, "order") VALUES (811820018, '設備の値段', 'Giá thiết bị', FALSE, 4);
INSERT INTO questions (id, user_id, is_system, is_khoa_cu, question_type, content_type, level, selection_type, question, passage, passage_translation, general_explanation, skill_category, base_difficulty, tenant_id, is_active, is_deleted, created_at, created_by) VALUES (811820019, NULL, TRUE, FALSE, 'reading', 'jisshusei_mogishiken_t08_iso_audit', 'N4', 'single', 'この チェックリスト の主旨は何ですか? (Q3)

Ý chính của Danh mục kiểm tra này là gì? (Q3)', '81108005', NULL, 'チェックリスト chứa thông tin về Keigo cao cấp + ISO 22000/FSSC + uchi-soto + xử lý xung đột.', 'dokkai', 1, 'system', TRUE, FALSE, NOW(), 'system') ON CONFLICT (id) DO UPDATE SET question_type = EXCLUDED.question_type, content_type = EXCLUDED.content_type, level = EXCLUDED.level, question = EXCLUDED.question, passage = EXCLUDED.passage, passage_translation = EXCLUDED.passage_translation, general_explanation = EXCLUDED.general_explanation, skill_category = EXCLUDED.skill_category, is_active = EXCLUDED.is_active, is_deleted = EXCLUDED.is_deleted, updated_at = NOW(), updated_by = 'system';
DELETE FROM questions_answers WHERE question_id = 811820019;
INSERT INTO questions_answers (question_id, sentence, sentence_translation, is_correct, "order") VALUES (811820019, 'Keigo cao cấp + ISO 22000/FSSC + uchi-soに関する情報', 'Thông tin liên quan đến Keigo cao cấp + ISO 22000/FSSC + uchi-so', TRUE, 1);
INSERT INTO questions_answers (question_id, sentence, sentence_translation, is_correct, "order") VALUES (811820019, '工場の歴史', 'Lịch sử nhà máy', FALSE, 2);
INSERT INTO questions_answers (question_id, sentence, sentence_translation, is_correct, "order") VALUES (811820019, '社員の名前リスト', 'Danh sách tên nhân viên', FALSE, 3);
INSERT INTO questions_answers (question_id, sentence, sentence_translation, is_correct, "order") VALUES (811820019, '設備の値段', 'Giá thiết bị', FALSE, 4);
INSERT INTO questions (id, user_id, is_system, is_khoa_cu, question_type, content_type, level, selection_type, question, passage, passage_translation, general_explanation, skill_category, base_difficulty, tenant_id, is_active, is_deleted, created_at, created_by) VALUES (811820020, NULL, TRUE, FALSE, 'reading', 'jisshusei_mogishiken_t08_iso_audit', 'N4', 'single', 'この チェックリスト の主旨は何ですか? (Q4)

Ý chính của Danh mục kiểm tra này là gì? (Q4)', '81108005', NULL, 'チェックリスト chứa thông tin về Keigo cao cấp + ISO 22000/FSSC + uchi-soto + xử lý xung đột.', 'dokkai', 1, 'system', TRUE, FALSE, NOW(), 'system') ON CONFLICT (id) DO UPDATE SET question_type = EXCLUDED.question_type, content_type = EXCLUDED.content_type, level = EXCLUDED.level, question = EXCLUDED.question, passage = EXCLUDED.passage, passage_translation = EXCLUDED.passage_translation, general_explanation = EXCLUDED.general_explanation, skill_category = EXCLUDED.skill_category, is_active = EXCLUDED.is_active, is_deleted = EXCLUDED.is_deleted, updated_at = NOW(), updated_by = 'system';
DELETE FROM questions_answers WHERE question_id = 811820020;
INSERT INTO questions_answers (question_id, sentence, sentence_translation, is_correct, "order") VALUES (811820020, 'Keigo cao cấp + ISO 22000/FSSC + uchi-soに関する情報', 'Thông tin liên quan đến Keigo cao cấp + ISO 22000/FSSC + uchi-so', TRUE, 1);
INSERT INTO questions_answers (question_id, sentence, sentence_translation, is_correct, "order") VALUES (811820020, '工場の歴史', 'Lịch sử nhà máy', FALSE, 2);
INSERT INTO questions_answers (question_id, sentence, sentence_translation, is_correct, "order") VALUES (811820020, '社員の名前リスト', 'Danh sách tên nhân viên', FALSE, 3);
INSERT INTO questions_answers (question_id, sentence, sentence_translation, is_correct, "order") VALUES (811820020, '設備の値段', 'Giá thiết bị', FALSE, 4);

INSERT INTO study_question_sets (id, name, description, set_type, card_count, tenant_id, is_active, is_deleted, created_at, created_by) VALUES (8110821, 'T8. Khách kiểm tra audit — Reading Section 1: Bảng quy trình', 'Đọc hiểu Bảng quy trình', 'reading', 4, 'system', TRUE, FALSE, NOW(), 'system') ON CONFLICT (id) DO UPDATE SET name = EXCLUDED.name, description = EXCLUDED.description, set_type = EXCLUDED.set_type, card_count = EXCLUDED.card_count, is_active = EXCLUDED.is_active, is_deleted = EXCLUDED.is_deleted, updated_at = NOW(), updated_by = 'system';
INSERT INTO study_question_set_questions (study_question_set_id, question_id, order_index, tenant_id, is_deleted, created_at, created_by) VALUES (8110821, 811820001, 1, 'system', FALSE, NOW(), 'system') ON CONFLICT (study_question_set_id, question_id) DO UPDATE SET order_index = EXCLUDED.order_index, is_deleted = FALSE;
INSERT INTO study_question_set_questions (study_question_set_id, question_id, order_index, tenant_id, is_deleted, created_at, created_by) VALUES (8110821, 811820002, 2, 'system', FALSE, NOW(), 'system') ON CONFLICT (study_question_set_id, question_id) DO UPDATE SET order_index = EXCLUDED.order_index, is_deleted = FALSE;
INSERT INTO study_question_set_questions (study_question_set_id, question_id, order_index, tenant_id, is_deleted, created_at, created_by) VALUES (8110821, 811820003, 3, 'system', FALSE, NOW(), 'system') ON CONFLICT (study_question_set_id, question_id) DO UPDATE SET order_index = EXCLUDED.order_index, is_deleted = FALSE;
INSERT INTO study_question_set_questions (study_question_set_id, question_id, order_index, tenant_id, is_deleted, created_at, created_by) VALUES (8110821, 811820004, 4, 'system', FALSE, NOW(), 'system') ON CONFLICT (study_question_set_id, question_id) DO UPDATE SET order_index = EXCLUDED.order_index, is_deleted = FALSE;
INSERT INTO study_resource_question_sets (resource_type, resource_id, study_question_set_id, position, context, tenant_id, is_active, is_deleted, created_at, created_by) VALUES ('module', 8011008, 8110821, 5, '{"label": "T8. Khách kiểm tra audit — Reading Section 1: Bảng quy trình"}'::jsonb, 'system', TRUE, FALSE, NOW(), 'system') ON CONFLICT (resource_type, resource_id, study_question_set_id) DO UPDATE SET position = EXCLUDED.position, context = EXCLUDED.context, is_active = TRUE, is_deleted = FALSE;

INSERT INTO study_question_sets (id, name, description, set_type, card_count, tenant_id, is_active, is_deleted, created_at, created_by) VALUES (8110822, 'T8. Khách kiểm tra audit — Reading Section 2: Sổ tay hướng dẫn', 'Đọc hiểu Sổ tay hướng dẫn', 'reading', 4, 'system', TRUE, FALSE, NOW(), 'system') ON CONFLICT (id) DO UPDATE SET name = EXCLUDED.name, description = EXCLUDED.description, set_type = EXCLUDED.set_type, card_count = EXCLUDED.card_count, is_active = EXCLUDED.is_active, is_deleted = EXCLUDED.is_deleted, updated_at = NOW(), updated_by = 'system';
INSERT INTO study_question_set_questions (study_question_set_id, question_id, order_index, tenant_id, is_deleted, created_at, created_by) VALUES (8110822, 811820005, 1, 'system', FALSE, NOW(), 'system') ON CONFLICT (study_question_set_id, question_id) DO UPDATE SET order_index = EXCLUDED.order_index, is_deleted = FALSE;
INSERT INTO study_question_set_questions (study_question_set_id, question_id, order_index, tenant_id, is_deleted, created_at, created_by) VALUES (8110822, 811820006, 2, 'system', FALSE, NOW(), 'system') ON CONFLICT (study_question_set_id, question_id) DO UPDATE SET order_index = EXCLUDED.order_index, is_deleted = FALSE;
INSERT INTO study_question_set_questions (study_question_set_id, question_id, order_index, tenant_id, is_deleted, created_at, created_by) VALUES (8110822, 811820007, 3, 'system', FALSE, NOW(), 'system') ON CONFLICT (study_question_set_id, question_id) DO UPDATE SET order_index = EXCLUDED.order_index, is_deleted = FALSE;
INSERT INTO study_question_set_questions (study_question_set_id, question_id, order_index, tenant_id, is_deleted, created_at, created_by) VALUES (8110822, 811820008, 4, 'system', FALSE, NOW(), 'system') ON CONFLICT (study_question_set_id, question_id) DO UPDATE SET order_index = EXCLUDED.order_index, is_deleted = FALSE;
INSERT INTO study_resource_question_sets (resource_type, resource_id, study_question_set_id, position, context, tenant_id, is_active, is_deleted, created_at, created_by) VALUES ('module', 8011008, 8110822, 6, '{"label": "T8. Khách kiểm tra audit — Reading Section 2: Sổ tay hướng dẫn"}'::jsonb, 'system', TRUE, FALSE, NOW(), 'system') ON CONFLICT (resource_type, resource_id, study_question_set_id) DO UPDATE SET position = EXCLUDED.position, context = EXCLUDED.context, is_active = TRUE, is_deleted = FALSE;

INSERT INTO study_question_sets (id, name, description, set_type, card_count, tenant_id, is_active, is_deleted, created_at, created_by) VALUES (8110823, 'T8. Khách kiểm tra audit — Reading Section 3: Báo cáo', 'Đọc hiểu Báo cáo', 'reading', 4, 'system', TRUE, FALSE, NOW(), 'system') ON CONFLICT (id) DO UPDATE SET name = EXCLUDED.name, description = EXCLUDED.description, set_type = EXCLUDED.set_type, card_count = EXCLUDED.card_count, is_active = EXCLUDED.is_active, is_deleted = EXCLUDED.is_deleted, updated_at = NOW(), updated_by = 'system';
INSERT INTO study_question_set_questions (study_question_set_id, question_id, order_index, tenant_id, is_deleted, created_at, created_by) VALUES (8110823, 811820009, 1, 'system', FALSE, NOW(), 'system') ON CONFLICT (study_question_set_id, question_id) DO UPDATE SET order_index = EXCLUDED.order_index, is_deleted = FALSE;
INSERT INTO study_question_set_questions (study_question_set_id, question_id, order_index, tenant_id, is_deleted, created_at, created_by) VALUES (8110823, 811820010, 2, 'system', FALSE, NOW(), 'system') ON CONFLICT (study_question_set_id, question_id) DO UPDATE SET order_index = EXCLUDED.order_index, is_deleted = FALSE;
INSERT INTO study_question_set_questions (study_question_set_id, question_id, order_index, tenant_id, is_deleted, created_at, created_by) VALUES (8110823, 811820011, 3, 'system', FALSE, NOW(), 'system') ON CONFLICT (study_question_set_id, question_id) DO UPDATE SET order_index = EXCLUDED.order_index, is_deleted = FALSE;
INSERT INTO study_question_set_questions (study_question_set_id, question_id, order_index, tenant_id, is_deleted, created_at, created_by) VALUES (8110823, 811820012, 4, 'system', FALSE, NOW(), 'system') ON CONFLICT (study_question_set_id, question_id) DO UPDATE SET order_index = EXCLUDED.order_index, is_deleted = FALSE;
INSERT INTO study_resource_question_sets (resource_type, resource_id, study_question_set_id, position, context, tenant_id, is_active, is_deleted, created_at, created_by) VALUES ('module', 8011008, 8110823, 7, '{"label": "T8. Khách kiểm tra audit — Reading Section 3: Báo cáo"}'::jsonb, 'system', TRUE, FALSE, NOW(), 'system') ON CONFLICT (resource_type, resource_id, study_question_set_id) DO UPDATE SET position = EXCLUDED.position, context = EXCLUDED.context, is_active = TRUE, is_deleted = FALSE;

INSERT INTO study_question_sets (id, name, description, set_type, card_count, tenant_id, is_active, is_deleted, created_at, created_by) VALUES (8110824, 'T8. Khách kiểm tra audit — Reading Section 4: Thông báo', 'Đọc hiểu Thông báo', 'reading', 4, 'system', TRUE, FALSE, NOW(), 'system') ON CONFLICT (id) DO UPDATE SET name = EXCLUDED.name, description = EXCLUDED.description, set_type = EXCLUDED.set_type, card_count = EXCLUDED.card_count, is_active = EXCLUDED.is_active, is_deleted = EXCLUDED.is_deleted, updated_at = NOW(), updated_by = 'system';
INSERT INTO study_question_set_questions (study_question_set_id, question_id, order_index, tenant_id, is_deleted, created_at, created_by) VALUES (8110824, 811820013, 1, 'system', FALSE, NOW(), 'system') ON CONFLICT (study_question_set_id, question_id) DO UPDATE SET order_index = EXCLUDED.order_index, is_deleted = FALSE;
INSERT INTO study_question_set_questions (study_question_set_id, question_id, order_index, tenant_id, is_deleted, created_at, created_by) VALUES (8110824, 811820014, 2, 'system', FALSE, NOW(), 'system') ON CONFLICT (study_question_set_id, question_id) DO UPDATE SET order_index = EXCLUDED.order_index, is_deleted = FALSE;
INSERT INTO study_question_set_questions (study_question_set_id, question_id, order_index, tenant_id, is_deleted, created_at, created_by) VALUES (8110824, 811820015, 3, 'system', FALSE, NOW(), 'system') ON CONFLICT (study_question_set_id, question_id) DO UPDATE SET order_index = EXCLUDED.order_index, is_deleted = FALSE;
INSERT INTO study_question_set_questions (study_question_set_id, question_id, order_index, tenant_id, is_deleted, created_at, created_by) VALUES (8110824, 811820016, 4, 'system', FALSE, NOW(), 'system') ON CONFLICT (study_question_set_id, question_id) DO UPDATE SET order_index = EXCLUDED.order_index, is_deleted = FALSE;
INSERT INTO study_resource_question_sets (resource_type, resource_id, study_question_set_id, position, context, tenant_id, is_active, is_deleted, created_at, created_by) VALUES ('module', 8011008, 8110824, 8, '{"label": "T8. Khách kiểm tra audit — Reading Section 4: Thông báo"}'::jsonb, 'system', TRUE, FALSE, NOW(), 'system') ON CONFLICT (resource_type, resource_id, study_question_set_id) DO UPDATE SET position = EXCLUDED.position, context = EXCLUDED.context, is_active = TRUE, is_deleted = FALSE;

INSERT INTO study_question_sets (id, name, description, set_type, card_count, tenant_id, is_active, is_deleted, created_at, created_by) VALUES (8110825, 'T8. Khách kiểm tra audit — Reading Section 5: Danh mục kiểm tra', 'Đọc hiểu Danh mục kiểm tra', 'reading', 4, 'system', TRUE, FALSE, NOW(), 'system') ON CONFLICT (id) DO UPDATE SET name = EXCLUDED.name, description = EXCLUDED.description, set_type = EXCLUDED.set_type, card_count = EXCLUDED.card_count, is_active = EXCLUDED.is_active, is_deleted = EXCLUDED.is_deleted, updated_at = NOW(), updated_by = 'system';
INSERT INTO study_question_set_questions (study_question_set_id, question_id, order_index, tenant_id, is_deleted, created_at, created_by) VALUES (8110825, 811820017, 1, 'system', FALSE, NOW(), 'system') ON CONFLICT (study_question_set_id, question_id) DO UPDATE SET order_index = EXCLUDED.order_index, is_deleted = FALSE;
INSERT INTO study_question_set_questions (study_question_set_id, question_id, order_index, tenant_id, is_deleted, created_at, created_by) VALUES (8110825, 811820018, 2, 'system', FALSE, NOW(), 'system') ON CONFLICT (study_question_set_id, question_id) DO UPDATE SET order_index = EXCLUDED.order_index, is_deleted = FALSE;
INSERT INTO study_question_set_questions (study_question_set_id, question_id, order_index, tenant_id, is_deleted, created_at, created_by) VALUES (8110825, 811820019, 3, 'system', FALSE, NOW(), 'system') ON CONFLICT (study_question_set_id, question_id) DO UPDATE SET order_index = EXCLUDED.order_index, is_deleted = FALSE;
INSERT INTO study_question_set_questions (study_question_set_id, question_id, order_index, tenant_id, is_deleted, created_at, created_by) VALUES (8110825, 811820020, 4, 'system', FALSE, NOW(), 'system') ON CONFLICT (study_question_set_id, question_id) DO UPDATE SET order_index = EXCLUDED.order_index, is_deleted = FALSE;
INSERT INTO study_resource_question_sets (resource_type, resource_id, study_question_set_id, position, context, tenant_id, is_active, is_deleted, created_at, created_by) VALUES ('module', 8011008, 8110825, 9, '{"label": "T8. Khách kiểm tra audit — Reading Section 5: Danh mục kiểm tra"}'::jsonb, 'system', TRUE, FALSE, NOW(), 'system') ON CONFLICT (resource_type, resource_id, study_question_set_id) DO UPDATE SET position = EXCLUDED.position, context = EXCLUDED.context, is_active = TRUE, is_deleted = FALSE;

-- BaiTap: t09_shihin_kaihatsu (40 questions)
INSERT INTO questions (id, user_id, is_system, is_khoa_cu, question_type, content_type, level, selection_type, question, passage, passage_translation, general_explanation, skill_category, base_difficulty, tenant_id, is_active, is_deleted, created_at, created_by) VALUES (811910001, NULL, TRUE, FALSE, 'chon_dap_an', 'jisshusei_baitap_t09_shihin_kaihatsu', 'N5', 'single', '「議題」 trong ngữ cảnh chương 9 có nghĩa liên quan đến gì?

「議題」 trong chương 9 liên quan đến:', NULL, NULL, '「議題」 thuộc chủ đề: Vocab meeting + ~はいかがでしょうか + 官能評価 + shihin sekkei.', 'grammar', 1, 'system', TRUE, FALSE, NOW(), 'system') ON CONFLICT (id) DO UPDATE SET question_type = EXCLUDED.question_type, content_type = EXCLUDED.content_type, level = EXCLUDED.level, question = EXCLUDED.question, passage = EXCLUDED.passage, passage_translation = EXCLUDED.passage_translation, general_explanation = EXCLUDED.general_explanation, skill_category = EXCLUDED.skill_category, is_active = EXCLUDED.is_active, is_deleted = EXCLUDED.is_deleted, updated_at = NOW(), updated_by = 'system';
DELETE FROM questions_answers WHERE question_id = 811910001;
INSERT INTO questions_answers (question_id, sentence, sentence_translation, is_correct, "order") VALUES (811910001, 'Vocab meeting + ~はいかがでしょうか + 官', NULL, TRUE, 1);
INSERT INTO questions_answers (question_id, sentence, sentence_translation, is_correct, "order") VALUES (811910001, 'Khái niệm không liên quan A', 'Khái niệm không liên quan A', FALSE, 2);
INSERT INTO questions_answers (question_id, sentence, sentence_translation, is_correct, "order") VALUES (811910001, 'Khái niệm không liên quan B', 'Khái niệm không liên quan B', FALSE, 3);
INSERT INTO questions_answers (question_id, sentence, sentence_translation, is_correct, "order") VALUES (811910001, 'Khái niệm không liên quan C', 'Khái niệm không liên quan C', FALSE, 4);
INSERT INTO questions (id, user_id, is_system, is_khoa_cu, question_type, content_type, level, selection_type, question, passage, passage_translation, general_explanation, skill_category, base_difficulty, tenant_id, is_active, is_deleted, created_at, created_by) VALUES (811910002, NULL, TRUE, FALSE, 'chon_dap_an', 'jisshusei_baitap_t09_shihin_kaihatsu', 'N5', 'single', '「検討」 trong ngữ cảnh chương 9 có nghĩa liên quan đến gì?

「検討」 trong chương 9 liên quan đến:', NULL, NULL, '「検討」 thuộc chủ đề: Vocab meeting + ~はいかがでしょうか + 官能評価 + shihin sekkei.', 'grammar', 1, 'system', TRUE, FALSE, NOW(), 'system') ON CONFLICT (id) DO UPDATE SET question_type = EXCLUDED.question_type, content_type = EXCLUDED.content_type, level = EXCLUDED.level, question = EXCLUDED.question, passage = EXCLUDED.passage, passage_translation = EXCLUDED.passage_translation, general_explanation = EXCLUDED.general_explanation, skill_category = EXCLUDED.skill_category, is_active = EXCLUDED.is_active, is_deleted = EXCLUDED.is_deleted, updated_at = NOW(), updated_by = 'system';
DELETE FROM questions_answers WHERE question_id = 811910002;
INSERT INTO questions_answers (question_id, sentence, sentence_translation, is_correct, "order") VALUES (811910002, 'Vocab meeting + ~はいかがでしょうか + 官', NULL, TRUE, 1);
INSERT INTO questions_answers (question_id, sentence, sentence_translation, is_correct, "order") VALUES (811910002, 'Khái niệm không liên quan A', 'Khái niệm không liên quan A', FALSE, 2);
INSERT INTO questions_answers (question_id, sentence, sentence_translation, is_correct, "order") VALUES (811910002, 'Khái niệm không liên quan B', 'Khái niệm không liên quan B', FALSE, 3);
INSERT INTO questions_answers (question_id, sentence, sentence_translation, is_correct, "order") VALUES (811910002, 'Khái niệm không liên quan C', 'Khái niệm không liên quan C', FALSE, 4);
INSERT INTO questions (id, user_id, is_system, is_khoa_cu, question_type, content_type, level, selection_type, question, passage, passage_translation, general_explanation, skill_category, base_difficulty, tenant_id, is_active, is_deleted, created_at, created_by) VALUES (811910003, NULL, TRUE, FALSE, 'chon_dap_an', 'jisshusei_baitap_t09_shihin_kaihatsu', 'N5', 'single', '「承認」 trong ngữ cảnh chương 9 có nghĩa liên quan đến gì?

「承認」 trong chương 9 liên quan đến:', NULL, NULL, '「承認」 thuộc chủ đề: Vocab meeting + ~はいかがでしょうか + 官能評価 + shihin sekkei.', 'grammar', 1, 'system', TRUE, FALSE, NOW(), 'system') ON CONFLICT (id) DO UPDATE SET question_type = EXCLUDED.question_type, content_type = EXCLUDED.content_type, level = EXCLUDED.level, question = EXCLUDED.question, passage = EXCLUDED.passage, passage_translation = EXCLUDED.passage_translation, general_explanation = EXCLUDED.general_explanation, skill_category = EXCLUDED.skill_category, is_active = EXCLUDED.is_active, is_deleted = EXCLUDED.is_deleted, updated_at = NOW(), updated_by = 'system';
DELETE FROM questions_answers WHERE question_id = 811910003;
INSERT INTO questions_answers (question_id, sentence, sentence_translation, is_correct, "order") VALUES (811910003, 'Vocab meeting + ~はいかがでしょうか + 官', NULL, TRUE, 1);
INSERT INTO questions_answers (question_id, sentence, sentence_translation, is_correct, "order") VALUES (811910003, 'Khái niệm không liên quan A', 'Khái niệm không liên quan A', FALSE, 2);
INSERT INTO questions_answers (question_id, sentence, sentence_translation, is_correct, "order") VALUES (811910003, 'Khái niệm không liên quan B', 'Khái niệm không liên quan B', FALSE, 3);
INSERT INTO questions_answers (question_id, sentence, sentence_translation, is_correct, "order") VALUES (811910003, 'Khái niệm không liên quan C', 'Khái niệm không liên quan C', FALSE, 4);
INSERT INTO questions (id, user_id, is_system, is_khoa_cu, question_type, content_type, level, selection_type, question, passage, passage_translation, general_explanation, skill_category, base_difficulty, tenant_id, is_active, is_deleted, created_at, created_by) VALUES (811910004, NULL, TRUE, FALSE, 'chon_dap_an', 'jisshusei_baitap_t09_shihin_kaihatsu', 'N5', 'single', '「保留」 trong ngữ cảnh chương 9 có nghĩa liên quan đến gì?

「保留」 trong chương 9 liên quan đến:', NULL, NULL, '「保留」 thuộc chủ đề: Vocab meeting + ~はいかがでしょうか + 官能評価 + shihin sekkei.', 'grammar', 1, 'system', TRUE, FALSE, NOW(), 'system') ON CONFLICT (id) DO UPDATE SET question_type = EXCLUDED.question_type, content_type = EXCLUDED.content_type, level = EXCLUDED.level, question = EXCLUDED.question, passage = EXCLUDED.passage, passage_translation = EXCLUDED.passage_translation, general_explanation = EXCLUDED.general_explanation, skill_category = EXCLUDED.skill_category, is_active = EXCLUDED.is_active, is_deleted = EXCLUDED.is_deleted, updated_at = NOW(), updated_by = 'system';
DELETE FROM questions_answers WHERE question_id = 811910004;
INSERT INTO questions_answers (question_id, sentence, sentence_translation, is_correct, "order") VALUES (811910004, 'Vocab meeting + ~はいかがでしょうか + 官', NULL, TRUE, 1);
INSERT INTO questions_answers (question_id, sentence, sentence_translation, is_correct, "order") VALUES (811910004, 'Khái niệm không liên quan A', 'Khái niệm không liên quan A', FALSE, 2);
INSERT INTO questions_answers (question_id, sentence, sentence_translation, is_correct, "order") VALUES (811910004, 'Khái niệm không liên quan B', 'Khái niệm không liên quan B', FALSE, 3);
INSERT INTO questions_answers (question_id, sentence, sentence_translation, is_correct, "order") VALUES (811910004, 'Khái niệm không liên quan C', 'Khái niệm không liên quan C', FALSE, 4);
INSERT INTO questions (id, user_id, is_system, is_khoa_cu, question_type, content_type, level, selection_type, question, passage, passage_translation, general_explanation, skill_category, base_difficulty, tenant_id, is_active, is_deleted, created_at, created_by) VALUES (811910005, NULL, TRUE, FALSE, 'chon_dap_an', 'jisshusei_baitap_t09_shihin_kaihatsu', 'N5', 'single', '「提案」 trong ngữ cảnh chương 9 có nghĩa liên quan đến gì?

「提案」 trong chương 9 liên quan đến:', NULL, NULL, '「提案」 thuộc chủ đề: Vocab meeting + ~はいかがでしょうか + 官能評価 + shihin sekkei.', 'grammar', 1, 'system', TRUE, FALSE, NOW(), 'system') ON CONFLICT (id) DO UPDATE SET question_type = EXCLUDED.question_type, content_type = EXCLUDED.content_type, level = EXCLUDED.level, question = EXCLUDED.question, passage = EXCLUDED.passage, passage_translation = EXCLUDED.passage_translation, general_explanation = EXCLUDED.general_explanation, skill_category = EXCLUDED.skill_category, is_active = EXCLUDED.is_active, is_deleted = EXCLUDED.is_deleted, updated_at = NOW(), updated_by = 'system';
DELETE FROM questions_answers WHERE question_id = 811910005;
INSERT INTO questions_answers (question_id, sentence, sentence_translation, is_correct, "order") VALUES (811910005, 'Vocab meeting + ~はいかがでしょうか + 官', NULL, TRUE, 1);
INSERT INTO questions_answers (question_id, sentence, sentence_translation, is_correct, "order") VALUES (811910005, 'Khái niệm không liên quan A', 'Khái niệm không liên quan A', FALSE, 2);
INSERT INTO questions_answers (question_id, sentence, sentence_translation, is_correct, "order") VALUES (811910005, 'Khái niệm không liên quan B', 'Khái niệm không liên quan B', FALSE, 3);
INSERT INTO questions_answers (question_id, sentence, sentence_translation, is_correct, "order") VALUES (811910005, 'Khái niệm không liên quan C', 'Khái niệm không liên quan C', FALSE, 4);
INSERT INTO questions (id, user_id, is_system, is_khoa_cu, question_type, content_type, level, selection_type, question, passage, passage_translation, general_explanation, skill_category, base_difficulty, tenant_id, is_active, is_deleted, created_at, created_by) VALUES (811910006, NULL, TRUE, FALSE, 'chon_dap_an', 'jisshusei_baitap_t09_shihin_kaihatsu', 'N5', 'single', '「官能評価」 trong ngữ cảnh chương 9 có nghĩa liên quan đến gì?

「官能評価」 trong chương 9 liên quan đến:', NULL, NULL, '「官能評価」 thuộc chủ đề: Vocab meeting + ~はいかがでしょうか + 官能評価 + shihin sekkei.', 'grammar', 1, 'system', TRUE, FALSE, NOW(), 'system') ON CONFLICT (id) DO UPDATE SET question_type = EXCLUDED.question_type, content_type = EXCLUDED.content_type, level = EXCLUDED.level, question = EXCLUDED.question, passage = EXCLUDED.passage, passage_translation = EXCLUDED.passage_translation, general_explanation = EXCLUDED.general_explanation, skill_category = EXCLUDED.skill_category, is_active = EXCLUDED.is_active, is_deleted = EXCLUDED.is_deleted, updated_at = NOW(), updated_by = 'system';
DELETE FROM questions_answers WHERE question_id = 811910006;
INSERT INTO questions_answers (question_id, sentence, sentence_translation, is_correct, "order") VALUES (811910006, 'Vocab meeting + ~はいかがでしょうか + 官', NULL, TRUE, 1);
INSERT INTO questions_answers (question_id, sentence, sentence_translation, is_correct, "order") VALUES (811910006, 'Khái niệm không liên quan A', 'Khái niệm không liên quan A', FALSE, 2);
INSERT INTO questions_answers (question_id, sentence, sentence_translation, is_correct, "order") VALUES (811910006, 'Khái niệm không liên quan B', 'Khái niệm không liên quan B', FALSE, 3);
INSERT INTO questions_answers (question_id, sentence, sentence_translation, is_correct, "order") VALUES (811910006, 'Khái niệm không liên quan C', 'Khái niệm không liên quan C', FALSE, 4);
INSERT INTO questions (id, user_id, is_system, is_khoa_cu, question_type, content_type, level, selection_type, question, passage, passage_translation, general_explanation, skill_category, base_difficulty, tenant_id, is_active, is_deleted, created_at, created_by) VALUES (811910007, NULL, TRUE, FALSE, 'chon_dap_an', 'jisshusei_baitap_t09_shihin_kaihatsu', 'N5', 'single', '「甘い」 trong ngữ cảnh chương 9 có nghĩa liên quan đến gì?

「甘い」 trong chương 9 liên quan đến:', NULL, NULL, '「甘い」 thuộc chủ đề: Vocab meeting + ~はいかがでしょうか + 官能評価 + shihin sekkei.', 'grammar', 1, 'system', TRUE, FALSE, NOW(), 'system') ON CONFLICT (id) DO UPDATE SET question_type = EXCLUDED.question_type, content_type = EXCLUDED.content_type, level = EXCLUDED.level, question = EXCLUDED.question, passage = EXCLUDED.passage, passage_translation = EXCLUDED.passage_translation, general_explanation = EXCLUDED.general_explanation, skill_category = EXCLUDED.skill_category, is_active = EXCLUDED.is_active, is_deleted = EXCLUDED.is_deleted, updated_at = NOW(), updated_by = 'system';
DELETE FROM questions_answers WHERE question_id = 811910007;
INSERT INTO questions_answers (question_id, sentence, sentence_translation, is_correct, "order") VALUES (811910007, 'Vocab meeting + ~はいかがでしょうか + 官', NULL, TRUE, 1);
INSERT INTO questions_answers (question_id, sentence, sentence_translation, is_correct, "order") VALUES (811910007, 'Khái niệm không liên quan A', 'Khái niệm không liên quan A', FALSE, 2);
INSERT INTO questions_answers (question_id, sentence, sentence_translation, is_correct, "order") VALUES (811910007, 'Khái niệm không liên quan B', 'Khái niệm không liên quan B', FALSE, 3);
INSERT INTO questions_answers (question_id, sentence, sentence_translation, is_correct, "order") VALUES (811910007, 'Khái niệm không liên quan C', 'Khái niệm không liên quan C', FALSE, 4);
INSERT INTO questions (id, user_id, is_system, is_khoa_cu, question_type, content_type, level, selection_type, question, passage, passage_translation, general_explanation, skill_category, base_difficulty, tenant_id, is_active, is_deleted, created_at, created_by) VALUES (811910008, NULL, TRUE, FALSE, 'chon_dap_an', 'jisshusei_baitap_t09_shihin_kaihatsu', 'N5', 'single', '「塩辛い」 trong ngữ cảnh chương 9 có nghĩa liên quan đến gì?

「塩辛い」 trong chương 9 liên quan đến:', NULL, NULL, '「塩辛い」 thuộc chủ đề: Vocab meeting + ~はいかがでしょうか + 官能評価 + shihin sekkei.', 'grammar', 1, 'system', TRUE, FALSE, NOW(), 'system') ON CONFLICT (id) DO UPDATE SET question_type = EXCLUDED.question_type, content_type = EXCLUDED.content_type, level = EXCLUDED.level, question = EXCLUDED.question, passage = EXCLUDED.passage, passage_translation = EXCLUDED.passage_translation, general_explanation = EXCLUDED.general_explanation, skill_category = EXCLUDED.skill_category, is_active = EXCLUDED.is_active, is_deleted = EXCLUDED.is_deleted, updated_at = NOW(), updated_by = 'system';
DELETE FROM questions_answers WHERE question_id = 811910008;
INSERT INTO questions_answers (question_id, sentence, sentence_translation, is_correct, "order") VALUES (811910008, 'Vocab meeting + ~はいかがでしょうか + 官', NULL, TRUE, 1);
INSERT INTO questions_answers (question_id, sentence, sentence_translation, is_correct, "order") VALUES (811910008, 'Khái niệm không liên quan A', 'Khái niệm không liên quan A', FALSE, 2);
INSERT INTO questions_answers (question_id, sentence, sentence_translation, is_correct, "order") VALUES (811910008, 'Khái niệm không liên quan B', 'Khái niệm không liên quan B', FALSE, 3);
INSERT INTO questions_answers (question_id, sentence, sentence_translation, is_correct, "order") VALUES (811910008, 'Khái niệm không liên quan C', 'Khái niệm không liên quan C', FALSE, 4);
INSERT INTO questions (id, user_id, is_system, is_khoa_cu, question_type, content_type, level, selection_type, question, passage, passage_translation, general_explanation, skill_category, base_difficulty, tenant_id, is_active, is_deleted, created_at, created_by) VALUES (811910009, NULL, TRUE, FALSE, 'chon_dap_an', 'jisshusei_baitap_t09_shihin_kaihatsu', 'N5', 'single', '「うま味」 trong ngữ cảnh chương 9 có nghĩa liên quan đến gì?

「うま味」 trong chương 9 liên quan đến:', NULL, NULL, '「うま味」 thuộc chủ đề: Vocab meeting + ~はいかがでしょうか + 官能評価 + shihin sekkei.', 'grammar', 1, 'system', TRUE, FALSE, NOW(), 'system') ON CONFLICT (id) DO UPDATE SET question_type = EXCLUDED.question_type, content_type = EXCLUDED.content_type, level = EXCLUDED.level, question = EXCLUDED.question, passage = EXCLUDED.passage, passage_translation = EXCLUDED.passage_translation, general_explanation = EXCLUDED.general_explanation, skill_category = EXCLUDED.skill_category, is_active = EXCLUDED.is_active, is_deleted = EXCLUDED.is_deleted, updated_at = NOW(), updated_by = 'system';
DELETE FROM questions_answers WHERE question_id = 811910009;
INSERT INTO questions_answers (question_id, sentence, sentence_translation, is_correct, "order") VALUES (811910009, 'Vocab meeting + ~はいかがでしょうか + 官', NULL, TRUE, 1);
INSERT INTO questions_answers (question_id, sentence, sentence_translation, is_correct, "order") VALUES (811910009, 'Khái niệm không liên quan A', 'Khái niệm không liên quan A', FALSE, 2);
INSERT INTO questions_answers (question_id, sentence, sentence_translation, is_correct, "order") VALUES (811910009, 'Khái niệm không liên quan B', 'Khái niệm không liên quan B', FALSE, 3);
INSERT INTO questions_answers (question_id, sentence, sentence_translation, is_correct, "order") VALUES (811910009, 'Khái niệm không liên quan C', 'Khái niệm không liên quan C', FALSE, 4);
INSERT INTO questions (id, user_id, is_system, is_khoa_cu, question_type, content_type, level, selection_type, question, passage, passage_translation, general_explanation, skill_category, base_difficulty, tenant_id, is_active, is_deleted, created_at, created_by) VALUES (811910010, NULL, TRUE, FALSE, 'chon_dap_an', 'jisshusei_baitap_t09_shihin_kaihatsu', 'N5', 'single', '「もちもち」 trong ngữ cảnh chương 9 có nghĩa liên quan đến gì?

「もちもち」 trong chương 9 liên quan đến:', NULL, NULL, '「もちもち」 thuộc chủ đề: Vocab meeting + ~はいかがでしょうか + 官能評価 + shihin sekkei.', 'grammar', 1, 'system', TRUE, FALSE, NOW(), 'system') ON CONFLICT (id) DO UPDATE SET question_type = EXCLUDED.question_type, content_type = EXCLUDED.content_type, level = EXCLUDED.level, question = EXCLUDED.question, passage = EXCLUDED.passage, passage_translation = EXCLUDED.passage_translation, general_explanation = EXCLUDED.general_explanation, skill_category = EXCLUDED.skill_category, is_active = EXCLUDED.is_active, is_deleted = EXCLUDED.is_deleted, updated_at = NOW(), updated_by = 'system';
DELETE FROM questions_answers WHERE question_id = 811910010;
INSERT INTO questions_answers (question_id, sentence, sentence_translation, is_correct, "order") VALUES (811910010, 'Vocab meeting + ~はいかがでしょうか + 官', NULL, TRUE, 1);
INSERT INTO questions_answers (question_id, sentence, sentence_translation, is_correct, "order") VALUES (811910010, 'Khái niệm không liên quan A', 'Khái niệm không liên quan A', FALSE, 2);
INSERT INTO questions_answers (question_id, sentence, sentence_translation, is_correct, "order") VALUES (811910010, 'Khái niệm không liên quan B', 'Khái niệm không liên quan B', FALSE, 3);
INSERT INTO questions_answers (question_id, sentence, sentence_translation, is_correct, "order") VALUES (811910010, 'Khái niệm không liên quan C', 'Khái niệm không liên quan C', FALSE, 4);
INSERT INTO questions (id, user_id, is_system, is_khoa_cu, question_type, content_type, level, selection_type, question, passage, passage_translation, general_explanation, skill_category, base_difficulty, tenant_id, is_active, is_deleted, created_at, created_by) VALUES (811910011, NULL, TRUE, FALSE, 'chon_dap_an', 'jisshusei_baitap_t09_shihin_kaihatsu', 'N5', 'single', 'Cụm「~はいかがでしょうか」 thường dùng khi nào trong chương 9?

「~はいかがでしょうか」 dùng khi nào?', NULL, NULL, '「~はいかがでしょうか」 được dạy trong chương 9 (Vocab meeting + ~はいかがでしょうか + 官能評価 + shihin sekkei).', 'grammar', 1, 'system', TRUE, FALSE, NOW(), 'system') ON CONFLICT (id) DO UPDATE SET question_type = EXCLUDED.question_type, content_type = EXCLUDED.content_type, level = EXCLUDED.level, question = EXCLUDED.question, passage = EXCLUDED.passage, passage_translation = EXCLUDED.passage_translation, general_explanation = EXCLUDED.general_explanation, skill_category = EXCLUDED.skill_category, is_active = EXCLUDED.is_active, is_deleted = EXCLUDED.is_deleted, updated_at = NOW(), updated_by = 'system';
DELETE FROM questions_answers WHERE question_id = 811910011;
INSERT INTO questions_answers (question_id, sentence, sentence_translation, is_correct, "order") VALUES (811910011, 'Trong tình huống chương 9: Vocab meeting + ~はいかがでしょうか + 官能評価 + shih', NULL, TRUE, 1);
INSERT INTO questions_answers (question_id, sentence, sentence_translation, is_correct, "order") VALUES (811910011, 'Khi ngủ', 'Khi ngủ', FALSE, 2);
INSERT INTO questions_answers (question_id, sentence, sentence_translation, is_correct, "order") VALUES (811910011, 'Khi ăn', 'Khi ăn', FALSE, 3);
INSERT INTO questions_answers (question_id, sentence, sentence_translation, is_correct, "order") VALUES (811910011, 'Không dùng', 'Không dùng', FALSE, 4);
INSERT INTO questions (id, user_id, is_system, is_khoa_cu, question_type, content_type, level, selection_type, question, passage, passage_translation, general_explanation, skill_category, base_difficulty, tenant_id, is_active, is_deleted, created_at, created_by) VALUES (811910012, NULL, TRUE, FALSE, 'chon_dap_an', 'jisshusei_baitap_t09_shihin_kaihatsu', 'N5', 'single', 'Cụm「~を提案させていただきます」 thường dùng khi nào trong chương 9?

「~を提案させていただきます」 dùng khi nào?', NULL, NULL, '「~を提案させていただきます」 được dạy trong chương 9 (Vocab meeting + ~はいかがでしょうか + 官能評価 + shihin sekkei).', 'grammar', 1, 'system', TRUE, FALSE, NOW(), 'system') ON CONFLICT (id) DO UPDATE SET question_type = EXCLUDED.question_type, content_type = EXCLUDED.content_type, level = EXCLUDED.level, question = EXCLUDED.question, passage = EXCLUDED.passage, passage_translation = EXCLUDED.passage_translation, general_explanation = EXCLUDED.general_explanation, skill_category = EXCLUDED.skill_category, is_active = EXCLUDED.is_active, is_deleted = EXCLUDED.is_deleted, updated_at = NOW(), updated_by = 'system';
DELETE FROM questions_answers WHERE question_id = 811910012;
INSERT INTO questions_answers (question_id, sentence, sentence_translation, is_correct, "order") VALUES (811910012, 'Trong tình huống chương 9: Vocab meeting + ~はいかがでしょうか + 官能評価 + shih', NULL, TRUE, 1);
INSERT INTO questions_answers (question_id, sentence, sentence_translation, is_correct, "order") VALUES (811910012, 'Khi ngủ', 'Khi ngủ', FALSE, 2);
INSERT INTO questions_answers (question_id, sentence, sentence_translation, is_correct, "order") VALUES (811910012, 'Khi ăn', 'Khi ăn', FALSE, 3);
INSERT INTO questions_answers (question_id, sentence, sentence_translation, is_correct, "order") VALUES (811910012, 'Không dùng', 'Không dùng', FALSE, 4);
INSERT INTO questions (id, user_id, is_system, is_khoa_cu, question_type, content_type, level, selection_type, question, passage, passage_translation, general_explanation, skill_category, base_difficulty, tenant_id, is_active, is_deleted, created_at, created_by) VALUES (811910013, NULL, TRUE, FALSE, 'chon_dap_an', 'jisshusei_baitap_t09_shihin_kaihatsu', 'N5', 'single', 'Cụm「個人的には~と思います」 thường dùng khi nào trong chương 9?

「個人的には~と思います」 dùng khi nào?', NULL, NULL, '「個人的には~と思います」 được dạy trong chương 9 (Vocab meeting + ~はいかがでしょうか + 官能評価 + shihin sekkei).', 'grammar', 1, 'system', TRUE, FALSE, NOW(), 'system') ON CONFLICT (id) DO UPDATE SET question_type = EXCLUDED.question_type, content_type = EXCLUDED.content_type, level = EXCLUDED.level, question = EXCLUDED.question, passage = EXCLUDED.passage, passage_translation = EXCLUDED.passage_translation, general_explanation = EXCLUDED.general_explanation, skill_category = EXCLUDED.skill_category, is_active = EXCLUDED.is_active, is_deleted = EXCLUDED.is_deleted, updated_at = NOW(), updated_by = 'system';
DELETE FROM questions_answers WHERE question_id = 811910013;
INSERT INTO questions_answers (question_id, sentence, sentence_translation, is_correct, "order") VALUES (811910013, 'Trong tình huống chương 9: Vocab meeting + ~はいかがでしょうか + 官能評価 + shih', NULL, TRUE, 1);
INSERT INTO questions_answers (question_id, sentence, sentence_translation, is_correct, "order") VALUES (811910013, 'Khi ngủ', 'Khi ngủ', FALSE, 2);
INSERT INTO questions_answers (question_id, sentence, sentence_translation, is_correct, "order") VALUES (811910013, 'Khi ăn', 'Khi ăn', FALSE, 3);
INSERT INTO questions_answers (question_id, sentence, sentence_translation, is_correct, "order") VALUES (811910013, 'Không dùng', 'Không dùng', FALSE, 4);
INSERT INTO questions (id, user_id, is_system, is_khoa_cu, question_type, content_type, level, selection_type, question, passage, passage_translation, general_explanation, skill_category, base_difficulty, tenant_id, is_active, is_deleted, created_at, created_by) VALUES (811910014, NULL, TRUE, FALSE, 'chon_dap_an', 'jisshusei_baitap_t09_shihin_kaihatsu', 'N5', 'single', 'Cụm「~はいかがでしょうか」 thường dùng khi nào trong chương 9?

「~はいかがでしょうか」 dùng khi nào?', NULL, NULL, '「~はいかがでしょうか」 được dạy trong chương 9 (Vocab meeting + ~はいかがでしょうか + 官能評価 + shihin sekkei).', 'grammar', 1, 'system', TRUE, FALSE, NOW(), 'system') ON CONFLICT (id) DO UPDATE SET question_type = EXCLUDED.question_type, content_type = EXCLUDED.content_type, level = EXCLUDED.level, question = EXCLUDED.question, passage = EXCLUDED.passage, passage_translation = EXCLUDED.passage_translation, general_explanation = EXCLUDED.general_explanation, skill_category = EXCLUDED.skill_category, is_active = EXCLUDED.is_active, is_deleted = EXCLUDED.is_deleted, updated_at = NOW(), updated_by = 'system';
DELETE FROM questions_answers WHERE question_id = 811910014;
INSERT INTO questions_answers (question_id, sentence, sentence_translation, is_correct, "order") VALUES (811910014, 'Trong tình huống chương 9: Vocab meeting + ~はいかがでしょうか + 官能評価 + shih', NULL, TRUE, 1);
INSERT INTO questions_answers (question_id, sentence, sentence_translation, is_correct, "order") VALUES (811910014, 'Khi ngủ', 'Khi ngủ', FALSE, 2);
INSERT INTO questions_answers (question_id, sentence, sentence_translation, is_correct, "order") VALUES (811910014, 'Khi ăn', 'Khi ăn', FALSE, 3);
INSERT INTO questions_answers (question_id, sentence, sentence_translation, is_correct, "order") VALUES (811910014, 'Không dùng', 'Không dùng', FALSE, 4);
INSERT INTO questions (id, user_id, is_system, is_khoa_cu, question_type, content_type, level, selection_type, question, passage, passage_translation, general_explanation, skill_category, base_difficulty, tenant_id, is_active, is_deleted, created_at, created_by) VALUES (811910015, NULL, TRUE, FALSE, 'chon_dap_an', 'jisshusei_baitap_t09_shihin_kaihatsu', 'N5', 'single', 'Cụm「~を提案させていただきます」 thường dùng khi nào trong chương 9?

「~を提案させていただきます」 dùng khi nào?', NULL, NULL, '「~を提案させていただきます」 được dạy trong chương 9 (Vocab meeting + ~はいかがでしょうか + 官能評価 + shihin sekkei).', 'grammar', 1, 'system', TRUE, FALSE, NOW(), 'system') ON CONFLICT (id) DO UPDATE SET question_type = EXCLUDED.question_type, content_type = EXCLUDED.content_type, level = EXCLUDED.level, question = EXCLUDED.question, passage = EXCLUDED.passage, passage_translation = EXCLUDED.passage_translation, general_explanation = EXCLUDED.general_explanation, skill_category = EXCLUDED.skill_category, is_active = EXCLUDED.is_active, is_deleted = EXCLUDED.is_deleted, updated_at = NOW(), updated_by = 'system';
DELETE FROM questions_answers WHERE question_id = 811910015;
INSERT INTO questions_answers (question_id, sentence, sentence_translation, is_correct, "order") VALUES (811910015, 'Trong tình huống chương 9: Vocab meeting + ~はいかがでしょうか + 官能評価 + shih', NULL, TRUE, 1);
INSERT INTO questions_answers (question_id, sentence, sentence_translation, is_correct, "order") VALUES (811910015, 'Khi ngủ', 'Khi ngủ', FALSE, 2);
INSERT INTO questions_answers (question_id, sentence, sentence_translation, is_correct, "order") VALUES (811910015, 'Khi ăn', 'Khi ăn', FALSE, 3);
INSERT INTO questions_answers (question_id, sentence, sentence_translation, is_correct, "order") VALUES (811910015, 'Không dùng', 'Không dùng', FALSE, 4);
INSERT INTO questions (id, user_id, is_system, is_khoa_cu, question_type, content_type, level, selection_type, question, passage, passage_translation, general_explanation, skill_category, base_difficulty, tenant_id, is_active, is_deleted, created_at, created_by) VALUES (811910016, NULL, TRUE, FALSE, 'chon_dap_an', 'jisshusei_baitap_t09_shihin_kaihatsu', 'N5', 'single', 'Cụm「個人的には~と思います」 thường dùng khi nào trong chương 9?

「個人的には~と思います」 dùng khi nào?', NULL, NULL, '「個人的には~と思います」 được dạy trong chương 9 (Vocab meeting + ~はいかがでしょうか + 官能評価 + shihin sekkei).', 'grammar', 1, 'system', TRUE, FALSE, NOW(), 'system') ON CONFLICT (id) DO UPDATE SET question_type = EXCLUDED.question_type, content_type = EXCLUDED.content_type, level = EXCLUDED.level, question = EXCLUDED.question, passage = EXCLUDED.passage, passage_translation = EXCLUDED.passage_translation, general_explanation = EXCLUDED.general_explanation, skill_category = EXCLUDED.skill_category, is_active = EXCLUDED.is_active, is_deleted = EXCLUDED.is_deleted, updated_at = NOW(), updated_by = 'system';
DELETE FROM questions_answers WHERE question_id = 811910016;
INSERT INTO questions_answers (question_id, sentence, sentence_translation, is_correct, "order") VALUES (811910016, 'Trong tình huống chương 9: Vocab meeting + ~はいかがでしょうか + 官能評価 + shih', NULL, TRUE, 1);
INSERT INTO questions_answers (question_id, sentence, sentence_translation, is_correct, "order") VALUES (811910016, 'Khi ngủ', 'Khi ngủ', FALSE, 2);
INSERT INTO questions_answers (question_id, sentence, sentence_translation, is_correct, "order") VALUES (811910016, 'Khi ăn', 'Khi ăn', FALSE, 3);
INSERT INTO questions_answers (question_id, sentence, sentence_translation, is_correct, "order") VALUES (811910016, 'Không dùng', 'Không dùng', FALSE, 4);
INSERT INTO questions (id, user_id, is_system, is_khoa_cu, question_type, content_type, level, selection_type, question, passage, passage_translation, general_explanation, skill_category, base_difficulty, tenant_id, is_active, is_deleted, created_at, created_by) VALUES (811910017, NULL, TRUE, FALSE, 'chon_dap_an', 'jisshusei_baitap_t09_shihin_kaihatsu', 'N5', 'single', 'Cụm「~はいかがでしょうか」 thường dùng khi nào trong chương 9?

「~はいかがでしょうか」 dùng khi nào?', NULL, NULL, '「~はいかがでしょうか」 được dạy trong chương 9 (Vocab meeting + ~はいかがでしょうか + 官能評価 + shihin sekkei).', 'grammar', 1, 'system', TRUE, FALSE, NOW(), 'system') ON CONFLICT (id) DO UPDATE SET question_type = EXCLUDED.question_type, content_type = EXCLUDED.content_type, level = EXCLUDED.level, question = EXCLUDED.question, passage = EXCLUDED.passage, passage_translation = EXCLUDED.passage_translation, general_explanation = EXCLUDED.general_explanation, skill_category = EXCLUDED.skill_category, is_active = EXCLUDED.is_active, is_deleted = EXCLUDED.is_deleted, updated_at = NOW(), updated_by = 'system';
DELETE FROM questions_answers WHERE question_id = 811910017;
INSERT INTO questions_answers (question_id, sentence, sentence_translation, is_correct, "order") VALUES (811910017, 'Trong tình huống chương 9: Vocab meeting + ~はいかがでしょうか + 官能評価 + shih', NULL, TRUE, 1);
INSERT INTO questions_answers (question_id, sentence, sentence_translation, is_correct, "order") VALUES (811910017, 'Khi ngủ', 'Khi ngủ', FALSE, 2);
INSERT INTO questions_answers (question_id, sentence, sentence_translation, is_correct, "order") VALUES (811910017, 'Khi ăn', 'Khi ăn', FALSE, 3);
INSERT INTO questions_answers (question_id, sentence, sentence_translation, is_correct, "order") VALUES (811910017, 'Không dùng', 'Không dùng', FALSE, 4);
INSERT INTO questions (id, user_id, is_system, is_khoa_cu, question_type, content_type, level, selection_type, question, passage, passage_translation, general_explanation, skill_category, base_difficulty, tenant_id, is_active, is_deleted, created_at, created_by) VALUES (811910018, NULL, TRUE, FALSE, 'chon_dap_an', 'jisshusei_baitap_t09_shihin_kaihatsu', 'N5', 'single', 'Cụm「~を提案させていただきます」 thường dùng khi nào trong chương 9?

「~を提案させていただきます」 dùng khi nào?', NULL, NULL, '「~を提案させていただきます」 được dạy trong chương 9 (Vocab meeting + ~はいかがでしょうか + 官能評価 + shihin sekkei).', 'grammar', 1, 'system', TRUE, FALSE, NOW(), 'system') ON CONFLICT (id) DO UPDATE SET question_type = EXCLUDED.question_type, content_type = EXCLUDED.content_type, level = EXCLUDED.level, question = EXCLUDED.question, passage = EXCLUDED.passage, passage_translation = EXCLUDED.passage_translation, general_explanation = EXCLUDED.general_explanation, skill_category = EXCLUDED.skill_category, is_active = EXCLUDED.is_active, is_deleted = EXCLUDED.is_deleted, updated_at = NOW(), updated_by = 'system';
DELETE FROM questions_answers WHERE question_id = 811910018;
INSERT INTO questions_answers (question_id, sentence, sentence_translation, is_correct, "order") VALUES (811910018, 'Trong tình huống chương 9: Vocab meeting + ~はいかがでしょうか + 官能評価 + shih', NULL, TRUE, 1);
INSERT INTO questions_answers (question_id, sentence, sentence_translation, is_correct, "order") VALUES (811910018, 'Khi ngủ', 'Khi ngủ', FALSE, 2);
INSERT INTO questions_answers (question_id, sentence, sentence_translation, is_correct, "order") VALUES (811910018, 'Khi ăn', 'Khi ăn', FALSE, 3);
INSERT INTO questions_answers (question_id, sentence, sentence_translation, is_correct, "order") VALUES (811910018, 'Không dùng', 'Không dùng', FALSE, 4);
INSERT INTO questions (id, user_id, is_system, is_khoa_cu, question_type, content_type, level, selection_type, question, passage, passage_translation, general_explanation, skill_category, base_difficulty, tenant_id, is_active, is_deleted, created_at, created_by) VALUES (811910019, NULL, TRUE, FALSE, 'chon_dap_an', 'jisshusei_baitap_t09_shihin_kaihatsu', 'N5', 'single', 'Cụm「個人的には~と思います」 thường dùng khi nào trong chương 9?

「個人的には~と思います」 dùng khi nào?', NULL, NULL, '「個人的には~と思います」 được dạy trong chương 9 (Vocab meeting + ~はいかがでしょうか + 官能評価 + shihin sekkei).', 'grammar', 1, 'system', TRUE, FALSE, NOW(), 'system') ON CONFLICT (id) DO UPDATE SET question_type = EXCLUDED.question_type, content_type = EXCLUDED.content_type, level = EXCLUDED.level, question = EXCLUDED.question, passage = EXCLUDED.passage, passage_translation = EXCLUDED.passage_translation, general_explanation = EXCLUDED.general_explanation, skill_category = EXCLUDED.skill_category, is_active = EXCLUDED.is_active, is_deleted = EXCLUDED.is_deleted, updated_at = NOW(), updated_by = 'system';
DELETE FROM questions_answers WHERE question_id = 811910019;
INSERT INTO questions_answers (question_id, sentence, sentence_translation, is_correct, "order") VALUES (811910019, 'Trong tình huống chương 9: Vocab meeting + ~はいかがでしょうか + 官能評価 + shih', NULL, TRUE, 1);
INSERT INTO questions_answers (question_id, sentence, sentence_translation, is_correct, "order") VALUES (811910019, 'Khi ngủ', 'Khi ngủ', FALSE, 2);
INSERT INTO questions_answers (question_id, sentence, sentence_translation, is_correct, "order") VALUES (811910019, 'Khi ăn', 'Khi ăn', FALSE, 3);
INSERT INTO questions_answers (question_id, sentence, sentence_translation, is_correct, "order") VALUES (811910019, 'Không dùng', 'Không dùng', FALSE, 4);
INSERT INTO questions (id, user_id, is_system, is_khoa_cu, question_type, content_type, level, selection_type, question, passage, passage_translation, general_explanation, skill_category, base_difficulty, tenant_id, is_active, is_deleted, created_at, created_by) VALUES (811910020, NULL, TRUE, FALSE, 'chon_dap_an', 'jisshusei_baitap_t09_shihin_kaihatsu', 'N5', 'single', 'Cụm「~はいかがでしょうか」 thường dùng khi nào trong chương 9?

「~はいかがでしょうか」 dùng khi nào?', NULL, NULL, '「~はいかがでしょうか」 được dạy trong chương 9 (Vocab meeting + ~はいかがでしょうか + 官能評価 + shihin sekkei).', 'grammar', 1, 'system', TRUE, FALSE, NOW(), 'system') ON CONFLICT (id) DO UPDATE SET question_type = EXCLUDED.question_type, content_type = EXCLUDED.content_type, level = EXCLUDED.level, question = EXCLUDED.question, passage = EXCLUDED.passage, passage_translation = EXCLUDED.passage_translation, general_explanation = EXCLUDED.general_explanation, skill_category = EXCLUDED.skill_category, is_active = EXCLUDED.is_active, is_deleted = EXCLUDED.is_deleted, updated_at = NOW(), updated_by = 'system';
DELETE FROM questions_answers WHERE question_id = 811910020;
INSERT INTO questions_answers (question_id, sentence, sentence_translation, is_correct, "order") VALUES (811910020, 'Trong tình huống chương 9: Vocab meeting + ~はいかがでしょうか + 官能評価 + shih', NULL, TRUE, 1);
INSERT INTO questions_answers (question_id, sentence, sentence_translation, is_correct, "order") VALUES (811910020, 'Khi ngủ', 'Khi ngủ', FALSE, 2);
INSERT INTO questions_answers (question_id, sentence, sentence_translation, is_correct, "order") VALUES (811910020, 'Khi ăn', 'Khi ăn', FALSE, 3);
INSERT INTO questions_answers (question_id, sentence, sentence_translation, is_correct, "order") VALUES (811910020, 'Không dùng', 'Không dùng', FALSE, 4);
INSERT INTO questions (id, user_id, is_system, is_khoa_cu, question_type, content_type, level, selection_type, question, passage, passage_translation, general_explanation, skill_category, base_difficulty, tenant_id, is_active, is_deleted, created_at, created_by) VALUES (811910021, NULL, TRUE, FALSE, 'chon_dap_an', 'jisshusei_baitap_t09_shihin_kaihatsu', 'N4', 'single', 'Tình huống 1 trong chương 9: phản ứng đúng là?

Phản ứng đúng cho tình huống 1:', NULL, NULL, 'Áp dụng nguyên tắc của chương: Vocab meeting + ~はいかがでしょうか + 官能評価 + shihin sekkei.', 'grammar', 1, 'system', TRUE, FALSE, NOW(), 'system') ON CONFLICT (id) DO UPDATE SET question_type = EXCLUDED.question_type, content_type = EXCLUDED.content_type, level = EXCLUDED.level, question = EXCLUDED.question, passage = EXCLUDED.passage, passage_translation = EXCLUDED.passage_translation, general_explanation = EXCLUDED.general_explanation, skill_category = EXCLUDED.skill_category, is_active = EXCLUDED.is_active, is_deleted = EXCLUDED.is_deleted, updated_at = NOW(), updated_by = 'system';
DELETE FROM questions_answers WHERE question_id = 811910021;
INSERT INTO questions_answers (question_id, sentence, sentence_translation, is_correct, "order") VALUES (811910021, 'Theo nguyên tắc đã học trong chương', 'Theo nguyên tắc đã học trong chương', TRUE, 1);
INSERT INTO questions_answers (question_id, sentence, sentence_translation, is_correct, "order") VALUES (811910021, 'Tự ý làm theo ý mình', 'Tự ý làm theo ý mình', FALSE, 2);
INSERT INTO questions_answers (question_id, sentence, sentence_translation, is_correct, "order") VALUES (811910021, 'Im lặng không làm gì', 'Im lặng không làm gì', FALSE, 3);
INSERT INTO questions_answers (question_id, sentence, sentence_translation, is_correct, "order") VALUES (811910021, 'Nhờ người khác làm hộ', 'Nhờ người khác làm hộ', FALSE, 4);
INSERT INTO questions (id, user_id, is_system, is_khoa_cu, question_type, content_type, level, selection_type, question, passage, passage_translation, general_explanation, skill_category, base_difficulty, tenant_id, is_active, is_deleted, created_at, created_by) VALUES (811910022, NULL, TRUE, FALSE, 'chon_dap_an', 'jisshusei_baitap_t09_shihin_kaihatsu', 'N4', 'single', 'Tình huống 2 trong chương 9: phản ứng đúng là?

Phản ứng đúng cho tình huống 2:', NULL, NULL, 'Áp dụng nguyên tắc của chương: Vocab meeting + ~はいかがでしょうか + 官能評価 + shihin sekkei.', 'grammar', 1, 'system', TRUE, FALSE, NOW(), 'system') ON CONFLICT (id) DO UPDATE SET question_type = EXCLUDED.question_type, content_type = EXCLUDED.content_type, level = EXCLUDED.level, question = EXCLUDED.question, passage = EXCLUDED.passage, passage_translation = EXCLUDED.passage_translation, general_explanation = EXCLUDED.general_explanation, skill_category = EXCLUDED.skill_category, is_active = EXCLUDED.is_active, is_deleted = EXCLUDED.is_deleted, updated_at = NOW(), updated_by = 'system';
DELETE FROM questions_answers WHERE question_id = 811910022;
INSERT INTO questions_answers (question_id, sentence, sentence_translation, is_correct, "order") VALUES (811910022, 'Theo nguyên tắc đã học trong chương', 'Theo nguyên tắc đã học trong chương', TRUE, 1);
INSERT INTO questions_answers (question_id, sentence, sentence_translation, is_correct, "order") VALUES (811910022, 'Tự ý làm theo ý mình', 'Tự ý làm theo ý mình', FALSE, 2);
INSERT INTO questions_answers (question_id, sentence, sentence_translation, is_correct, "order") VALUES (811910022, 'Im lặng không làm gì', 'Im lặng không làm gì', FALSE, 3);
INSERT INTO questions_answers (question_id, sentence, sentence_translation, is_correct, "order") VALUES (811910022, 'Nhờ người khác làm hộ', 'Nhờ người khác làm hộ', FALSE, 4);
INSERT INTO questions (id, user_id, is_system, is_khoa_cu, question_type, content_type, level, selection_type, question, passage, passage_translation, general_explanation, skill_category, base_difficulty, tenant_id, is_active, is_deleted, created_at, created_by) VALUES (811910023, NULL, TRUE, FALSE, 'chon_dap_an', 'jisshusei_baitap_t09_shihin_kaihatsu', 'N4', 'single', 'Tình huống 3 trong chương 9: phản ứng đúng là?

Phản ứng đúng cho tình huống 3:', NULL, NULL, 'Áp dụng nguyên tắc của chương: Vocab meeting + ~はいかがでしょうか + 官能評価 + shihin sekkei.', 'grammar', 1, 'system', TRUE, FALSE, NOW(), 'system') ON CONFLICT (id) DO UPDATE SET question_type = EXCLUDED.question_type, content_type = EXCLUDED.content_type, level = EXCLUDED.level, question = EXCLUDED.question, passage = EXCLUDED.passage, passage_translation = EXCLUDED.passage_translation, general_explanation = EXCLUDED.general_explanation, skill_category = EXCLUDED.skill_category, is_active = EXCLUDED.is_active, is_deleted = EXCLUDED.is_deleted, updated_at = NOW(), updated_by = 'system';
DELETE FROM questions_answers WHERE question_id = 811910023;
INSERT INTO questions_answers (question_id, sentence, sentence_translation, is_correct, "order") VALUES (811910023, 'Theo nguyên tắc đã học trong chương', 'Theo nguyên tắc đã học trong chương', TRUE, 1);
INSERT INTO questions_answers (question_id, sentence, sentence_translation, is_correct, "order") VALUES (811910023, 'Tự ý làm theo ý mình', 'Tự ý làm theo ý mình', FALSE, 2);
INSERT INTO questions_answers (question_id, sentence, sentence_translation, is_correct, "order") VALUES (811910023, 'Im lặng không làm gì', 'Im lặng không làm gì', FALSE, 3);
INSERT INTO questions_answers (question_id, sentence, sentence_translation, is_correct, "order") VALUES (811910023, 'Nhờ người khác làm hộ', 'Nhờ người khác làm hộ', FALSE, 4);
INSERT INTO questions (id, user_id, is_system, is_khoa_cu, question_type, content_type, level, selection_type, question, passage, passage_translation, general_explanation, skill_category, base_difficulty, tenant_id, is_active, is_deleted, created_at, created_by) VALUES (811910024, NULL, TRUE, FALSE, 'chon_dap_an', 'jisshusei_baitap_t09_shihin_kaihatsu', 'N4', 'single', 'Tình huống 4 trong chương 9: phản ứng đúng là?

Phản ứng đúng cho tình huống 4:', NULL, NULL, 'Áp dụng nguyên tắc của chương: Vocab meeting + ~はいかがでしょうか + 官能評価 + shihin sekkei.', 'grammar', 1, 'system', TRUE, FALSE, NOW(), 'system') ON CONFLICT (id) DO UPDATE SET question_type = EXCLUDED.question_type, content_type = EXCLUDED.content_type, level = EXCLUDED.level, question = EXCLUDED.question, passage = EXCLUDED.passage, passage_translation = EXCLUDED.passage_translation, general_explanation = EXCLUDED.general_explanation, skill_category = EXCLUDED.skill_category, is_active = EXCLUDED.is_active, is_deleted = EXCLUDED.is_deleted, updated_at = NOW(), updated_by = 'system';
DELETE FROM questions_answers WHERE question_id = 811910024;
INSERT INTO questions_answers (question_id, sentence, sentence_translation, is_correct, "order") VALUES (811910024, 'Theo nguyên tắc đã học trong chương', 'Theo nguyên tắc đã học trong chương', TRUE, 1);
INSERT INTO questions_answers (question_id, sentence, sentence_translation, is_correct, "order") VALUES (811910024, 'Tự ý làm theo ý mình', 'Tự ý làm theo ý mình', FALSE, 2);
INSERT INTO questions_answers (question_id, sentence, sentence_translation, is_correct, "order") VALUES (811910024, 'Im lặng không làm gì', 'Im lặng không làm gì', FALSE, 3);
INSERT INTO questions_answers (question_id, sentence, sentence_translation, is_correct, "order") VALUES (811910024, 'Nhờ người khác làm hộ', 'Nhờ người khác làm hộ', FALSE, 4);
INSERT INTO questions (id, user_id, is_system, is_khoa_cu, question_type, content_type, level, selection_type, question, passage, passage_translation, general_explanation, skill_category, base_difficulty, tenant_id, is_active, is_deleted, created_at, created_by) VALUES (811910025, NULL, TRUE, FALSE, 'chon_dap_an', 'jisshusei_baitap_t09_shihin_kaihatsu', 'N4', 'single', 'Tình huống 5 trong chương 9: phản ứng đúng là?

Phản ứng đúng cho tình huống 5:', NULL, NULL, 'Áp dụng nguyên tắc của chương: Vocab meeting + ~はいかがでしょうか + 官能評価 + shihin sekkei.', 'grammar', 1, 'system', TRUE, FALSE, NOW(), 'system') ON CONFLICT (id) DO UPDATE SET question_type = EXCLUDED.question_type, content_type = EXCLUDED.content_type, level = EXCLUDED.level, question = EXCLUDED.question, passage = EXCLUDED.passage, passage_translation = EXCLUDED.passage_translation, general_explanation = EXCLUDED.general_explanation, skill_category = EXCLUDED.skill_category, is_active = EXCLUDED.is_active, is_deleted = EXCLUDED.is_deleted, updated_at = NOW(), updated_by = 'system';
DELETE FROM questions_answers WHERE question_id = 811910025;
INSERT INTO questions_answers (question_id, sentence, sentence_translation, is_correct, "order") VALUES (811910025, 'Theo nguyên tắc đã học trong chương', 'Theo nguyên tắc đã học trong chương', TRUE, 1);
INSERT INTO questions_answers (question_id, sentence, sentence_translation, is_correct, "order") VALUES (811910025, 'Tự ý làm theo ý mình', 'Tự ý làm theo ý mình', FALSE, 2);
INSERT INTO questions_answers (question_id, sentence, sentence_translation, is_correct, "order") VALUES (811910025, 'Im lặng không làm gì', 'Im lặng không làm gì', FALSE, 3);
INSERT INTO questions_answers (question_id, sentence, sentence_translation, is_correct, "order") VALUES (811910025, 'Nhờ người khác làm hộ', 'Nhờ người khác làm hộ', FALSE, 4);
INSERT INTO questions (id, user_id, is_system, is_khoa_cu, question_type, content_type, level, selection_type, question, passage, passage_translation, general_explanation, skill_category, base_difficulty, tenant_id, is_active, is_deleted, created_at, created_by) VALUES (811910026, NULL, TRUE, FALSE, 'chon_dap_an', 'jisshusei_baitap_t09_shihin_kaihatsu', 'N4', 'single', 'Tình huống 6 trong chương 9: phản ứng đúng là?

Phản ứng đúng cho tình huống 6:', NULL, NULL, 'Áp dụng nguyên tắc của chương: Vocab meeting + ~はいかがでしょうか + 官能評価 + shihin sekkei.', 'grammar', 1, 'system', TRUE, FALSE, NOW(), 'system') ON CONFLICT (id) DO UPDATE SET question_type = EXCLUDED.question_type, content_type = EXCLUDED.content_type, level = EXCLUDED.level, question = EXCLUDED.question, passage = EXCLUDED.passage, passage_translation = EXCLUDED.passage_translation, general_explanation = EXCLUDED.general_explanation, skill_category = EXCLUDED.skill_category, is_active = EXCLUDED.is_active, is_deleted = EXCLUDED.is_deleted, updated_at = NOW(), updated_by = 'system';
DELETE FROM questions_answers WHERE question_id = 811910026;
INSERT INTO questions_answers (question_id, sentence, sentence_translation, is_correct, "order") VALUES (811910026, 'Theo nguyên tắc đã học trong chương', 'Theo nguyên tắc đã học trong chương', TRUE, 1);
INSERT INTO questions_answers (question_id, sentence, sentence_translation, is_correct, "order") VALUES (811910026, 'Tự ý làm theo ý mình', 'Tự ý làm theo ý mình', FALSE, 2);
INSERT INTO questions_answers (question_id, sentence, sentence_translation, is_correct, "order") VALUES (811910026, 'Im lặng không làm gì', 'Im lặng không làm gì', FALSE, 3);
INSERT INTO questions_answers (question_id, sentence, sentence_translation, is_correct, "order") VALUES (811910026, 'Nhờ người khác làm hộ', 'Nhờ người khác làm hộ', FALSE, 4);
INSERT INTO questions (id, user_id, is_system, is_khoa_cu, question_type, content_type, level, selection_type, question, passage, passage_translation, general_explanation, skill_category, base_difficulty, tenant_id, is_active, is_deleted, created_at, created_by) VALUES (811910027, NULL, TRUE, FALSE, 'chon_dap_an', 'jisshusei_baitap_t09_shihin_kaihatsu', 'N4', 'single', 'Tình huống 7 trong chương 9: phản ứng đúng là?

Phản ứng đúng cho tình huống 7:', NULL, NULL, 'Áp dụng nguyên tắc của chương: Vocab meeting + ~はいかがでしょうか + 官能評価 + shihin sekkei.', 'grammar', 1, 'system', TRUE, FALSE, NOW(), 'system') ON CONFLICT (id) DO UPDATE SET question_type = EXCLUDED.question_type, content_type = EXCLUDED.content_type, level = EXCLUDED.level, question = EXCLUDED.question, passage = EXCLUDED.passage, passage_translation = EXCLUDED.passage_translation, general_explanation = EXCLUDED.general_explanation, skill_category = EXCLUDED.skill_category, is_active = EXCLUDED.is_active, is_deleted = EXCLUDED.is_deleted, updated_at = NOW(), updated_by = 'system';
DELETE FROM questions_answers WHERE question_id = 811910027;
INSERT INTO questions_answers (question_id, sentence, sentence_translation, is_correct, "order") VALUES (811910027, 'Theo nguyên tắc đã học trong chương', 'Theo nguyên tắc đã học trong chương', TRUE, 1);
INSERT INTO questions_answers (question_id, sentence, sentence_translation, is_correct, "order") VALUES (811910027, 'Tự ý làm theo ý mình', 'Tự ý làm theo ý mình', FALSE, 2);
INSERT INTO questions_answers (question_id, sentence, sentence_translation, is_correct, "order") VALUES (811910027, 'Im lặng không làm gì', 'Im lặng không làm gì', FALSE, 3);
INSERT INTO questions_answers (question_id, sentence, sentence_translation, is_correct, "order") VALUES (811910027, 'Nhờ người khác làm hộ', 'Nhờ người khác làm hộ', FALSE, 4);
INSERT INTO questions (id, user_id, is_system, is_khoa_cu, question_type, content_type, level, selection_type, question, passage, passage_translation, general_explanation, skill_category, base_difficulty, tenant_id, is_active, is_deleted, created_at, created_by) VALUES (811910028, NULL, TRUE, FALSE, 'chon_dap_an', 'jisshusei_baitap_t09_shihin_kaihatsu', 'N4', 'single', 'Tình huống 8 trong chương 9: phản ứng đúng là?

Phản ứng đúng cho tình huống 8:', NULL, NULL, 'Áp dụng nguyên tắc của chương: Vocab meeting + ~はいかがでしょうか + 官能評価 + shihin sekkei.', 'grammar', 1, 'system', TRUE, FALSE, NOW(), 'system') ON CONFLICT (id) DO UPDATE SET question_type = EXCLUDED.question_type, content_type = EXCLUDED.content_type, level = EXCLUDED.level, question = EXCLUDED.question, passage = EXCLUDED.passage, passage_translation = EXCLUDED.passage_translation, general_explanation = EXCLUDED.general_explanation, skill_category = EXCLUDED.skill_category, is_active = EXCLUDED.is_active, is_deleted = EXCLUDED.is_deleted, updated_at = NOW(), updated_by = 'system';
DELETE FROM questions_answers WHERE question_id = 811910028;
INSERT INTO questions_answers (question_id, sentence, sentence_translation, is_correct, "order") VALUES (811910028, 'Theo nguyên tắc đã học trong chương', 'Theo nguyên tắc đã học trong chương', TRUE, 1);
INSERT INTO questions_answers (question_id, sentence, sentence_translation, is_correct, "order") VALUES (811910028, 'Tự ý làm theo ý mình', 'Tự ý làm theo ý mình', FALSE, 2);
INSERT INTO questions_answers (question_id, sentence, sentence_translation, is_correct, "order") VALUES (811910028, 'Im lặng không làm gì', 'Im lặng không làm gì', FALSE, 3);
INSERT INTO questions_answers (question_id, sentence, sentence_translation, is_correct, "order") VALUES (811910028, 'Nhờ người khác làm hộ', 'Nhờ người khác làm hộ', FALSE, 4);
INSERT INTO questions (id, user_id, is_system, is_khoa_cu, question_type, content_type, level, selection_type, question, passage, passage_translation, general_explanation, skill_category, base_difficulty, tenant_id, is_active, is_deleted, created_at, created_by) VALUES (811910029, NULL, TRUE, FALSE, 'chon_dap_an', 'jisshusei_baitap_t09_shihin_kaihatsu', 'N4', 'single', 'Tình huống 9 trong chương 9: phản ứng đúng là?

Phản ứng đúng cho tình huống 9:', NULL, NULL, 'Áp dụng nguyên tắc của chương: Vocab meeting + ~はいかがでしょうか + 官能評価 + shihin sekkei.', 'grammar', 1, 'system', TRUE, FALSE, NOW(), 'system') ON CONFLICT (id) DO UPDATE SET question_type = EXCLUDED.question_type, content_type = EXCLUDED.content_type, level = EXCLUDED.level, question = EXCLUDED.question, passage = EXCLUDED.passage, passage_translation = EXCLUDED.passage_translation, general_explanation = EXCLUDED.general_explanation, skill_category = EXCLUDED.skill_category, is_active = EXCLUDED.is_active, is_deleted = EXCLUDED.is_deleted, updated_at = NOW(), updated_by = 'system';
DELETE FROM questions_answers WHERE question_id = 811910029;
INSERT INTO questions_answers (question_id, sentence, sentence_translation, is_correct, "order") VALUES (811910029, 'Theo nguyên tắc đã học trong chương', 'Theo nguyên tắc đã học trong chương', TRUE, 1);
INSERT INTO questions_answers (question_id, sentence, sentence_translation, is_correct, "order") VALUES (811910029, 'Tự ý làm theo ý mình', 'Tự ý làm theo ý mình', FALSE, 2);
INSERT INTO questions_answers (question_id, sentence, sentence_translation, is_correct, "order") VALUES (811910029, 'Im lặng không làm gì', 'Im lặng không làm gì', FALSE, 3);
INSERT INTO questions_answers (question_id, sentence, sentence_translation, is_correct, "order") VALUES (811910029, 'Nhờ người khác làm hộ', 'Nhờ người khác làm hộ', FALSE, 4);
INSERT INTO questions (id, user_id, is_system, is_khoa_cu, question_type, content_type, level, selection_type, question, passage, passage_translation, general_explanation, skill_category, base_difficulty, tenant_id, is_active, is_deleted, created_at, created_by) VALUES (811910030, NULL, TRUE, FALSE, 'chon_dap_an', 'jisshusei_baitap_t09_shihin_kaihatsu', 'N4', 'single', 'Tình huống 10 trong chương 9: phản ứng đúng là?

Phản ứng đúng cho tình huống 10:', NULL, NULL, 'Áp dụng nguyên tắc của chương: Vocab meeting + ~はいかがでしょうか + 官能評価 + shihin sekkei.', 'grammar', 1, 'system', TRUE, FALSE, NOW(), 'system') ON CONFLICT (id) DO UPDATE SET question_type = EXCLUDED.question_type, content_type = EXCLUDED.content_type, level = EXCLUDED.level, question = EXCLUDED.question, passage = EXCLUDED.passage, passage_translation = EXCLUDED.passage_translation, general_explanation = EXCLUDED.general_explanation, skill_category = EXCLUDED.skill_category, is_active = EXCLUDED.is_active, is_deleted = EXCLUDED.is_deleted, updated_at = NOW(), updated_by = 'system';
DELETE FROM questions_answers WHERE question_id = 811910030;
INSERT INTO questions_answers (question_id, sentence, sentence_translation, is_correct, "order") VALUES (811910030, 'Theo nguyên tắc đã học trong chương', 'Theo nguyên tắc đã học trong chương', TRUE, 1);
INSERT INTO questions_answers (question_id, sentence, sentence_translation, is_correct, "order") VALUES (811910030, 'Tự ý làm theo ý mình', 'Tự ý làm theo ý mình', FALSE, 2);
INSERT INTO questions_answers (question_id, sentence, sentence_translation, is_correct, "order") VALUES (811910030, 'Im lặng không làm gì', 'Im lặng không làm gì', FALSE, 3);
INSERT INTO questions_answers (question_id, sentence, sentence_translation, is_correct, "order") VALUES (811910030, 'Nhờ người khác làm hộ', 'Nhờ người khác làm hộ', FALSE, 4);
INSERT INTO questions (id, user_id, is_system, is_khoa_cu, question_type, content_type, level, selection_type, question, passage, passage_translation, general_explanation, skill_category, base_difficulty, tenant_id, is_active, is_deleted, created_at, created_by) VALUES (811910031, NULL, TRUE, FALSE, 'chon_dap_an', 'jisshusei_baitap_t09_shihin_kaihatsu', 'N4', 'single', 'Văn hoá Nhật trong chương 9, nuance #1:

Văn hoá Nhật chương 9, sắc thái #1:', NULL, NULL, 'Chi tiết xem trong LyThuyet chương 9.', 'grammar', 1, 'system', TRUE, FALSE, NOW(), 'system') ON CONFLICT (id) DO UPDATE SET question_type = EXCLUDED.question_type, content_type = EXCLUDED.content_type, level = EXCLUDED.level, question = EXCLUDED.question, passage = EXCLUDED.passage, passage_translation = EXCLUDED.passage_translation, general_explanation = EXCLUDED.general_explanation, skill_category = EXCLUDED.skill_category, is_active = EXCLUDED.is_active, is_deleted = EXCLUDED.is_deleted, updated_at = NOW(), updated_by = 'system';
DELETE FROM questions_answers WHERE question_id = 811910031;
INSERT INTO questions_answers (question_id, sentence, sentence_translation, is_correct, "order") VALUES (811910031, 'Cách tiếp cận tinh tế phù hợp văn hoá Nhật (đã giải thích trong LyThuyet)', 'Cách tiếp cận tinh tế phù hợp văn hoá Nhật (đã giải thích trong LyThuyet)', TRUE, 1);
INSERT INTO questions_answers (question_id, sentence, sentence_translation, is_correct, "order") VALUES (811910031, 'Cách tiếp cận thẳng thắn theo style phương Tây', 'Cách tiếp cận thẳng thắn theo style phương Tây', FALSE, 2);
INSERT INTO questions_answers (question_id, sentence, sentence_translation, is_correct, "order") VALUES (811910031, 'Im lặng là tốt nhất', 'Im lặng là tốt nhất', FALSE, 3);
INSERT INTO questions_answers (question_id, sentence, sentence_translation, is_correct, "order") VALUES (811910031, 'Không có sự khác biệt văn hoá', 'Không có sự khác biệt văn hoá', FALSE, 4);
INSERT INTO questions (id, user_id, is_system, is_khoa_cu, question_type, content_type, level, selection_type, question, passage, passage_translation, general_explanation, skill_category, base_difficulty, tenant_id, is_active, is_deleted, created_at, created_by) VALUES (811910032, NULL, TRUE, FALSE, 'chon_dap_an', 'jisshusei_baitap_t09_shihin_kaihatsu', 'N4', 'single', 'Văn hoá Nhật trong chương 9, nuance #2:

Văn hoá Nhật chương 9, sắc thái #2:', NULL, NULL, 'Chi tiết xem trong LyThuyet chương 9.', 'grammar', 1, 'system', TRUE, FALSE, NOW(), 'system') ON CONFLICT (id) DO UPDATE SET question_type = EXCLUDED.question_type, content_type = EXCLUDED.content_type, level = EXCLUDED.level, question = EXCLUDED.question, passage = EXCLUDED.passage, passage_translation = EXCLUDED.passage_translation, general_explanation = EXCLUDED.general_explanation, skill_category = EXCLUDED.skill_category, is_active = EXCLUDED.is_active, is_deleted = EXCLUDED.is_deleted, updated_at = NOW(), updated_by = 'system';
DELETE FROM questions_answers WHERE question_id = 811910032;
INSERT INTO questions_answers (question_id, sentence, sentence_translation, is_correct, "order") VALUES (811910032, 'Cách tiếp cận tinh tế phù hợp văn hoá Nhật (đã giải thích trong LyThuyet)', 'Cách tiếp cận tinh tế phù hợp văn hoá Nhật (đã giải thích trong LyThuyet)', TRUE, 1);
INSERT INTO questions_answers (question_id, sentence, sentence_translation, is_correct, "order") VALUES (811910032, 'Cách tiếp cận thẳng thắn theo style phương Tây', 'Cách tiếp cận thẳng thắn theo style phương Tây', FALSE, 2);
INSERT INTO questions_answers (question_id, sentence, sentence_translation, is_correct, "order") VALUES (811910032, 'Im lặng là tốt nhất', 'Im lặng là tốt nhất', FALSE, 3);
INSERT INTO questions_answers (question_id, sentence, sentence_translation, is_correct, "order") VALUES (811910032, 'Không có sự khác biệt văn hoá', 'Không có sự khác biệt văn hoá', FALSE, 4);
INSERT INTO questions (id, user_id, is_system, is_khoa_cu, question_type, content_type, level, selection_type, question, passage, passage_translation, general_explanation, skill_category, base_difficulty, tenant_id, is_active, is_deleted, created_at, created_by) VALUES (811910033, NULL, TRUE, FALSE, 'chon_dap_an', 'jisshusei_baitap_t09_shihin_kaihatsu', 'N4', 'single', 'Văn hoá Nhật trong chương 9, nuance #3:

Văn hoá Nhật chương 9, sắc thái #3:', NULL, NULL, 'Chi tiết xem trong LyThuyet chương 9.', 'grammar', 1, 'system', TRUE, FALSE, NOW(), 'system') ON CONFLICT (id) DO UPDATE SET question_type = EXCLUDED.question_type, content_type = EXCLUDED.content_type, level = EXCLUDED.level, question = EXCLUDED.question, passage = EXCLUDED.passage, passage_translation = EXCLUDED.passage_translation, general_explanation = EXCLUDED.general_explanation, skill_category = EXCLUDED.skill_category, is_active = EXCLUDED.is_active, is_deleted = EXCLUDED.is_deleted, updated_at = NOW(), updated_by = 'system';
DELETE FROM questions_answers WHERE question_id = 811910033;
INSERT INTO questions_answers (question_id, sentence, sentence_translation, is_correct, "order") VALUES (811910033, 'Cách tiếp cận tinh tế phù hợp văn hoá Nhật (đã giải thích trong LyThuyet)', 'Cách tiếp cận tinh tế phù hợp văn hoá Nhật (đã giải thích trong LyThuyet)', TRUE, 1);
INSERT INTO questions_answers (question_id, sentence, sentence_translation, is_correct, "order") VALUES (811910033, 'Cách tiếp cận thẳng thắn theo style phương Tây', 'Cách tiếp cận thẳng thắn theo style phương Tây', FALSE, 2);
INSERT INTO questions_answers (question_id, sentence, sentence_translation, is_correct, "order") VALUES (811910033, 'Im lặng là tốt nhất', 'Im lặng là tốt nhất', FALSE, 3);
INSERT INTO questions_answers (question_id, sentence, sentence_translation, is_correct, "order") VALUES (811910033, 'Không có sự khác biệt văn hoá', 'Không có sự khác biệt văn hoá', FALSE, 4);
INSERT INTO questions (id, user_id, is_system, is_khoa_cu, question_type, content_type, level, selection_type, question, passage, passage_translation, general_explanation, skill_category, base_difficulty, tenant_id, is_active, is_deleted, created_at, created_by) VALUES (811910034, NULL, TRUE, FALSE, 'chon_dap_an', 'jisshusei_baitap_t09_shihin_kaihatsu', 'N4', 'single', 'Văn hoá Nhật trong chương 9, nuance #4:

Văn hoá Nhật chương 9, sắc thái #4:', NULL, NULL, 'Chi tiết xem trong LyThuyet chương 9.', 'grammar', 1, 'system', TRUE, FALSE, NOW(), 'system') ON CONFLICT (id) DO UPDATE SET question_type = EXCLUDED.question_type, content_type = EXCLUDED.content_type, level = EXCLUDED.level, question = EXCLUDED.question, passage = EXCLUDED.passage, passage_translation = EXCLUDED.passage_translation, general_explanation = EXCLUDED.general_explanation, skill_category = EXCLUDED.skill_category, is_active = EXCLUDED.is_active, is_deleted = EXCLUDED.is_deleted, updated_at = NOW(), updated_by = 'system';
DELETE FROM questions_answers WHERE question_id = 811910034;
INSERT INTO questions_answers (question_id, sentence, sentence_translation, is_correct, "order") VALUES (811910034, 'Cách tiếp cận tinh tế phù hợp văn hoá Nhật (đã giải thích trong LyThuyet)', 'Cách tiếp cận tinh tế phù hợp văn hoá Nhật (đã giải thích trong LyThuyet)', TRUE, 1);
INSERT INTO questions_answers (question_id, sentence, sentence_translation, is_correct, "order") VALUES (811910034, 'Cách tiếp cận thẳng thắn theo style phương Tây', 'Cách tiếp cận thẳng thắn theo style phương Tây', FALSE, 2);
INSERT INTO questions_answers (question_id, sentence, sentence_translation, is_correct, "order") VALUES (811910034, 'Im lặng là tốt nhất', 'Im lặng là tốt nhất', FALSE, 3);
INSERT INTO questions_answers (question_id, sentence, sentence_translation, is_correct, "order") VALUES (811910034, 'Không có sự khác biệt văn hoá', 'Không có sự khác biệt văn hoá', FALSE, 4);
INSERT INTO questions (id, user_id, is_system, is_khoa_cu, question_type, content_type, level, selection_type, question, passage, passage_translation, general_explanation, skill_category, base_difficulty, tenant_id, is_active, is_deleted, created_at, created_by) VALUES (811910035, NULL, TRUE, FALSE, 'chon_dap_an', 'jisshusei_baitap_t09_shihin_kaihatsu', 'N4', 'single', 'Văn hoá Nhật trong chương 9, nuance #5:

Văn hoá Nhật chương 9, sắc thái #5:', NULL, NULL, 'Chi tiết xem trong LyThuyet chương 9.', 'grammar', 1, 'system', TRUE, FALSE, NOW(), 'system') ON CONFLICT (id) DO UPDATE SET question_type = EXCLUDED.question_type, content_type = EXCLUDED.content_type, level = EXCLUDED.level, question = EXCLUDED.question, passage = EXCLUDED.passage, passage_translation = EXCLUDED.passage_translation, general_explanation = EXCLUDED.general_explanation, skill_category = EXCLUDED.skill_category, is_active = EXCLUDED.is_active, is_deleted = EXCLUDED.is_deleted, updated_at = NOW(), updated_by = 'system';
DELETE FROM questions_answers WHERE question_id = 811910035;
INSERT INTO questions_answers (question_id, sentence, sentence_translation, is_correct, "order") VALUES (811910035, 'Cách tiếp cận tinh tế phù hợp văn hoá Nhật (đã giải thích trong LyThuyet)', 'Cách tiếp cận tinh tế phù hợp văn hoá Nhật (đã giải thích trong LyThuyet)', TRUE, 1);
INSERT INTO questions_answers (question_id, sentence, sentence_translation, is_correct, "order") VALUES (811910035, 'Cách tiếp cận thẳng thắn theo style phương Tây', 'Cách tiếp cận thẳng thắn theo style phương Tây', FALSE, 2);
INSERT INTO questions_answers (question_id, sentence, sentence_translation, is_correct, "order") VALUES (811910035, 'Im lặng là tốt nhất', 'Im lặng là tốt nhất', FALSE, 3);
INSERT INTO questions_answers (question_id, sentence, sentence_translation, is_correct, "order") VALUES (811910035, 'Không có sự khác biệt văn hoá', 'Không có sự khác biệt văn hoá', FALSE, 4);
INSERT INTO questions (id, user_id, is_system, is_khoa_cu, question_type, content_type, level, selection_type, question, passage, passage_translation, general_explanation, skill_category, base_difficulty, tenant_id, is_active, is_deleted, created_at, created_by) VALUES (811910036, NULL, TRUE, FALSE, 'chon_dap_an', 'jisshusei_baitap_t09_shihin_kaihatsu', 'N4', 'single', 'Văn hoá Nhật trong chương 9, nuance #6:

Văn hoá Nhật chương 9, sắc thái #6:', NULL, NULL, 'Chi tiết xem trong LyThuyet chương 9.', 'grammar', 1, 'system', TRUE, FALSE, NOW(), 'system') ON CONFLICT (id) DO UPDATE SET question_type = EXCLUDED.question_type, content_type = EXCLUDED.content_type, level = EXCLUDED.level, question = EXCLUDED.question, passage = EXCLUDED.passage, passage_translation = EXCLUDED.passage_translation, general_explanation = EXCLUDED.general_explanation, skill_category = EXCLUDED.skill_category, is_active = EXCLUDED.is_active, is_deleted = EXCLUDED.is_deleted, updated_at = NOW(), updated_by = 'system';
DELETE FROM questions_answers WHERE question_id = 811910036;
INSERT INTO questions_answers (question_id, sentence, sentence_translation, is_correct, "order") VALUES (811910036, 'Cách tiếp cận tinh tế phù hợp văn hoá Nhật (đã giải thích trong LyThuyet)', 'Cách tiếp cận tinh tế phù hợp văn hoá Nhật (đã giải thích trong LyThuyet)', TRUE, 1);
INSERT INTO questions_answers (question_id, sentence, sentence_translation, is_correct, "order") VALUES (811910036, 'Cách tiếp cận thẳng thắn theo style phương Tây', 'Cách tiếp cận thẳng thắn theo style phương Tây', FALSE, 2);
INSERT INTO questions_answers (question_id, sentence, sentence_translation, is_correct, "order") VALUES (811910036, 'Im lặng là tốt nhất', 'Im lặng là tốt nhất', FALSE, 3);
INSERT INTO questions_answers (question_id, sentence, sentence_translation, is_correct, "order") VALUES (811910036, 'Không có sự khác biệt văn hoá', 'Không có sự khác biệt văn hoá', FALSE, 4);
INSERT INTO questions (id, user_id, is_system, is_khoa_cu, question_type, content_type, level, selection_type, question, passage, passage_translation, general_explanation, skill_category, base_difficulty, tenant_id, is_active, is_deleted, created_at, created_by) VALUES (811910037, NULL, TRUE, FALSE, 'chon_dap_an', 'jisshusei_baitap_t09_shihin_kaihatsu', 'N4', 'single', 'Văn hoá Nhật trong chương 9, nuance #7:

Văn hoá Nhật chương 9, sắc thái #7:', NULL, NULL, 'Chi tiết xem trong LyThuyet chương 9.', 'grammar', 1, 'system', TRUE, FALSE, NOW(), 'system') ON CONFLICT (id) DO UPDATE SET question_type = EXCLUDED.question_type, content_type = EXCLUDED.content_type, level = EXCLUDED.level, question = EXCLUDED.question, passage = EXCLUDED.passage, passage_translation = EXCLUDED.passage_translation, general_explanation = EXCLUDED.general_explanation, skill_category = EXCLUDED.skill_category, is_active = EXCLUDED.is_active, is_deleted = EXCLUDED.is_deleted, updated_at = NOW(), updated_by = 'system';
DELETE FROM questions_answers WHERE question_id = 811910037;
INSERT INTO questions_answers (question_id, sentence, sentence_translation, is_correct, "order") VALUES (811910037, 'Cách tiếp cận tinh tế phù hợp văn hoá Nhật (đã giải thích trong LyThuyet)', 'Cách tiếp cận tinh tế phù hợp văn hoá Nhật (đã giải thích trong LyThuyet)', TRUE, 1);
INSERT INTO questions_answers (question_id, sentence, sentence_translation, is_correct, "order") VALUES (811910037, 'Cách tiếp cận thẳng thắn theo style phương Tây', 'Cách tiếp cận thẳng thắn theo style phương Tây', FALSE, 2);
INSERT INTO questions_answers (question_id, sentence, sentence_translation, is_correct, "order") VALUES (811910037, 'Im lặng là tốt nhất', 'Im lặng là tốt nhất', FALSE, 3);
INSERT INTO questions_answers (question_id, sentence, sentence_translation, is_correct, "order") VALUES (811910037, 'Không có sự khác biệt văn hoá', 'Không có sự khác biệt văn hoá', FALSE, 4);
INSERT INTO questions (id, user_id, is_system, is_khoa_cu, question_type, content_type, level, selection_type, question, passage, passage_translation, general_explanation, skill_category, base_difficulty, tenant_id, is_active, is_deleted, created_at, created_by) VALUES (811910038, NULL, TRUE, FALSE, 'chon_dap_an', 'jisshusei_baitap_t09_shihin_kaihatsu', 'N4', 'single', 'Văn hoá Nhật trong chương 9, nuance #8:

Văn hoá Nhật chương 9, sắc thái #8:', NULL, NULL, 'Chi tiết xem trong LyThuyet chương 9.', 'grammar', 1, 'system', TRUE, FALSE, NOW(), 'system') ON CONFLICT (id) DO UPDATE SET question_type = EXCLUDED.question_type, content_type = EXCLUDED.content_type, level = EXCLUDED.level, question = EXCLUDED.question, passage = EXCLUDED.passage, passage_translation = EXCLUDED.passage_translation, general_explanation = EXCLUDED.general_explanation, skill_category = EXCLUDED.skill_category, is_active = EXCLUDED.is_active, is_deleted = EXCLUDED.is_deleted, updated_at = NOW(), updated_by = 'system';
DELETE FROM questions_answers WHERE question_id = 811910038;
INSERT INTO questions_answers (question_id, sentence, sentence_translation, is_correct, "order") VALUES (811910038, 'Cách tiếp cận tinh tế phù hợp văn hoá Nhật (đã giải thích trong LyThuyet)', 'Cách tiếp cận tinh tế phù hợp văn hoá Nhật (đã giải thích trong LyThuyet)', TRUE, 1);
INSERT INTO questions_answers (question_id, sentence, sentence_translation, is_correct, "order") VALUES (811910038, 'Cách tiếp cận thẳng thắn theo style phương Tây', 'Cách tiếp cận thẳng thắn theo style phương Tây', FALSE, 2);
INSERT INTO questions_answers (question_id, sentence, sentence_translation, is_correct, "order") VALUES (811910038, 'Im lặng là tốt nhất', 'Im lặng là tốt nhất', FALSE, 3);
INSERT INTO questions_answers (question_id, sentence, sentence_translation, is_correct, "order") VALUES (811910038, 'Không có sự khác biệt văn hoá', 'Không có sự khác biệt văn hoá', FALSE, 4);
INSERT INTO questions (id, user_id, is_system, is_khoa_cu, question_type, content_type, level, selection_type, question, passage, passage_translation, general_explanation, skill_category, base_difficulty, tenant_id, is_active, is_deleted, created_at, created_by) VALUES (811910039, NULL, TRUE, FALSE, 'chon_dap_an', 'jisshusei_baitap_t09_shihin_kaihatsu', 'N4', 'single', 'Văn hoá Nhật trong chương 9, nuance #9:

Văn hoá Nhật chương 9, sắc thái #9:', NULL, NULL, 'Chi tiết xem trong LyThuyet chương 9.', 'grammar', 1, 'system', TRUE, FALSE, NOW(), 'system') ON CONFLICT (id) DO UPDATE SET question_type = EXCLUDED.question_type, content_type = EXCLUDED.content_type, level = EXCLUDED.level, question = EXCLUDED.question, passage = EXCLUDED.passage, passage_translation = EXCLUDED.passage_translation, general_explanation = EXCLUDED.general_explanation, skill_category = EXCLUDED.skill_category, is_active = EXCLUDED.is_active, is_deleted = EXCLUDED.is_deleted, updated_at = NOW(), updated_by = 'system';
DELETE FROM questions_answers WHERE question_id = 811910039;
INSERT INTO questions_answers (question_id, sentence, sentence_translation, is_correct, "order") VALUES (811910039, 'Cách tiếp cận tinh tế phù hợp văn hoá Nhật (đã giải thích trong LyThuyet)', 'Cách tiếp cận tinh tế phù hợp văn hoá Nhật (đã giải thích trong LyThuyet)', TRUE, 1);
INSERT INTO questions_answers (question_id, sentence, sentence_translation, is_correct, "order") VALUES (811910039, 'Cách tiếp cận thẳng thắn theo style phương Tây', 'Cách tiếp cận thẳng thắn theo style phương Tây', FALSE, 2);
INSERT INTO questions_answers (question_id, sentence, sentence_translation, is_correct, "order") VALUES (811910039, 'Im lặng là tốt nhất', 'Im lặng là tốt nhất', FALSE, 3);
INSERT INTO questions_answers (question_id, sentence, sentence_translation, is_correct, "order") VALUES (811910039, 'Không có sự khác biệt văn hoá', 'Không có sự khác biệt văn hoá', FALSE, 4);
INSERT INTO questions (id, user_id, is_system, is_khoa_cu, question_type, content_type, level, selection_type, question, passage, passage_translation, general_explanation, skill_category, base_difficulty, tenant_id, is_active, is_deleted, created_at, created_by) VALUES (811910040, NULL, TRUE, FALSE, 'chon_dap_an', 'jisshusei_baitap_t09_shihin_kaihatsu', 'N4', 'single', 'Văn hoá Nhật trong chương 9, nuance #10:

Văn hoá Nhật chương 9, sắc thái #10:', NULL, NULL, 'Chi tiết xem trong LyThuyet chương 9.', 'grammar', 1, 'system', TRUE, FALSE, NOW(), 'system') ON CONFLICT (id) DO UPDATE SET question_type = EXCLUDED.question_type, content_type = EXCLUDED.content_type, level = EXCLUDED.level, question = EXCLUDED.question, passage = EXCLUDED.passage, passage_translation = EXCLUDED.passage_translation, general_explanation = EXCLUDED.general_explanation, skill_category = EXCLUDED.skill_category, is_active = EXCLUDED.is_active, is_deleted = EXCLUDED.is_deleted, updated_at = NOW(), updated_by = 'system';
DELETE FROM questions_answers WHERE question_id = 811910040;
INSERT INTO questions_answers (question_id, sentence, sentence_translation, is_correct, "order") VALUES (811910040, 'Cách tiếp cận tinh tế phù hợp văn hoá Nhật (đã giải thích trong LyThuyet)', 'Cách tiếp cận tinh tế phù hợp văn hoá Nhật (đã giải thích trong LyThuyet)', TRUE, 1);
INSERT INTO questions_answers (question_id, sentence, sentence_translation, is_correct, "order") VALUES (811910040, 'Cách tiếp cận thẳng thắn theo style phương Tây', 'Cách tiếp cận thẳng thắn theo style phương Tây', FALSE, 2);
INSERT INTO questions_answers (question_id, sentence, sentence_translation, is_correct, "order") VALUES (811910040, 'Im lặng là tốt nhất', 'Im lặng là tốt nhất', FALSE, 3);
INSERT INTO questions_answers (question_id, sentence, sentence_translation, is_correct, "order") VALUES (811910040, 'Không có sự khác biệt văn hoá', 'Không có sự khác biệt văn hoá', FALSE, 4);

INSERT INTO study_question_sets (id, name, description, set_type, card_count, tenant_id, is_active, is_deleted, created_at, created_by) VALUES (8110911, 'T9. Triển khai sản phẩm mới — Bài tập Level 1', 'Bài tập trắc nghiệm — Level 1: N5', 'practice', 10, 'system', TRUE, FALSE, NOW(), 'system') ON CONFLICT (id) DO UPDATE SET name = EXCLUDED.name, description = EXCLUDED.description, set_type = EXCLUDED.set_type, card_count = EXCLUDED.card_count, is_active = EXCLUDED.is_active, is_deleted = EXCLUDED.is_deleted, updated_at = NOW(), updated_by = 'system';
INSERT INTO study_question_set_questions (study_question_set_id, question_id, order_index, tenant_id, is_deleted, created_at, created_by) VALUES (8110911, 811910001, 1, 'system', FALSE, NOW(), 'system') ON CONFLICT (study_question_set_id, question_id) DO UPDATE SET order_index = EXCLUDED.order_index, is_deleted = FALSE;
INSERT INTO study_question_set_questions (study_question_set_id, question_id, order_index, tenant_id, is_deleted, created_at, created_by) VALUES (8110911, 811910002, 2, 'system', FALSE, NOW(), 'system') ON CONFLICT (study_question_set_id, question_id) DO UPDATE SET order_index = EXCLUDED.order_index, is_deleted = FALSE;
INSERT INTO study_question_set_questions (study_question_set_id, question_id, order_index, tenant_id, is_deleted, created_at, created_by) VALUES (8110911, 811910003, 3, 'system', FALSE, NOW(), 'system') ON CONFLICT (study_question_set_id, question_id) DO UPDATE SET order_index = EXCLUDED.order_index, is_deleted = FALSE;
INSERT INTO study_question_set_questions (study_question_set_id, question_id, order_index, tenant_id, is_deleted, created_at, created_by) VALUES (8110911, 811910004, 4, 'system', FALSE, NOW(), 'system') ON CONFLICT (study_question_set_id, question_id) DO UPDATE SET order_index = EXCLUDED.order_index, is_deleted = FALSE;
INSERT INTO study_question_set_questions (study_question_set_id, question_id, order_index, tenant_id, is_deleted, created_at, created_by) VALUES (8110911, 811910005, 5, 'system', FALSE, NOW(), 'system') ON CONFLICT (study_question_set_id, question_id) DO UPDATE SET order_index = EXCLUDED.order_index, is_deleted = FALSE;
INSERT INTO study_question_set_questions (study_question_set_id, question_id, order_index, tenant_id, is_deleted, created_at, created_by) VALUES (8110911, 811910006, 6, 'system', FALSE, NOW(), 'system') ON CONFLICT (study_question_set_id, question_id) DO UPDATE SET order_index = EXCLUDED.order_index, is_deleted = FALSE;
INSERT INTO study_question_set_questions (study_question_set_id, question_id, order_index, tenant_id, is_deleted, created_at, created_by) VALUES (8110911, 811910007, 7, 'system', FALSE, NOW(), 'system') ON CONFLICT (study_question_set_id, question_id) DO UPDATE SET order_index = EXCLUDED.order_index, is_deleted = FALSE;
INSERT INTO study_question_set_questions (study_question_set_id, question_id, order_index, tenant_id, is_deleted, created_at, created_by) VALUES (8110911, 811910008, 8, 'system', FALSE, NOW(), 'system') ON CONFLICT (study_question_set_id, question_id) DO UPDATE SET order_index = EXCLUDED.order_index, is_deleted = FALSE;
INSERT INTO study_question_set_questions (study_question_set_id, question_id, order_index, tenant_id, is_deleted, created_at, created_by) VALUES (8110911, 811910009, 9, 'system', FALSE, NOW(), 'system') ON CONFLICT (study_question_set_id, question_id) DO UPDATE SET order_index = EXCLUDED.order_index, is_deleted = FALSE;
INSERT INTO study_question_set_questions (study_question_set_id, question_id, order_index, tenant_id, is_deleted, created_at, created_by) VALUES (8110911, 811910010, 10, 'system', FALSE, NOW(), 'system') ON CONFLICT (study_question_set_id, question_id) DO UPDATE SET order_index = EXCLUDED.order_index, is_deleted = FALSE;
INSERT INTO study_resource_question_sets (resource_type, resource_id, study_question_set_id, position, context, tenant_id, is_active, is_deleted, created_at, created_by) VALUES ('module', 8011009, 8110911, 1, '{"label": "T9. Triển khai sản phẩm mới — Bài tập Level 1"}'::jsonb, 'system', TRUE, FALSE, NOW(), 'system') ON CONFLICT (resource_type, resource_id, study_question_set_id) DO UPDATE SET position = EXCLUDED.position, context = EXCLUDED.context, is_active = TRUE, is_deleted = FALSE;

INSERT INTO study_question_sets (id, name, description, set_type, card_count, tenant_id, is_active, is_deleted, created_at, created_by) VALUES (8110912, 'T9. Triển khai sản phẩm mới — Bài tập Level 2', 'Bài tập trắc nghiệm — Level 2: N5', 'practice', 10, 'system', TRUE, FALSE, NOW(), 'system') ON CONFLICT (id) DO UPDATE SET name = EXCLUDED.name, description = EXCLUDED.description, set_type = EXCLUDED.set_type, card_count = EXCLUDED.card_count, is_active = EXCLUDED.is_active, is_deleted = EXCLUDED.is_deleted, updated_at = NOW(), updated_by = 'system';
INSERT INTO study_question_set_questions (study_question_set_id, question_id, order_index, tenant_id, is_deleted, created_at, created_by) VALUES (8110912, 811910011, 1, 'system', FALSE, NOW(), 'system') ON CONFLICT (study_question_set_id, question_id) DO UPDATE SET order_index = EXCLUDED.order_index, is_deleted = FALSE;
INSERT INTO study_question_set_questions (study_question_set_id, question_id, order_index, tenant_id, is_deleted, created_at, created_by) VALUES (8110912, 811910012, 2, 'system', FALSE, NOW(), 'system') ON CONFLICT (study_question_set_id, question_id) DO UPDATE SET order_index = EXCLUDED.order_index, is_deleted = FALSE;
INSERT INTO study_question_set_questions (study_question_set_id, question_id, order_index, tenant_id, is_deleted, created_at, created_by) VALUES (8110912, 811910013, 3, 'system', FALSE, NOW(), 'system') ON CONFLICT (study_question_set_id, question_id) DO UPDATE SET order_index = EXCLUDED.order_index, is_deleted = FALSE;
INSERT INTO study_question_set_questions (study_question_set_id, question_id, order_index, tenant_id, is_deleted, created_at, created_by) VALUES (8110912, 811910014, 4, 'system', FALSE, NOW(), 'system') ON CONFLICT (study_question_set_id, question_id) DO UPDATE SET order_index = EXCLUDED.order_index, is_deleted = FALSE;
INSERT INTO study_question_set_questions (study_question_set_id, question_id, order_index, tenant_id, is_deleted, created_at, created_by) VALUES (8110912, 811910015, 5, 'system', FALSE, NOW(), 'system') ON CONFLICT (study_question_set_id, question_id) DO UPDATE SET order_index = EXCLUDED.order_index, is_deleted = FALSE;
INSERT INTO study_question_set_questions (study_question_set_id, question_id, order_index, tenant_id, is_deleted, created_at, created_by) VALUES (8110912, 811910016, 6, 'system', FALSE, NOW(), 'system') ON CONFLICT (study_question_set_id, question_id) DO UPDATE SET order_index = EXCLUDED.order_index, is_deleted = FALSE;
INSERT INTO study_question_set_questions (study_question_set_id, question_id, order_index, tenant_id, is_deleted, created_at, created_by) VALUES (8110912, 811910017, 7, 'system', FALSE, NOW(), 'system') ON CONFLICT (study_question_set_id, question_id) DO UPDATE SET order_index = EXCLUDED.order_index, is_deleted = FALSE;
INSERT INTO study_question_set_questions (study_question_set_id, question_id, order_index, tenant_id, is_deleted, created_at, created_by) VALUES (8110912, 811910018, 8, 'system', FALSE, NOW(), 'system') ON CONFLICT (study_question_set_id, question_id) DO UPDATE SET order_index = EXCLUDED.order_index, is_deleted = FALSE;
INSERT INTO study_question_set_questions (study_question_set_id, question_id, order_index, tenant_id, is_deleted, created_at, created_by) VALUES (8110912, 811910019, 9, 'system', FALSE, NOW(), 'system') ON CONFLICT (study_question_set_id, question_id) DO UPDATE SET order_index = EXCLUDED.order_index, is_deleted = FALSE;
INSERT INTO study_question_set_questions (study_question_set_id, question_id, order_index, tenant_id, is_deleted, created_at, created_by) VALUES (8110912, 811910020, 10, 'system', FALSE, NOW(), 'system') ON CONFLICT (study_question_set_id, question_id) DO UPDATE SET order_index = EXCLUDED.order_index, is_deleted = FALSE;
INSERT INTO study_resource_question_sets (resource_type, resource_id, study_question_set_id, position, context, tenant_id, is_active, is_deleted, created_at, created_by) VALUES ('module', 8011009, 8110912, 2, '{"label": "T9. Triển khai sản phẩm mới — Bài tập Level 2"}'::jsonb, 'system', TRUE, FALSE, NOW(), 'system') ON CONFLICT (resource_type, resource_id, study_question_set_id) DO UPDATE SET position = EXCLUDED.position, context = EXCLUDED.context, is_active = TRUE, is_deleted = FALSE;

INSERT INTO study_question_sets (id, name, description, set_type, card_count, tenant_id, is_active, is_deleted, created_at, created_by) VALUES (8110913, 'T9. Triển khai sản phẩm mới — Bài tập Level 3', 'Bài tập trắc nghiệm — Level 3: N4', 'practice', 10, 'system', TRUE, FALSE, NOW(), 'system') ON CONFLICT (id) DO UPDATE SET name = EXCLUDED.name, description = EXCLUDED.description, set_type = EXCLUDED.set_type, card_count = EXCLUDED.card_count, is_active = EXCLUDED.is_active, is_deleted = EXCLUDED.is_deleted, updated_at = NOW(), updated_by = 'system';
INSERT INTO study_question_set_questions (study_question_set_id, question_id, order_index, tenant_id, is_deleted, created_at, created_by) VALUES (8110913, 811910021, 1, 'system', FALSE, NOW(), 'system') ON CONFLICT (study_question_set_id, question_id) DO UPDATE SET order_index = EXCLUDED.order_index, is_deleted = FALSE;
INSERT INTO study_question_set_questions (study_question_set_id, question_id, order_index, tenant_id, is_deleted, created_at, created_by) VALUES (8110913, 811910022, 2, 'system', FALSE, NOW(), 'system') ON CONFLICT (study_question_set_id, question_id) DO UPDATE SET order_index = EXCLUDED.order_index, is_deleted = FALSE;
INSERT INTO study_question_set_questions (study_question_set_id, question_id, order_index, tenant_id, is_deleted, created_at, created_by) VALUES (8110913, 811910023, 3, 'system', FALSE, NOW(), 'system') ON CONFLICT (study_question_set_id, question_id) DO UPDATE SET order_index = EXCLUDED.order_index, is_deleted = FALSE;
INSERT INTO study_question_set_questions (study_question_set_id, question_id, order_index, tenant_id, is_deleted, created_at, created_by) VALUES (8110913, 811910024, 4, 'system', FALSE, NOW(), 'system') ON CONFLICT (study_question_set_id, question_id) DO UPDATE SET order_index = EXCLUDED.order_index, is_deleted = FALSE;
INSERT INTO study_question_set_questions (study_question_set_id, question_id, order_index, tenant_id, is_deleted, created_at, created_by) VALUES (8110913, 811910025, 5, 'system', FALSE, NOW(), 'system') ON CONFLICT (study_question_set_id, question_id) DO UPDATE SET order_index = EXCLUDED.order_index, is_deleted = FALSE;
INSERT INTO study_question_set_questions (study_question_set_id, question_id, order_index, tenant_id, is_deleted, created_at, created_by) VALUES (8110913, 811910026, 6, 'system', FALSE, NOW(), 'system') ON CONFLICT (study_question_set_id, question_id) DO UPDATE SET order_index = EXCLUDED.order_index, is_deleted = FALSE;
INSERT INTO study_question_set_questions (study_question_set_id, question_id, order_index, tenant_id, is_deleted, created_at, created_by) VALUES (8110913, 811910027, 7, 'system', FALSE, NOW(), 'system') ON CONFLICT (study_question_set_id, question_id) DO UPDATE SET order_index = EXCLUDED.order_index, is_deleted = FALSE;
INSERT INTO study_question_set_questions (study_question_set_id, question_id, order_index, tenant_id, is_deleted, created_at, created_by) VALUES (8110913, 811910028, 8, 'system', FALSE, NOW(), 'system') ON CONFLICT (study_question_set_id, question_id) DO UPDATE SET order_index = EXCLUDED.order_index, is_deleted = FALSE;
INSERT INTO study_question_set_questions (study_question_set_id, question_id, order_index, tenant_id, is_deleted, created_at, created_by) VALUES (8110913, 811910029, 9, 'system', FALSE, NOW(), 'system') ON CONFLICT (study_question_set_id, question_id) DO UPDATE SET order_index = EXCLUDED.order_index, is_deleted = FALSE;
INSERT INTO study_question_set_questions (study_question_set_id, question_id, order_index, tenant_id, is_deleted, created_at, created_by) VALUES (8110913, 811910030, 10, 'system', FALSE, NOW(), 'system') ON CONFLICT (study_question_set_id, question_id) DO UPDATE SET order_index = EXCLUDED.order_index, is_deleted = FALSE;
INSERT INTO study_resource_question_sets (resource_type, resource_id, study_question_set_id, position, context, tenant_id, is_active, is_deleted, created_at, created_by) VALUES ('module', 8011009, 8110913, 3, '{"label": "T9. Triển khai sản phẩm mới — Bài tập Level 3"}'::jsonb, 'system', TRUE, FALSE, NOW(), 'system') ON CONFLICT (resource_type, resource_id, study_question_set_id) DO UPDATE SET position = EXCLUDED.position, context = EXCLUDED.context, is_active = TRUE, is_deleted = FALSE;

INSERT INTO study_question_sets (id, name, description, set_type, card_count, tenant_id, is_active, is_deleted, created_at, created_by) VALUES (8110914, 'T9. Triển khai sản phẩm mới — Bài tập Level 4', 'Bài tập trắc nghiệm — Level 4: N4', 'practice', 10, 'system', TRUE, FALSE, NOW(), 'system') ON CONFLICT (id) DO UPDATE SET name = EXCLUDED.name, description = EXCLUDED.description, set_type = EXCLUDED.set_type, card_count = EXCLUDED.card_count, is_active = EXCLUDED.is_active, is_deleted = EXCLUDED.is_deleted, updated_at = NOW(), updated_by = 'system';
INSERT INTO study_question_set_questions (study_question_set_id, question_id, order_index, tenant_id, is_deleted, created_at, created_by) VALUES (8110914, 811910031, 1, 'system', FALSE, NOW(), 'system') ON CONFLICT (study_question_set_id, question_id) DO UPDATE SET order_index = EXCLUDED.order_index, is_deleted = FALSE;
INSERT INTO study_question_set_questions (study_question_set_id, question_id, order_index, tenant_id, is_deleted, created_at, created_by) VALUES (8110914, 811910032, 2, 'system', FALSE, NOW(), 'system') ON CONFLICT (study_question_set_id, question_id) DO UPDATE SET order_index = EXCLUDED.order_index, is_deleted = FALSE;
INSERT INTO study_question_set_questions (study_question_set_id, question_id, order_index, tenant_id, is_deleted, created_at, created_by) VALUES (8110914, 811910033, 3, 'system', FALSE, NOW(), 'system') ON CONFLICT (study_question_set_id, question_id) DO UPDATE SET order_index = EXCLUDED.order_index, is_deleted = FALSE;
INSERT INTO study_question_set_questions (study_question_set_id, question_id, order_index, tenant_id, is_deleted, created_at, created_by) VALUES (8110914, 811910034, 4, 'system', FALSE, NOW(), 'system') ON CONFLICT (study_question_set_id, question_id) DO UPDATE SET order_index = EXCLUDED.order_index, is_deleted = FALSE;
INSERT INTO study_question_set_questions (study_question_set_id, question_id, order_index, tenant_id, is_deleted, created_at, created_by) VALUES (8110914, 811910035, 5, 'system', FALSE, NOW(), 'system') ON CONFLICT (study_question_set_id, question_id) DO UPDATE SET order_index = EXCLUDED.order_index, is_deleted = FALSE;
INSERT INTO study_question_set_questions (study_question_set_id, question_id, order_index, tenant_id, is_deleted, created_at, created_by) VALUES (8110914, 811910036, 6, 'system', FALSE, NOW(), 'system') ON CONFLICT (study_question_set_id, question_id) DO UPDATE SET order_index = EXCLUDED.order_index, is_deleted = FALSE;
INSERT INTO study_question_set_questions (study_question_set_id, question_id, order_index, tenant_id, is_deleted, created_at, created_by) VALUES (8110914, 811910037, 7, 'system', FALSE, NOW(), 'system') ON CONFLICT (study_question_set_id, question_id) DO UPDATE SET order_index = EXCLUDED.order_index, is_deleted = FALSE;
INSERT INTO study_question_set_questions (study_question_set_id, question_id, order_index, tenant_id, is_deleted, created_at, created_by) VALUES (8110914, 811910038, 8, 'system', FALSE, NOW(), 'system') ON CONFLICT (study_question_set_id, question_id) DO UPDATE SET order_index = EXCLUDED.order_index, is_deleted = FALSE;
INSERT INTO study_question_set_questions (study_question_set_id, question_id, order_index, tenant_id, is_deleted, created_at, created_by) VALUES (8110914, 811910039, 9, 'system', FALSE, NOW(), 'system') ON CONFLICT (study_question_set_id, question_id) DO UPDATE SET order_index = EXCLUDED.order_index, is_deleted = FALSE;
INSERT INTO study_question_set_questions (study_question_set_id, question_id, order_index, tenant_id, is_deleted, created_at, created_by) VALUES (8110914, 811910040, 10, 'system', FALSE, NOW(), 'system') ON CONFLICT (study_question_set_id, question_id) DO UPDATE SET order_index = EXCLUDED.order_index, is_deleted = FALSE;
INSERT INTO study_resource_question_sets (resource_type, resource_id, study_question_set_id, position, context, tenant_id, is_active, is_deleted, created_at, created_by) VALUES ('module', 8011009, 8110914, 4, '{"label": "T9. Triển khai sản phẩm mới — Bài tập Level 4"}'::jsonb, 'system', TRUE, FALSE, NOW(), 'system') ON CONFLICT (resource_type, resource_id, study_question_set_id) DO UPDATE SET position = EXCLUDED.position, context = EXCLUDED.context, is_active = TRUE, is_deleted = FALSE;

-- Mogishiken: t09_shihin_kaihatsu (5 passages, 20 questions)
INSERT INTO reading_passages (id, user_id, is_system, is_public, title, content, translation, jlpt_level, category, difficulty, word_count, tenant_id, is_active, is_deleted, created_at, created_by) VALUES (81109001, NULL, TRUE, TRUE, '新商品開発 — プロセスシート 1', 'これは 新商品開発 の プロセスシート です。Vocab meeting + ~はいかがでしょうか + 官能評価 + shihin sekkei に関する内容を含みます。実習生が業務中に必要な情報をまとめています。詳細は工場のマニュアルを参照してください。', 'Đây là Bảng quy trình của T9. Triển khai sản phẩm mới. Bao gồm nội dung liên quan đến Vocab meeting + ~はいかがでしょうか + 官能評価 + shihin sekkei. Tổng hợp thông tin thực tập sinh cần biết khi làm việc. Chi tiết xem sổ tay nhà máy.', 'N4', 'notice', 4, 150, 'system', TRUE, FALSE, NOW(), 'system') ON CONFLICT (id) DO UPDATE SET title = EXCLUDED.title, content = EXCLUDED.content, translation = EXCLUDED.translation, jlpt_level = EXCLUDED.jlpt_level, category = EXCLUDED.category, difficulty = EXCLUDED.difficulty, word_count = EXCLUDED.word_count, is_active = EXCLUDED.is_active, is_deleted = EXCLUDED.is_deleted, updated_at = NOW(), updated_by = 'system';
INSERT INTO reading_passages (id, user_id, is_system, is_public, title, content, translation, jlpt_level, category, difficulty, word_count, tenant_id, is_active, is_deleted, created_at, created_by) VALUES (81109002, NULL, TRUE, TRUE, '新商品開発 — マニュアル 2', 'これは 新商品開発 の マニュアル です。Vocab meeting + ~はいかがでしょうか + 官能評価 + shihin sekkei に関する内容を含みます。実習生が業務中に必要な情報をまとめています。詳細は工場のマニュアルを参照してください。', 'Đây là Sổ tay hướng dẫn của T9. Triển khai sản phẩm mới. Bao gồm nội dung liên quan đến Vocab meeting + ~はいかがでしょうか + 官能評価 + shihin sekkei. Tổng hợp thông tin thực tập sinh cần biết khi làm việc. Chi tiết xem sổ tay nhà máy.', 'N4', 'notice', 4, 150, 'system', TRUE, FALSE, NOW(), 'system') ON CONFLICT (id) DO UPDATE SET title = EXCLUDED.title, content = EXCLUDED.content, translation = EXCLUDED.translation, jlpt_level = EXCLUDED.jlpt_level, category = EXCLUDED.category, difficulty = EXCLUDED.difficulty, word_count = EXCLUDED.word_count, is_active = EXCLUDED.is_active, is_deleted = EXCLUDED.is_deleted, updated_at = NOW(), updated_by = 'system';
INSERT INTO reading_passages (id, user_id, is_system, is_public, title, content, translation, jlpt_level, category, difficulty, word_count, tenant_id, is_active, is_deleted, created_at, created_by) VALUES (81109003, NULL, TRUE, TRUE, '新商品開発 — 報告書 3', 'これは 新商品開発 の 報告書 です。Vocab meeting + ~はいかがでしょうか + 官能評価 + shihin sekkei に関する内容を含みます。実習生が業務中に必要な情報をまとめています。詳細は工場のマニュアルを参照してください。', 'Đây là Báo cáo của T9. Triển khai sản phẩm mới. Bao gồm nội dung liên quan đến Vocab meeting + ~はいかがでしょうか + 官能評価 + shihin sekkei. Tổng hợp thông tin thực tập sinh cần biết khi làm việc. Chi tiết xem sổ tay nhà máy.', 'N4', 'notice', 4, 150, 'system', TRUE, FALSE, NOW(), 'system') ON CONFLICT (id) DO UPDATE SET title = EXCLUDED.title, content = EXCLUDED.content, translation = EXCLUDED.translation, jlpt_level = EXCLUDED.jlpt_level, category = EXCLUDED.category, difficulty = EXCLUDED.difficulty, word_count = EXCLUDED.word_count, is_active = EXCLUDED.is_active, is_deleted = EXCLUDED.is_deleted, updated_at = NOW(), updated_by = 'system';
INSERT INTO reading_passages (id, user_id, is_system, is_public, title, content, translation, jlpt_level, category, difficulty, word_count, tenant_id, is_active, is_deleted, created_at, created_by) VALUES (81109004, NULL, TRUE, TRUE, '新商品開発 — 通知 4', 'これは 新商品開発 の 通知 です。Vocab meeting + ~はいかがでしょうか + 官能評価 + shihin sekkei に関する内容を含みます。実習生が業務中に必要な情報をまとめています。詳細は工場のマニュアルを参照してください。', 'Đây là Thông báo của T9. Triển khai sản phẩm mới. Bao gồm nội dung liên quan đến Vocab meeting + ~はいかがでしょうか + 官能評価 + shihin sekkei. Tổng hợp thông tin thực tập sinh cần biết khi làm việc. Chi tiết xem sổ tay nhà máy.', 'N4', 'notice', 4, 150, 'system', TRUE, FALSE, NOW(), 'system') ON CONFLICT (id) DO UPDATE SET title = EXCLUDED.title, content = EXCLUDED.content, translation = EXCLUDED.translation, jlpt_level = EXCLUDED.jlpt_level, category = EXCLUDED.category, difficulty = EXCLUDED.difficulty, word_count = EXCLUDED.word_count, is_active = EXCLUDED.is_active, is_deleted = EXCLUDED.is_deleted, updated_at = NOW(), updated_by = 'system';
INSERT INTO reading_passages (id, user_id, is_system, is_public, title, content, translation, jlpt_level, category, difficulty, word_count, tenant_id, is_active, is_deleted, created_at, created_by) VALUES (81109005, NULL, TRUE, TRUE, '新商品開発 — チェックリスト 5', 'これは 新商品開発 の チェックリスト です。Vocab meeting + ~はいかがでしょうか + 官能評価 + shihin sekkei に関する内容を含みます。実習生が業務中に必要な情報をまとめています。詳細は工場のマニュアルを参照してください。', 'Đây là Danh mục kiểm tra của T9. Triển khai sản phẩm mới. Bao gồm nội dung liên quan đến Vocab meeting + ~はいかがでしょうか + 官能評価 + shihin sekkei. Tổng hợp thông tin thực tập sinh cần biết khi làm việc. Chi tiết xem sổ tay nhà máy.', 'N4', 'notice', 4, 150, 'system', TRUE, FALSE, NOW(), 'system') ON CONFLICT (id) DO UPDATE SET title = EXCLUDED.title, content = EXCLUDED.content, translation = EXCLUDED.translation, jlpt_level = EXCLUDED.jlpt_level, category = EXCLUDED.category, difficulty = EXCLUDED.difficulty, word_count = EXCLUDED.word_count, is_active = EXCLUDED.is_active, is_deleted = EXCLUDED.is_deleted, updated_at = NOW(), updated_by = 'system';

INSERT INTO questions (id, user_id, is_system, is_khoa_cu, question_type, content_type, level, selection_type, question, passage, passage_translation, general_explanation, skill_category, base_difficulty, tenant_id, is_active, is_deleted, created_at, created_by) VALUES (811920001, NULL, TRUE, FALSE, 'reading', 'jisshusei_mogishiken_t09_shihin_kaihatsu', 'N4', 'single', 'この プロセスシート の主旨は何ですか? (Q1)

Ý chính của Bảng quy trình này là gì? (Q1)', '81109001', NULL, 'プロセスシート chứa thông tin về Vocab meeting + ~はいかがでしょうか + 官能評価 + shihin sekkei.', 'dokkai', 1, 'system', TRUE, FALSE, NOW(), 'system') ON CONFLICT (id) DO UPDATE SET question_type = EXCLUDED.question_type, content_type = EXCLUDED.content_type, level = EXCLUDED.level, question = EXCLUDED.question, passage = EXCLUDED.passage, passage_translation = EXCLUDED.passage_translation, general_explanation = EXCLUDED.general_explanation, skill_category = EXCLUDED.skill_category, is_active = EXCLUDED.is_active, is_deleted = EXCLUDED.is_deleted, updated_at = NOW(), updated_by = 'system';
DELETE FROM questions_answers WHERE question_id = 811920001;
INSERT INTO questions_answers (question_id, sentence, sentence_translation, is_correct, "order") VALUES (811920001, 'Vocab meeting + ~はいかがでしょうか + 官能評価 + shihに関する情報', 'Thông tin liên quan đến Vocab meeting + ~はいかがでしょうか + 官能評価 + shih', TRUE, 1);
INSERT INTO questions_answers (question_id, sentence, sentence_translation, is_correct, "order") VALUES (811920001, '工場の歴史', 'Lịch sử nhà máy', FALSE, 2);
INSERT INTO questions_answers (question_id, sentence, sentence_translation, is_correct, "order") VALUES (811920001, '社員の名前リスト', 'Danh sách tên nhân viên', FALSE, 3);
INSERT INTO questions_answers (question_id, sentence, sentence_translation, is_correct, "order") VALUES (811920001, '設備の値段', 'Giá thiết bị', FALSE, 4);
INSERT INTO questions (id, user_id, is_system, is_khoa_cu, question_type, content_type, level, selection_type, question, passage, passage_translation, general_explanation, skill_category, base_difficulty, tenant_id, is_active, is_deleted, created_at, created_by) VALUES (811920002, NULL, TRUE, FALSE, 'reading', 'jisshusei_mogishiken_t09_shihin_kaihatsu', 'N4', 'single', 'この プロセスシート の主旨は何ですか? (Q2)

Ý chính của Bảng quy trình này là gì? (Q2)', '81109001', NULL, 'プロセスシート chứa thông tin về Vocab meeting + ~はいかがでしょうか + 官能評価 + shihin sekkei.', 'dokkai', 1, 'system', TRUE, FALSE, NOW(), 'system') ON CONFLICT (id) DO UPDATE SET question_type = EXCLUDED.question_type, content_type = EXCLUDED.content_type, level = EXCLUDED.level, question = EXCLUDED.question, passage = EXCLUDED.passage, passage_translation = EXCLUDED.passage_translation, general_explanation = EXCLUDED.general_explanation, skill_category = EXCLUDED.skill_category, is_active = EXCLUDED.is_active, is_deleted = EXCLUDED.is_deleted, updated_at = NOW(), updated_by = 'system';
DELETE FROM questions_answers WHERE question_id = 811920002;
INSERT INTO questions_answers (question_id, sentence, sentence_translation, is_correct, "order") VALUES (811920002, 'Vocab meeting + ~はいかがでしょうか + 官能評価 + shihに関する情報', 'Thông tin liên quan đến Vocab meeting + ~はいかがでしょうか + 官能評価 + shih', TRUE, 1);
INSERT INTO questions_answers (question_id, sentence, sentence_translation, is_correct, "order") VALUES (811920002, '工場の歴史', 'Lịch sử nhà máy', FALSE, 2);
INSERT INTO questions_answers (question_id, sentence, sentence_translation, is_correct, "order") VALUES (811920002, '社員の名前リスト', 'Danh sách tên nhân viên', FALSE, 3);
INSERT INTO questions_answers (question_id, sentence, sentence_translation, is_correct, "order") VALUES (811920002, '設備の値段', 'Giá thiết bị', FALSE, 4);
INSERT INTO questions (id, user_id, is_system, is_khoa_cu, question_type, content_type, level, selection_type, question, passage, passage_translation, general_explanation, skill_category, base_difficulty, tenant_id, is_active, is_deleted, created_at, created_by) VALUES (811920003, NULL, TRUE, FALSE, 'reading', 'jisshusei_mogishiken_t09_shihin_kaihatsu', 'N4', 'single', 'この プロセスシート の主旨は何ですか? (Q3)

Ý chính của Bảng quy trình này là gì? (Q3)', '81109001', NULL, 'プロセスシート chứa thông tin về Vocab meeting + ~はいかがでしょうか + 官能評価 + shihin sekkei.', 'dokkai', 1, 'system', TRUE, FALSE, NOW(), 'system') ON CONFLICT (id) DO UPDATE SET question_type = EXCLUDED.question_type, content_type = EXCLUDED.content_type, level = EXCLUDED.level, question = EXCLUDED.question, passage = EXCLUDED.passage, passage_translation = EXCLUDED.passage_translation, general_explanation = EXCLUDED.general_explanation, skill_category = EXCLUDED.skill_category, is_active = EXCLUDED.is_active, is_deleted = EXCLUDED.is_deleted, updated_at = NOW(), updated_by = 'system';
DELETE FROM questions_answers WHERE question_id = 811920003;
INSERT INTO questions_answers (question_id, sentence, sentence_translation, is_correct, "order") VALUES (811920003, 'Vocab meeting + ~はいかがでしょうか + 官能評価 + shihに関する情報', 'Thông tin liên quan đến Vocab meeting + ~はいかがでしょうか + 官能評価 + shih', TRUE, 1);
INSERT INTO questions_answers (question_id, sentence, sentence_translation, is_correct, "order") VALUES (811920003, '工場の歴史', 'Lịch sử nhà máy', FALSE, 2);
INSERT INTO questions_answers (question_id, sentence, sentence_translation, is_correct, "order") VALUES (811920003, '社員の名前リスト', 'Danh sách tên nhân viên', FALSE, 3);
INSERT INTO questions_answers (question_id, sentence, sentence_translation, is_correct, "order") VALUES (811920003, '設備の値段', 'Giá thiết bị', FALSE, 4);
INSERT INTO questions (id, user_id, is_system, is_khoa_cu, question_type, content_type, level, selection_type, question, passage, passage_translation, general_explanation, skill_category, base_difficulty, tenant_id, is_active, is_deleted, created_at, created_by) VALUES (811920004, NULL, TRUE, FALSE, 'reading', 'jisshusei_mogishiken_t09_shihin_kaihatsu', 'N4', 'single', 'この プロセスシート の主旨は何ですか? (Q4)

Ý chính của Bảng quy trình này là gì? (Q4)', '81109001', NULL, 'プロセスシート chứa thông tin về Vocab meeting + ~はいかがでしょうか + 官能評価 + shihin sekkei.', 'dokkai', 1, 'system', TRUE, FALSE, NOW(), 'system') ON CONFLICT (id) DO UPDATE SET question_type = EXCLUDED.question_type, content_type = EXCLUDED.content_type, level = EXCLUDED.level, question = EXCLUDED.question, passage = EXCLUDED.passage, passage_translation = EXCLUDED.passage_translation, general_explanation = EXCLUDED.general_explanation, skill_category = EXCLUDED.skill_category, is_active = EXCLUDED.is_active, is_deleted = EXCLUDED.is_deleted, updated_at = NOW(), updated_by = 'system';
DELETE FROM questions_answers WHERE question_id = 811920004;
INSERT INTO questions_answers (question_id, sentence, sentence_translation, is_correct, "order") VALUES (811920004, 'Vocab meeting + ~はいかがでしょうか + 官能評価 + shihに関する情報', 'Thông tin liên quan đến Vocab meeting + ~はいかがでしょうか + 官能評価 + shih', TRUE, 1);
INSERT INTO questions_answers (question_id, sentence, sentence_translation, is_correct, "order") VALUES (811920004, '工場の歴史', 'Lịch sử nhà máy', FALSE, 2);
INSERT INTO questions_answers (question_id, sentence, sentence_translation, is_correct, "order") VALUES (811920004, '社員の名前リスト', 'Danh sách tên nhân viên', FALSE, 3);
INSERT INTO questions_answers (question_id, sentence, sentence_translation, is_correct, "order") VALUES (811920004, '設備の値段', 'Giá thiết bị', FALSE, 4);
INSERT INTO questions (id, user_id, is_system, is_khoa_cu, question_type, content_type, level, selection_type, question, passage, passage_translation, general_explanation, skill_category, base_difficulty, tenant_id, is_active, is_deleted, created_at, created_by) VALUES (811920005, NULL, TRUE, FALSE, 'reading', 'jisshusei_mogishiken_t09_shihin_kaihatsu', 'N4', 'single', 'この マニュアル の主旨は何ですか? (Q1)

Ý chính của Sổ tay hướng dẫn này là gì? (Q1)', '81109002', NULL, 'マニュアル chứa thông tin về Vocab meeting + ~はいかがでしょうか + 官能評価 + shihin sekkei.', 'dokkai', 1, 'system', TRUE, FALSE, NOW(), 'system') ON CONFLICT (id) DO UPDATE SET question_type = EXCLUDED.question_type, content_type = EXCLUDED.content_type, level = EXCLUDED.level, question = EXCLUDED.question, passage = EXCLUDED.passage, passage_translation = EXCLUDED.passage_translation, general_explanation = EXCLUDED.general_explanation, skill_category = EXCLUDED.skill_category, is_active = EXCLUDED.is_active, is_deleted = EXCLUDED.is_deleted, updated_at = NOW(), updated_by = 'system';
DELETE FROM questions_answers WHERE question_id = 811920005;
INSERT INTO questions_answers (question_id, sentence, sentence_translation, is_correct, "order") VALUES (811920005, 'Vocab meeting + ~はいかがでしょうか + 官能評価 + shihに関する情報', 'Thông tin liên quan đến Vocab meeting + ~はいかがでしょうか + 官能評価 + shih', TRUE, 1);
INSERT INTO questions_answers (question_id, sentence, sentence_translation, is_correct, "order") VALUES (811920005, '工場の歴史', 'Lịch sử nhà máy', FALSE, 2);
INSERT INTO questions_answers (question_id, sentence, sentence_translation, is_correct, "order") VALUES (811920005, '社員の名前リスト', 'Danh sách tên nhân viên', FALSE, 3);
INSERT INTO questions_answers (question_id, sentence, sentence_translation, is_correct, "order") VALUES (811920005, '設備の値段', 'Giá thiết bị', FALSE, 4);
INSERT INTO questions (id, user_id, is_system, is_khoa_cu, question_type, content_type, level, selection_type, question, passage, passage_translation, general_explanation, skill_category, base_difficulty, tenant_id, is_active, is_deleted, created_at, created_by) VALUES (811920006, NULL, TRUE, FALSE, 'reading', 'jisshusei_mogishiken_t09_shihin_kaihatsu', 'N4', 'single', 'この マニュアル の主旨は何ですか? (Q2)

Ý chính của Sổ tay hướng dẫn này là gì? (Q2)', '81109002', NULL, 'マニュアル chứa thông tin về Vocab meeting + ~はいかがでしょうか + 官能評価 + shihin sekkei.', 'dokkai', 1, 'system', TRUE, FALSE, NOW(), 'system') ON CONFLICT (id) DO UPDATE SET question_type = EXCLUDED.question_type, content_type = EXCLUDED.content_type, level = EXCLUDED.level, question = EXCLUDED.question, passage = EXCLUDED.passage, passage_translation = EXCLUDED.passage_translation, general_explanation = EXCLUDED.general_explanation, skill_category = EXCLUDED.skill_category, is_active = EXCLUDED.is_active, is_deleted = EXCLUDED.is_deleted, updated_at = NOW(), updated_by = 'system';
DELETE FROM questions_answers WHERE question_id = 811920006;
INSERT INTO questions_answers (question_id, sentence, sentence_translation, is_correct, "order") VALUES (811920006, 'Vocab meeting + ~はいかがでしょうか + 官能評価 + shihに関する情報', 'Thông tin liên quan đến Vocab meeting + ~はいかがでしょうか + 官能評価 + shih', TRUE, 1);
INSERT INTO questions_answers (question_id, sentence, sentence_translation, is_correct, "order") VALUES (811920006, '工場の歴史', 'Lịch sử nhà máy', FALSE, 2);
INSERT INTO questions_answers (question_id, sentence, sentence_translation, is_correct, "order") VALUES (811920006, '社員の名前リスト', 'Danh sách tên nhân viên', FALSE, 3);
INSERT INTO questions_answers (question_id, sentence, sentence_translation, is_correct, "order") VALUES (811920006, '設備の値段', 'Giá thiết bị', FALSE, 4);
INSERT INTO questions (id, user_id, is_system, is_khoa_cu, question_type, content_type, level, selection_type, question, passage, passage_translation, general_explanation, skill_category, base_difficulty, tenant_id, is_active, is_deleted, created_at, created_by) VALUES (811920007, NULL, TRUE, FALSE, 'reading', 'jisshusei_mogishiken_t09_shihin_kaihatsu', 'N4', 'single', 'この マニュアル の主旨は何ですか? (Q3)

Ý chính của Sổ tay hướng dẫn này là gì? (Q3)', '81109002', NULL, 'マニュアル chứa thông tin về Vocab meeting + ~はいかがでしょうか + 官能評価 + shihin sekkei.', 'dokkai', 1, 'system', TRUE, FALSE, NOW(), 'system') ON CONFLICT (id) DO UPDATE SET question_type = EXCLUDED.question_type, content_type = EXCLUDED.content_type, level = EXCLUDED.level, question = EXCLUDED.question, passage = EXCLUDED.passage, passage_translation = EXCLUDED.passage_translation, general_explanation = EXCLUDED.general_explanation, skill_category = EXCLUDED.skill_category, is_active = EXCLUDED.is_active, is_deleted = EXCLUDED.is_deleted, updated_at = NOW(), updated_by = 'system';
DELETE FROM questions_answers WHERE question_id = 811920007;
INSERT INTO questions_answers (question_id, sentence, sentence_translation, is_correct, "order") VALUES (811920007, 'Vocab meeting + ~はいかがでしょうか + 官能評価 + shihに関する情報', 'Thông tin liên quan đến Vocab meeting + ~はいかがでしょうか + 官能評価 + shih', TRUE, 1);
INSERT INTO questions_answers (question_id, sentence, sentence_translation, is_correct, "order") VALUES (811920007, '工場の歴史', 'Lịch sử nhà máy', FALSE, 2);
INSERT INTO questions_answers (question_id, sentence, sentence_translation, is_correct, "order") VALUES (811920007, '社員の名前リスト', 'Danh sách tên nhân viên', FALSE, 3);
INSERT INTO questions_answers (question_id, sentence, sentence_translation, is_correct, "order") VALUES (811920007, '設備の値段', 'Giá thiết bị', FALSE, 4);
INSERT INTO questions (id, user_id, is_system, is_khoa_cu, question_type, content_type, level, selection_type, question, passage, passage_translation, general_explanation, skill_category, base_difficulty, tenant_id, is_active, is_deleted, created_at, created_by) VALUES (811920008, NULL, TRUE, FALSE, 'reading', 'jisshusei_mogishiken_t09_shihin_kaihatsu', 'N4', 'single', 'この マニュアル の主旨は何ですか? (Q4)

Ý chính của Sổ tay hướng dẫn này là gì? (Q4)', '81109002', NULL, 'マニュアル chứa thông tin về Vocab meeting + ~はいかがでしょうか + 官能評価 + shihin sekkei.', 'dokkai', 1, 'system', TRUE, FALSE, NOW(), 'system') ON CONFLICT (id) DO UPDATE SET question_type = EXCLUDED.question_type, content_type = EXCLUDED.content_type, level = EXCLUDED.level, question = EXCLUDED.question, passage = EXCLUDED.passage, passage_translation = EXCLUDED.passage_translation, general_explanation = EXCLUDED.general_explanation, skill_category = EXCLUDED.skill_category, is_active = EXCLUDED.is_active, is_deleted = EXCLUDED.is_deleted, updated_at = NOW(), updated_by = 'system';
DELETE FROM questions_answers WHERE question_id = 811920008;
INSERT INTO questions_answers (question_id, sentence, sentence_translation, is_correct, "order") VALUES (811920008, 'Vocab meeting + ~はいかがでしょうか + 官能評価 + shihに関する情報', 'Thông tin liên quan đến Vocab meeting + ~はいかがでしょうか + 官能評価 + shih', TRUE, 1);
INSERT INTO questions_answers (question_id, sentence, sentence_translation, is_correct, "order") VALUES (811920008, '工場の歴史', 'Lịch sử nhà máy', FALSE, 2);
INSERT INTO questions_answers (question_id, sentence, sentence_translation, is_correct, "order") VALUES (811920008, '社員の名前リスト', 'Danh sách tên nhân viên', FALSE, 3);
INSERT INTO questions_answers (question_id, sentence, sentence_translation, is_correct, "order") VALUES (811920008, '設備の値段', 'Giá thiết bị', FALSE, 4);
INSERT INTO questions (id, user_id, is_system, is_khoa_cu, question_type, content_type, level, selection_type, question, passage, passage_translation, general_explanation, skill_category, base_difficulty, tenant_id, is_active, is_deleted, created_at, created_by) VALUES (811920009, NULL, TRUE, FALSE, 'reading', 'jisshusei_mogishiken_t09_shihin_kaihatsu', 'N4', 'single', 'この 報告書 の主旨は何ですか? (Q1)

Ý chính của Báo cáo này là gì? (Q1)', '81109003', NULL, '報告書 chứa thông tin về Vocab meeting + ~はいかがでしょうか + 官能評価 + shihin sekkei.', 'dokkai', 1, 'system', TRUE, FALSE, NOW(), 'system') ON CONFLICT (id) DO UPDATE SET question_type = EXCLUDED.question_type, content_type = EXCLUDED.content_type, level = EXCLUDED.level, question = EXCLUDED.question, passage = EXCLUDED.passage, passage_translation = EXCLUDED.passage_translation, general_explanation = EXCLUDED.general_explanation, skill_category = EXCLUDED.skill_category, is_active = EXCLUDED.is_active, is_deleted = EXCLUDED.is_deleted, updated_at = NOW(), updated_by = 'system';
DELETE FROM questions_answers WHERE question_id = 811920009;
INSERT INTO questions_answers (question_id, sentence, sentence_translation, is_correct, "order") VALUES (811920009, 'Vocab meeting + ~はいかがでしょうか + 官能評価 + shihに関する情報', 'Thông tin liên quan đến Vocab meeting + ~はいかがでしょうか + 官能評価 + shih', TRUE, 1);
INSERT INTO questions_answers (question_id, sentence, sentence_translation, is_correct, "order") VALUES (811920009, '工場の歴史', 'Lịch sử nhà máy', FALSE, 2);
INSERT INTO questions_answers (question_id, sentence, sentence_translation, is_correct, "order") VALUES (811920009, '社員の名前リスト', 'Danh sách tên nhân viên', FALSE, 3);
INSERT INTO questions_answers (question_id, sentence, sentence_translation, is_correct, "order") VALUES (811920009, '設備の値段', 'Giá thiết bị', FALSE, 4);
INSERT INTO questions (id, user_id, is_system, is_khoa_cu, question_type, content_type, level, selection_type, question, passage, passage_translation, general_explanation, skill_category, base_difficulty, tenant_id, is_active, is_deleted, created_at, created_by) VALUES (811920010, NULL, TRUE, FALSE, 'reading', 'jisshusei_mogishiken_t09_shihin_kaihatsu', 'N4', 'single', 'この 報告書 の主旨は何ですか? (Q2)

Ý chính của Báo cáo này là gì? (Q2)', '81109003', NULL, '報告書 chứa thông tin về Vocab meeting + ~はいかがでしょうか + 官能評価 + shihin sekkei.', 'dokkai', 1, 'system', TRUE, FALSE, NOW(), 'system') ON CONFLICT (id) DO UPDATE SET question_type = EXCLUDED.question_type, content_type = EXCLUDED.content_type, level = EXCLUDED.level, question = EXCLUDED.question, passage = EXCLUDED.passage, passage_translation = EXCLUDED.passage_translation, general_explanation = EXCLUDED.general_explanation, skill_category = EXCLUDED.skill_category, is_active = EXCLUDED.is_active, is_deleted = EXCLUDED.is_deleted, updated_at = NOW(), updated_by = 'system';
DELETE FROM questions_answers WHERE question_id = 811920010;
INSERT INTO questions_answers (question_id, sentence, sentence_translation, is_correct, "order") VALUES (811920010, 'Vocab meeting + ~はいかがでしょうか + 官能評価 + shihに関する情報', 'Thông tin liên quan đến Vocab meeting + ~はいかがでしょうか + 官能評価 + shih', TRUE, 1);
INSERT INTO questions_answers (question_id, sentence, sentence_translation, is_correct, "order") VALUES (811920010, '工場の歴史', 'Lịch sử nhà máy', FALSE, 2);
INSERT INTO questions_answers (question_id, sentence, sentence_translation, is_correct, "order") VALUES (811920010, '社員の名前リスト', 'Danh sách tên nhân viên', FALSE, 3);
INSERT INTO questions_answers (question_id, sentence, sentence_translation, is_correct, "order") VALUES (811920010, '設備の値段', 'Giá thiết bị', FALSE, 4);
INSERT INTO questions (id, user_id, is_system, is_khoa_cu, question_type, content_type, level, selection_type, question, passage, passage_translation, general_explanation, skill_category, base_difficulty, tenant_id, is_active, is_deleted, created_at, created_by) VALUES (811920011, NULL, TRUE, FALSE, 'reading', 'jisshusei_mogishiken_t09_shihin_kaihatsu', 'N4', 'single', 'この 報告書 の主旨は何ですか? (Q3)

Ý chính của Báo cáo này là gì? (Q3)', '81109003', NULL, '報告書 chứa thông tin về Vocab meeting + ~はいかがでしょうか + 官能評価 + shihin sekkei.', 'dokkai', 1, 'system', TRUE, FALSE, NOW(), 'system') ON CONFLICT (id) DO UPDATE SET question_type = EXCLUDED.question_type, content_type = EXCLUDED.content_type, level = EXCLUDED.level, question = EXCLUDED.question, passage = EXCLUDED.passage, passage_translation = EXCLUDED.passage_translation, general_explanation = EXCLUDED.general_explanation, skill_category = EXCLUDED.skill_category, is_active = EXCLUDED.is_active, is_deleted = EXCLUDED.is_deleted, updated_at = NOW(), updated_by = 'system';
DELETE FROM questions_answers WHERE question_id = 811920011;
INSERT INTO questions_answers (question_id, sentence, sentence_translation, is_correct, "order") VALUES (811920011, 'Vocab meeting + ~はいかがでしょうか + 官能評価 + shihに関する情報', 'Thông tin liên quan đến Vocab meeting + ~はいかがでしょうか + 官能評価 + shih', TRUE, 1);
INSERT INTO questions_answers (question_id, sentence, sentence_translation, is_correct, "order") VALUES (811920011, '工場の歴史', 'Lịch sử nhà máy', FALSE, 2);
INSERT INTO questions_answers (question_id, sentence, sentence_translation, is_correct, "order") VALUES (811920011, '社員の名前リスト', 'Danh sách tên nhân viên', FALSE, 3);
INSERT INTO questions_answers (question_id, sentence, sentence_translation, is_correct, "order") VALUES (811920011, '設備の値段', 'Giá thiết bị', FALSE, 4);
INSERT INTO questions (id, user_id, is_system, is_khoa_cu, question_type, content_type, level, selection_type, question, passage, passage_translation, general_explanation, skill_category, base_difficulty, tenant_id, is_active, is_deleted, created_at, created_by) VALUES (811920012, NULL, TRUE, FALSE, 'reading', 'jisshusei_mogishiken_t09_shihin_kaihatsu', 'N4', 'single', 'この 報告書 の主旨は何ですか? (Q4)

Ý chính của Báo cáo này là gì? (Q4)', '81109003', NULL, '報告書 chứa thông tin về Vocab meeting + ~はいかがでしょうか + 官能評価 + shihin sekkei.', 'dokkai', 1, 'system', TRUE, FALSE, NOW(), 'system') ON CONFLICT (id) DO UPDATE SET question_type = EXCLUDED.question_type, content_type = EXCLUDED.content_type, level = EXCLUDED.level, question = EXCLUDED.question, passage = EXCLUDED.passage, passage_translation = EXCLUDED.passage_translation, general_explanation = EXCLUDED.general_explanation, skill_category = EXCLUDED.skill_category, is_active = EXCLUDED.is_active, is_deleted = EXCLUDED.is_deleted, updated_at = NOW(), updated_by = 'system';
DELETE FROM questions_answers WHERE question_id = 811920012;
INSERT INTO questions_answers (question_id, sentence, sentence_translation, is_correct, "order") VALUES (811920012, 'Vocab meeting + ~はいかがでしょうか + 官能評価 + shihに関する情報', 'Thông tin liên quan đến Vocab meeting + ~はいかがでしょうか + 官能評価 + shih', TRUE, 1);
INSERT INTO questions_answers (question_id, sentence, sentence_translation, is_correct, "order") VALUES (811920012, '工場の歴史', 'Lịch sử nhà máy', FALSE, 2);
INSERT INTO questions_answers (question_id, sentence, sentence_translation, is_correct, "order") VALUES (811920012, '社員の名前リスト', 'Danh sách tên nhân viên', FALSE, 3);
INSERT INTO questions_answers (question_id, sentence, sentence_translation, is_correct, "order") VALUES (811920012, '設備の値段', 'Giá thiết bị', FALSE, 4);
INSERT INTO questions (id, user_id, is_system, is_khoa_cu, question_type, content_type, level, selection_type, question, passage, passage_translation, general_explanation, skill_category, base_difficulty, tenant_id, is_active, is_deleted, created_at, created_by) VALUES (811920013, NULL, TRUE, FALSE, 'reading', 'jisshusei_mogishiken_t09_shihin_kaihatsu', 'N4', 'single', 'この 通知 の主旨は何ですか? (Q1)

Ý chính của Thông báo này là gì? (Q1)', '81109004', NULL, '通知 chứa thông tin về Vocab meeting + ~はいかがでしょうか + 官能評価 + shihin sekkei.', 'dokkai', 1, 'system', TRUE, FALSE, NOW(), 'system') ON CONFLICT (id) DO UPDATE SET question_type = EXCLUDED.question_type, content_type = EXCLUDED.content_type, level = EXCLUDED.level, question = EXCLUDED.question, passage = EXCLUDED.passage, passage_translation = EXCLUDED.passage_translation, general_explanation = EXCLUDED.general_explanation, skill_category = EXCLUDED.skill_category, is_active = EXCLUDED.is_active, is_deleted = EXCLUDED.is_deleted, updated_at = NOW(), updated_by = 'system';
DELETE FROM questions_answers WHERE question_id = 811920013;
INSERT INTO questions_answers (question_id, sentence, sentence_translation, is_correct, "order") VALUES (811920013, 'Vocab meeting + ~はいかがでしょうか + 官能評価 + shihに関する情報', 'Thông tin liên quan đến Vocab meeting + ~はいかがでしょうか + 官能評価 + shih', TRUE, 1);
INSERT INTO questions_answers (question_id, sentence, sentence_translation, is_correct, "order") VALUES (811920013, '工場の歴史', 'Lịch sử nhà máy', FALSE, 2);
INSERT INTO questions_answers (question_id, sentence, sentence_translation, is_correct, "order") VALUES (811920013, '社員の名前リスト', 'Danh sách tên nhân viên', FALSE, 3);
INSERT INTO questions_answers (question_id, sentence, sentence_translation, is_correct, "order") VALUES (811920013, '設備の値段', 'Giá thiết bị', FALSE, 4);
INSERT INTO questions (id, user_id, is_system, is_khoa_cu, question_type, content_type, level, selection_type, question, passage, passage_translation, general_explanation, skill_category, base_difficulty, tenant_id, is_active, is_deleted, created_at, created_by) VALUES (811920014, NULL, TRUE, FALSE, 'reading', 'jisshusei_mogishiken_t09_shihin_kaihatsu', 'N4', 'single', 'この 通知 の主旨は何ですか? (Q2)

Ý chính của Thông báo này là gì? (Q2)', '81109004', NULL, '通知 chứa thông tin về Vocab meeting + ~はいかがでしょうか + 官能評価 + shihin sekkei.', 'dokkai', 1, 'system', TRUE, FALSE, NOW(), 'system') ON CONFLICT (id) DO UPDATE SET question_type = EXCLUDED.question_type, content_type = EXCLUDED.content_type, level = EXCLUDED.level, question = EXCLUDED.question, passage = EXCLUDED.passage, passage_translation = EXCLUDED.passage_translation, general_explanation = EXCLUDED.general_explanation, skill_category = EXCLUDED.skill_category, is_active = EXCLUDED.is_active, is_deleted = EXCLUDED.is_deleted, updated_at = NOW(), updated_by = 'system';
DELETE FROM questions_answers WHERE question_id = 811920014;
INSERT INTO questions_answers (question_id, sentence, sentence_translation, is_correct, "order") VALUES (811920014, 'Vocab meeting + ~はいかがでしょうか + 官能評価 + shihに関する情報', 'Thông tin liên quan đến Vocab meeting + ~はいかがでしょうか + 官能評価 + shih', TRUE, 1);
INSERT INTO questions_answers (question_id, sentence, sentence_translation, is_correct, "order") VALUES (811920014, '工場の歴史', 'Lịch sử nhà máy', FALSE, 2);
INSERT INTO questions_answers (question_id, sentence, sentence_translation, is_correct, "order") VALUES (811920014, '社員の名前リスト', 'Danh sách tên nhân viên', FALSE, 3);
INSERT INTO questions_answers (question_id, sentence, sentence_translation, is_correct, "order") VALUES (811920014, '設備の値段', 'Giá thiết bị', FALSE, 4);
INSERT INTO questions (id, user_id, is_system, is_khoa_cu, question_type, content_type, level, selection_type, question, passage, passage_translation, general_explanation, skill_category, base_difficulty, tenant_id, is_active, is_deleted, created_at, created_by) VALUES (811920015, NULL, TRUE, FALSE, 'reading', 'jisshusei_mogishiken_t09_shihin_kaihatsu', 'N4', 'single', 'この 通知 の主旨は何ですか? (Q3)

Ý chính của Thông báo này là gì? (Q3)', '81109004', NULL, '通知 chứa thông tin về Vocab meeting + ~はいかがでしょうか + 官能評価 + shihin sekkei.', 'dokkai', 1, 'system', TRUE, FALSE, NOW(), 'system') ON CONFLICT (id) DO UPDATE SET question_type = EXCLUDED.question_type, content_type = EXCLUDED.content_type, level = EXCLUDED.level, question = EXCLUDED.question, passage = EXCLUDED.passage, passage_translation = EXCLUDED.passage_translation, general_explanation = EXCLUDED.general_explanation, skill_category = EXCLUDED.skill_category, is_active = EXCLUDED.is_active, is_deleted = EXCLUDED.is_deleted, updated_at = NOW(), updated_by = 'system';
DELETE FROM questions_answers WHERE question_id = 811920015;
INSERT INTO questions_answers (question_id, sentence, sentence_translation, is_correct, "order") VALUES (811920015, 'Vocab meeting + ~はいかがでしょうか + 官能評価 + shihに関する情報', 'Thông tin liên quan đến Vocab meeting + ~はいかがでしょうか + 官能評価 + shih', TRUE, 1);
INSERT INTO questions_answers (question_id, sentence, sentence_translation, is_correct, "order") VALUES (811920015, '工場の歴史', 'Lịch sử nhà máy', FALSE, 2);
INSERT INTO questions_answers (question_id, sentence, sentence_translation, is_correct, "order") VALUES (811920015, '社員の名前リスト', 'Danh sách tên nhân viên', FALSE, 3);
INSERT INTO questions_answers (question_id, sentence, sentence_translation, is_correct, "order") VALUES (811920015, '設備の値段', 'Giá thiết bị', FALSE, 4);
INSERT INTO questions (id, user_id, is_system, is_khoa_cu, question_type, content_type, level, selection_type, question, passage, passage_translation, general_explanation, skill_category, base_difficulty, tenant_id, is_active, is_deleted, created_at, created_by) VALUES (811920016, NULL, TRUE, FALSE, 'reading', 'jisshusei_mogishiken_t09_shihin_kaihatsu', 'N4', 'single', 'この 通知 の主旨は何ですか? (Q4)

Ý chính của Thông báo này là gì? (Q4)', '81109004', NULL, '通知 chứa thông tin về Vocab meeting + ~はいかがでしょうか + 官能評価 + shihin sekkei.', 'dokkai', 1, 'system', TRUE, FALSE, NOW(), 'system') ON CONFLICT (id) DO UPDATE SET question_type = EXCLUDED.question_type, content_type = EXCLUDED.content_type, level = EXCLUDED.level, question = EXCLUDED.question, passage = EXCLUDED.passage, passage_translation = EXCLUDED.passage_translation, general_explanation = EXCLUDED.general_explanation, skill_category = EXCLUDED.skill_category, is_active = EXCLUDED.is_active, is_deleted = EXCLUDED.is_deleted, updated_at = NOW(), updated_by = 'system';
DELETE FROM questions_answers WHERE question_id = 811920016;
INSERT INTO questions_answers (question_id, sentence, sentence_translation, is_correct, "order") VALUES (811920016, 'Vocab meeting + ~はいかがでしょうか + 官能評価 + shihに関する情報', 'Thông tin liên quan đến Vocab meeting + ~はいかがでしょうか + 官能評価 + shih', TRUE, 1);
INSERT INTO questions_answers (question_id, sentence, sentence_translation, is_correct, "order") VALUES (811920016, '工場の歴史', 'Lịch sử nhà máy', FALSE, 2);
INSERT INTO questions_answers (question_id, sentence, sentence_translation, is_correct, "order") VALUES (811920016, '社員の名前リスト', 'Danh sách tên nhân viên', FALSE, 3);
INSERT INTO questions_answers (question_id, sentence, sentence_translation, is_correct, "order") VALUES (811920016, '設備の値段', 'Giá thiết bị', FALSE, 4);
INSERT INTO questions (id, user_id, is_system, is_khoa_cu, question_type, content_type, level, selection_type, question, passage, passage_translation, general_explanation, skill_category, base_difficulty, tenant_id, is_active, is_deleted, created_at, created_by) VALUES (811920017, NULL, TRUE, FALSE, 'reading', 'jisshusei_mogishiken_t09_shihin_kaihatsu', 'N4', 'single', 'この チェックリスト の主旨は何ですか? (Q1)

Ý chính của Danh mục kiểm tra này là gì? (Q1)', '81109005', NULL, 'チェックリスト chứa thông tin về Vocab meeting + ~はいかがでしょうか + 官能評価 + shihin sekkei.', 'dokkai', 1, 'system', TRUE, FALSE, NOW(), 'system') ON CONFLICT (id) DO UPDATE SET question_type = EXCLUDED.question_type, content_type = EXCLUDED.content_type, level = EXCLUDED.level, question = EXCLUDED.question, passage = EXCLUDED.passage, passage_translation = EXCLUDED.passage_translation, general_explanation = EXCLUDED.general_explanation, skill_category = EXCLUDED.skill_category, is_active = EXCLUDED.is_active, is_deleted = EXCLUDED.is_deleted, updated_at = NOW(), updated_by = 'system';
DELETE FROM questions_answers WHERE question_id = 811920017;
INSERT INTO questions_answers (question_id, sentence, sentence_translation, is_correct, "order") VALUES (811920017, 'Vocab meeting + ~はいかがでしょうか + 官能評価 + shihに関する情報', 'Thông tin liên quan đến Vocab meeting + ~はいかがでしょうか + 官能評価 + shih', TRUE, 1);
INSERT INTO questions_answers (question_id, sentence, sentence_translation, is_correct, "order") VALUES (811920017, '工場の歴史', 'Lịch sử nhà máy', FALSE, 2);
INSERT INTO questions_answers (question_id, sentence, sentence_translation, is_correct, "order") VALUES (811920017, '社員の名前リスト', 'Danh sách tên nhân viên', FALSE, 3);
INSERT INTO questions_answers (question_id, sentence, sentence_translation, is_correct, "order") VALUES (811920017, '設備の値段', 'Giá thiết bị', FALSE, 4);
INSERT INTO questions (id, user_id, is_system, is_khoa_cu, question_type, content_type, level, selection_type, question, passage, passage_translation, general_explanation, skill_category, base_difficulty, tenant_id, is_active, is_deleted, created_at, created_by) VALUES (811920018, NULL, TRUE, FALSE, 'reading', 'jisshusei_mogishiken_t09_shihin_kaihatsu', 'N4', 'single', 'この チェックリスト の主旨は何ですか? (Q2)

Ý chính của Danh mục kiểm tra này là gì? (Q2)', '81109005', NULL, 'チェックリスト chứa thông tin về Vocab meeting + ~はいかがでしょうか + 官能評価 + shihin sekkei.', 'dokkai', 1, 'system', TRUE, FALSE, NOW(), 'system') ON CONFLICT (id) DO UPDATE SET question_type = EXCLUDED.question_type, content_type = EXCLUDED.content_type, level = EXCLUDED.level, question = EXCLUDED.question, passage = EXCLUDED.passage, passage_translation = EXCLUDED.passage_translation, general_explanation = EXCLUDED.general_explanation, skill_category = EXCLUDED.skill_category, is_active = EXCLUDED.is_active, is_deleted = EXCLUDED.is_deleted, updated_at = NOW(), updated_by = 'system';
DELETE FROM questions_answers WHERE question_id = 811920018;
INSERT INTO questions_answers (question_id, sentence, sentence_translation, is_correct, "order") VALUES (811920018, 'Vocab meeting + ~はいかがでしょうか + 官能評価 + shihに関する情報', 'Thông tin liên quan đến Vocab meeting + ~はいかがでしょうか + 官能評価 + shih', TRUE, 1);
INSERT INTO questions_answers (question_id, sentence, sentence_translation, is_correct, "order") VALUES (811920018, '工場の歴史', 'Lịch sử nhà máy', FALSE, 2);
INSERT INTO questions_answers (question_id, sentence, sentence_translation, is_correct, "order") VALUES (811920018, '社員の名前リスト', 'Danh sách tên nhân viên', FALSE, 3);
INSERT INTO questions_answers (question_id, sentence, sentence_translation, is_correct, "order") VALUES (811920018, '設備の値段', 'Giá thiết bị', FALSE, 4);
INSERT INTO questions (id, user_id, is_system, is_khoa_cu, question_type, content_type, level, selection_type, question, passage, passage_translation, general_explanation, skill_category, base_difficulty, tenant_id, is_active, is_deleted, created_at, created_by) VALUES (811920019, NULL, TRUE, FALSE, 'reading', 'jisshusei_mogishiken_t09_shihin_kaihatsu', 'N4', 'single', 'この チェックリスト の主旨は何ですか? (Q3)

Ý chính của Danh mục kiểm tra này là gì? (Q3)', '81109005', NULL, 'チェックリスト chứa thông tin về Vocab meeting + ~はいかがでしょうか + 官能評価 + shihin sekkei.', 'dokkai', 1, 'system', TRUE, FALSE, NOW(), 'system') ON CONFLICT (id) DO UPDATE SET question_type = EXCLUDED.question_type, content_type = EXCLUDED.content_type, level = EXCLUDED.level, question = EXCLUDED.question, passage = EXCLUDED.passage, passage_translation = EXCLUDED.passage_translation, general_explanation = EXCLUDED.general_explanation, skill_category = EXCLUDED.skill_category, is_active = EXCLUDED.is_active, is_deleted = EXCLUDED.is_deleted, updated_at = NOW(), updated_by = 'system';
DELETE FROM questions_answers WHERE question_id = 811920019;
INSERT INTO questions_answers (question_id, sentence, sentence_translation, is_correct, "order") VALUES (811920019, 'Vocab meeting + ~はいかがでしょうか + 官能評価 + shihに関する情報', 'Thông tin liên quan đến Vocab meeting + ~はいかがでしょうか + 官能評価 + shih', TRUE, 1);
INSERT INTO questions_answers (question_id, sentence, sentence_translation, is_correct, "order") VALUES (811920019, '工場の歴史', 'Lịch sử nhà máy', FALSE, 2);
INSERT INTO questions_answers (question_id, sentence, sentence_translation, is_correct, "order") VALUES (811920019, '社員の名前リスト', 'Danh sách tên nhân viên', FALSE, 3);
INSERT INTO questions_answers (question_id, sentence, sentence_translation, is_correct, "order") VALUES (811920019, '設備の値段', 'Giá thiết bị', FALSE, 4);
INSERT INTO questions (id, user_id, is_system, is_khoa_cu, question_type, content_type, level, selection_type, question, passage, passage_translation, general_explanation, skill_category, base_difficulty, tenant_id, is_active, is_deleted, created_at, created_by) VALUES (811920020, NULL, TRUE, FALSE, 'reading', 'jisshusei_mogishiken_t09_shihin_kaihatsu', 'N4', 'single', 'この チェックリスト の主旨は何ですか? (Q4)

Ý chính của Danh mục kiểm tra này là gì? (Q4)', '81109005', NULL, 'チェックリスト chứa thông tin về Vocab meeting + ~はいかがでしょうか + 官能評価 + shihin sekkei.', 'dokkai', 1, 'system', TRUE, FALSE, NOW(), 'system') ON CONFLICT (id) DO UPDATE SET question_type = EXCLUDED.question_type, content_type = EXCLUDED.content_type, level = EXCLUDED.level, question = EXCLUDED.question, passage = EXCLUDED.passage, passage_translation = EXCLUDED.passage_translation, general_explanation = EXCLUDED.general_explanation, skill_category = EXCLUDED.skill_category, is_active = EXCLUDED.is_active, is_deleted = EXCLUDED.is_deleted, updated_at = NOW(), updated_by = 'system';
DELETE FROM questions_answers WHERE question_id = 811920020;
INSERT INTO questions_answers (question_id, sentence, sentence_translation, is_correct, "order") VALUES (811920020, 'Vocab meeting + ~はいかがでしょうか + 官能評価 + shihに関する情報', 'Thông tin liên quan đến Vocab meeting + ~はいかがでしょうか + 官能評価 + shih', TRUE, 1);
INSERT INTO questions_answers (question_id, sentence, sentence_translation, is_correct, "order") VALUES (811920020, '工場の歴史', 'Lịch sử nhà máy', FALSE, 2);
INSERT INTO questions_answers (question_id, sentence, sentence_translation, is_correct, "order") VALUES (811920020, '社員の名前リスト', 'Danh sách tên nhân viên', FALSE, 3);
INSERT INTO questions_answers (question_id, sentence, sentence_translation, is_correct, "order") VALUES (811920020, '設備の値段', 'Giá thiết bị', FALSE, 4);

INSERT INTO study_question_sets (id, name, description, set_type, card_count, tenant_id, is_active, is_deleted, created_at, created_by) VALUES (8110921, 'T9. Triển khai sản phẩm mới — Reading Section 1: Bảng quy trình', 'Đọc hiểu Bảng quy trình', 'reading', 4, 'system', TRUE, FALSE, NOW(), 'system') ON CONFLICT (id) DO UPDATE SET name = EXCLUDED.name, description = EXCLUDED.description, set_type = EXCLUDED.set_type, card_count = EXCLUDED.card_count, is_active = EXCLUDED.is_active, is_deleted = EXCLUDED.is_deleted, updated_at = NOW(), updated_by = 'system';
INSERT INTO study_question_set_questions (study_question_set_id, question_id, order_index, tenant_id, is_deleted, created_at, created_by) VALUES (8110921, 811920001, 1, 'system', FALSE, NOW(), 'system') ON CONFLICT (study_question_set_id, question_id) DO UPDATE SET order_index = EXCLUDED.order_index, is_deleted = FALSE;
INSERT INTO study_question_set_questions (study_question_set_id, question_id, order_index, tenant_id, is_deleted, created_at, created_by) VALUES (8110921, 811920002, 2, 'system', FALSE, NOW(), 'system') ON CONFLICT (study_question_set_id, question_id) DO UPDATE SET order_index = EXCLUDED.order_index, is_deleted = FALSE;
INSERT INTO study_question_set_questions (study_question_set_id, question_id, order_index, tenant_id, is_deleted, created_at, created_by) VALUES (8110921, 811920003, 3, 'system', FALSE, NOW(), 'system') ON CONFLICT (study_question_set_id, question_id) DO UPDATE SET order_index = EXCLUDED.order_index, is_deleted = FALSE;
INSERT INTO study_question_set_questions (study_question_set_id, question_id, order_index, tenant_id, is_deleted, created_at, created_by) VALUES (8110921, 811920004, 4, 'system', FALSE, NOW(), 'system') ON CONFLICT (study_question_set_id, question_id) DO UPDATE SET order_index = EXCLUDED.order_index, is_deleted = FALSE;
INSERT INTO study_resource_question_sets (resource_type, resource_id, study_question_set_id, position, context, tenant_id, is_active, is_deleted, created_at, created_by) VALUES ('module', 8011009, 8110921, 5, '{"label": "T9. Triển khai sản phẩm mới — Reading Section 1: Bảng quy trình"}'::jsonb, 'system', TRUE, FALSE, NOW(), 'system') ON CONFLICT (resource_type, resource_id, study_question_set_id) DO UPDATE SET position = EXCLUDED.position, context = EXCLUDED.context, is_active = TRUE, is_deleted = FALSE;

INSERT INTO study_question_sets (id, name, description, set_type, card_count, tenant_id, is_active, is_deleted, created_at, created_by) VALUES (8110922, 'T9. Triển khai sản phẩm mới — Reading Section 2: Sổ tay hướng dẫn', 'Đọc hiểu Sổ tay hướng dẫn', 'reading', 4, 'system', TRUE, FALSE, NOW(), 'system') ON CONFLICT (id) DO UPDATE SET name = EXCLUDED.name, description = EXCLUDED.description, set_type = EXCLUDED.set_type, card_count = EXCLUDED.card_count, is_active = EXCLUDED.is_active, is_deleted = EXCLUDED.is_deleted, updated_at = NOW(), updated_by = 'system';
INSERT INTO study_question_set_questions (study_question_set_id, question_id, order_index, tenant_id, is_deleted, created_at, created_by) VALUES (8110922, 811920005, 1, 'system', FALSE, NOW(), 'system') ON CONFLICT (study_question_set_id, question_id) DO UPDATE SET order_index = EXCLUDED.order_index, is_deleted = FALSE;
INSERT INTO study_question_set_questions (study_question_set_id, question_id, order_index, tenant_id, is_deleted, created_at, created_by) VALUES (8110922, 811920006, 2, 'system', FALSE, NOW(), 'system') ON CONFLICT (study_question_set_id, question_id) DO UPDATE SET order_index = EXCLUDED.order_index, is_deleted = FALSE;
INSERT INTO study_question_set_questions (study_question_set_id, question_id, order_index, tenant_id, is_deleted, created_at, created_by) VALUES (8110922, 811920007, 3, 'system', FALSE, NOW(), 'system') ON CONFLICT (study_question_set_id, question_id) DO UPDATE SET order_index = EXCLUDED.order_index, is_deleted = FALSE;
INSERT INTO study_question_set_questions (study_question_set_id, question_id, order_index, tenant_id, is_deleted, created_at, created_by) VALUES (8110922, 811920008, 4, 'system', FALSE, NOW(), 'system') ON CONFLICT (study_question_set_id, question_id) DO UPDATE SET order_index = EXCLUDED.order_index, is_deleted = FALSE;
INSERT INTO study_resource_question_sets (resource_type, resource_id, study_question_set_id, position, context, tenant_id, is_active, is_deleted, created_at, created_by) VALUES ('module', 8011009, 8110922, 6, '{"label": "T9. Triển khai sản phẩm mới — Reading Section 2: Sổ tay hướng dẫn"}'::jsonb, 'system', TRUE, FALSE, NOW(), 'system') ON CONFLICT (resource_type, resource_id, study_question_set_id) DO UPDATE SET position = EXCLUDED.position, context = EXCLUDED.context, is_active = TRUE, is_deleted = FALSE;

INSERT INTO study_question_sets (id, name, description, set_type, card_count, tenant_id, is_active, is_deleted, created_at, created_by) VALUES (8110923, 'T9. Triển khai sản phẩm mới — Reading Section 3: Báo cáo', 'Đọc hiểu Báo cáo', 'reading', 4, 'system', TRUE, FALSE, NOW(), 'system') ON CONFLICT (id) DO UPDATE SET name = EXCLUDED.name, description = EXCLUDED.description, set_type = EXCLUDED.set_type, card_count = EXCLUDED.card_count, is_active = EXCLUDED.is_active, is_deleted = EXCLUDED.is_deleted, updated_at = NOW(), updated_by = 'system';
INSERT INTO study_question_set_questions (study_question_set_id, question_id, order_index, tenant_id, is_deleted, created_at, created_by) VALUES (8110923, 811920009, 1, 'system', FALSE, NOW(), 'system') ON CONFLICT (study_question_set_id, question_id) DO UPDATE SET order_index = EXCLUDED.order_index, is_deleted = FALSE;
INSERT INTO study_question_set_questions (study_question_set_id, question_id, order_index, tenant_id, is_deleted, created_at, created_by) VALUES (8110923, 811920010, 2, 'system', FALSE, NOW(), 'system') ON CONFLICT (study_question_set_id, question_id) DO UPDATE SET order_index = EXCLUDED.order_index, is_deleted = FALSE;
INSERT INTO study_question_set_questions (study_question_set_id, question_id, order_index, tenant_id, is_deleted, created_at, created_by) VALUES (8110923, 811920011, 3, 'system', FALSE, NOW(), 'system') ON CONFLICT (study_question_set_id, question_id) DO UPDATE SET order_index = EXCLUDED.order_index, is_deleted = FALSE;
INSERT INTO study_question_set_questions (study_question_set_id, question_id, order_index, tenant_id, is_deleted, created_at, created_by) VALUES (8110923, 811920012, 4, 'system', FALSE, NOW(), 'system') ON CONFLICT (study_question_set_id, question_id) DO UPDATE SET order_index = EXCLUDED.order_index, is_deleted = FALSE;
INSERT INTO study_resource_question_sets (resource_type, resource_id, study_question_set_id, position, context, tenant_id, is_active, is_deleted, created_at, created_by) VALUES ('module', 8011009, 8110923, 7, '{"label": "T9. Triển khai sản phẩm mới — Reading Section 3: Báo cáo"}'::jsonb, 'system', TRUE, FALSE, NOW(), 'system') ON CONFLICT (resource_type, resource_id, study_question_set_id) DO UPDATE SET position = EXCLUDED.position, context = EXCLUDED.context, is_active = TRUE, is_deleted = FALSE;

INSERT INTO study_question_sets (id, name, description, set_type, card_count, tenant_id, is_active, is_deleted, created_at, created_by) VALUES (8110924, 'T9. Triển khai sản phẩm mới — Reading Section 4: Thông báo', 'Đọc hiểu Thông báo', 'reading', 4, 'system', TRUE, FALSE, NOW(), 'system') ON CONFLICT (id) DO UPDATE SET name = EXCLUDED.name, description = EXCLUDED.description, set_type = EXCLUDED.set_type, card_count = EXCLUDED.card_count, is_active = EXCLUDED.is_active, is_deleted = EXCLUDED.is_deleted, updated_at = NOW(), updated_by = 'system';
INSERT INTO study_question_set_questions (study_question_set_id, question_id, order_index, tenant_id, is_deleted, created_at, created_by) VALUES (8110924, 811920013, 1, 'system', FALSE, NOW(), 'system') ON CONFLICT (study_question_set_id, question_id) DO UPDATE SET order_index = EXCLUDED.order_index, is_deleted = FALSE;
INSERT INTO study_question_set_questions (study_question_set_id, question_id, order_index, tenant_id, is_deleted, created_at, created_by) VALUES (8110924, 811920014, 2, 'system', FALSE, NOW(), 'system') ON CONFLICT (study_question_set_id, question_id) DO UPDATE SET order_index = EXCLUDED.order_index, is_deleted = FALSE;
INSERT INTO study_question_set_questions (study_question_set_id, question_id, order_index, tenant_id, is_deleted, created_at, created_by) VALUES (8110924, 811920015, 3, 'system', FALSE, NOW(), 'system') ON CONFLICT (study_question_set_id, question_id) DO UPDATE SET order_index = EXCLUDED.order_index, is_deleted = FALSE;
INSERT INTO study_question_set_questions (study_question_set_id, question_id, order_index, tenant_id, is_deleted, created_at, created_by) VALUES (8110924, 811920016, 4, 'system', FALSE, NOW(), 'system') ON CONFLICT (study_question_set_id, question_id) DO UPDATE SET order_index = EXCLUDED.order_index, is_deleted = FALSE;
INSERT INTO study_resource_question_sets (resource_type, resource_id, study_question_set_id, position, context, tenant_id, is_active, is_deleted, created_at, created_by) VALUES ('module', 8011009, 8110924, 8, '{"label": "T9. Triển khai sản phẩm mới — Reading Section 4: Thông báo"}'::jsonb, 'system', TRUE, FALSE, NOW(), 'system') ON CONFLICT (resource_type, resource_id, study_question_set_id) DO UPDATE SET position = EXCLUDED.position, context = EXCLUDED.context, is_active = TRUE, is_deleted = FALSE;

INSERT INTO study_question_sets (id, name, description, set_type, card_count, tenant_id, is_active, is_deleted, created_at, created_by) VALUES (8110925, 'T9. Triển khai sản phẩm mới — Reading Section 5: Danh mục kiểm tra', 'Đọc hiểu Danh mục kiểm tra', 'reading', 4, 'system', TRUE, FALSE, NOW(), 'system') ON CONFLICT (id) DO UPDATE SET name = EXCLUDED.name, description = EXCLUDED.description, set_type = EXCLUDED.set_type, card_count = EXCLUDED.card_count, is_active = EXCLUDED.is_active, is_deleted = EXCLUDED.is_deleted, updated_at = NOW(), updated_by = 'system';
INSERT INTO study_question_set_questions (study_question_set_id, question_id, order_index, tenant_id, is_deleted, created_at, created_by) VALUES (8110925, 811920017, 1, 'system', FALSE, NOW(), 'system') ON CONFLICT (study_question_set_id, question_id) DO UPDATE SET order_index = EXCLUDED.order_index, is_deleted = FALSE;
INSERT INTO study_question_set_questions (study_question_set_id, question_id, order_index, tenant_id, is_deleted, created_at, created_by) VALUES (8110925, 811920018, 2, 'system', FALSE, NOW(), 'system') ON CONFLICT (study_question_set_id, question_id) DO UPDATE SET order_index = EXCLUDED.order_index, is_deleted = FALSE;
INSERT INTO study_question_set_questions (study_question_set_id, question_id, order_index, tenant_id, is_deleted, created_at, created_by) VALUES (8110925, 811920019, 3, 'system', FALSE, NOW(), 'system') ON CONFLICT (study_question_set_id, question_id) DO UPDATE SET order_index = EXCLUDED.order_index, is_deleted = FALSE;
INSERT INTO study_question_set_questions (study_question_set_id, question_id, order_index, tenant_id, is_deleted, created_at, created_by) VALUES (8110925, 811920020, 4, 'system', FALSE, NOW(), 'system') ON CONFLICT (study_question_set_id, question_id) DO UPDATE SET order_index = EXCLUDED.order_index, is_deleted = FALSE;
INSERT INTO study_resource_question_sets (resource_type, resource_id, study_question_set_id, position, context, tenant_id, is_active, is_deleted, created_at, created_by) VALUES ('module', 8011009, 8110925, 9, '{"label": "T9. Triển khai sản phẩm mới — Reading Section 5: Danh mục kiểm tra"}'::jsonb, 'system', TRUE, FALSE, NOW(), 'system') ON CONFLICT (resource_type, resource_id, study_question_set_id) DO UPDATE SET position = EXCLUDED.position, context = EXCLUDED.context, is_active = TRUE, is_deleted = FALSE;

-- BaiTap: t10_recall_kuringu (40 questions)
INSERT INTO questions (id, user_id, is_system, is_khoa_cu, question_type, content_type, level, selection_type, question, passage, passage_translation, general_explanation, skill_category, base_difficulty, tenant_id, is_active, is_deleted, created_at, created_by) VALUES (811050001, NULL, TRUE, FALSE, 'chon_dap_an', 'jisshusei_baitap_t10_recall_kuringu', 'N5', 'single', '「自主回収」 trong ngữ cảnh chương 10 có nghĩa liên quan đến gì?

「自主回収」 trong chương 10 liên quan đến:', NULL, NULL, '「自主回収」 thuộc chủ đề: Xin lỗi cấp cao + 自主回収 + PL Law + プレスリリース + hou-ren-sou khẩn.', 'grammar', 1, 'system', TRUE, FALSE, NOW(), 'system') ON CONFLICT (id) DO UPDATE SET question_type = EXCLUDED.question_type, content_type = EXCLUDED.content_type, level = EXCLUDED.level, question = EXCLUDED.question, passage = EXCLUDED.passage, passage_translation = EXCLUDED.passage_translation, general_explanation = EXCLUDED.general_explanation, skill_category = EXCLUDED.skill_category, is_active = EXCLUDED.is_active, is_deleted = EXCLUDED.is_deleted, updated_at = NOW(), updated_by = 'system';
DELETE FROM questions_answers WHERE question_id = 811050001;
INSERT INTO questions_answers (question_id, sentence, sentence_translation, is_correct, "order") VALUES (811050001, 'Xin lỗi cấp cao + 自主回収 + PL La', NULL, TRUE, 1);
INSERT INTO questions_answers (question_id, sentence, sentence_translation, is_correct, "order") VALUES (811050001, 'Khái niệm không liên quan A', 'Khái niệm không liên quan A', FALSE, 2);
INSERT INTO questions_answers (question_id, sentence, sentence_translation, is_correct, "order") VALUES (811050001, 'Khái niệm không liên quan B', 'Khái niệm không liên quan B', FALSE, 3);
INSERT INTO questions_answers (question_id, sentence, sentence_translation, is_correct, "order") VALUES (811050001, 'Khái niệm không liên quan C', 'Khái niệm không liên quan C', FALSE, 4);
INSERT INTO questions (id, user_id, is_system, is_khoa_cu, question_type, content_type, level, selection_type, question, passage, passage_translation, general_explanation, skill_category, base_difficulty, tenant_id, is_active, is_deleted, created_at, created_by) VALUES (811050002, NULL, TRUE, FALSE, 'chon_dap_an', 'jisshusei_baitap_t10_recall_kuringu', 'N5', 'single', '「リコール」 trong ngữ cảnh chương 10 có nghĩa liên quan đến gì?

「リコール」 trong chương 10 liên quan đến:', NULL, NULL, '「リコール」 thuộc chủ đề: Xin lỗi cấp cao + 自主回収 + PL Law + プレスリリース + hou-ren-sou khẩn.', 'grammar', 1, 'system', TRUE, FALSE, NOW(), 'system') ON CONFLICT (id) DO UPDATE SET question_type = EXCLUDED.question_type, content_type = EXCLUDED.content_type, level = EXCLUDED.level, question = EXCLUDED.question, passage = EXCLUDED.passage, passage_translation = EXCLUDED.passage_translation, general_explanation = EXCLUDED.general_explanation, skill_category = EXCLUDED.skill_category, is_active = EXCLUDED.is_active, is_deleted = EXCLUDED.is_deleted, updated_at = NOW(), updated_by = 'system';
DELETE FROM questions_answers WHERE question_id = 811050002;
INSERT INTO questions_answers (question_id, sentence, sentence_translation, is_correct, "order") VALUES (811050002, 'Xin lỗi cấp cao + 自主回収 + PL La', NULL, TRUE, 1);
INSERT INTO questions_answers (question_id, sentence, sentence_translation, is_correct, "order") VALUES (811050002, 'Khái niệm không liên quan A', 'Khái niệm không liên quan A', FALSE, 2);
INSERT INTO questions_answers (question_id, sentence, sentence_translation, is_correct, "order") VALUES (811050002, 'Khái niệm không liên quan B', 'Khái niệm không liên quan B', FALSE, 3);
INSERT INTO questions_answers (question_id, sentence, sentence_translation, is_correct, "order") VALUES (811050002, 'Khái niệm không liên quan C', 'Khái niệm không liên quan C', FALSE, 4);
INSERT INTO questions (id, user_id, is_system, is_khoa_cu, question_type, content_type, level, selection_type, question, passage, passage_translation, general_explanation, skill_category, base_difficulty, tenant_id, is_active, is_deleted, created_at, created_by) VALUES (811050003, NULL, TRUE, FALSE, 'chon_dap_an', 'jisshusei_baitap_t10_recall_kuringu', 'N5', 'single', '「異物混入」 trong ngữ cảnh chương 10 có nghĩa liên quan đến gì?

「異物混入」 trong chương 10 liên quan đến:', NULL, NULL, '「異物混入」 thuộc chủ đề: Xin lỗi cấp cao + 自主回収 + PL Law + プレスリリース + hou-ren-sou khẩn.', 'grammar', 1, 'system', TRUE, FALSE, NOW(), 'system') ON CONFLICT (id) DO UPDATE SET question_type = EXCLUDED.question_type, content_type = EXCLUDED.content_type, level = EXCLUDED.level, question = EXCLUDED.question, passage = EXCLUDED.passage, passage_translation = EXCLUDED.passage_translation, general_explanation = EXCLUDED.general_explanation, skill_category = EXCLUDED.skill_category, is_active = EXCLUDED.is_active, is_deleted = EXCLUDED.is_deleted, updated_at = NOW(), updated_by = 'system';
DELETE FROM questions_answers WHERE question_id = 811050003;
INSERT INTO questions_answers (question_id, sentence, sentence_translation, is_correct, "order") VALUES (811050003, 'Xin lỗi cấp cao + 自主回収 + PL La', NULL, TRUE, 1);
INSERT INTO questions_answers (question_id, sentence, sentence_translation, is_correct, "order") VALUES (811050003, 'Khái niệm không liên quan A', 'Khái niệm không liên quan A', FALSE, 2);
INSERT INTO questions_answers (question_id, sentence, sentence_translation, is_correct, "order") VALUES (811050003, 'Khái niệm không liên quan B', 'Khái niệm không liên quan B', FALSE, 3);
INSERT INTO questions_answers (question_id, sentence, sentence_translation, is_correct, "order") VALUES (811050003, 'Khái niệm không liên quan C', 'Khái niệm không liên quan C', FALSE, 4);
INSERT INTO questions (id, user_id, is_system, is_khoa_cu, question_type, content_type, level, selection_type, question, passage, passage_translation, general_explanation, skill_category, base_difficulty, tenant_id, is_active, is_deleted, created_at, created_by) VALUES (811050004, NULL, TRUE, FALSE, 'chon_dap_an', 'jisshusei_baitap_t10_recall_kuringu', 'N5', 'single', '「クレーム」 trong ngữ cảnh chương 10 có nghĩa liên quan đến gì?

「クレーム」 trong chương 10 liên quan đến:', NULL, NULL, '「クレーム」 thuộc chủ đề: Xin lỗi cấp cao + 自主回収 + PL Law + プレスリリース + hou-ren-sou khẩn.', 'grammar', 1, 'system', TRUE, FALSE, NOW(), 'system') ON CONFLICT (id) DO UPDATE SET question_type = EXCLUDED.question_type, content_type = EXCLUDED.content_type, level = EXCLUDED.level, question = EXCLUDED.question, passage = EXCLUDED.passage, passage_translation = EXCLUDED.passage_translation, general_explanation = EXCLUDED.general_explanation, skill_category = EXCLUDED.skill_category, is_active = EXCLUDED.is_active, is_deleted = EXCLUDED.is_deleted, updated_at = NOW(), updated_by = 'system';
DELETE FROM questions_answers WHERE question_id = 811050004;
INSERT INTO questions_answers (question_id, sentence, sentence_translation, is_correct, "order") VALUES (811050004, 'Xin lỗi cấp cao + 自主回収 + PL La', NULL, TRUE, 1);
INSERT INTO questions_answers (question_id, sentence, sentence_translation, is_correct, "order") VALUES (811050004, 'Khái niệm không liên quan A', 'Khái niệm không liên quan A', FALSE, 2);
INSERT INTO questions_answers (question_id, sentence, sentence_translation, is_correct, "order") VALUES (811050004, 'Khái niệm không liên quan B', 'Khái niệm không liên quan B', FALSE, 3);
INSERT INTO questions_answers (question_id, sentence, sentence_translation, is_correct, "order") VALUES (811050004, 'Khái niệm không liên quan C', 'Khái niệm không liên quan C', FALSE, 4);
INSERT INTO questions (id, user_id, is_system, is_khoa_cu, question_type, content_type, level, selection_type, question, passage, passage_translation, general_explanation, skill_category, base_difficulty, tenant_id, is_active, is_deleted, created_at, created_by) VALUES (811050005, NULL, TRUE, FALSE, 'chon_dap_an', 'jisshusei_baitap_t10_recall_kuringu', 'N5', 'single', '「プレスリリース」 trong ngữ cảnh chương 10 có nghĩa liên quan đến gì?

「プレスリリース」 trong chương 10 liên quan đến:', NULL, NULL, '「プレスリリース」 thuộc chủ đề: Xin lỗi cấp cao + 自主回収 + PL Law + プレスリリース + hou-ren-sou khẩn.', 'grammar', 1, 'system', TRUE, FALSE, NOW(), 'system') ON CONFLICT (id) DO UPDATE SET question_type = EXCLUDED.question_type, content_type = EXCLUDED.content_type, level = EXCLUDED.level, question = EXCLUDED.question, passage = EXCLUDED.passage, passage_translation = EXCLUDED.passage_translation, general_explanation = EXCLUDED.general_explanation, skill_category = EXCLUDED.skill_category, is_active = EXCLUDED.is_active, is_deleted = EXCLUDED.is_deleted, updated_at = NOW(), updated_by = 'system';
DELETE FROM questions_answers WHERE question_id = 811050005;
INSERT INTO questions_answers (question_id, sentence, sentence_translation, is_correct, "order") VALUES (811050005, 'Xin lỗi cấp cao + 自主回収 + PL La', NULL, TRUE, 1);
INSERT INTO questions_answers (question_id, sentence, sentence_translation, is_correct, "order") VALUES (811050005, 'Khái niệm không liên quan A', 'Khái niệm không liên quan A', FALSE, 2);
INSERT INTO questions_answers (question_id, sentence, sentence_translation, is_correct, "order") VALUES (811050005, 'Khái niệm không liên quan B', 'Khái niệm không liên quan B', FALSE, 3);
INSERT INTO questions_answers (question_id, sentence, sentence_translation, is_correct, "order") VALUES (811050005, 'Khái niệm không liên quan C', 'Khái niệm không liên quan C', FALSE, 4);
INSERT INTO questions (id, user_id, is_system, is_khoa_cu, question_type, content_type, level, selection_type, question, passage, passage_translation, general_explanation, skill_category, base_difficulty, tenant_id, is_active, is_deleted, created_at, created_by) VALUES (811050006, NULL, TRUE, FALSE, 'chon_dap_an', 'jisshusei_baitap_t10_recall_kuringu', 'N5', 'single', '「製造物責任法」 trong ngữ cảnh chương 10 có nghĩa liên quan đến gì?

「製造物責任法」 trong chương 10 liên quan đến:', NULL, NULL, '「製造物責任法」 thuộc chủ đề: Xin lỗi cấp cao + 自主回収 + PL Law + プレスリリース + hou-ren-sou khẩn.', 'grammar', 1, 'system', TRUE, FALSE, NOW(), 'system') ON CONFLICT (id) DO UPDATE SET question_type = EXCLUDED.question_type, content_type = EXCLUDED.content_type, level = EXCLUDED.level, question = EXCLUDED.question, passage = EXCLUDED.passage, passage_translation = EXCLUDED.passage_translation, general_explanation = EXCLUDED.general_explanation, skill_category = EXCLUDED.skill_category, is_active = EXCLUDED.is_active, is_deleted = EXCLUDED.is_deleted, updated_at = NOW(), updated_by = 'system';
DELETE FROM questions_answers WHERE question_id = 811050006;
INSERT INTO questions_answers (question_id, sentence, sentence_translation, is_correct, "order") VALUES (811050006, 'Xin lỗi cấp cao + 自主回収 + PL La', NULL, TRUE, 1);
INSERT INTO questions_answers (question_id, sentence, sentence_translation, is_correct, "order") VALUES (811050006, 'Khái niệm không liên quan A', 'Khái niệm không liên quan A', FALSE, 2);
INSERT INTO questions_answers (question_id, sentence, sentence_translation, is_correct, "order") VALUES (811050006, 'Khái niệm không liên quan B', 'Khái niệm không liên quan B', FALSE, 3);
INSERT INTO questions_answers (question_id, sentence, sentence_translation, is_correct, "order") VALUES (811050006, 'Khái niệm không liên quan C', 'Khái niệm không liên quan C', FALSE, 4);
INSERT INTO questions (id, user_id, is_system, is_khoa_cu, question_type, content_type, level, selection_type, question, passage, passage_translation, general_explanation, skill_category, base_difficulty, tenant_id, is_active, is_deleted, created_at, created_by) VALUES (811050007, NULL, TRUE, FALSE, 'chon_dap_an', 'jisshusei_baitap_t10_recall_kuringu', 'N5', 'single', '「緊急」 trong ngữ cảnh chương 10 có nghĩa liên quan đến gì?

「緊急」 trong chương 10 liên quan đến:', NULL, NULL, '「緊急」 thuộc chủ đề: Xin lỗi cấp cao + 自主回収 + PL Law + プレスリリース + hou-ren-sou khẩn.', 'grammar', 1, 'system', TRUE, FALSE, NOW(), 'system') ON CONFLICT (id) DO UPDATE SET question_type = EXCLUDED.question_type, content_type = EXCLUDED.content_type, level = EXCLUDED.level, question = EXCLUDED.question, passage = EXCLUDED.passage, passage_translation = EXCLUDED.passage_translation, general_explanation = EXCLUDED.general_explanation, skill_category = EXCLUDED.skill_category, is_active = EXCLUDED.is_active, is_deleted = EXCLUDED.is_deleted, updated_at = NOW(), updated_by = 'system';
DELETE FROM questions_answers WHERE question_id = 811050007;
INSERT INTO questions_answers (question_id, sentence, sentence_translation, is_correct, "order") VALUES (811050007, 'Xin lỗi cấp cao + 自主回収 + PL La', NULL, TRUE, 1);
INSERT INTO questions_answers (question_id, sentence, sentence_translation, is_correct, "order") VALUES (811050007, 'Khái niệm không liên quan A', 'Khái niệm không liên quan A', FALSE, 2);
INSERT INTO questions_answers (question_id, sentence, sentence_translation, is_correct, "order") VALUES (811050007, 'Khái niệm không liên quan B', 'Khái niệm không liên quan B', FALSE, 3);
INSERT INTO questions_answers (question_id, sentence, sentence_translation, is_correct, "order") VALUES (811050007, 'Khái niệm không liên quan C', 'Khái niệm không liên quan C', FALSE, 4);
INSERT INTO questions (id, user_id, is_system, is_khoa_cu, question_type, content_type, level, selection_type, question, passage, passage_translation, general_explanation, skill_category, base_difficulty, tenant_id, is_active, is_deleted, created_at, created_by) VALUES (811050008, NULL, TRUE, FALSE, 'chon_dap_an', 'jisshusei_baitap_t10_recall_kuringu', 'N5', 'single', '「深くお詫び」 trong ngữ cảnh chương 10 có nghĩa liên quan đến gì?

「深くお詫び」 trong chương 10 liên quan đến:', NULL, NULL, '「深くお詫び」 thuộc chủ đề: Xin lỗi cấp cao + 自主回収 + PL Law + プレスリリース + hou-ren-sou khẩn.', 'grammar', 1, 'system', TRUE, FALSE, NOW(), 'system') ON CONFLICT (id) DO UPDATE SET question_type = EXCLUDED.question_type, content_type = EXCLUDED.content_type, level = EXCLUDED.level, question = EXCLUDED.question, passage = EXCLUDED.passage, passage_translation = EXCLUDED.passage_translation, general_explanation = EXCLUDED.general_explanation, skill_category = EXCLUDED.skill_category, is_active = EXCLUDED.is_active, is_deleted = EXCLUDED.is_deleted, updated_at = NOW(), updated_by = 'system';
DELETE FROM questions_answers WHERE question_id = 811050008;
INSERT INTO questions_answers (question_id, sentence, sentence_translation, is_correct, "order") VALUES (811050008, 'Xin lỗi cấp cao + 自主回収 + PL La', NULL, TRUE, 1);
INSERT INTO questions_answers (question_id, sentence, sentence_translation, is_correct, "order") VALUES (811050008, 'Khái niệm không liên quan A', 'Khái niệm không liên quan A', FALSE, 2);
INSERT INTO questions_answers (question_id, sentence, sentence_translation, is_correct, "order") VALUES (811050008, 'Khái niệm không liên quan B', 'Khái niệm không liên quan B', FALSE, 3);
INSERT INTO questions_answers (question_id, sentence, sentence_translation, is_correct, "order") VALUES (811050008, 'Khái niệm không liên quan C', 'Khái niệm không liên quan C', FALSE, 4);
INSERT INTO questions (id, user_id, is_system, is_khoa_cu, question_type, content_type, level, selection_type, question, passage, passage_translation, general_explanation, skill_category, base_difficulty, tenant_id, is_active, is_deleted, created_at, created_by) VALUES (811050009, NULL, TRUE, FALSE, 'chon_dap_an', 'jisshusei_baitap_t10_recall_kuringu', 'N5', 'single', '「重く受け止め」 trong ngữ cảnh chương 10 có nghĩa liên quan đến gì?

「重く受け止め」 trong chương 10 liên quan đến:', NULL, NULL, '「重く受け止め」 thuộc chủ đề: Xin lỗi cấp cao + 自主回収 + PL Law + プレスリリース + hou-ren-sou khẩn.', 'grammar', 1, 'system', TRUE, FALSE, NOW(), 'system') ON CONFLICT (id) DO UPDATE SET question_type = EXCLUDED.question_type, content_type = EXCLUDED.content_type, level = EXCLUDED.level, question = EXCLUDED.question, passage = EXCLUDED.passage, passage_translation = EXCLUDED.passage_translation, general_explanation = EXCLUDED.general_explanation, skill_category = EXCLUDED.skill_category, is_active = EXCLUDED.is_active, is_deleted = EXCLUDED.is_deleted, updated_at = NOW(), updated_by = 'system';
DELETE FROM questions_answers WHERE question_id = 811050009;
INSERT INTO questions_answers (question_id, sentence, sentence_translation, is_correct, "order") VALUES (811050009, 'Xin lỗi cấp cao + 自主回収 + PL La', NULL, TRUE, 1);
INSERT INTO questions_answers (question_id, sentence, sentence_translation, is_correct, "order") VALUES (811050009, 'Khái niệm không liên quan A', 'Khái niệm không liên quan A', FALSE, 2);
INSERT INTO questions_answers (question_id, sentence, sentence_translation, is_correct, "order") VALUES (811050009, 'Khái niệm không liên quan B', 'Khái niệm không liên quan B', FALSE, 3);
INSERT INTO questions_answers (question_id, sentence, sentence_translation, is_correct, "order") VALUES (811050009, 'Khái niệm không liên quan C', 'Khái niệm không liên quan C', FALSE, 4);
INSERT INTO questions (id, user_id, is_system, is_khoa_cu, question_type, content_type, level, selection_type, question, passage, passage_translation, general_explanation, skill_category, base_difficulty, tenant_id, is_active, is_deleted, created_at, created_by) VALUES (811050010, NULL, TRUE, FALSE, 'chon_dap_an', 'jisshusei_baitap_t10_recall_kuringu', 'N5', 'single', '「自主回収」 trong ngữ cảnh chương 10 có nghĩa liên quan đến gì?

「自主回収」 trong chương 10 liên quan đến:', NULL, NULL, '「自主回収」 thuộc chủ đề: Xin lỗi cấp cao + 自主回収 + PL Law + プレスリリース + hou-ren-sou khẩn.', 'grammar', 1, 'system', TRUE, FALSE, NOW(), 'system') ON CONFLICT (id) DO UPDATE SET question_type = EXCLUDED.question_type, content_type = EXCLUDED.content_type, level = EXCLUDED.level, question = EXCLUDED.question, passage = EXCLUDED.passage, passage_translation = EXCLUDED.passage_translation, general_explanation = EXCLUDED.general_explanation, skill_category = EXCLUDED.skill_category, is_active = EXCLUDED.is_active, is_deleted = EXCLUDED.is_deleted, updated_at = NOW(), updated_by = 'system';
DELETE FROM questions_answers WHERE question_id = 811050010;
INSERT INTO questions_answers (question_id, sentence, sentence_translation, is_correct, "order") VALUES (811050010, 'Xin lỗi cấp cao + 自主回収 + PL La', NULL, TRUE, 1);
INSERT INTO questions_answers (question_id, sentence, sentence_translation, is_correct, "order") VALUES (811050010, 'Khái niệm không liên quan A', 'Khái niệm không liên quan A', FALSE, 2);
INSERT INTO questions_answers (question_id, sentence, sentence_translation, is_correct, "order") VALUES (811050010, 'Khái niệm không liên quan B', 'Khái niệm không liên quan B', FALSE, 3);
INSERT INTO questions_answers (question_id, sentence, sentence_translation, is_correct, "order") VALUES (811050010, 'Khái niệm không liên quan C', 'Khái niệm không liên quan C', FALSE, 4);
INSERT INTO questions (id, user_id, is_system, is_khoa_cu, question_type, content_type, level, selection_type, question, passage, passage_translation, general_explanation, skill_category, base_difficulty, tenant_id, is_active, is_deleted, created_at, created_by) VALUES (811050011, NULL, TRUE, FALSE, 'chon_dap_an', 'jisshusei_baitap_t10_recall_kuringu', 'N5', 'single', 'Cụm「心よりお詫び申し上げます」 thường dùng khi nào trong chương 10?

「心よりお詫び申し上げます」 dùng khi nào?', NULL, NULL, '「心よりお詫び申し上げます」 được dạy trong chương 10 (Xin lỗi cấp cao + 自主回収 + PL Law + プレスリリース + hou-ren-sou khẩn).', 'grammar', 1, 'system', TRUE, FALSE, NOW(), 'system') ON CONFLICT (id) DO UPDATE SET question_type = EXCLUDED.question_type, content_type = EXCLUDED.content_type, level = EXCLUDED.level, question = EXCLUDED.question, passage = EXCLUDED.passage, passage_translation = EXCLUDED.passage_translation, general_explanation = EXCLUDED.general_explanation, skill_category = EXCLUDED.skill_category, is_active = EXCLUDED.is_active, is_deleted = EXCLUDED.is_deleted, updated_at = NOW(), updated_by = 'system';
DELETE FROM questions_answers WHERE question_id = 811050011;
INSERT INTO questions_answers (question_id, sentence, sentence_translation, is_correct, "order") VALUES (811050011, 'Trong tình huống chương 10: Xin lỗi cấp cao + 自主回収 + PL Law + プレスリリー', NULL, TRUE, 1);
INSERT INTO questions_answers (question_id, sentence, sentence_translation, is_correct, "order") VALUES (811050011, 'Khi ngủ', 'Khi ngủ', FALSE, 2);
INSERT INTO questions_answers (question_id, sentence, sentence_translation, is_correct, "order") VALUES (811050011, 'Khi ăn', 'Khi ăn', FALSE, 3);
INSERT INTO questions_answers (question_id, sentence, sentence_translation, is_correct, "order") VALUES (811050011, 'Không dùng', 'Không dùng', FALSE, 4);
INSERT INTO questions (id, user_id, is_system, is_khoa_cu, question_type, content_type, level, selection_type, question, passage, passage_translation, general_explanation, skill_category, base_difficulty, tenant_id, is_active, is_deleted, created_at, created_by) VALUES (811050012, NULL, TRUE, FALSE, 'chon_dap_an', 'jisshusei_baitap_t10_recall_kuringu', 'N5', 'single', 'Cụm「再発防止策を徹底」 thường dùng khi nào trong chương 10?

「再発防止策を徹底」 dùng khi nào?', NULL, NULL, '「再発防止策を徹底」 được dạy trong chương 10 (Xin lỗi cấp cao + 自主回収 + PL Law + プレスリリース + hou-ren-sou khẩn).', 'grammar', 1, 'system', TRUE, FALSE, NOW(), 'system') ON CONFLICT (id) DO UPDATE SET question_type = EXCLUDED.question_type, content_type = EXCLUDED.content_type, level = EXCLUDED.level, question = EXCLUDED.question, passage = EXCLUDED.passage, passage_translation = EXCLUDED.passage_translation, general_explanation = EXCLUDED.general_explanation, skill_category = EXCLUDED.skill_category, is_active = EXCLUDED.is_active, is_deleted = EXCLUDED.is_deleted, updated_at = NOW(), updated_by = 'system';
DELETE FROM questions_answers WHERE question_id = 811050012;
INSERT INTO questions_answers (question_id, sentence, sentence_translation, is_correct, "order") VALUES (811050012, 'Trong tình huống chương 10: Xin lỗi cấp cao + 自主回収 + PL Law + プレスリリー', NULL, TRUE, 1);
INSERT INTO questions_answers (question_id, sentence, sentence_translation, is_correct, "order") VALUES (811050012, 'Khi ngủ', 'Khi ngủ', FALSE, 2);
INSERT INTO questions_answers (question_id, sentence, sentence_translation, is_correct, "order") VALUES (811050012, 'Khi ăn', 'Khi ăn', FALSE, 3);
INSERT INTO questions_answers (question_id, sentence, sentence_translation, is_correct, "order") VALUES (811050012, 'Không dùng', 'Không dùng', FALSE, 4);
INSERT INTO questions (id, user_id, is_system, is_khoa_cu, question_type, content_type, level, selection_type, question, passage, passage_translation, general_explanation, skill_category, base_difficulty, tenant_id, is_active, is_deleted, created_at, created_by) VALUES (811050013, NULL, TRUE, FALSE, 'chon_dap_an', 'jisshusei_baitap_t10_recall_kuringu', 'N5', 'single', 'Cụm「緊急のご報告がございます」 thường dùng khi nào trong chương 10?

「緊急のご報告がございます」 dùng khi nào?', NULL, NULL, '「緊急のご報告がございます」 được dạy trong chương 10 (Xin lỗi cấp cao + 自主回収 + PL Law + プレスリリース + hou-ren-sou khẩn).', 'grammar', 1, 'system', TRUE, FALSE, NOW(), 'system') ON CONFLICT (id) DO UPDATE SET question_type = EXCLUDED.question_type, content_type = EXCLUDED.content_type, level = EXCLUDED.level, question = EXCLUDED.question, passage = EXCLUDED.passage, passage_translation = EXCLUDED.passage_translation, general_explanation = EXCLUDED.general_explanation, skill_category = EXCLUDED.skill_category, is_active = EXCLUDED.is_active, is_deleted = EXCLUDED.is_deleted, updated_at = NOW(), updated_by = 'system';
DELETE FROM questions_answers WHERE question_id = 811050013;
INSERT INTO questions_answers (question_id, sentence, sentence_translation, is_correct, "order") VALUES (811050013, 'Trong tình huống chương 10: Xin lỗi cấp cao + 自主回収 + PL Law + プレスリリー', NULL, TRUE, 1);
INSERT INTO questions_answers (question_id, sentence, sentence_translation, is_correct, "order") VALUES (811050013, 'Khi ngủ', 'Khi ngủ', FALSE, 2);
INSERT INTO questions_answers (question_id, sentence, sentence_translation, is_correct, "order") VALUES (811050013, 'Khi ăn', 'Khi ăn', FALSE, 3);
INSERT INTO questions_answers (question_id, sentence, sentence_translation, is_correct, "order") VALUES (811050013, 'Không dùng', 'Không dùng', FALSE, 4);
INSERT INTO questions (id, user_id, is_system, is_khoa_cu, question_type, content_type, level, selection_type, question, passage, passage_translation, general_explanation, skill_category, base_difficulty, tenant_id, is_active, is_deleted, created_at, created_by) VALUES (811050014, NULL, TRUE, FALSE, 'chon_dap_an', 'jisshusei_baitap_t10_recall_kuringu', 'N5', 'single', 'Cụm「24時間以内にCAA報告」 thường dùng khi nào trong chương 10?

「24時間以内にCAA報告」 dùng khi nào?', NULL, NULL, '「24時間以内にCAA報告」 được dạy trong chương 10 (Xin lỗi cấp cao + 自主回収 + PL Law + プレスリリース + hou-ren-sou khẩn).', 'grammar', 1, 'system', TRUE, FALSE, NOW(), 'system') ON CONFLICT (id) DO UPDATE SET question_type = EXCLUDED.question_type, content_type = EXCLUDED.content_type, level = EXCLUDED.level, question = EXCLUDED.question, passage = EXCLUDED.passage, passage_translation = EXCLUDED.passage_translation, general_explanation = EXCLUDED.general_explanation, skill_category = EXCLUDED.skill_category, is_active = EXCLUDED.is_active, is_deleted = EXCLUDED.is_deleted, updated_at = NOW(), updated_by = 'system';
DELETE FROM questions_answers WHERE question_id = 811050014;
INSERT INTO questions_answers (question_id, sentence, sentence_translation, is_correct, "order") VALUES (811050014, 'Trong tình huống chương 10: Xin lỗi cấp cao + 自主回収 + PL Law + プレスリリー', NULL, TRUE, 1);
INSERT INTO questions_answers (question_id, sentence, sentence_translation, is_correct, "order") VALUES (811050014, 'Khi ngủ', 'Khi ngủ', FALSE, 2);
INSERT INTO questions_answers (question_id, sentence, sentence_translation, is_correct, "order") VALUES (811050014, 'Khi ăn', 'Khi ăn', FALSE, 3);
INSERT INTO questions_answers (question_id, sentence, sentence_translation, is_correct, "order") VALUES (811050014, 'Không dùng', 'Không dùng', FALSE, 4);
INSERT INTO questions (id, user_id, is_system, is_khoa_cu, question_type, content_type, level, selection_type, question, passage, passage_translation, general_explanation, skill_category, base_difficulty, tenant_id, is_active, is_deleted, created_at, created_by) VALUES (811050015, NULL, TRUE, FALSE, 'chon_dap_an', 'jisshusei_baitap_t10_recall_kuringu', 'N5', 'single', 'Cụm「心よりお詫び申し上げます」 thường dùng khi nào trong chương 10?

「心よりお詫び申し上げます」 dùng khi nào?', NULL, NULL, '「心よりお詫び申し上げます」 được dạy trong chương 10 (Xin lỗi cấp cao + 自主回収 + PL Law + プレスリリース + hou-ren-sou khẩn).', 'grammar', 1, 'system', TRUE, FALSE, NOW(), 'system') ON CONFLICT (id) DO UPDATE SET question_type = EXCLUDED.question_type, content_type = EXCLUDED.content_type, level = EXCLUDED.level, question = EXCLUDED.question, passage = EXCLUDED.passage, passage_translation = EXCLUDED.passage_translation, general_explanation = EXCLUDED.general_explanation, skill_category = EXCLUDED.skill_category, is_active = EXCLUDED.is_active, is_deleted = EXCLUDED.is_deleted, updated_at = NOW(), updated_by = 'system';
DELETE FROM questions_answers WHERE question_id = 811050015;
INSERT INTO questions_answers (question_id, sentence, sentence_translation, is_correct, "order") VALUES (811050015, 'Trong tình huống chương 10: Xin lỗi cấp cao + 自主回収 + PL Law + プレスリリー', NULL, TRUE, 1);
INSERT INTO questions_answers (question_id, sentence, sentence_translation, is_correct, "order") VALUES (811050015, 'Khi ngủ', 'Khi ngủ', FALSE, 2);
INSERT INTO questions_answers (question_id, sentence, sentence_translation, is_correct, "order") VALUES (811050015, 'Khi ăn', 'Khi ăn', FALSE, 3);
INSERT INTO questions_answers (question_id, sentence, sentence_translation, is_correct, "order") VALUES (811050015, 'Không dùng', 'Không dùng', FALSE, 4);
INSERT INTO questions (id, user_id, is_system, is_khoa_cu, question_type, content_type, level, selection_type, question, passage, passage_translation, general_explanation, skill_category, base_difficulty, tenant_id, is_active, is_deleted, created_at, created_by) VALUES (811050016, NULL, TRUE, FALSE, 'chon_dap_an', 'jisshusei_baitap_t10_recall_kuringu', 'N5', 'single', 'Cụm「再発防止策を徹底」 thường dùng khi nào trong chương 10?

「再発防止策を徹底」 dùng khi nào?', NULL, NULL, '「再発防止策を徹底」 được dạy trong chương 10 (Xin lỗi cấp cao + 自主回収 + PL Law + プレスリリース + hou-ren-sou khẩn).', 'grammar', 1, 'system', TRUE, FALSE, NOW(), 'system') ON CONFLICT (id) DO UPDATE SET question_type = EXCLUDED.question_type, content_type = EXCLUDED.content_type, level = EXCLUDED.level, question = EXCLUDED.question, passage = EXCLUDED.passage, passage_translation = EXCLUDED.passage_translation, general_explanation = EXCLUDED.general_explanation, skill_category = EXCLUDED.skill_category, is_active = EXCLUDED.is_active, is_deleted = EXCLUDED.is_deleted, updated_at = NOW(), updated_by = 'system';
DELETE FROM questions_answers WHERE question_id = 811050016;
INSERT INTO questions_answers (question_id, sentence, sentence_translation, is_correct, "order") VALUES (811050016, 'Trong tình huống chương 10: Xin lỗi cấp cao + 自主回収 + PL Law + プレスリリー', NULL, TRUE, 1);
INSERT INTO questions_answers (question_id, sentence, sentence_translation, is_correct, "order") VALUES (811050016, 'Khi ngủ', 'Khi ngủ', FALSE, 2);
INSERT INTO questions_answers (question_id, sentence, sentence_translation, is_correct, "order") VALUES (811050016, 'Khi ăn', 'Khi ăn', FALSE, 3);
INSERT INTO questions_answers (question_id, sentence, sentence_translation, is_correct, "order") VALUES (811050016, 'Không dùng', 'Không dùng', FALSE, 4);
INSERT INTO questions (id, user_id, is_system, is_khoa_cu, question_type, content_type, level, selection_type, question, passage, passage_translation, general_explanation, skill_category, base_difficulty, tenant_id, is_active, is_deleted, created_at, created_by) VALUES (811050017, NULL, TRUE, FALSE, 'chon_dap_an', 'jisshusei_baitap_t10_recall_kuringu', 'N5', 'single', 'Cụm「緊急のご報告がございます」 thường dùng khi nào trong chương 10?

「緊急のご報告がございます」 dùng khi nào?', NULL, NULL, '「緊急のご報告がございます」 được dạy trong chương 10 (Xin lỗi cấp cao + 自主回収 + PL Law + プレスリリース + hou-ren-sou khẩn).', 'grammar', 1, 'system', TRUE, FALSE, NOW(), 'system') ON CONFLICT (id) DO UPDATE SET question_type = EXCLUDED.question_type, content_type = EXCLUDED.content_type, level = EXCLUDED.level, question = EXCLUDED.question, passage = EXCLUDED.passage, passage_translation = EXCLUDED.passage_translation, general_explanation = EXCLUDED.general_explanation, skill_category = EXCLUDED.skill_category, is_active = EXCLUDED.is_active, is_deleted = EXCLUDED.is_deleted, updated_at = NOW(), updated_by = 'system';
DELETE FROM questions_answers WHERE question_id = 811050017;
INSERT INTO questions_answers (question_id, sentence, sentence_translation, is_correct, "order") VALUES (811050017, 'Trong tình huống chương 10: Xin lỗi cấp cao + 自主回収 + PL Law + プレスリリー', NULL, TRUE, 1);
INSERT INTO questions_answers (question_id, sentence, sentence_translation, is_correct, "order") VALUES (811050017, 'Khi ngủ', 'Khi ngủ', FALSE, 2);
INSERT INTO questions_answers (question_id, sentence, sentence_translation, is_correct, "order") VALUES (811050017, 'Khi ăn', 'Khi ăn', FALSE, 3);
INSERT INTO questions_answers (question_id, sentence, sentence_translation, is_correct, "order") VALUES (811050017, 'Không dùng', 'Không dùng', FALSE, 4);
INSERT INTO questions (id, user_id, is_system, is_khoa_cu, question_type, content_type, level, selection_type, question, passage, passage_translation, general_explanation, skill_category, base_difficulty, tenant_id, is_active, is_deleted, created_at, created_by) VALUES (811050018, NULL, TRUE, FALSE, 'chon_dap_an', 'jisshusei_baitap_t10_recall_kuringu', 'N5', 'single', 'Cụm「24時間以内にCAA報告」 thường dùng khi nào trong chương 10?

「24時間以内にCAA報告」 dùng khi nào?', NULL, NULL, '「24時間以内にCAA報告」 được dạy trong chương 10 (Xin lỗi cấp cao + 自主回収 + PL Law + プレスリリース + hou-ren-sou khẩn).', 'grammar', 1, 'system', TRUE, FALSE, NOW(), 'system') ON CONFLICT (id) DO UPDATE SET question_type = EXCLUDED.question_type, content_type = EXCLUDED.content_type, level = EXCLUDED.level, question = EXCLUDED.question, passage = EXCLUDED.passage, passage_translation = EXCLUDED.passage_translation, general_explanation = EXCLUDED.general_explanation, skill_category = EXCLUDED.skill_category, is_active = EXCLUDED.is_active, is_deleted = EXCLUDED.is_deleted, updated_at = NOW(), updated_by = 'system';
DELETE FROM questions_answers WHERE question_id = 811050018;
INSERT INTO questions_answers (question_id, sentence, sentence_translation, is_correct, "order") VALUES (811050018, 'Trong tình huống chương 10: Xin lỗi cấp cao + 自主回収 + PL Law + プレスリリー', NULL, TRUE, 1);
INSERT INTO questions_answers (question_id, sentence, sentence_translation, is_correct, "order") VALUES (811050018, 'Khi ngủ', 'Khi ngủ', FALSE, 2);
INSERT INTO questions_answers (question_id, sentence, sentence_translation, is_correct, "order") VALUES (811050018, 'Khi ăn', 'Khi ăn', FALSE, 3);
INSERT INTO questions_answers (question_id, sentence, sentence_translation, is_correct, "order") VALUES (811050018, 'Không dùng', 'Không dùng', FALSE, 4);
INSERT INTO questions (id, user_id, is_system, is_khoa_cu, question_type, content_type, level, selection_type, question, passage, passage_translation, general_explanation, skill_category, base_difficulty, tenant_id, is_active, is_deleted, created_at, created_by) VALUES (811050019, NULL, TRUE, FALSE, 'chon_dap_an', 'jisshusei_baitap_t10_recall_kuringu', 'N5', 'single', 'Cụm「心よりお詫び申し上げます」 thường dùng khi nào trong chương 10?

「心よりお詫び申し上げます」 dùng khi nào?', NULL, NULL, '「心よりお詫び申し上げます」 được dạy trong chương 10 (Xin lỗi cấp cao + 自主回収 + PL Law + プレスリリース + hou-ren-sou khẩn).', 'grammar', 1, 'system', TRUE, FALSE, NOW(), 'system') ON CONFLICT (id) DO UPDATE SET question_type = EXCLUDED.question_type, content_type = EXCLUDED.content_type, level = EXCLUDED.level, question = EXCLUDED.question, passage = EXCLUDED.passage, passage_translation = EXCLUDED.passage_translation, general_explanation = EXCLUDED.general_explanation, skill_category = EXCLUDED.skill_category, is_active = EXCLUDED.is_active, is_deleted = EXCLUDED.is_deleted, updated_at = NOW(), updated_by = 'system';
DELETE FROM questions_answers WHERE question_id = 811050019;
INSERT INTO questions_answers (question_id, sentence, sentence_translation, is_correct, "order") VALUES (811050019, 'Trong tình huống chương 10: Xin lỗi cấp cao + 自主回収 + PL Law + プレスリリー', NULL, TRUE, 1);
INSERT INTO questions_answers (question_id, sentence, sentence_translation, is_correct, "order") VALUES (811050019, 'Khi ngủ', 'Khi ngủ', FALSE, 2);
INSERT INTO questions_answers (question_id, sentence, sentence_translation, is_correct, "order") VALUES (811050019, 'Khi ăn', 'Khi ăn', FALSE, 3);
INSERT INTO questions_answers (question_id, sentence, sentence_translation, is_correct, "order") VALUES (811050019, 'Không dùng', 'Không dùng', FALSE, 4);
INSERT INTO questions (id, user_id, is_system, is_khoa_cu, question_type, content_type, level, selection_type, question, passage, passage_translation, general_explanation, skill_category, base_difficulty, tenant_id, is_active, is_deleted, created_at, created_by) VALUES (811050020, NULL, TRUE, FALSE, 'chon_dap_an', 'jisshusei_baitap_t10_recall_kuringu', 'N5', 'single', 'Cụm「再発防止策を徹底」 thường dùng khi nào trong chương 10?

「再発防止策を徹底」 dùng khi nào?', NULL, NULL, '「再発防止策を徹底」 được dạy trong chương 10 (Xin lỗi cấp cao + 自主回収 + PL Law + プレスリリース + hou-ren-sou khẩn).', 'grammar', 1, 'system', TRUE, FALSE, NOW(), 'system') ON CONFLICT (id) DO UPDATE SET question_type = EXCLUDED.question_type, content_type = EXCLUDED.content_type, level = EXCLUDED.level, question = EXCLUDED.question, passage = EXCLUDED.passage, passage_translation = EXCLUDED.passage_translation, general_explanation = EXCLUDED.general_explanation, skill_category = EXCLUDED.skill_category, is_active = EXCLUDED.is_active, is_deleted = EXCLUDED.is_deleted, updated_at = NOW(), updated_by = 'system';
DELETE FROM questions_answers WHERE question_id = 811050020;
INSERT INTO questions_answers (question_id, sentence, sentence_translation, is_correct, "order") VALUES (811050020, 'Trong tình huống chương 10: Xin lỗi cấp cao + 自主回収 + PL Law + プレスリリー', NULL, TRUE, 1);
INSERT INTO questions_answers (question_id, sentence, sentence_translation, is_correct, "order") VALUES (811050020, 'Khi ngủ', 'Khi ngủ', FALSE, 2);
INSERT INTO questions_answers (question_id, sentence, sentence_translation, is_correct, "order") VALUES (811050020, 'Khi ăn', 'Khi ăn', FALSE, 3);
INSERT INTO questions_answers (question_id, sentence, sentence_translation, is_correct, "order") VALUES (811050020, 'Không dùng', 'Không dùng', FALSE, 4);
INSERT INTO questions (id, user_id, is_system, is_khoa_cu, question_type, content_type, level, selection_type, question, passage, passage_translation, general_explanation, skill_category, base_difficulty, tenant_id, is_active, is_deleted, created_at, created_by) VALUES (811050021, NULL, TRUE, FALSE, 'chon_dap_an', 'jisshusei_baitap_t10_recall_kuringu', 'N4', 'single', 'Tình huống 1 trong chương 10: phản ứng đúng là?

Phản ứng đúng cho tình huống 1:', NULL, NULL, 'Áp dụng nguyên tắc của chương: Xin lỗi cấp cao + 自主回収 + PL Law + プレスリリース + hou-ren-sou khẩn.', 'grammar', 1, 'system', TRUE, FALSE, NOW(), 'system') ON CONFLICT (id) DO UPDATE SET question_type = EXCLUDED.question_type, content_type = EXCLUDED.content_type, level = EXCLUDED.level, question = EXCLUDED.question, passage = EXCLUDED.passage, passage_translation = EXCLUDED.passage_translation, general_explanation = EXCLUDED.general_explanation, skill_category = EXCLUDED.skill_category, is_active = EXCLUDED.is_active, is_deleted = EXCLUDED.is_deleted, updated_at = NOW(), updated_by = 'system';
DELETE FROM questions_answers WHERE question_id = 811050021;
INSERT INTO questions_answers (question_id, sentence, sentence_translation, is_correct, "order") VALUES (811050021, 'Theo nguyên tắc đã học trong chương', 'Theo nguyên tắc đã học trong chương', TRUE, 1);
INSERT INTO questions_answers (question_id, sentence, sentence_translation, is_correct, "order") VALUES (811050021, 'Tự ý làm theo ý mình', 'Tự ý làm theo ý mình', FALSE, 2);
INSERT INTO questions_answers (question_id, sentence, sentence_translation, is_correct, "order") VALUES (811050021, 'Im lặng không làm gì', 'Im lặng không làm gì', FALSE, 3);
INSERT INTO questions_answers (question_id, sentence, sentence_translation, is_correct, "order") VALUES (811050021, 'Nhờ người khác làm hộ', 'Nhờ người khác làm hộ', FALSE, 4);
INSERT INTO questions (id, user_id, is_system, is_khoa_cu, question_type, content_type, level, selection_type, question, passage, passage_translation, general_explanation, skill_category, base_difficulty, tenant_id, is_active, is_deleted, created_at, created_by) VALUES (811050022, NULL, TRUE, FALSE, 'chon_dap_an', 'jisshusei_baitap_t10_recall_kuringu', 'N4', 'single', 'Tình huống 2 trong chương 10: phản ứng đúng là?

Phản ứng đúng cho tình huống 2:', NULL, NULL, 'Áp dụng nguyên tắc của chương: Xin lỗi cấp cao + 自主回収 + PL Law + プレスリリース + hou-ren-sou khẩn.', 'grammar', 1, 'system', TRUE, FALSE, NOW(), 'system') ON CONFLICT (id) DO UPDATE SET question_type = EXCLUDED.question_type, content_type = EXCLUDED.content_type, level = EXCLUDED.level, question = EXCLUDED.question, passage = EXCLUDED.passage, passage_translation = EXCLUDED.passage_translation, general_explanation = EXCLUDED.general_explanation, skill_category = EXCLUDED.skill_category, is_active = EXCLUDED.is_active, is_deleted = EXCLUDED.is_deleted, updated_at = NOW(), updated_by = 'system';
DELETE FROM questions_answers WHERE question_id = 811050022;
INSERT INTO questions_answers (question_id, sentence, sentence_translation, is_correct, "order") VALUES (811050022, 'Theo nguyên tắc đã học trong chương', 'Theo nguyên tắc đã học trong chương', TRUE, 1);
INSERT INTO questions_answers (question_id, sentence, sentence_translation, is_correct, "order") VALUES (811050022, 'Tự ý làm theo ý mình', 'Tự ý làm theo ý mình', FALSE, 2);
INSERT INTO questions_answers (question_id, sentence, sentence_translation, is_correct, "order") VALUES (811050022, 'Im lặng không làm gì', 'Im lặng không làm gì', FALSE, 3);
INSERT INTO questions_answers (question_id, sentence, sentence_translation, is_correct, "order") VALUES (811050022, 'Nhờ người khác làm hộ', 'Nhờ người khác làm hộ', FALSE, 4);
INSERT INTO questions (id, user_id, is_system, is_khoa_cu, question_type, content_type, level, selection_type, question, passage, passage_translation, general_explanation, skill_category, base_difficulty, tenant_id, is_active, is_deleted, created_at, created_by) VALUES (811050023, NULL, TRUE, FALSE, 'chon_dap_an', 'jisshusei_baitap_t10_recall_kuringu', 'N4', 'single', 'Tình huống 3 trong chương 10: phản ứng đúng là?

Phản ứng đúng cho tình huống 3:', NULL, NULL, 'Áp dụng nguyên tắc của chương: Xin lỗi cấp cao + 自主回収 + PL Law + プレスリリース + hou-ren-sou khẩn.', 'grammar', 1, 'system', TRUE, FALSE, NOW(), 'system') ON CONFLICT (id) DO UPDATE SET question_type = EXCLUDED.question_type, content_type = EXCLUDED.content_type, level = EXCLUDED.level, question = EXCLUDED.question, passage = EXCLUDED.passage, passage_translation = EXCLUDED.passage_translation, general_explanation = EXCLUDED.general_explanation, skill_category = EXCLUDED.skill_category, is_active = EXCLUDED.is_active, is_deleted = EXCLUDED.is_deleted, updated_at = NOW(), updated_by = 'system';
DELETE FROM questions_answers WHERE question_id = 811050023;
INSERT INTO questions_answers (question_id, sentence, sentence_translation, is_correct, "order") VALUES (811050023, 'Theo nguyên tắc đã học trong chương', 'Theo nguyên tắc đã học trong chương', TRUE, 1);
INSERT INTO questions_answers (question_id, sentence, sentence_translation, is_correct, "order") VALUES (811050023, 'Tự ý làm theo ý mình', 'Tự ý làm theo ý mình', FALSE, 2);
INSERT INTO questions_answers (question_id, sentence, sentence_translation, is_correct, "order") VALUES (811050023, 'Im lặng không làm gì', 'Im lặng không làm gì', FALSE, 3);
INSERT INTO questions_answers (question_id, sentence, sentence_translation, is_correct, "order") VALUES (811050023, 'Nhờ người khác làm hộ', 'Nhờ người khác làm hộ', FALSE, 4);
INSERT INTO questions (id, user_id, is_system, is_khoa_cu, question_type, content_type, level, selection_type, question, passage, passage_translation, general_explanation, skill_category, base_difficulty, tenant_id, is_active, is_deleted, created_at, created_by) VALUES (811050024, NULL, TRUE, FALSE, 'chon_dap_an', 'jisshusei_baitap_t10_recall_kuringu', 'N4', 'single', 'Tình huống 4 trong chương 10: phản ứng đúng là?

Phản ứng đúng cho tình huống 4:', NULL, NULL, 'Áp dụng nguyên tắc của chương: Xin lỗi cấp cao + 自主回収 + PL Law + プレスリリース + hou-ren-sou khẩn.', 'grammar', 1, 'system', TRUE, FALSE, NOW(), 'system') ON CONFLICT (id) DO UPDATE SET question_type = EXCLUDED.question_type, content_type = EXCLUDED.content_type, level = EXCLUDED.level, question = EXCLUDED.question, passage = EXCLUDED.passage, passage_translation = EXCLUDED.passage_translation, general_explanation = EXCLUDED.general_explanation, skill_category = EXCLUDED.skill_category, is_active = EXCLUDED.is_active, is_deleted = EXCLUDED.is_deleted, updated_at = NOW(), updated_by = 'system';
DELETE FROM questions_answers WHERE question_id = 811050024;
INSERT INTO questions_answers (question_id, sentence, sentence_translation, is_correct, "order") VALUES (811050024, 'Theo nguyên tắc đã học trong chương', 'Theo nguyên tắc đã học trong chương', TRUE, 1);
INSERT INTO questions_answers (question_id, sentence, sentence_translation, is_correct, "order") VALUES (811050024, 'Tự ý làm theo ý mình', 'Tự ý làm theo ý mình', FALSE, 2);
INSERT INTO questions_answers (question_id, sentence, sentence_translation, is_correct, "order") VALUES (811050024, 'Im lặng không làm gì', 'Im lặng không làm gì', FALSE, 3);
INSERT INTO questions_answers (question_id, sentence, sentence_translation, is_correct, "order") VALUES (811050024, 'Nhờ người khác làm hộ', 'Nhờ người khác làm hộ', FALSE, 4);
INSERT INTO questions (id, user_id, is_system, is_khoa_cu, question_type, content_type, level, selection_type, question, passage, passage_translation, general_explanation, skill_category, base_difficulty, tenant_id, is_active, is_deleted, created_at, created_by) VALUES (811050025, NULL, TRUE, FALSE, 'chon_dap_an', 'jisshusei_baitap_t10_recall_kuringu', 'N4', 'single', 'Tình huống 5 trong chương 10: phản ứng đúng là?

Phản ứng đúng cho tình huống 5:', NULL, NULL, 'Áp dụng nguyên tắc của chương: Xin lỗi cấp cao + 自主回収 + PL Law + プレスリリース + hou-ren-sou khẩn.', 'grammar', 1, 'system', TRUE, FALSE, NOW(), 'system') ON CONFLICT (id) DO UPDATE SET question_type = EXCLUDED.question_type, content_type = EXCLUDED.content_type, level = EXCLUDED.level, question = EXCLUDED.question, passage = EXCLUDED.passage, passage_translation = EXCLUDED.passage_translation, general_explanation = EXCLUDED.general_explanation, skill_category = EXCLUDED.skill_category, is_active = EXCLUDED.is_active, is_deleted = EXCLUDED.is_deleted, updated_at = NOW(), updated_by = 'system';
DELETE FROM questions_answers WHERE question_id = 811050025;
INSERT INTO questions_answers (question_id, sentence, sentence_translation, is_correct, "order") VALUES (811050025, 'Theo nguyên tắc đã học trong chương', 'Theo nguyên tắc đã học trong chương', TRUE, 1);
INSERT INTO questions_answers (question_id, sentence, sentence_translation, is_correct, "order") VALUES (811050025, 'Tự ý làm theo ý mình', 'Tự ý làm theo ý mình', FALSE, 2);
INSERT INTO questions_answers (question_id, sentence, sentence_translation, is_correct, "order") VALUES (811050025, 'Im lặng không làm gì', 'Im lặng không làm gì', FALSE, 3);
INSERT INTO questions_answers (question_id, sentence, sentence_translation, is_correct, "order") VALUES (811050025, 'Nhờ người khác làm hộ', 'Nhờ người khác làm hộ', FALSE, 4);
INSERT INTO questions (id, user_id, is_system, is_khoa_cu, question_type, content_type, level, selection_type, question, passage, passage_translation, general_explanation, skill_category, base_difficulty, tenant_id, is_active, is_deleted, created_at, created_by) VALUES (811050026, NULL, TRUE, FALSE, 'chon_dap_an', 'jisshusei_baitap_t10_recall_kuringu', 'N4', 'single', 'Tình huống 6 trong chương 10: phản ứng đúng là?

Phản ứng đúng cho tình huống 6:', NULL, NULL, 'Áp dụng nguyên tắc của chương: Xin lỗi cấp cao + 自主回収 + PL Law + プレスリリース + hou-ren-sou khẩn.', 'grammar', 1, 'system', TRUE, FALSE, NOW(), 'system') ON CONFLICT (id) DO UPDATE SET question_type = EXCLUDED.question_type, content_type = EXCLUDED.content_type, level = EXCLUDED.level, question = EXCLUDED.question, passage = EXCLUDED.passage, passage_translation = EXCLUDED.passage_translation, general_explanation = EXCLUDED.general_explanation, skill_category = EXCLUDED.skill_category, is_active = EXCLUDED.is_active, is_deleted = EXCLUDED.is_deleted, updated_at = NOW(), updated_by = 'system';
DELETE FROM questions_answers WHERE question_id = 811050026;
INSERT INTO questions_answers (question_id, sentence, sentence_translation, is_correct, "order") VALUES (811050026, 'Theo nguyên tắc đã học trong chương', 'Theo nguyên tắc đã học trong chương', TRUE, 1);
INSERT INTO questions_answers (question_id, sentence, sentence_translation, is_correct, "order") VALUES (811050026, 'Tự ý làm theo ý mình', 'Tự ý làm theo ý mình', FALSE, 2);
INSERT INTO questions_answers (question_id, sentence, sentence_translation, is_correct, "order") VALUES (811050026, 'Im lặng không làm gì', 'Im lặng không làm gì', FALSE, 3);
INSERT INTO questions_answers (question_id, sentence, sentence_translation, is_correct, "order") VALUES (811050026, 'Nhờ người khác làm hộ', 'Nhờ người khác làm hộ', FALSE, 4);
INSERT INTO questions (id, user_id, is_system, is_khoa_cu, question_type, content_type, level, selection_type, question, passage, passage_translation, general_explanation, skill_category, base_difficulty, tenant_id, is_active, is_deleted, created_at, created_by) VALUES (811050027, NULL, TRUE, FALSE, 'chon_dap_an', 'jisshusei_baitap_t10_recall_kuringu', 'N4', 'single', 'Tình huống 7 trong chương 10: phản ứng đúng là?

Phản ứng đúng cho tình huống 7:', NULL, NULL, 'Áp dụng nguyên tắc của chương: Xin lỗi cấp cao + 自主回収 + PL Law + プレスリリース + hou-ren-sou khẩn.', 'grammar', 1, 'system', TRUE, FALSE, NOW(), 'system') ON CONFLICT (id) DO UPDATE SET question_type = EXCLUDED.question_type, content_type = EXCLUDED.content_type, level = EXCLUDED.level, question = EXCLUDED.question, passage = EXCLUDED.passage, passage_translation = EXCLUDED.passage_translation, general_explanation = EXCLUDED.general_explanation, skill_category = EXCLUDED.skill_category, is_active = EXCLUDED.is_active, is_deleted = EXCLUDED.is_deleted, updated_at = NOW(), updated_by = 'system';
DELETE FROM questions_answers WHERE question_id = 811050027;
INSERT INTO questions_answers (question_id, sentence, sentence_translation, is_correct, "order") VALUES (811050027, 'Theo nguyên tắc đã học trong chương', 'Theo nguyên tắc đã học trong chương', TRUE, 1);
INSERT INTO questions_answers (question_id, sentence, sentence_translation, is_correct, "order") VALUES (811050027, 'Tự ý làm theo ý mình', 'Tự ý làm theo ý mình', FALSE, 2);
INSERT INTO questions_answers (question_id, sentence, sentence_translation, is_correct, "order") VALUES (811050027, 'Im lặng không làm gì', 'Im lặng không làm gì', FALSE, 3);
INSERT INTO questions_answers (question_id, sentence, sentence_translation, is_correct, "order") VALUES (811050027, 'Nhờ người khác làm hộ', 'Nhờ người khác làm hộ', FALSE, 4);
INSERT INTO questions (id, user_id, is_system, is_khoa_cu, question_type, content_type, level, selection_type, question, passage, passage_translation, general_explanation, skill_category, base_difficulty, tenant_id, is_active, is_deleted, created_at, created_by) VALUES (811050028, NULL, TRUE, FALSE, 'chon_dap_an', 'jisshusei_baitap_t10_recall_kuringu', 'N4', 'single', 'Tình huống 8 trong chương 10: phản ứng đúng là?

Phản ứng đúng cho tình huống 8:', NULL, NULL, 'Áp dụng nguyên tắc của chương: Xin lỗi cấp cao + 自主回収 + PL Law + プレスリリース + hou-ren-sou khẩn.', 'grammar', 1, 'system', TRUE, FALSE, NOW(), 'system') ON CONFLICT (id) DO UPDATE SET question_type = EXCLUDED.question_type, content_type = EXCLUDED.content_type, level = EXCLUDED.level, question = EXCLUDED.question, passage = EXCLUDED.passage, passage_translation = EXCLUDED.passage_translation, general_explanation = EXCLUDED.general_explanation, skill_category = EXCLUDED.skill_category, is_active = EXCLUDED.is_active, is_deleted = EXCLUDED.is_deleted, updated_at = NOW(), updated_by = 'system';
DELETE FROM questions_answers WHERE question_id = 811050028;
INSERT INTO questions_answers (question_id, sentence, sentence_translation, is_correct, "order") VALUES (811050028, 'Theo nguyên tắc đã học trong chương', 'Theo nguyên tắc đã học trong chương', TRUE, 1);
INSERT INTO questions_answers (question_id, sentence, sentence_translation, is_correct, "order") VALUES (811050028, 'Tự ý làm theo ý mình', 'Tự ý làm theo ý mình', FALSE, 2);
INSERT INTO questions_answers (question_id, sentence, sentence_translation, is_correct, "order") VALUES (811050028, 'Im lặng không làm gì', 'Im lặng không làm gì', FALSE, 3);
INSERT INTO questions_answers (question_id, sentence, sentence_translation, is_correct, "order") VALUES (811050028, 'Nhờ người khác làm hộ', 'Nhờ người khác làm hộ', FALSE, 4);
INSERT INTO questions (id, user_id, is_system, is_khoa_cu, question_type, content_type, level, selection_type, question, passage, passage_translation, general_explanation, skill_category, base_difficulty, tenant_id, is_active, is_deleted, created_at, created_by) VALUES (811050029, NULL, TRUE, FALSE, 'chon_dap_an', 'jisshusei_baitap_t10_recall_kuringu', 'N4', 'single', 'Tình huống 9 trong chương 10: phản ứng đúng là?

Phản ứng đúng cho tình huống 9:', NULL, NULL, 'Áp dụng nguyên tắc của chương: Xin lỗi cấp cao + 自主回収 + PL Law + プレスリリース + hou-ren-sou khẩn.', 'grammar', 1, 'system', TRUE, FALSE, NOW(), 'system') ON CONFLICT (id) DO UPDATE SET question_type = EXCLUDED.question_type, content_type = EXCLUDED.content_type, level = EXCLUDED.level, question = EXCLUDED.question, passage = EXCLUDED.passage, passage_translation = EXCLUDED.passage_translation, general_explanation = EXCLUDED.general_explanation, skill_category = EXCLUDED.skill_category, is_active = EXCLUDED.is_active, is_deleted = EXCLUDED.is_deleted, updated_at = NOW(), updated_by = 'system';
DELETE FROM questions_answers WHERE question_id = 811050029;
INSERT INTO questions_answers (question_id, sentence, sentence_translation, is_correct, "order") VALUES (811050029, 'Theo nguyên tắc đã học trong chương', 'Theo nguyên tắc đã học trong chương', TRUE, 1);
INSERT INTO questions_answers (question_id, sentence, sentence_translation, is_correct, "order") VALUES (811050029, 'Tự ý làm theo ý mình', 'Tự ý làm theo ý mình', FALSE, 2);
INSERT INTO questions_answers (question_id, sentence, sentence_translation, is_correct, "order") VALUES (811050029, 'Im lặng không làm gì', 'Im lặng không làm gì', FALSE, 3);
INSERT INTO questions_answers (question_id, sentence, sentence_translation, is_correct, "order") VALUES (811050029, 'Nhờ người khác làm hộ', 'Nhờ người khác làm hộ', FALSE, 4);
INSERT INTO questions (id, user_id, is_system, is_khoa_cu, question_type, content_type, level, selection_type, question, passage, passage_translation, general_explanation, skill_category, base_difficulty, tenant_id, is_active, is_deleted, created_at, created_by) VALUES (811050030, NULL, TRUE, FALSE, 'chon_dap_an', 'jisshusei_baitap_t10_recall_kuringu', 'N4', 'single', 'Tình huống 10 trong chương 10: phản ứng đúng là?

Phản ứng đúng cho tình huống 10:', NULL, NULL, 'Áp dụng nguyên tắc của chương: Xin lỗi cấp cao + 自主回収 + PL Law + プレスリリース + hou-ren-sou khẩn.', 'grammar', 1, 'system', TRUE, FALSE, NOW(), 'system') ON CONFLICT (id) DO UPDATE SET question_type = EXCLUDED.question_type, content_type = EXCLUDED.content_type, level = EXCLUDED.level, question = EXCLUDED.question, passage = EXCLUDED.passage, passage_translation = EXCLUDED.passage_translation, general_explanation = EXCLUDED.general_explanation, skill_category = EXCLUDED.skill_category, is_active = EXCLUDED.is_active, is_deleted = EXCLUDED.is_deleted, updated_at = NOW(), updated_by = 'system';
DELETE FROM questions_answers WHERE question_id = 811050030;
INSERT INTO questions_answers (question_id, sentence, sentence_translation, is_correct, "order") VALUES (811050030, 'Theo nguyên tắc đã học trong chương', 'Theo nguyên tắc đã học trong chương', TRUE, 1);
INSERT INTO questions_answers (question_id, sentence, sentence_translation, is_correct, "order") VALUES (811050030, 'Tự ý làm theo ý mình', 'Tự ý làm theo ý mình', FALSE, 2);
INSERT INTO questions_answers (question_id, sentence, sentence_translation, is_correct, "order") VALUES (811050030, 'Im lặng không làm gì', 'Im lặng không làm gì', FALSE, 3);
INSERT INTO questions_answers (question_id, sentence, sentence_translation, is_correct, "order") VALUES (811050030, 'Nhờ người khác làm hộ', 'Nhờ người khác làm hộ', FALSE, 4);
INSERT INTO questions (id, user_id, is_system, is_khoa_cu, question_type, content_type, level, selection_type, question, passage, passage_translation, general_explanation, skill_category, base_difficulty, tenant_id, is_active, is_deleted, created_at, created_by) VALUES (811050031, NULL, TRUE, FALSE, 'chon_dap_an', 'jisshusei_baitap_t10_recall_kuringu', 'N4', 'single', 'Văn hoá Nhật trong chương 10, nuance #1:

Văn hoá Nhật chương 10, sắc thái #1:', NULL, NULL, 'Chi tiết xem trong LyThuyet chương 10.', 'grammar', 1, 'system', TRUE, FALSE, NOW(), 'system') ON CONFLICT (id) DO UPDATE SET question_type = EXCLUDED.question_type, content_type = EXCLUDED.content_type, level = EXCLUDED.level, question = EXCLUDED.question, passage = EXCLUDED.passage, passage_translation = EXCLUDED.passage_translation, general_explanation = EXCLUDED.general_explanation, skill_category = EXCLUDED.skill_category, is_active = EXCLUDED.is_active, is_deleted = EXCLUDED.is_deleted, updated_at = NOW(), updated_by = 'system';
DELETE FROM questions_answers WHERE question_id = 811050031;
INSERT INTO questions_answers (question_id, sentence, sentence_translation, is_correct, "order") VALUES (811050031, 'Cách tiếp cận tinh tế phù hợp văn hoá Nhật (đã giải thích trong LyThuyet)', 'Cách tiếp cận tinh tế phù hợp văn hoá Nhật (đã giải thích trong LyThuyet)', TRUE, 1);
INSERT INTO questions_answers (question_id, sentence, sentence_translation, is_correct, "order") VALUES (811050031, 'Cách tiếp cận thẳng thắn theo style phương Tây', 'Cách tiếp cận thẳng thắn theo style phương Tây', FALSE, 2);
INSERT INTO questions_answers (question_id, sentence, sentence_translation, is_correct, "order") VALUES (811050031, 'Im lặng là tốt nhất', 'Im lặng là tốt nhất', FALSE, 3);
INSERT INTO questions_answers (question_id, sentence, sentence_translation, is_correct, "order") VALUES (811050031, 'Không có sự khác biệt văn hoá', 'Không có sự khác biệt văn hoá', FALSE, 4);
INSERT INTO questions (id, user_id, is_system, is_khoa_cu, question_type, content_type, level, selection_type, question, passage, passage_translation, general_explanation, skill_category, base_difficulty, tenant_id, is_active, is_deleted, created_at, created_by) VALUES (811050032, NULL, TRUE, FALSE, 'chon_dap_an', 'jisshusei_baitap_t10_recall_kuringu', 'N4', 'single', 'Văn hoá Nhật trong chương 10, nuance #2:

Văn hoá Nhật chương 10, sắc thái #2:', NULL, NULL, 'Chi tiết xem trong LyThuyet chương 10.', 'grammar', 1, 'system', TRUE, FALSE, NOW(), 'system') ON CONFLICT (id) DO UPDATE SET question_type = EXCLUDED.question_type, content_type = EXCLUDED.content_type, level = EXCLUDED.level, question = EXCLUDED.question, passage = EXCLUDED.passage, passage_translation = EXCLUDED.passage_translation, general_explanation = EXCLUDED.general_explanation, skill_category = EXCLUDED.skill_category, is_active = EXCLUDED.is_active, is_deleted = EXCLUDED.is_deleted, updated_at = NOW(), updated_by = 'system';
DELETE FROM questions_answers WHERE question_id = 811050032;
INSERT INTO questions_answers (question_id, sentence, sentence_translation, is_correct, "order") VALUES (811050032, 'Cách tiếp cận tinh tế phù hợp văn hoá Nhật (đã giải thích trong LyThuyet)', 'Cách tiếp cận tinh tế phù hợp văn hoá Nhật (đã giải thích trong LyThuyet)', TRUE, 1);
INSERT INTO questions_answers (question_id, sentence, sentence_translation, is_correct, "order") VALUES (811050032, 'Cách tiếp cận thẳng thắn theo style phương Tây', 'Cách tiếp cận thẳng thắn theo style phương Tây', FALSE, 2);
INSERT INTO questions_answers (question_id, sentence, sentence_translation, is_correct, "order") VALUES (811050032, 'Im lặng là tốt nhất', 'Im lặng là tốt nhất', FALSE, 3);
INSERT INTO questions_answers (question_id, sentence, sentence_translation, is_correct, "order") VALUES (811050032, 'Không có sự khác biệt văn hoá', 'Không có sự khác biệt văn hoá', FALSE, 4);
INSERT INTO questions (id, user_id, is_system, is_khoa_cu, question_type, content_type, level, selection_type, question, passage, passage_translation, general_explanation, skill_category, base_difficulty, tenant_id, is_active, is_deleted, created_at, created_by) VALUES (811050033, NULL, TRUE, FALSE, 'chon_dap_an', 'jisshusei_baitap_t10_recall_kuringu', 'N4', 'single', 'Văn hoá Nhật trong chương 10, nuance #3:

Văn hoá Nhật chương 10, sắc thái #3:', NULL, NULL, 'Chi tiết xem trong LyThuyet chương 10.', 'grammar', 1, 'system', TRUE, FALSE, NOW(), 'system') ON CONFLICT (id) DO UPDATE SET question_type = EXCLUDED.question_type, content_type = EXCLUDED.content_type, level = EXCLUDED.level, question = EXCLUDED.question, passage = EXCLUDED.passage, passage_translation = EXCLUDED.passage_translation, general_explanation = EXCLUDED.general_explanation, skill_category = EXCLUDED.skill_category, is_active = EXCLUDED.is_active, is_deleted = EXCLUDED.is_deleted, updated_at = NOW(), updated_by = 'system';
DELETE FROM questions_answers WHERE question_id = 811050033;
INSERT INTO questions_answers (question_id, sentence, sentence_translation, is_correct, "order") VALUES (811050033, 'Cách tiếp cận tinh tế phù hợp văn hoá Nhật (đã giải thích trong LyThuyet)', 'Cách tiếp cận tinh tế phù hợp văn hoá Nhật (đã giải thích trong LyThuyet)', TRUE, 1);
INSERT INTO questions_answers (question_id, sentence, sentence_translation, is_correct, "order") VALUES (811050033, 'Cách tiếp cận thẳng thắn theo style phương Tây', 'Cách tiếp cận thẳng thắn theo style phương Tây', FALSE, 2);
INSERT INTO questions_answers (question_id, sentence, sentence_translation, is_correct, "order") VALUES (811050033, 'Im lặng là tốt nhất', 'Im lặng là tốt nhất', FALSE, 3);
INSERT INTO questions_answers (question_id, sentence, sentence_translation, is_correct, "order") VALUES (811050033, 'Không có sự khác biệt văn hoá', 'Không có sự khác biệt văn hoá', FALSE, 4);
INSERT INTO questions (id, user_id, is_system, is_khoa_cu, question_type, content_type, level, selection_type, question, passage, passage_translation, general_explanation, skill_category, base_difficulty, tenant_id, is_active, is_deleted, created_at, created_by) VALUES (811050034, NULL, TRUE, FALSE, 'chon_dap_an', 'jisshusei_baitap_t10_recall_kuringu', 'N4', 'single', 'Văn hoá Nhật trong chương 10, nuance #4:

Văn hoá Nhật chương 10, sắc thái #4:', NULL, NULL, 'Chi tiết xem trong LyThuyet chương 10.', 'grammar', 1, 'system', TRUE, FALSE, NOW(), 'system') ON CONFLICT (id) DO UPDATE SET question_type = EXCLUDED.question_type, content_type = EXCLUDED.content_type, level = EXCLUDED.level, question = EXCLUDED.question, passage = EXCLUDED.passage, passage_translation = EXCLUDED.passage_translation, general_explanation = EXCLUDED.general_explanation, skill_category = EXCLUDED.skill_category, is_active = EXCLUDED.is_active, is_deleted = EXCLUDED.is_deleted, updated_at = NOW(), updated_by = 'system';
DELETE FROM questions_answers WHERE question_id = 811050034;
INSERT INTO questions_answers (question_id, sentence, sentence_translation, is_correct, "order") VALUES (811050034, 'Cách tiếp cận tinh tế phù hợp văn hoá Nhật (đã giải thích trong LyThuyet)', 'Cách tiếp cận tinh tế phù hợp văn hoá Nhật (đã giải thích trong LyThuyet)', TRUE, 1);
INSERT INTO questions_answers (question_id, sentence, sentence_translation, is_correct, "order") VALUES (811050034, 'Cách tiếp cận thẳng thắn theo style phương Tây', 'Cách tiếp cận thẳng thắn theo style phương Tây', FALSE, 2);
INSERT INTO questions_answers (question_id, sentence, sentence_translation, is_correct, "order") VALUES (811050034, 'Im lặng là tốt nhất', 'Im lặng là tốt nhất', FALSE, 3);
INSERT INTO questions_answers (question_id, sentence, sentence_translation, is_correct, "order") VALUES (811050034, 'Không có sự khác biệt văn hoá', 'Không có sự khác biệt văn hoá', FALSE, 4);
INSERT INTO questions (id, user_id, is_system, is_khoa_cu, question_type, content_type, level, selection_type, question, passage, passage_translation, general_explanation, skill_category, base_difficulty, tenant_id, is_active, is_deleted, created_at, created_by) VALUES (811050035, NULL, TRUE, FALSE, 'chon_dap_an', 'jisshusei_baitap_t10_recall_kuringu', 'N4', 'single', 'Văn hoá Nhật trong chương 10, nuance #5:

Văn hoá Nhật chương 10, sắc thái #5:', NULL, NULL, 'Chi tiết xem trong LyThuyet chương 10.', 'grammar', 1, 'system', TRUE, FALSE, NOW(), 'system') ON CONFLICT (id) DO UPDATE SET question_type = EXCLUDED.question_type, content_type = EXCLUDED.content_type, level = EXCLUDED.level, question = EXCLUDED.question, passage = EXCLUDED.passage, passage_translation = EXCLUDED.passage_translation, general_explanation = EXCLUDED.general_explanation, skill_category = EXCLUDED.skill_category, is_active = EXCLUDED.is_active, is_deleted = EXCLUDED.is_deleted, updated_at = NOW(), updated_by = 'system';
DELETE FROM questions_answers WHERE question_id = 811050035;
INSERT INTO questions_answers (question_id, sentence, sentence_translation, is_correct, "order") VALUES (811050035, 'Cách tiếp cận tinh tế phù hợp văn hoá Nhật (đã giải thích trong LyThuyet)', 'Cách tiếp cận tinh tế phù hợp văn hoá Nhật (đã giải thích trong LyThuyet)', TRUE, 1);
INSERT INTO questions_answers (question_id, sentence, sentence_translation, is_correct, "order") VALUES (811050035, 'Cách tiếp cận thẳng thắn theo style phương Tây', 'Cách tiếp cận thẳng thắn theo style phương Tây', FALSE, 2);
INSERT INTO questions_answers (question_id, sentence, sentence_translation, is_correct, "order") VALUES (811050035, 'Im lặng là tốt nhất', 'Im lặng là tốt nhất', FALSE, 3);
INSERT INTO questions_answers (question_id, sentence, sentence_translation, is_correct, "order") VALUES (811050035, 'Không có sự khác biệt văn hoá', 'Không có sự khác biệt văn hoá', FALSE, 4);
INSERT INTO questions (id, user_id, is_system, is_khoa_cu, question_type, content_type, level, selection_type, question, passage, passage_translation, general_explanation, skill_category, base_difficulty, tenant_id, is_active, is_deleted, created_at, created_by) VALUES (811050036, NULL, TRUE, FALSE, 'chon_dap_an', 'jisshusei_baitap_t10_recall_kuringu', 'N4', 'single', 'Văn hoá Nhật trong chương 10, nuance #6:

Văn hoá Nhật chương 10, sắc thái #6:', NULL, NULL, 'Chi tiết xem trong LyThuyet chương 10.', 'grammar', 1, 'system', TRUE, FALSE, NOW(), 'system') ON CONFLICT (id) DO UPDATE SET question_type = EXCLUDED.question_type, content_type = EXCLUDED.content_type, level = EXCLUDED.level, question = EXCLUDED.question, passage = EXCLUDED.passage, passage_translation = EXCLUDED.passage_translation, general_explanation = EXCLUDED.general_explanation, skill_category = EXCLUDED.skill_category, is_active = EXCLUDED.is_active, is_deleted = EXCLUDED.is_deleted, updated_at = NOW(), updated_by = 'system';
DELETE FROM questions_answers WHERE question_id = 811050036;
INSERT INTO questions_answers (question_id, sentence, sentence_translation, is_correct, "order") VALUES (811050036, 'Cách tiếp cận tinh tế phù hợp văn hoá Nhật (đã giải thích trong LyThuyet)', 'Cách tiếp cận tinh tế phù hợp văn hoá Nhật (đã giải thích trong LyThuyet)', TRUE, 1);
INSERT INTO questions_answers (question_id, sentence, sentence_translation, is_correct, "order") VALUES (811050036, 'Cách tiếp cận thẳng thắn theo style phương Tây', 'Cách tiếp cận thẳng thắn theo style phương Tây', FALSE, 2);
INSERT INTO questions_answers (question_id, sentence, sentence_translation, is_correct, "order") VALUES (811050036, 'Im lặng là tốt nhất', 'Im lặng là tốt nhất', FALSE, 3);
INSERT INTO questions_answers (question_id, sentence, sentence_translation, is_correct, "order") VALUES (811050036, 'Không có sự khác biệt văn hoá', 'Không có sự khác biệt văn hoá', FALSE, 4);
INSERT INTO questions (id, user_id, is_system, is_khoa_cu, question_type, content_type, level, selection_type, question, passage, passage_translation, general_explanation, skill_category, base_difficulty, tenant_id, is_active, is_deleted, created_at, created_by) VALUES (811050037, NULL, TRUE, FALSE, 'chon_dap_an', 'jisshusei_baitap_t10_recall_kuringu', 'N4', 'single', 'Văn hoá Nhật trong chương 10, nuance #7:

Văn hoá Nhật chương 10, sắc thái #7:', NULL, NULL, 'Chi tiết xem trong LyThuyet chương 10.', 'grammar', 1, 'system', TRUE, FALSE, NOW(), 'system') ON CONFLICT (id) DO UPDATE SET question_type = EXCLUDED.question_type, content_type = EXCLUDED.content_type, level = EXCLUDED.level, question = EXCLUDED.question, passage = EXCLUDED.passage, passage_translation = EXCLUDED.passage_translation, general_explanation = EXCLUDED.general_explanation, skill_category = EXCLUDED.skill_category, is_active = EXCLUDED.is_active, is_deleted = EXCLUDED.is_deleted, updated_at = NOW(), updated_by = 'system';
DELETE FROM questions_answers WHERE question_id = 811050037;
INSERT INTO questions_answers (question_id, sentence, sentence_translation, is_correct, "order") VALUES (811050037, 'Cách tiếp cận tinh tế phù hợp văn hoá Nhật (đã giải thích trong LyThuyet)', 'Cách tiếp cận tinh tế phù hợp văn hoá Nhật (đã giải thích trong LyThuyet)', TRUE, 1);
INSERT INTO questions_answers (question_id, sentence, sentence_translation, is_correct, "order") VALUES (811050037, 'Cách tiếp cận thẳng thắn theo style phương Tây', 'Cách tiếp cận thẳng thắn theo style phương Tây', FALSE, 2);
INSERT INTO questions_answers (question_id, sentence, sentence_translation, is_correct, "order") VALUES (811050037, 'Im lặng là tốt nhất', 'Im lặng là tốt nhất', FALSE, 3);
INSERT INTO questions_answers (question_id, sentence, sentence_translation, is_correct, "order") VALUES (811050037, 'Không có sự khác biệt văn hoá', 'Không có sự khác biệt văn hoá', FALSE, 4);
INSERT INTO questions (id, user_id, is_system, is_khoa_cu, question_type, content_type, level, selection_type, question, passage, passage_translation, general_explanation, skill_category, base_difficulty, tenant_id, is_active, is_deleted, created_at, created_by) VALUES (811050038, NULL, TRUE, FALSE, 'chon_dap_an', 'jisshusei_baitap_t10_recall_kuringu', 'N4', 'single', 'Văn hoá Nhật trong chương 10, nuance #8:

Văn hoá Nhật chương 10, sắc thái #8:', NULL, NULL, 'Chi tiết xem trong LyThuyet chương 10.', 'grammar', 1, 'system', TRUE, FALSE, NOW(), 'system') ON CONFLICT (id) DO UPDATE SET question_type = EXCLUDED.question_type, content_type = EXCLUDED.content_type, level = EXCLUDED.level, question = EXCLUDED.question, passage = EXCLUDED.passage, passage_translation = EXCLUDED.passage_translation, general_explanation = EXCLUDED.general_explanation, skill_category = EXCLUDED.skill_category, is_active = EXCLUDED.is_active, is_deleted = EXCLUDED.is_deleted, updated_at = NOW(), updated_by = 'system';
DELETE FROM questions_answers WHERE question_id = 811050038;
INSERT INTO questions_answers (question_id, sentence, sentence_translation, is_correct, "order") VALUES (811050038, 'Cách tiếp cận tinh tế phù hợp văn hoá Nhật (đã giải thích trong LyThuyet)', 'Cách tiếp cận tinh tế phù hợp văn hoá Nhật (đã giải thích trong LyThuyet)', TRUE, 1);
INSERT INTO questions_answers (question_id, sentence, sentence_translation, is_correct, "order") VALUES (811050038, 'Cách tiếp cận thẳng thắn theo style phương Tây', 'Cách tiếp cận thẳng thắn theo style phương Tây', FALSE, 2);
INSERT INTO questions_answers (question_id, sentence, sentence_translation, is_correct, "order") VALUES (811050038, 'Im lặng là tốt nhất', 'Im lặng là tốt nhất', FALSE, 3);
INSERT INTO questions_answers (question_id, sentence, sentence_translation, is_correct, "order") VALUES (811050038, 'Không có sự khác biệt văn hoá', 'Không có sự khác biệt văn hoá', FALSE, 4);
INSERT INTO questions (id, user_id, is_system, is_khoa_cu, question_type, content_type, level, selection_type, question, passage, passage_translation, general_explanation, skill_category, base_difficulty, tenant_id, is_active, is_deleted, created_at, created_by) VALUES (811050039, NULL, TRUE, FALSE, 'chon_dap_an', 'jisshusei_baitap_t10_recall_kuringu', 'N4', 'single', 'Văn hoá Nhật trong chương 10, nuance #9:

Văn hoá Nhật chương 10, sắc thái #9:', NULL, NULL, 'Chi tiết xem trong LyThuyet chương 10.', 'grammar', 1, 'system', TRUE, FALSE, NOW(), 'system') ON CONFLICT (id) DO UPDATE SET question_type = EXCLUDED.question_type, content_type = EXCLUDED.content_type, level = EXCLUDED.level, question = EXCLUDED.question, passage = EXCLUDED.passage, passage_translation = EXCLUDED.passage_translation, general_explanation = EXCLUDED.general_explanation, skill_category = EXCLUDED.skill_category, is_active = EXCLUDED.is_active, is_deleted = EXCLUDED.is_deleted, updated_at = NOW(), updated_by = 'system';
DELETE FROM questions_answers WHERE question_id = 811050039;
INSERT INTO questions_answers (question_id, sentence, sentence_translation, is_correct, "order") VALUES (811050039, 'Cách tiếp cận tinh tế phù hợp văn hoá Nhật (đã giải thích trong LyThuyet)', 'Cách tiếp cận tinh tế phù hợp văn hoá Nhật (đã giải thích trong LyThuyet)', TRUE, 1);
INSERT INTO questions_answers (question_id, sentence, sentence_translation, is_correct, "order") VALUES (811050039, 'Cách tiếp cận thẳng thắn theo style phương Tây', 'Cách tiếp cận thẳng thắn theo style phương Tây', FALSE, 2);
INSERT INTO questions_answers (question_id, sentence, sentence_translation, is_correct, "order") VALUES (811050039, 'Im lặng là tốt nhất', 'Im lặng là tốt nhất', FALSE, 3);
INSERT INTO questions_answers (question_id, sentence, sentence_translation, is_correct, "order") VALUES (811050039, 'Không có sự khác biệt văn hoá', 'Không có sự khác biệt văn hoá', FALSE, 4);
INSERT INTO questions (id, user_id, is_system, is_khoa_cu, question_type, content_type, level, selection_type, question, passage, passage_translation, general_explanation, skill_category, base_difficulty, tenant_id, is_active, is_deleted, created_at, created_by) VALUES (811050040, NULL, TRUE, FALSE, 'chon_dap_an', 'jisshusei_baitap_t10_recall_kuringu', 'N4', 'single', 'Văn hoá Nhật trong chương 10, nuance #10:

Văn hoá Nhật chương 10, sắc thái #10:', NULL, NULL, 'Chi tiết xem trong LyThuyet chương 10.', 'grammar', 1, 'system', TRUE, FALSE, NOW(), 'system') ON CONFLICT (id) DO UPDATE SET question_type = EXCLUDED.question_type, content_type = EXCLUDED.content_type, level = EXCLUDED.level, question = EXCLUDED.question, passage = EXCLUDED.passage, passage_translation = EXCLUDED.passage_translation, general_explanation = EXCLUDED.general_explanation, skill_category = EXCLUDED.skill_category, is_active = EXCLUDED.is_active, is_deleted = EXCLUDED.is_deleted, updated_at = NOW(), updated_by = 'system';
DELETE FROM questions_answers WHERE question_id = 811050040;
INSERT INTO questions_answers (question_id, sentence, sentence_translation, is_correct, "order") VALUES (811050040, 'Cách tiếp cận tinh tế phù hợp văn hoá Nhật (đã giải thích trong LyThuyet)', 'Cách tiếp cận tinh tế phù hợp văn hoá Nhật (đã giải thích trong LyThuyet)', TRUE, 1);
INSERT INTO questions_answers (question_id, sentence, sentence_translation, is_correct, "order") VALUES (811050040, 'Cách tiếp cận thẳng thắn theo style phương Tây', 'Cách tiếp cận thẳng thắn theo style phương Tây', FALSE, 2);
INSERT INTO questions_answers (question_id, sentence, sentence_translation, is_correct, "order") VALUES (811050040, 'Im lặng là tốt nhất', 'Im lặng là tốt nhất', FALSE, 3);
INSERT INTO questions_answers (question_id, sentence, sentence_translation, is_correct, "order") VALUES (811050040, 'Không có sự khác biệt văn hoá', 'Không có sự khác biệt văn hoá', FALSE, 4);

INSERT INTO study_question_sets (id, name, description, set_type, card_count, tenant_id, is_active, is_deleted, created_at, created_by) VALUES (8110051, 'T10. Sự cố lớn — Recall — Bài tập Level 1', 'Bài tập trắc nghiệm — Level 1: N5', 'practice', 10, 'system', TRUE, FALSE, NOW(), 'system') ON CONFLICT (id) DO UPDATE SET name = EXCLUDED.name, description = EXCLUDED.description, set_type = EXCLUDED.set_type, card_count = EXCLUDED.card_count, is_active = EXCLUDED.is_active, is_deleted = EXCLUDED.is_deleted, updated_at = NOW(), updated_by = 'system';
INSERT INTO study_question_set_questions (study_question_set_id, question_id, order_index, tenant_id, is_deleted, created_at, created_by) VALUES (8110051, 811050001, 1, 'system', FALSE, NOW(), 'system') ON CONFLICT (study_question_set_id, question_id) DO UPDATE SET order_index = EXCLUDED.order_index, is_deleted = FALSE;
INSERT INTO study_question_set_questions (study_question_set_id, question_id, order_index, tenant_id, is_deleted, created_at, created_by) VALUES (8110051, 811050002, 2, 'system', FALSE, NOW(), 'system') ON CONFLICT (study_question_set_id, question_id) DO UPDATE SET order_index = EXCLUDED.order_index, is_deleted = FALSE;
INSERT INTO study_question_set_questions (study_question_set_id, question_id, order_index, tenant_id, is_deleted, created_at, created_by) VALUES (8110051, 811050003, 3, 'system', FALSE, NOW(), 'system') ON CONFLICT (study_question_set_id, question_id) DO UPDATE SET order_index = EXCLUDED.order_index, is_deleted = FALSE;
INSERT INTO study_question_set_questions (study_question_set_id, question_id, order_index, tenant_id, is_deleted, created_at, created_by) VALUES (8110051, 811050004, 4, 'system', FALSE, NOW(), 'system') ON CONFLICT (study_question_set_id, question_id) DO UPDATE SET order_index = EXCLUDED.order_index, is_deleted = FALSE;
INSERT INTO study_question_set_questions (study_question_set_id, question_id, order_index, tenant_id, is_deleted, created_at, created_by) VALUES (8110051, 811050005, 5, 'system', FALSE, NOW(), 'system') ON CONFLICT (study_question_set_id, question_id) DO UPDATE SET order_index = EXCLUDED.order_index, is_deleted = FALSE;
INSERT INTO study_question_set_questions (study_question_set_id, question_id, order_index, tenant_id, is_deleted, created_at, created_by) VALUES (8110051, 811050006, 6, 'system', FALSE, NOW(), 'system') ON CONFLICT (study_question_set_id, question_id) DO UPDATE SET order_index = EXCLUDED.order_index, is_deleted = FALSE;
INSERT INTO study_question_set_questions (study_question_set_id, question_id, order_index, tenant_id, is_deleted, created_at, created_by) VALUES (8110051, 811050007, 7, 'system', FALSE, NOW(), 'system') ON CONFLICT (study_question_set_id, question_id) DO UPDATE SET order_index = EXCLUDED.order_index, is_deleted = FALSE;
INSERT INTO study_question_set_questions (study_question_set_id, question_id, order_index, tenant_id, is_deleted, created_at, created_by) VALUES (8110051, 811050008, 8, 'system', FALSE, NOW(), 'system') ON CONFLICT (study_question_set_id, question_id) DO UPDATE SET order_index = EXCLUDED.order_index, is_deleted = FALSE;
INSERT INTO study_question_set_questions (study_question_set_id, question_id, order_index, tenant_id, is_deleted, created_at, created_by) VALUES (8110051, 811050009, 9, 'system', FALSE, NOW(), 'system') ON CONFLICT (study_question_set_id, question_id) DO UPDATE SET order_index = EXCLUDED.order_index, is_deleted = FALSE;
INSERT INTO study_question_set_questions (study_question_set_id, question_id, order_index, tenant_id, is_deleted, created_at, created_by) VALUES (8110051, 811050010, 10, 'system', FALSE, NOW(), 'system') ON CONFLICT (study_question_set_id, question_id) DO UPDATE SET order_index = EXCLUDED.order_index, is_deleted = FALSE;
INSERT INTO study_resource_question_sets (resource_type, resource_id, study_question_set_id, position, context, tenant_id, is_active, is_deleted, created_at, created_by) VALUES ('module', 8011010, 8110051, 1, '{"label": "T10. Sự cố lớn — Recall — Bài tập Level 1"}'::jsonb, 'system', TRUE, FALSE, NOW(), 'system') ON CONFLICT (resource_type, resource_id, study_question_set_id) DO UPDATE SET position = EXCLUDED.position, context = EXCLUDED.context, is_active = TRUE, is_deleted = FALSE;

INSERT INTO study_question_sets (id, name, description, set_type, card_count, tenant_id, is_active, is_deleted, created_at, created_by) VALUES (8110052, 'T10. Sự cố lớn — Recall — Bài tập Level 2', 'Bài tập trắc nghiệm — Level 2: N5', 'practice', 10, 'system', TRUE, FALSE, NOW(), 'system') ON CONFLICT (id) DO UPDATE SET name = EXCLUDED.name, description = EXCLUDED.description, set_type = EXCLUDED.set_type, card_count = EXCLUDED.card_count, is_active = EXCLUDED.is_active, is_deleted = EXCLUDED.is_deleted, updated_at = NOW(), updated_by = 'system';
INSERT INTO study_question_set_questions (study_question_set_id, question_id, order_index, tenant_id, is_deleted, created_at, created_by) VALUES (8110052, 811050011, 1, 'system', FALSE, NOW(), 'system') ON CONFLICT (study_question_set_id, question_id) DO UPDATE SET order_index = EXCLUDED.order_index, is_deleted = FALSE;
INSERT INTO study_question_set_questions (study_question_set_id, question_id, order_index, tenant_id, is_deleted, created_at, created_by) VALUES (8110052, 811050012, 2, 'system', FALSE, NOW(), 'system') ON CONFLICT (study_question_set_id, question_id) DO UPDATE SET order_index = EXCLUDED.order_index, is_deleted = FALSE;
INSERT INTO study_question_set_questions (study_question_set_id, question_id, order_index, tenant_id, is_deleted, created_at, created_by) VALUES (8110052, 811050013, 3, 'system', FALSE, NOW(), 'system') ON CONFLICT (study_question_set_id, question_id) DO UPDATE SET order_index = EXCLUDED.order_index, is_deleted = FALSE;
INSERT INTO study_question_set_questions (study_question_set_id, question_id, order_index, tenant_id, is_deleted, created_at, created_by) VALUES (8110052, 811050014, 4, 'system', FALSE, NOW(), 'system') ON CONFLICT (study_question_set_id, question_id) DO UPDATE SET order_index = EXCLUDED.order_index, is_deleted = FALSE;
INSERT INTO study_question_set_questions (study_question_set_id, question_id, order_index, tenant_id, is_deleted, created_at, created_by) VALUES (8110052, 811050015, 5, 'system', FALSE, NOW(), 'system') ON CONFLICT (study_question_set_id, question_id) DO UPDATE SET order_index = EXCLUDED.order_index, is_deleted = FALSE;
INSERT INTO study_question_set_questions (study_question_set_id, question_id, order_index, tenant_id, is_deleted, created_at, created_by) VALUES (8110052, 811050016, 6, 'system', FALSE, NOW(), 'system') ON CONFLICT (study_question_set_id, question_id) DO UPDATE SET order_index = EXCLUDED.order_index, is_deleted = FALSE;
INSERT INTO study_question_set_questions (study_question_set_id, question_id, order_index, tenant_id, is_deleted, created_at, created_by) VALUES (8110052, 811050017, 7, 'system', FALSE, NOW(), 'system') ON CONFLICT (study_question_set_id, question_id) DO UPDATE SET order_index = EXCLUDED.order_index, is_deleted = FALSE;
INSERT INTO study_question_set_questions (study_question_set_id, question_id, order_index, tenant_id, is_deleted, created_at, created_by) VALUES (8110052, 811050018, 8, 'system', FALSE, NOW(), 'system') ON CONFLICT (study_question_set_id, question_id) DO UPDATE SET order_index = EXCLUDED.order_index, is_deleted = FALSE;
INSERT INTO study_question_set_questions (study_question_set_id, question_id, order_index, tenant_id, is_deleted, created_at, created_by) VALUES (8110052, 811050019, 9, 'system', FALSE, NOW(), 'system') ON CONFLICT (study_question_set_id, question_id) DO UPDATE SET order_index = EXCLUDED.order_index, is_deleted = FALSE;
INSERT INTO study_question_set_questions (study_question_set_id, question_id, order_index, tenant_id, is_deleted, created_at, created_by) VALUES (8110052, 811050020, 10, 'system', FALSE, NOW(), 'system') ON CONFLICT (study_question_set_id, question_id) DO UPDATE SET order_index = EXCLUDED.order_index, is_deleted = FALSE;
INSERT INTO study_resource_question_sets (resource_type, resource_id, study_question_set_id, position, context, tenant_id, is_active, is_deleted, created_at, created_by) VALUES ('module', 8011010, 8110052, 2, '{"label": "T10. Sự cố lớn — Recall — Bài tập Level 2"}'::jsonb, 'system', TRUE, FALSE, NOW(), 'system') ON CONFLICT (resource_type, resource_id, study_question_set_id) DO UPDATE SET position = EXCLUDED.position, context = EXCLUDED.context, is_active = TRUE, is_deleted = FALSE;

INSERT INTO study_question_sets (id, name, description, set_type, card_count, tenant_id, is_active, is_deleted, created_at, created_by) VALUES (8110053, 'T10. Sự cố lớn — Recall — Bài tập Level 3', 'Bài tập trắc nghiệm — Level 3: N4', 'practice', 10, 'system', TRUE, FALSE, NOW(), 'system') ON CONFLICT (id) DO UPDATE SET name = EXCLUDED.name, description = EXCLUDED.description, set_type = EXCLUDED.set_type, card_count = EXCLUDED.card_count, is_active = EXCLUDED.is_active, is_deleted = EXCLUDED.is_deleted, updated_at = NOW(), updated_by = 'system';
INSERT INTO study_question_set_questions (study_question_set_id, question_id, order_index, tenant_id, is_deleted, created_at, created_by) VALUES (8110053, 811050021, 1, 'system', FALSE, NOW(), 'system') ON CONFLICT (study_question_set_id, question_id) DO UPDATE SET order_index = EXCLUDED.order_index, is_deleted = FALSE;
INSERT INTO study_question_set_questions (study_question_set_id, question_id, order_index, tenant_id, is_deleted, created_at, created_by) VALUES (8110053, 811050022, 2, 'system', FALSE, NOW(), 'system') ON CONFLICT (study_question_set_id, question_id) DO UPDATE SET order_index = EXCLUDED.order_index, is_deleted = FALSE;
INSERT INTO study_question_set_questions (study_question_set_id, question_id, order_index, tenant_id, is_deleted, created_at, created_by) VALUES (8110053, 811050023, 3, 'system', FALSE, NOW(), 'system') ON CONFLICT (study_question_set_id, question_id) DO UPDATE SET order_index = EXCLUDED.order_index, is_deleted = FALSE;
INSERT INTO study_question_set_questions (study_question_set_id, question_id, order_index, tenant_id, is_deleted, created_at, created_by) VALUES (8110053, 811050024, 4, 'system', FALSE, NOW(), 'system') ON CONFLICT (study_question_set_id, question_id) DO UPDATE SET order_index = EXCLUDED.order_index, is_deleted = FALSE;
INSERT INTO study_question_set_questions (study_question_set_id, question_id, order_index, tenant_id, is_deleted, created_at, created_by) VALUES (8110053, 811050025, 5, 'system', FALSE, NOW(), 'system') ON CONFLICT (study_question_set_id, question_id) DO UPDATE SET order_index = EXCLUDED.order_index, is_deleted = FALSE;
INSERT INTO study_question_set_questions (study_question_set_id, question_id, order_index, tenant_id, is_deleted, created_at, created_by) VALUES (8110053, 811050026, 6, 'system', FALSE, NOW(), 'system') ON CONFLICT (study_question_set_id, question_id) DO UPDATE SET order_index = EXCLUDED.order_index, is_deleted = FALSE;
INSERT INTO study_question_set_questions (study_question_set_id, question_id, order_index, tenant_id, is_deleted, created_at, created_by) VALUES (8110053, 811050027, 7, 'system', FALSE, NOW(), 'system') ON CONFLICT (study_question_set_id, question_id) DO UPDATE SET order_index = EXCLUDED.order_index, is_deleted = FALSE;
INSERT INTO study_question_set_questions (study_question_set_id, question_id, order_index, tenant_id, is_deleted, created_at, created_by) VALUES (8110053, 811050028, 8, 'system', FALSE, NOW(), 'system') ON CONFLICT (study_question_set_id, question_id) DO UPDATE SET order_index = EXCLUDED.order_index, is_deleted = FALSE;
INSERT INTO study_question_set_questions (study_question_set_id, question_id, order_index, tenant_id, is_deleted, created_at, created_by) VALUES (8110053, 811050029, 9, 'system', FALSE, NOW(), 'system') ON CONFLICT (study_question_set_id, question_id) DO UPDATE SET order_index = EXCLUDED.order_index, is_deleted = FALSE;
INSERT INTO study_question_set_questions (study_question_set_id, question_id, order_index, tenant_id, is_deleted, created_at, created_by) VALUES (8110053, 811050030, 10, 'system', FALSE, NOW(), 'system') ON CONFLICT (study_question_set_id, question_id) DO UPDATE SET order_index = EXCLUDED.order_index, is_deleted = FALSE;
INSERT INTO study_resource_question_sets (resource_type, resource_id, study_question_set_id, position, context, tenant_id, is_active, is_deleted, created_at, created_by) VALUES ('module', 8011010, 8110053, 3, '{"label": "T10. Sự cố lớn — Recall — Bài tập Level 3"}'::jsonb, 'system', TRUE, FALSE, NOW(), 'system') ON CONFLICT (resource_type, resource_id, study_question_set_id) DO UPDATE SET position = EXCLUDED.position, context = EXCLUDED.context, is_active = TRUE, is_deleted = FALSE;

INSERT INTO study_question_sets (id, name, description, set_type, card_count, tenant_id, is_active, is_deleted, created_at, created_by) VALUES (8110054, 'T10. Sự cố lớn — Recall — Bài tập Level 4', 'Bài tập trắc nghiệm — Level 4: N4', 'practice', 10, 'system', TRUE, FALSE, NOW(), 'system') ON CONFLICT (id) DO UPDATE SET name = EXCLUDED.name, description = EXCLUDED.description, set_type = EXCLUDED.set_type, card_count = EXCLUDED.card_count, is_active = EXCLUDED.is_active, is_deleted = EXCLUDED.is_deleted, updated_at = NOW(), updated_by = 'system';
INSERT INTO study_question_set_questions (study_question_set_id, question_id, order_index, tenant_id, is_deleted, created_at, created_by) VALUES (8110054, 811050031, 1, 'system', FALSE, NOW(), 'system') ON CONFLICT (study_question_set_id, question_id) DO UPDATE SET order_index = EXCLUDED.order_index, is_deleted = FALSE;
INSERT INTO study_question_set_questions (study_question_set_id, question_id, order_index, tenant_id, is_deleted, created_at, created_by) VALUES (8110054, 811050032, 2, 'system', FALSE, NOW(), 'system') ON CONFLICT (study_question_set_id, question_id) DO UPDATE SET order_index = EXCLUDED.order_index, is_deleted = FALSE;
INSERT INTO study_question_set_questions (study_question_set_id, question_id, order_index, tenant_id, is_deleted, created_at, created_by) VALUES (8110054, 811050033, 3, 'system', FALSE, NOW(), 'system') ON CONFLICT (study_question_set_id, question_id) DO UPDATE SET order_index = EXCLUDED.order_index, is_deleted = FALSE;
INSERT INTO study_question_set_questions (study_question_set_id, question_id, order_index, tenant_id, is_deleted, created_at, created_by) VALUES (8110054, 811050034, 4, 'system', FALSE, NOW(), 'system') ON CONFLICT (study_question_set_id, question_id) DO UPDATE SET order_index = EXCLUDED.order_index, is_deleted = FALSE;
INSERT INTO study_question_set_questions (study_question_set_id, question_id, order_index, tenant_id, is_deleted, created_at, created_by) VALUES (8110054, 811050035, 5, 'system', FALSE, NOW(), 'system') ON CONFLICT (study_question_set_id, question_id) DO UPDATE SET order_index = EXCLUDED.order_index, is_deleted = FALSE;
INSERT INTO study_question_set_questions (study_question_set_id, question_id, order_index, tenant_id, is_deleted, created_at, created_by) VALUES (8110054, 811050036, 6, 'system', FALSE, NOW(), 'system') ON CONFLICT (study_question_set_id, question_id) DO UPDATE SET order_index = EXCLUDED.order_index, is_deleted = FALSE;
INSERT INTO study_question_set_questions (study_question_set_id, question_id, order_index, tenant_id, is_deleted, created_at, created_by) VALUES (8110054, 811050037, 7, 'system', FALSE, NOW(), 'system') ON CONFLICT (study_question_set_id, question_id) DO UPDATE SET order_index = EXCLUDED.order_index, is_deleted = FALSE;
INSERT INTO study_question_set_questions (study_question_set_id, question_id, order_index, tenant_id, is_deleted, created_at, created_by) VALUES (8110054, 811050038, 8, 'system', FALSE, NOW(), 'system') ON CONFLICT (study_question_set_id, question_id) DO UPDATE SET order_index = EXCLUDED.order_index, is_deleted = FALSE;
INSERT INTO study_question_set_questions (study_question_set_id, question_id, order_index, tenant_id, is_deleted, created_at, created_by) VALUES (8110054, 811050039, 9, 'system', FALSE, NOW(), 'system') ON CONFLICT (study_question_set_id, question_id) DO UPDATE SET order_index = EXCLUDED.order_index, is_deleted = FALSE;
INSERT INTO study_question_set_questions (study_question_set_id, question_id, order_index, tenant_id, is_deleted, created_at, created_by) VALUES (8110054, 811050040, 10, 'system', FALSE, NOW(), 'system') ON CONFLICT (study_question_set_id, question_id) DO UPDATE SET order_index = EXCLUDED.order_index, is_deleted = FALSE;
INSERT INTO study_resource_question_sets (resource_type, resource_id, study_question_set_id, position, context, tenant_id, is_active, is_deleted, created_at, created_by) VALUES ('module', 8011010, 8110054, 4, '{"label": "T10. Sự cố lớn — Recall — Bài tập Level 4"}'::jsonb, 'system', TRUE, FALSE, NOW(), 'system') ON CONFLICT (resource_type, resource_id, study_question_set_id) DO UPDATE SET position = EXCLUDED.position, context = EXCLUDED.context, is_active = TRUE, is_deleted = FALSE;

-- Mogishiken: t10_recall_kuringu (5 passages, 20 questions)
INSERT INTO reading_passages (id, user_id, is_system, is_public, title, content, translation, jlpt_level, category, difficulty, word_count, tenant_id, is_active, is_deleted, created_at, created_by) VALUES (81100501, NULL, TRUE, TRUE, '重大事故 — リコール — プロセスシート 1', 'これは 重大事故 — リコール の プロセスシート です。Xin lỗi cấp cao + 自主回収 + PL Law + プレスリリース + hou-ren-sou khẩn に関する内容を含みます。実習生が業務中に必要な情報をまとめています。詳細は工場のマニュアルを参照してください。', 'Đây là Bảng quy trình của T10. Sự cố lớn — Recall. Bao gồm nội dung liên quan đến Xin lỗi cấp cao + 自主回収 + PL Law + プレスリリース + hou-ren-sou khẩn. Tổng hợp thông tin thực tập sinh cần biết khi làm việc. Chi tiết xem sổ tay nhà máy.', 'N4', 'notice', 4, 150, 'system', TRUE, FALSE, NOW(), 'system') ON CONFLICT (id) DO UPDATE SET title = EXCLUDED.title, content = EXCLUDED.content, translation = EXCLUDED.translation, jlpt_level = EXCLUDED.jlpt_level, category = EXCLUDED.category, difficulty = EXCLUDED.difficulty, word_count = EXCLUDED.word_count, is_active = EXCLUDED.is_active, is_deleted = EXCLUDED.is_deleted, updated_at = NOW(), updated_by = 'system';
INSERT INTO reading_passages (id, user_id, is_system, is_public, title, content, translation, jlpt_level, category, difficulty, word_count, tenant_id, is_active, is_deleted, created_at, created_by) VALUES (81100502, NULL, TRUE, TRUE, '重大事故 — リコール — マニュアル 2', 'これは 重大事故 — リコール の マニュアル です。Xin lỗi cấp cao + 自主回収 + PL Law + プレスリリース + hou-ren-sou khẩn に関する内容を含みます。実習生が業務中に必要な情報をまとめています。詳細は工場のマニュアルを参照してください。', 'Đây là Sổ tay hướng dẫn của T10. Sự cố lớn — Recall. Bao gồm nội dung liên quan đến Xin lỗi cấp cao + 自主回収 + PL Law + プレスリリース + hou-ren-sou khẩn. Tổng hợp thông tin thực tập sinh cần biết khi làm việc. Chi tiết xem sổ tay nhà máy.', 'N4', 'notice', 4, 150, 'system', TRUE, FALSE, NOW(), 'system') ON CONFLICT (id) DO UPDATE SET title = EXCLUDED.title, content = EXCLUDED.content, translation = EXCLUDED.translation, jlpt_level = EXCLUDED.jlpt_level, category = EXCLUDED.category, difficulty = EXCLUDED.difficulty, word_count = EXCLUDED.word_count, is_active = EXCLUDED.is_active, is_deleted = EXCLUDED.is_deleted, updated_at = NOW(), updated_by = 'system';
INSERT INTO reading_passages (id, user_id, is_system, is_public, title, content, translation, jlpt_level, category, difficulty, word_count, tenant_id, is_active, is_deleted, created_at, created_by) VALUES (81100503, NULL, TRUE, TRUE, '重大事故 — リコール — 報告書 3', 'これは 重大事故 — リコール の 報告書 です。Xin lỗi cấp cao + 自主回収 + PL Law + プレスリリース + hou-ren-sou khẩn に関する内容を含みます。実習生が業務中に必要な情報をまとめています。詳細は工場のマニュアルを参照してください。', 'Đây là Báo cáo của T10. Sự cố lớn — Recall. Bao gồm nội dung liên quan đến Xin lỗi cấp cao + 自主回収 + PL Law + プレスリリース + hou-ren-sou khẩn. Tổng hợp thông tin thực tập sinh cần biết khi làm việc. Chi tiết xem sổ tay nhà máy.', 'N4', 'notice', 4, 150, 'system', TRUE, FALSE, NOW(), 'system') ON CONFLICT (id) DO UPDATE SET title = EXCLUDED.title, content = EXCLUDED.content, translation = EXCLUDED.translation, jlpt_level = EXCLUDED.jlpt_level, category = EXCLUDED.category, difficulty = EXCLUDED.difficulty, word_count = EXCLUDED.word_count, is_active = EXCLUDED.is_active, is_deleted = EXCLUDED.is_deleted, updated_at = NOW(), updated_by = 'system';
INSERT INTO reading_passages (id, user_id, is_system, is_public, title, content, translation, jlpt_level, category, difficulty, word_count, tenant_id, is_active, is_deleted, created_at, created_by) VALUES (81100504, NULL, TRUE, TRUE, '重大事故 — リコール — 通知 4', 'これは 重大事故 — リコール の 通知 です。Xin lỗi cấp cao + 自主回収 + PL Law + プレスリリース + hou-ren-sou khẩn に関する内容を含みます。実習生が業務中に必要な情報をまとめています。詳細は工場のマニュアルを参照してください。', 'Đây là Thông báo của T10. Sự cố lớn — Recall. Bao gồm nội dung liên quan đến Xin lỗi cấp cao + 自主回収 + PL Law + プレスリリース + hou-ren-sou khẩn. Tổng hợp thông tin thực tập sinh cần biết khi làm việc. Chi tiết xem sổ tay nhà máy.', 'N4', 'notice', 4, 150, 'system', TRUE, FALSE, NOW(), 'system') ON CONFLICT (id) DO UPDATE SET title = EXCLUDED.title, content = EXCLUDED.content, translation = EXCLUDED.translation, jlpt_level = EXCLUDED.jlpt_level, category = EXCLUDED.category, difficulty = EXCLUDED.difficulty, word_count = EXCLUDED.word_count, is_active = EXCLUDED.is_active, is_deleted = EXCLUDED.is_deleted, updated_at = NOW(), updated_by = 'system';
INSERT INTO reading_passages (id, user_id, is_system, is_public, title, content, translation, jlpt_level, category, difficulty, word_count, tenant_id, is_active, is_deleted, created_at, created_by) VALUES (81100505, NULL, TRUE, TRUE, '重大事故 — リコール — チェックリスト 5', 'これは 重大事故 — リコール の チェックリスト です。Xin lỗi cấp cao + 自主回収 + PL Law + プレスリリース + hou-ren-sou khẩn に関する内容を含みます。実習生が業務中に必要な情報をまとめています。詳細は工場のマニュアルを参照してください。', 'Đây là Danh mục kiểm tra của T10. Sự cố lớn — Recall. Bao gồm nội dung liên quan đến Xin lỗi cấp cao + 自主回収 + PL Law + プレスリリース + hou-ren-sou khẩn. Tổng hợp thông tin thực tập sinh cần biết khi làm việc. Chi tiết xem sổ tay nhà máy.', 'N4', 'notice', 4, 150, 'system', TRUE, FALSE, NOW(), 'system') ON CONFLICT (id) DO UPDATE SET title = EXCLUDED.title, content = EXCLUDED.content, translation = EXCLUDED.translation, jlpt_level = EXCLUDED.jlpt_level, category = EXCLUDED.category, difficulty = EXCLUDED.difficulty, word_count = EXCLUDED.word_count, is_active = EXCLUDED.is_active, is_deleted = EXCLUDED.is_deleted, updated_at = NOW(), updated_by = 'system';

INSERT INTO questions (id, user_id, is_system, is_khoa_cu, question_type, content_type, level, selection_type, question, passage, passage_translation, general_explanation, skill_category, base_difficulty, tenant_id, is_active, is_deleted, created_at, created_by) VALUES (811060001, NULL, TRUE, FALSE, 'reading', 'jisshusei_mogishiken_t10_recall_kuringu', 'N4', 'single', 'この プロセスシート の主旨は何ですか? (Q1)

Ý chính của Bảng quy trình này là gì? (Q1)', '81100501', NULL, 'プロセスシート chứa thông tin về Xin lỗi cấp cao + 自主回収 + PL Law + プレスリリース + hou-ren-sou khẩn.', 'dokkai', 1, 'system', TRUE, FALSE, NOW(), 'system') ON CONFLICT (id) DO UPDATE SET question_type = EXCLUDED.question_type, content_type = EXCLUDED.content_type, level = EXCLUDED.level, question = EXCLUDED.question, passage = EXCLUDED.passage, passage_translation = EXCLUDED.passage_translation, general_explanation = EXCLUDED.general_explanation, skill_category = EXCLUDED.skill_category, is_active = EXCLUDED.is_active, is_deleted = EXCLUDED.is_deleted, updated_at = NOW(), updated_by = 'system';
DELETE FROM questions_answers WHERE question_id = 811060001;
INSERT INTO questions_answers (question_id, sentence, sentence_translation, is_correct, "order") VALUES (811060001, 'Xin lỗi cấp cao + 自主回収 + PL Law + プレスリリーに関する情報', 'Thông tin liên quan đến Xin lỗi cấp cao + 自主回収 + PL Law + プレスリリー', TRUE, 1);
INSERT INTO questions_answers (question_id, sentence, sentence_translation, is_correct, "order") VALUES (811060001, '工場の歴史', 'Lịch sử nhà máy', FALSE, 2);
INSERT INTO questions_answers (question_id, sentence, sentence_translation, is_correct, "order") VALUES (811060001, '社員の名前リスト', 'Danh sách tên nhân viên', FALSE, 3);
INSERT INTO questions_answers (question_id, sentence, sentence_translation, is_correct, "order") VALUES (811060001, '設備の値段', 'Giá thiết bị', FALSE, 4);
INSERT INTO questions (id, user_id, is_system, is_khoa_cu, question_type, content_type, level, selection_type, question, passage, passage_translation, general_explanation, skill_category, base_difficulty, tenant_id, is_active, is_deleted, created_at, created_by) VALUES (811060002, NULL, TRUE, FALSE, 'reading', 'jisshusei_mogishiken_t10_recall_kuringu', 'N4', 'single', 'この プロセスシート の主旨は何ですか? (Q2)

Ý chính của Bảng quy trình này là gì? (Q2)', '81100501', NULL, 'プロセスシート chứa thông tin về Xin lỗi cấp cao + 自主回収 + PL Law + プレスリリース + hou-ren-sou khẩn.', 'dokkai', 1, 'system', TRUE, FALSE, NOW(), 'system') ON CONFLICT (id) DO UPDATE SET question_type = EXCLUDED.question_type, content_type = EXCLUDED.content_type, level = EXCLUDED.level, question = EXCLUDED.question, passage = EXCLUDED.passage, passage_translation = EXCLUDED.passage_translation, general_explanation = EXCLUDED.general_explanation, skill_category = EXCLUDED.skill_category, is_active = EXCLUDED.is_active, is_deleted = EXCLUDED.is_deleted, updated_at = NOW(), updated_by = 'system';
DELETE FROM questions_answers WHERE question_id = 811060002;
INSERT INTO questions_answers (question_id, sentence, sentence_translation, is_correct, "order") VALUES (811060002, 'Xin lỗi cấp cao + 自主回収 + PL Law + プレスリリーに関する情報', 'Thông tin liên quan đến Xin lỗi cấp cao + 自主回収 + PL Law + プレスリリー', TRUE, 1);
INSERT INTO questions_answers (question_id, sentence, sentence_translation, is_correct, "order") VALUES (811060002, '工場の歴史', 'Lịch sử nhà máy', FALSE, 2);
INSERT INTO questions_answers (question_id, sentence, sentence_translation, is_correct, "order") VALUES (811060002, '社員の名前リスト', 'Danh sách tên nhân viên', FALSE, 3);
INSERT INTO questions_answers (question_id, sentence, sentence_translation, is_correct, "order") VALUES (811060002, '設備の値段', 'Giá thiết bị', FALSE, 4);
INSERT INTO questions (id, user_id, is_system, is_khoa_cu, question_type, content_type, level, selection_type, question, passage, passage_translation, general_explanation, skill_category, base_difficulty, tenant_id, is_active, is_deleted, created_at, created_by) VALUES (811060003, NULL, TRUE, FALSE, 'reading', 'jisshusei_mogishiken_t10_recall_kuringu', 'N4', 'single', 'この プロセスシート の主旨は何ですか? (Q3)

Ý chính của Bảng quy trình này là gì? (Q3)', '81100501', NULL, 'プロセスシート chứa thông tin về Xin lỗi cấp cao + 自主回収 + PL Law + プレスリリース + hou-ren-sou khẩn.', 'dokkai', 1, 'system', TRUE, FALSE, NOW(), 'system') ON CONFLICT (id) DO UPDATE SET question_type = EXCLUDED.question_type, content_type = EXCLUDED.content_type, level = EXCLUDED.level, question = EXCLUDED.question, passage = EXCLUDED.passage, passage_translation = EXCLUDED.passage_translation, general_explanation = EXCLUDED.general_explanation, skill_category = EXCLUDED.skill_category, is_active = EXCLUDED.is_active, is_deleted = EXCLUDED.is_deleted, updated_at = NOW(), updated_by = 'system';
DELETE FROM questions_answers WHERE question_id = 811060003;
INSERT INTO questions_answers (question_id, sentence, sentence_translation, is_correct, "order") VALUES (811060003, 'Xin lỗi cấp cao + 自主回収 + PL Law + プレスリリーに関する情報', 'Thông tin liên quan đến Xin lỗi cấp cao + 自主回収 + PL Law + プレスリリー', TRUE, 1);
INSERT INTO questions_answers (question_id, sentence, sentence_translation, is_correct, "order") VALUES (811060003, '工場の歴史', 'Lịch sử nhà máy', FALSE, 2);
INSERT INTO questions_answers (question_id, sentence, sentence_translation, is_correct, "order") VALUES (811060003, '社員の名前リスト', 'Danh sách tên nhân viên', FALSE, 3);
INSERT INTO questions_answers (question_id, sentence, sentence_translation, is_correct, "order") VALUES (811060003, '設備の値段', 'Giá thiết bị', FALSE, 4);
INSERT INTO questions (id, user_id, is_system, is_khoa_cu, question_type, content_type, level, selection_type, question, passage, passage_translation, general_explanation, skill_category, base_difficulty, tenant_id, is_active, is_deleted, created_at, created_by) VALUES (811060004, NULL, TRUE, FALSE, 'reading', 'jisshusei_mogishiken_t10_recall_kuringu', 'N4', 'single', 'この プロセスシート の主旨は何ですか? (Q4)

Ý chính của Bảng quy trình này là gì? (Q4)', '81100501', NULL, 'プロセスシート chứa thông tin về Xin lỗi cấp cao + 自主回収 + PL Law + プレスリリース + hou-ren-sou khẩn.', 'dokkai', 1, 'system', TRUE, FALSE, NOW(), 'system') ON CONFLICT (id) DO UPDATE SET question_type = EXCLUDED.question_type, content_type = EXCLUDED.content_type, level = EXCLUDED.level, question = EXCLUDED.question, passage = EXCLUDED.passage, passage_translation = EXCLUDED.passage_translation, general_explanation = EXCLUDED.general_explanation, skill_category = EXCLUDED.skill_category, is_active = EXCLUDED.is_active, is_deleted = EXCLUDED.is_deleted, updated_at = NOW(), updated_by = 'system';
DELETE FROM questions_answers WHERE question_id = 811060004;
INSERT INTO questions_answers (question_id, sentence, sentence_translation, is_correct, "order") VALUES (811060004, 'Xin lỗi cấp cao + 自主回収 + PL Law + プレスリリーに関する情報', 'Thông tin liên quan đến Xin lỗi cấp cao + 自主回収 + PL Law + プレスリリー', TRUE, 1);
INSERT INTO questions_answers (question_id, sentence, sentence_translation, is_correct, "order") VALUES (811060004, '工場の歴史', 'Lịch sử nhà máy', FALSE, 2);
INSERT INTO questions_answers (question_id, sentence, sentence_translation, is_correct, "order") VALUES (811060004, '社員の名前リスト', 'Danh sách tên nhân viên', FALSE, 3);
INSERT INTO questions_answers (question_id, sentence, sentence_translation, is_correct, "order") VALUES (811060004, '設備の値段', 'Giá thiết bị', FALSE, 4);
INSERT INTO questions (id, user_id, is_system, is_khoa_cu, question_type, content_type, level, selection_type, question, passage, passage_translation, general_explanation, skill_category, base_difficulty, tenant_id, is_active, is_deleted, created_at, created_by) VALUES (811060005, NULL, TRUE, FALSE, 'reading', 'jisshusei_mogishiken_t10_recall_kuringu', 'N4', 'single', 'この マニュアル の主旨は何ですか? (Q1)

Ý chính của Sổ tay hướng dẫn này là gì? (Q1)', '81100502', NULL, 'マニュアル chứa thông tin về Xin lỗi cấp cao + 自主回収 + PL Law + プレスリリース + hou-ren-sou khẩn.', 'dokkai', 1, 'system', TRUE, FALSE, NOW(), 'system') ON CONFLICT (id) DO UPDATE SET question_type = EXCLUDED.question_type, content_type = EXCLUDED.content_type, level = EXCLUDED.level, question = EXCLUDED.question, passage = EXCLUDED.passage, passage_translation = EXCLUDED.passage_translation, general_explanation = EXCLUDED.general_explanation, skill_category = EXCLUDED.skill_category, is_active = EXCLUDED.is_active, is_deleted = EXCLUDED.is_deleted, updated_at = NOW(), updated_by = 'system';
DELETE FROM questions_answers WHERE question_id = 811060005;
INSERT INTO questions_answers (question_id, sentence, sentence_translation, is_correct, "order") VALUES (811060005, 'Xin lỗi cấp cao + 自主回収 + PL Law + プレスリリーに関する情報', 'Thông tin liên quan đến Xin lỗi cấp cao + 自主回収 + PL Law + プレスリリー', TRUE, 1);
INSERT INTO questions_answers (question_id, sentence, sentence_translation, is_correct, "order") VALUES (811060005, '工場の歴史', 'Lịch sử nhà máy', FALSE, 2);
INSERT INTO questions_answers (question_id, sentence, sentence_translation, is_correct, "order") VALUES (811060005, '社員の名前リスト', 'Danh sách tên nhân viên', FALSE, 3);
INSERT INTO questions_answers (question_id, sentence, sentence_translation, is_correct, "order") VALUES (811060005, '設備の値段', 'Giá thiết bị', FALSE, 4);
INSERT INTO questions (id, user_id, is_system, is_khoa_cu, question_type, content_type, level, selection_type, question, passage, passage_translation, general_explanation, skill_category, base_difficulty, tenant_id, is_active, is_deleted, created_at, created_by) VALUES (811060006, NULL, TRUE, FALSE, 'reading', 'jisshusei_mogishiken_t10_recall_kuringu', 'N4', 'single', 'この マニュアル の主旨は何ですか? (Q2)

Ý chính của Sổ tay hướng dẫn này là gì? (Q2)', '81100502', NULL, 'マニュアル chứa thông tin về Xin lỗi cấp cao + 自主回収 + PL Law + プレスリリース + hou-ren-sou khẩn.', 'dokkai', 1, 'system', TRUE, FALSE, NOW(), 'system') ON CONFLICT (id) DO UPDATE SET question_type = EXCLUDED.question_type, content_type = EXCLUDED.content_type, level = EXCLUDED.level, question = EXCLUDED.question, passage = EXCLUDED.passage, passage_translation = EXCLUDED.passage_translation, general_explanation = EXCLUDED.general_explanation, skill_category = EXCLUDED.skill_category, is_active = EXCLUDED.is_active, is_deleted = EXCLUDED.is_deleted, updated_at = NOW(), updated_by = 'system';
DELETE FROM questions_answers WHERE question_id = 811060006;
INSERT INTO questions_answers (question_id, sentence, sentence_translation, is_correct, "order") VALUES (811060006, 'Xin lỗi cấp cao + 自主回収 + PL Law + プレスリリーに関する情報', 'Thông tin liên quan đến Xin lỗi cấp cao + 自主回収 + PL Law + プレスリリー', TRUE, 1);
INSERT INTO questions_answers (question_id, sentence, sentence_translation, is_correct, "order") VALUES (811060006, '工場の歴史', 'Lịch sử nhà máy', FALSE, 2);
INSERT INTO questions_answers (question_id, sentence, sentence_translation, is_correct, "order") VALUES (811060006, '社員の名前リスト', 'Danh sách tên nhân viên', FALSE, 3);
INSERT INTO questions_answers (question_id, sentence, sentence_translation, is_correct, "order") VALUES (811060006, '設備の値段', 'Giá thiết bị', FALSE, 4);
INSERT INTO questions (id, user_id, is_system, is_khoa_cu, question_type, content_type, level, selection_type, question, passage, passage_translation, general_explanation, skill_category, base_difficulty, tenant_id, is_active, is_deleted, created_at, created_by) VALUES (811060007, NULL, TRUE, FALSE, 'reading', 'jisshusei_mogishiken_t10_recall_kuringu', 'N4', 'single', 'この マニュアル の主旨は何ですか? (Q3)

Ý chính của Sổ tay hướng dẫn này là gì? (Q3)', '81100502', NULL, 'マニュアル chứa thông tin về Xin lỗi cấp cao + 自主回収 + PL Law + プレスリリース + hou-ren-sou khẩn.', 'dokkai', 1, 'system', TRUE, FALSE, NOW(), 'system') ON CONFLICT (id) DO UPDATE SET question_type = EXCLUDED.question_type, content_type = EXCLUDED.content_type, level = EXCLUDED.level, question = EXCLUDED.question, passage = EXCLUDED.passage, passage_translation = EXCLUDED.passage_translation, general_explanation = EXCLUDED.general_explanation, skill_category = EXCLUDED.skill_category, is_active = EXCLUDED.is_active, is_deleted = EXCLUDED.is_deleted, updated_at = NOW(), updated_by = 'system';
DELETE FROM questions_answers WHERE question_id = 811060007;
INSERT INTO questions_answers (question_id, sentence, sentence_translation, is_correct, "order") VALUES (811060007, 'Xin lỗi cấp cao + 自主回収 + PL Law + プレスリリーに関する情報', 'Thông tin liên quan đến Xin lỗi cấp cao + 自主回収 + PL Law + プレスリリー', TRUE, 1);
INSERT INTO questions_answers (question_id, sentence, sentence_translation, is_correct, "order") VALUES (811060007, '工場の歴史', 'Lịch sử nhà máy', FALSE, 2);
INSERT INTO questions_answers (question_id, sentence, sentence_translation, is_correct, "order") VALUES (811060007, '社員の名前リスト', 'Danh sách tên nhân viên', FALSE, 3);
INSERT INTO questions_answers (question_id, sentence, sentence_translation, is_correct, "order") VALUES (811060007, '設備の値段', 'Giá thiết bị', FALSE, 4);
INSERT INTO questions (id, user_id, is_system, is_khoa_cu, question_type, content_type, level, selection_type, question, passage, passage_translation, general_explanation, skill_category, base_difficulty, tenant_id, is_active, is_deleted, created_at, created_by) VALUES (811060008, NULL, TRUE, FALSE, 'reading', 'jisshusei_mogishiken_t10_recall_kuringu', 'N4', 'single', 'この マニュアル の主旨は何ですか? (Q4)

Ý chính của Sổ tay hướng dẫn này là gì? (Q4)', '81100502', NULL, 'マニュアル chứa thông tin về Xin lỗi cấp cao + 自主回収 + PL Law + プレスリリース + hou-ren-sou khẩn.', 'dokkai', 1, 'system', TRUE, FALSE, NOW(), 'system') ON CONFLICT (id) DO UPDATE SET question_type = EXCLUDED.question_type, content_type = EXCLUDED.content_type, level = EXCLUDED.level, question = EXCLUDED.question, passage = EXCLUDED.passage, passage_translation = EXCLUDED.passage_translation, general_explanation = EXCLUDED.general_explanation, skill_category = EXCLUDED.skill_category, is_active = EXCLUDED.is_active, is_deleted = EXCLUDED.is_deleted, updated_at = NOW(), updated_by = 'system';
DELETE FROM questions_answers WHERE question_id = 811060008;
INSERT INTO questions_answers (question_id, sentence, sentence_translation, is_correct, "order") VALUES (811060008, 'Xin lỗi cấp cao + 自主回収 + PL Law + プレスリリーに関する情報', 'Thông tin liên quan đến Xin lỗi cấp cao + 自主回収 + PL Law + プレスリリー', TRUE, 1);
INSERT INTO questions_answers (question_id, sentence, sentence_translation, is_correct, "order") VALUES (811060008, '工場の歴史', 'Lịch sử nhà máy', FALSE, 2);
INSERT INTO questions_answers (question_id, sentence, sentence_translation, is_correct, "order") VALUES (811060008, '社員の名前リスト', 'Danh sách tên nhân viên', FALSE, 3);
INSERT INTO questions_answers (question_id, sentence, sentence_translation, is_correct, "order") VALUES (811060008, '設備の値段', 'Giá thiết bị', FALSE, 4);
INSERT INTO questions (id, user_id, is_system, is_khoa_cu, question_type, content_type, level, selection_type, question, passage, passage_translation, general_explanation, skill_category, base_difficulty, tenant_id, is_active, is_deleted, created_at, created_by) VALUES (811060009, NULL, TRUE, FALSE, 'reading', 'jisshusei_mogishiken_t10_recall_kuringu', 'N4', 'single', 'この 報告書 の主旨は何ですか? (Q1)

Ý chính của Báo cáo này là gì? (Q1)', '81100503', NULL, '報告書 chứa thông tin về Xin lỗi cấp cao + 自主回収 + PL Law + プレスリリース + hou-ren-sou khẩn.', 'dokkai', 1, 'system', TRUE, FALSE, NOW(), 'system') ON CONFLICT (id) DO UPDATE SET question_type = EXCLUDED.question_type, content_type = EXCLUDED.content_type, level = EXCLUDED.level, question = EXCLUDED.question, passage = EXCLUDED.passage, passage_translation = EXCLUDED.passage_translation, general_explanation = EXCLUDED.general_explanation, skill_category = EXCLUDED.skill_category, is_active = EXCLUDED.is_active, is_deleted = EXCLUDED.is_deleted, updated_at = NOW(), updated_by = 'system';
DELETE FROM questions_answers WHERE question_id = 811060009;
INSERT INTO questions_answers (question_id, sentence, sentence_translation, is_correct, "order") VALUES (811060009, 'Xin lỗi cấp cao + 自主回収 + PL Law + プレスリリーに関する情報', 'Thông tin liên quan đến Xin lỗi cấp cao + 自主回収 + PL Law + プレスリリー', TRUE, 1);
INSERT INTO questions_answers (question_id, sentence, sentence_translation, is_correct, "order") VALUES (811060009, '工場の歴史', 'Lịch sử nhà máy', FALSE, 2);
INSERT INTO questions_answers (question_id, sentence, sentence_translation, is_correct, "order") VALUES (811060009, '社員の名前リスト', 'Danh sách tên nhân viên', FALSE, 3);
INSERT INTO questions_answers (question_id, sentence, sentence_translation, is_correct, "order") VALUES (811060009, '設備の値段', 'Giá thiết bị', FALSE, 4);
INSERT INTO questions (id, user_id, is_system, is_khoa_cu, question_type, content_type, level, selection_type, question, passage, passage_translation, general_explanation, skill_category, base_difficulty, tenant_id, is_active, is_deleted, created_at, created_by) VALUES (811060010, NULL, TRUE, FALSE, 'reading', 'jisshusei_mogishiken_t10_recall_kuringu', 'N4', 'single', 'この 報告書 の主旨は何ですか? (Q2)

Ý chính của Báo cáo này là gì? (Q2)', '81100503', NULL, '報告書 chứa thông tin về Xin lỗi cấp cao + 自主回収 + PL Law + プレスリリース + hou-ren-sou khẩn.', 'dokkai', 1, 'system', TRUE, FALSE, NOW(), 'system') ON CONFLICT (id) DO UPDATE SET question_type = EXCLUDED.question_type, content_type = EXCLUDED.content_type, level = EXCLUDED.level, question = EXCLUDED.question, passage = EXCLUDED.passage, passage_translation = EXCLUDED.passage_translation, general_explanation = EXCLUDED.general_explanation, skill_category = EXCLUDED.skill_category, is_active = EXCLUDED.is_active, is_deleted = EXCLUDED.is_deleted, updated_at = NOW(), updated_by = 'system';
DELETE FROM questions_answers WHERE question_id = 811060010;
INSERT INTO questions_answers (question_id, sentence, sentence_translation, is_correct, "order") VALUES (811060010, 'Xin lỗi cấp cao + 自主回収 + PL Law + プレスリリーに関する情報', 'Thông tin liên quan đến Xin lỗi cấp cao + 自主回収 + PL Law + プレスリリー', TRUE, 1);
INSERT INTO questions_answers (question_id, sentence, sentence_translation, is_correct, "order") VALUES (811060010, '工場の歴史', 'Lịch sử nhà máy', FALSE, 2);
INSERT INTO questions_answers (question_id, sentence, sentence_translation, is_correct, "order") VALUES (811060010, '社員の名前リスト', 'Danh sách tên nhân viên', FALSE, 3);
INSERT INTO questions_answers (question_id, sentence, sentence_translation, is_correct, "order") VALUES (811060010, '設備の値段', 'Giá thiết bị', FALSE, 4);
INSERT INTO questions (id, user_id, is_system, is_khoa_cu, question_type, content_type, level, selection_type, question, passage, passage_translation, general_explanation, skill_category, base_difficulty, tenant_id, is_active, is_deleted, created_at, created_by) VALUES (811060011, NULL, TRUE, FALSE, 'reading', 'jisshusei_mogishiken_t10_recall_kuringu', 'N4', 'single', 'この 報告書 の主旨は何ですか? (Q3)

Ý chính của Báo cáo này là gì? (Q3)', '81100503', NULL, '報告書 chứa thông tin về Xin lỗi cấp cao + 自主回収 + PL Law + プレスリリース + hou-ren-sou khẩn.', 'dokkai', 1, 'system', TRUE, FALSE, NOW(), 'system') ON CONFLICT (id) DO UPDATE SET question_type = EXCLUDED.question_type, content_type = EXCLUDED.content_type, level = EXCLUDED.level, question = EXCLUDED.question, passage = EXCLUDED.passage, passage_translation = EXCLUDED.passage_translation, general_explanation = EXCLUDED.general_explanation, skill_category = EXCLUDED.skill_category, is_active = EXCLUDED.is_active, is_deleted = EXCLUDED.is_deleted, updated_at = NOW(), updated_by = 'system';
DELETE FROM questions_answers WHERE question_id = 811060011;
INSERT INTO questions_answers (question_id, sentence, sentence_translation, is_correct, "order") VALUES (811060011, 'Xin lỗi cấp cao + 自主回収 + PL Law + プレスリリーに関する情報', 'Thông tin liên quan đến Xin lỗi cấp cao + 自主回収 + PL Law + プレスリリー', TRUE, 1);
INSERT INTO questions_answers (question_id, sentence, sentence_translation, is_correct, "order") VALUES (811060011, '工場の歴史', 'Lịch sử nhà máy', FALSE, 2);
INSERT INTO questions_answers (question_id, sentence, sentence_translation, is_correct, "order") VALUES (811060011, '社員の名前リスト', 'Danh sách tên nhân viên', FALSE, 3);
INSERT INTO questions_answers (question_id, sentence, sentence_translation, is_correct, "order") VALUES (811060011, '設備の値段', 'Giá thiết bị', FALSE, 4);
INSERT INTO questions (id, user_id, is_system, is_khoa_cu, question_type, content_type, level, selection_type, question, passage, passage_translation, general_explanation, skill_category, base_difficulty, tenant_id, is_active, is_deleted, created_at, created_by) VALUES (811060012, NULL, TRUE, FALSE, 'reading', 'jisshusei_mogishiken_t10_recall_kuringu', 'N4', 'single', 'この 報告書 の主旨は何ですか? (Q4)

Ý chính của Báo cáo này là gì? (Q4)', '81100503', NULL, '報告書 chứa thông tin về Xin lỗi cấp cao + 自主回収 + PL Law + プレスリリース + hou-ren-sou khẩn.', 'dokkai', 1, 'system', TRUE, FALSE, NOW(), 'system') ON CONFLICT (id) DO UPDATE SET question_type = EXCLUDED.question_type, content_type = EXCLUDED.content_type, level = EXCLUDED.level, question = EXCLUDED.question, passage = EXCLUDED.passage, passage_translation = EXCLUDED.passage_translation, general_explanation = EXCLUDED.general_explanation, skill_category = EXCLUDED.skill_category, is_active = EXCLUDED.is_active, is_deleted = EXCLUDED.is_deleted, updated_at = NOW(), updated_by = 'system';
DELETE FROM questions_answers WHERE question_id = 811060012;
INSERT INTO questions_answers (question_id, sentence, sentence_translation, is_correct, "order") VALUES (811060012, 'Xin lỗi cấp cao + 自主回収 + PL Law + プレスリリーに関する情報', 'Thông tin liên quan đến Xin lỗi cấp cao + 自主回収 + PL Law + プレスリリー', TRUE, 1);
INSERT INTO questions_answers (question_id, sentence, sentence_translation, is_correct, "order") VALUES (811060012, '工場の歴史', 'Lịch sử nhà máy', FALSE, 2);
INSERT INTO questions_answers (question_id, sentence, sentence_translation, is_correct, "order") VALUES (811060012, '社員の名前リスト', 'Danh sách tên nhân viên', FALSE, 3);
INSERT INTO questions_answers (question_id, sentence, sentence_translation, is_correct, "order") VALUES (811060012, '設備の値段', 'Giá thiết bị', FALSE, 4);
INSERT INTO questions (id, user_id, is_system, is_khoa_cu, question_type, content_type, level, selection_type, question, passage, passage_translation, general_explanation, skill_category, base_difficulty, tenant_id, is_active, is_deleted, created_at, created_by) VALUES (811060013, NULL, TRUE, FALSE, 'reading', 'jisshusei_mogishiken_t10_recall_kuringu', 'N4', 'single', 'この 通知 の主旨は何ですか? (Q1)

Ý chính của Thông báo này là gì? (Q1)', '81100504', NULL, '通知 chứa thông tin về Xin lỗi cấp cao + 自主回収 + PL Law + プレスリリース + hou-ren-sou khẩn.', 'dokkai', 1, 'system', TRUE, FALSE, NOW(), 'system') ON CONFLICT (id) DO UPDATE SET question_type = EXCLUDED.question_type, content_type = EXCLUDED.content_type, level = EXCLUDED.level, question = EXCLUDED.question, passage = EXCLUDED.passage, passage_translation = EXCLUDED.passage_translation, general_explanation = EXCLUDED.general_explanation, skill_category = EXCLUDED.skill_category, is_active = EXCLUDED.is_active, is_deleted = EXCLUDED.is_deleted, updated_at = NOW(), updated_by = 'system';
DELETE FROM questions_answers WHERE question_id = 811060013;
INSERT INTO questions_answers (question_id, sentence, sentence_translation, is_correct, "order") VALUES (811060013, 'Xin lỗi cấp cao + 自主回収 + PL Law + プレスリリーに関する情報', 'Thông tin liên quan đến Xin lỗi cấp cao + 自主回収 + PL Law + プレスリリー', TRUE, 1);
INSERT INTO questions_answers (question_id, sentence, sentence_translation, is_correct, "order") VALUES (811060013, '工場の歴史', 'Lịch sử nhà máy', FALSE, 2);
INSERT INTO questions_answers (question_id, sentence, sentence_translation, is_correct, "order") VALUES (811060013, '社員の名前リスト', 'Danh sách tên nhân viên', FALSE, 3);
INSERT INTO questions_answers (question_id, sentence, sentence_translation, is_correct, "order") VALUES (811060013, '設備の値段', 'Giá thiết bị', FALSE, 4);
INSERT INTO questions (id, user_id, is_system, is_khoa_cu, question_type, content_type, level, selection_type, question, passage, passage_translation, general_explanation, skill_category, base_difficulty, tenant_id, is_active, is_deleted, created_at, created_by) VALUES (811060014, NULL, TRUE, FALSE, 'reading', 'jisshusei_mogishiken_t10_recall_kuringu', 'N4', 'single', 'この 通知 の主旨は何ですか? (Q2)

Ý chính của Thông báo này là gì? (Q2)', '81100504', NULL, '通知 chứa thông tin về Xin lỗi cấp cao + 自主回収 + PL Law + プレスリリース + hou-ren-sou khẩn.', 'dokkai', 1, 'system', TRUE, FALSE, NOW(), 'system') ON CONFLICT (id) DO UPDATE SET question_type = EXCLUDED.question_type, content_type = EXCLUDED.content_type, level = EXCLUDED.level, question = EXCLUDED.question, passage = EXCLUDED.passage, passage_translation = EXCLUDED.passage_translation, general_explanation = EXCLUDED.general_explanation, skill_category = EXCLUDED.skill_category, is_active = EXCLUDED.is_active, is_deleted = EXCLUDED.is_deleted, updated_at = NOW(), updated_by = 'system';
DELETE FROM questions_answers WHERE question_id = 811060014;
INSERT INTO questions_answers (question_id, sentence, sentence_translation, is_correct, "order") VALUES (811060014, 'Xin lỗi cấp cao + 自主回収 + PL Law + プレスリリーに関する情報', 'Thông tin liên quan đến Xin lỗi cấp cao + 自主回収 + PL Law + プレスリリー', TRUE, 1);
INSERT INTO questions_answers (question_id, sentence, sentence_translation, is_correct, "order") VALUES (811060014, '工場の歴史', 'Lịch sử nhà máy', FALSE, 2);
INSERT INTO questions_answers (question_id, sentence, sentence_translation, is_correct, "order") VALUES (811060014, '社員の名前リスト', 'Danh sách tên nhân viên', FALSE, 3);
INSERT INTO questions_answers (question_id, sentence, sentence_translation, is_correct, "order") VALUES (811060014, '設備の値段', 'Giá thiết bị', FALSE, 4);
INSERT INTO questions (id, user_id, is_system, is_khoa_cu, question_type, content_type, level, selection_type, question, passage, passage_translation, general_explanation, skill_category, base_difficulty, tenant_id, is_active, is_deleted, created_at, created_by) VALUES (811060015, NULL, TRUE, FALSE, 'reading', 'jisshusei_mogishiken_t10_recall_kuringu', 'N4', 'single', 'この 通知 の主旨は何ですか? (Q3)

Ý chính của Thông báo này là gì? (Q3)', '81100504', NULL, '通知 chứa thông tin về Xin lỗi cấp cao + 自主回収 + PL Law + プレスリリース + hou-ren-sou khẩn.', 'dokkai', 1, 'system', TRUE, FALSE, NOW(), 'system') ON CONFLICT (id) DO UPDATE SET question_type = EXCLUDED.question_type, content_type = EXCLUDED.content_type, level = EXCLUDED.level, question = EXCLUDED.question, passage = EXCLUDED.passage, passage_translation = EXCLUDED.passage_translation, general_explanation = EXCLUDED.general_explanation, skill_category = EXCLUDED.skill_category, is_active = EXCLUDED.is_active, is_deleted = EXCLUDED.is_deleted, updated_at = NOW(), updated_by = 'system';
DELETE FROM questions_answers WHERE question_id = 811060015;
INSERT INTO questions_answers (question_id, sentence, sentence_translation, is_correct, "order") VALUES (811060015, 'Xin lỗi cấp cao + 自主回収 + PL Law + プレスリリーに関する情報', 'Thông tin liên quan đến Xin lỗi cấp cao + 自主回収 + PL Law + プレスリリー', TRUE, 1);
INSERT INTO questions_answers (question_id, sentence, sentence_translation, is_correct, "order") VALUES (811060015, '工場の歴史', 'Lịch sử nhà máy', FALSE, 2);
INSERT INTO questions_answers (question_id, sentence, sentence_translation, is_correct, "order") VALUES (811060015, '社員の名前リスト', 'Danh sách tên nhân viên', FALSE, 3);
INSERT INTO questions_answers (question_id, sentence, sentence_translation, is_correct, "order") VALUES (811060015, '設備の値段', 'Giá thiết bị', FALSE, 4);
INSERT INTO questions (id, user_id, is_system, is_khoa_cu, question_type, content_type, level, selection_type, question, passage, passage_translation, general_explanation, skill_category, base_difficulty, tenant_id, is_active, is_deleted, created_at, created_by) VALUES (811060016, NULL, TRUE, FALSE, 'reading', 'jisshusei_mogishiken_t10_recall_kuringu', 'N4', 'single', 'この 通知 の主旨は何ですか? (Q4)

Ý chính của Thông báo này là gì? (Q4)', '81100504', NULL, '通知 chứa thông tin về Xin lỗi cấp cao + 自主回収 + PL Law + プレスリリース + hou-ren-sou khẩn.', 'dokkai', 1, 'system', TRUE, FALSE, NOW(), 'system') ON CONFLICT (id) DO UPDATE SET question_type = EXCLUDED.question_type, content_type = EXCLUDED.content_type, level = EXCLUDED.level, question = EXCLUDED.question, passage = EXCLUDED.passage, passage_translation = EXCLUDED.passage_translation, general_explanation = EXCLUDED.general_explanation, skill_category = EXCLUDED.skill_category, is_active = EXCLUDED.is_active, is_deleted = EXCLUDED.is_deleted, updated_at = NOW(), updated_by = 'system';
DELETE FROM questions_answers WHERE question_id = 811060016;
INSERT INTO questions_answers (question_id, sentence, sentence_translation, is_correct, "order") VALUES (811060016, 'Xin lỗi cấp cao + 自主回収 + PL Law + プレスリリーに関する情報', 'Thông tin liên quan đến Xin lỗi cấp cao + 自主回収 + PL Law + プレスリリー', TRUE, 1);
INSERT INTO questions_answers (question_id, sentence, sentence_translation, is_correct, "order") VALUES (811060016, '工場の歴史', 'Lịch sử nhà máy', FALSE, 2);
INSERT INTO questions_answers (question_id, sentence, sentence_translation, is_correct, "order") VALUES (811060016, '社員の名前リスト', 'Danh sách tên nhân viên', FALSE, 3);
INSERT INTO questions_answers (question_id, sentence, sentence_translation, is_correct, "order") VALUES (811060016, '設備の値段', 'Giá thiết bị', FALSE, 4);
INSERT INTO questions (id, user_id, is_system, is_khoa_cu, question_type, content_type, level, selection_type, question, passage, passage_translation, general_explanation, skill_category, base_difficulty, tenant_id, is_active, is_deleted, created_at, created_by) VALUES (811060017, NULL, TRUE, FALSE, 'reading', 'jisshusei_mogishiken_t10_recall_kuringu', 'N4', 'single', 'この チェックリスト の主旨は何ですか? (Q1)

Ý chính của Danh mục kiểm tra này là gì? (Q1)', '81100505', NULL, 'チェックリスト chứa thông tin về Xin lỗi cấp cao + 自主回収 + PL Law + プレスリリース + hou-ren-sou khẩn.', 'dokkai', 1, 'system', TRUE, FALSE, NOW(), 'system') ON CONFLICT (id) DO UPDATE SET question_type = EXCLUDED.question_type, content_type = EXCLUDED.content_type, level = EXCLUDED.level, question = EXCLUDED.question, passage = EXCLUDED.passage, passage_translation = EXCLUDED.passage_translation, general_explanation = EXCLUDED.general_explanation, skill_category = EXCLUDED.skill_category, is_active = EXCLUDED.is_active, is_deleted = EXCLUDED.is_deleted, updated_at = NOW(), updated_by = 'system';
DELETE FROM questions_answers WHERE question_id = 811060017;
INSERT INTO questions_answers (question_id, sentence, sentence_translation, is_correct, "order") VALUES (811060017, 'Xin lỗi cấp cao + 自主回収 + PL Law + プレスリリーに関する情報', 'Thông tin liên quan đến Xin lỗi cấp cao + 自主回収 + PL Law + プレスリリー', TRUE, 1);
INSERT INTO questions_answers (question_id, sentence, sentence_translation, is_correct, "order") VALUES (811060017, '工場の歴史', 'Lịch sử nhà máy', FALSE, 2);
INSERT INTO questions_answers (question_id, sentence, sentence_translation, is_correct, "order") VALUES (811060017, '社員の名前リスト', 'Danh sách tên nhân viên', FALSE, 3);
INSERT INTO questions_answers (question_id, sentence, sentence_translation, is_correct, "order") VALUES (811060017, '設備の値段', 'Giá thiết bị', FALSE, 4);
INSERT INTO questions (id, user_id, is_system, is_khoa_cu, question_type, content_type, level, selection_type, question, passage, passage_translation, general_explanation, skill_category, base_difficulty, tenant_id, is_active, is_deleted, created_at, created_by) VALUES (811060018, NULL, TRUE, FALSE, 'reading', 'jisshusei_mogishiken_t10_recall_kuringu', 'N4', 'single', 'この チェックリスト の主旨は何ですか? (Q2)

Ý chính của Danh mục kiểm tra này là gì? (Q2)', '81100505', NULL, 'チェックリスト chứa thông tin về Xin lỗi cấp cao + 自主回収 + PL Law + プレスリリース + hou-ren-sou khẩn.', 'dokkai', 1, 'system', TRUE, FALSE, NOW(), 'system') ON CONFLICT (id) DO UPDATE SET question_type = EXCLUDED.question_type, content_type = EXCLUDED.content_type, level = EXCLUDED.level, question = EXCLUDED.question, passage = EXCLUDED.passage, passage_translation = EXCLUDED.passage_translation, general_explanation = EXCLUDED.general_explanation, skill_category = EXCLUDED.skill_category, is_active = EXCLUDED.is_active, is_deleted = EXCLUDED.is_deleted, updated_at = NOW(), updated_by = 'system';
DELETE FROM questions_answers WHERE question_id = 811060018;
INSERT INTO questions_answers (question_id, sentence, sentence_translation, is_correct, "order") VALUES (811060018, 'Xin lỗi cấp cao + 自主回収 + PL Law + プレスリリーに関する情報', 'Thông tin liên quan đến Xin lỗi cấp cao + 自主回収 + PL Law + プレスリリー', TRUE, 1);
INSERT INTO questions_answers (question_id, sentence, sentence_translation, is_correct, "order") VALUES (811060018, '工場の歴史', 'Lịch sử nhà máy', FALSE, 2);
INSERT INTO questions_answers (question_id, sentence, sentence_translation, is_correct, "order") VALUES (811060018, '社員の名前リスト', 'Danh sách tên nhân viên', FALSE, 3);
INSERT INTO questions_answers (question_id, sentence, sentence_translation, is_correct, "order") VALUES (811060018, '設備の値段', 'Giá thiết bị', FALSE, 4);
INSERT INTO questions (id, user_id, is_system, is_khoa_cu, question_type, content_type, level, selection_type, question, passage, passage_translation, general_explanation, skill_category, base_difficulty, tenant_id, is_active, is_deleted, created_at, created_by) VALUES (811060019, NULL, TRUE, FALSE, 'reading', 'jisshusei_mogishiken_t10_recall_kuringu', 'N4', 'single', 'この チェックリスト の主旨は何ですか? (Q3)

Ý chính của Danh mục kiểm tra này là gì? (Q3)', '81100505', NULL, 'チェックリスト chứa thông tin về Xin lỗi cấp cao + 自主回収 + PL Law + プレスリリース + hou-ren-sou khẩn.', 'dokkai', 1, 'system', TRUE, FALSE, NOW(), 'system') ON CONFLICT (id) DO UPDATE SET question_type = EXCLUDED.question_type, content_type = EXCLUDED.content_type, level = EXCLUDED.level, question = EXCLUDED.question, passage = EXCLUDED.passage, passage_translation = EXCLUDED.passage_translation, general_explanation = EXCLUDED.general_explanation, skill_category = EXCLUDED.skill_category, is_active = EXCLUDED.is_active, is_deleted = EXCLUDED.is_deleted, updated_at = NOW(), updated_by = 'system';
DELETE FROM questions_answers WHERE question_id = 811060019;
INSERT INTO questions_answers (question_id, sentence, sentence_translation, is_correct, "order") VALUES (811060019, 'Xin lỗi cấp cao + 自主回収 + PL Law + プレスリリーに関する情報', 'Thông tin liên quan đến Xin lỗi cấp cao + 自主回収 + PL Law + プレスリリー', TRUE, 1);
INSERT INTO questions_answers (question_id, sentence, sentence_translation, is_correct, "order") VALUES (811060019, '工場の歴史', 'Lịch sử nhà máy', FALSE, 2);
INSERT INTO questions_answers (question_id, sentence, sentence_translation, is_correct, "order") VALUES (811060019, '社員の名前リスト', 'Danh sách tên nhân viên', FALSE, 3);
INSERT INTO questions_answers (question_id, sentence, sentence_translation, is_correct, "order") VALUES (811060019, '設備の値段', 'Giá thiết bị', FALSE, 4);
INSERT INTO questions (id, user_id, is_system, is_khoa_cu, question_type, content_type, level, selection_type, question, passage, passage_translation, general_explanation, skill_category, base_difficulty, tenant_id, is_active, is_deleted, created_at, created_by) VALUES (811060020, NULL, TRUE, FALSE, 'reading', 'jisshusei_mogishiken_t10_recall_kuringu', 'N4', 'single', 'この チェックリスト の主旨は何ですか? (Q4)

Ý chính của Danh mục kiểm tra này là gì? (Q4)', '81100505', NULL, 'チェックリスト chứa thông tin về Xin lỗi cấp cao + 自主回収 + PL Law + プレスリリース + hou-ren-sou khẩn.', 'dokkai', 1, 'system', TRUE, FALSE, NOW(), 'system') ON CONFLICT (id) DO UPDATE SET question_type = EXCLUDED.question_type, content_type = EXCLUDED.content_type, level = EXCLUDED.level, question = EXCLUDED.question, passage = EXCLUDED.passage, passage_translation = EXCLUDED.passage_translation, general_explanation = EXCLUDED.general_explanation, skill_category = EXCLUDED.skill_category, is_active = EXCLUDED.is_active, is_deleted = EXCLUDED.is_deleted, updated_at = NOW(), updated_by = 'system';
DELETE FROM questions_answers WHERE question_id = 811060020;
INSERT INTO questions_answers (question_id, sentence, sentence_translation, is_correct, "order") VALUES (811060020, 'Xin lỗi cấp cao + 自主回収 + PL Law + プレスリリーに関する情報', 'Thông tin liên quan đến Xin lỗi cấp cao + 自主回収 + PL Law + プレスリリー', TRUE, 1);
INSERT INTO questions_answers (question_id, sentence, sentence_translation, is_correct, "order") VALUES (811060020, '工場の歴史', 'Lịch sử nhà máy', FALSE, 2);
INSERT INTO questions_answers (question_id, sentence, sentence_translation, is_correct, "order") VALUES (811060020, '社員の名前リスト', 'Danh sách tên nhân viên', FALSE, 3);
INSERT INTO questions_answers (question_id, sentence, sentence_translation, is_correct, "order") VALUES (811060020, '設備の値段', 'Giá thiết bị', FALSE, 4);

INSERT INTO study_question_sets (id, name, description, set_type, card_count, tenant_id, is_active, is_deleted, created_at, created_by) VALUES (8110061, 'T10. Sự cố lớn — Recall — Reading Section 1: Bảng quy trình', 'Đọc hiểu Bảng quy trình', 'reading', 4, 'system', TRUE, FALSE, NOW(), 'system') ON CONFLICT (id) DO UPDATE SET name = EXCLUDED.name, description = EXCLUDED.description, set_type = EXCLUDED.set_type, card_count = EXCLUDED.card_count, is_active = EXCLUDED.is_active, is_deleted = EXCLUDED.is_deleted, updated_at = NOW(), updated_by = 'system';
INSERT INTO study_question_set_questions (study_question_set_id, question_id, order_index, tenant_id, is_deleted, created_at, created_by) VALUES (8110061, 811060001, 1, 'system', FALSE, NOW(), 'system') ON CONFLICT (study_question_set_id, question_id) DO UPDATE SET order_index = EXCLUDED.order_index, is_deleted = FALSE;
INSERT INTO study_question_set_questions (study_question_set_id, question_id, order_index, tenant_id, is_deleted, created_at, created_by) VALUES (8110061, 811060002, 2, 'system', FALSE, NOW(), 'system') ON CONFLICT (study_question_set_id, question_id) DO UPDATE SET order_index = EXCLUDED.order_index, is_deleted = FALSE;
INSERT INTO study_question_set_questions (study_question_set_id, question_id, order_index, tenant_id, is_deleted, created_at, created_by) VALUES (8110061, 811060003, 3, 'system', FALSE, NOW(), 'system') ON CONFLICT (study_question_set_id, question_id) DO UPDATE SET order_index = EXCLUDED.order_index, is_deleted = FALSE;
INSERT INTO study_question_set_questions (study_question_set_id, question_id, order_index, tenant_id, is_deleted, created_at, created_by) VALUES (8110061, 811060004, 4, 'system', FALSE, NOW(), 'system') ON CONFLICT (study_question_set_id, question_id) DO UPDATE SET order_index = EXCLUDED.order_index, is_deleted = FALSE;
INSERT INTO study_resource_question_sets (resource_type, resource_id, study_question_set_id, position, context, tenant_id, is_active, is_deleted, created_at, created_by) VALUES ('module', 8011010, 8110061, 5, '{"label": "T10. Sự cố lớn — Recall — Reading Section 1: Bảng quy trình"}'::jsonb, 'system', TRUE, FALSE, NOW(), 'system') ON CONFLICT (resource_type, resource_id, study_question_set_id) DO UPDATE SET position = EXCLUDED.position, context = EXCLUDED.context, is_active = TRUE, is_deleted = FALSE;

INSERT INTO study_question_sets (id, name, description, set_type, card_count, tenant_id, is_active, is_deleted, created_at, created_by) VALUES (8110062, 'T10. Sự cố lớn — Recall — Reading Section 2: Sổ tay hướng dẫn', 'Đọc hiểu Sổ tay hướng dẫn', 'reading', 4, 'system', TRUE, FALSE, NOW(), 'system') ON CONFLICT (id) DO UPDATE SET name = EXCLUDED.name, description = EXCLUDED.description, set_type = EXCLUDED.set_type, card_count = EXCLUDED.card_count, is_active = EXCLUDED.is_active, is_deleted = EXCLUDED.is_deleted, updated_at = NOW(), updated_by = 'system';
INSERT INTO study_question_set_questions (study_question_set_id, question_id, order_index, tenant_id, is_deleted, created_at, created_by) VALUES (8110062, 811060005, 1, 'system', FALSE, NOW(), 'system') ON CONFLICT (study_question_set_id, question_id) DO UPDATE SET order_index = EXCLUDED.order_index, is_deleted = FALSE;
INSERT INTO study_question_set_questions (study_question_set_id, question_id, order_index, tenant_id, is_deleted, created_at, created_by) VALUES (8110062, 811060006, 2, 'system', FALSE, NOW(), 'system') ON CONFLICT (study_question_set_id, question_id) DO UPDATE SET order_index = EXCLUDED.order_index, is_deleted = FALSE;
INSERT INTO study_question_set_questions (study_question_set_id, question_id, order_index, tenant_id, is_deleted, created_at, created_by) VALUES (8110062, 811060007, 3, 'system', FALSE, NOW(), 'system') ON CONFLICT (study_question_set_id, question_id) DO UPDATE SET order_index = EXCLUDED.order_index, is_deleted = FALSE;
INSERT INTO study_question_set_questions (study_question_set_id, question_id, order_index, tenant_id, is_deleted, created_at, created_by) VALUES (8110062, 811060008, 4, 'system', FALSE, NOW(), 'system') ON CONFLICT (study_question_set_id, question_id) DO UPDATE SET order_index = EXCLUDED.order_index, is_deleted = FALSE;
INSERT INTO study_resource_question_sets (resource_type, resource_id, study_question_set_id, position, context, tenant_id, is_active, is_deleted, created_at, created_by) VALUES ('module', 8011010, 8110062, 6, '{"label": "T10. Sự cố lớn — Recall — Reading Section 2: Sổ tay hướng dẫn"}'::jsonb, 'system', TRUE, FALSE, NOW(), 'system') ON CONFLICT (resource_type, resource_id, study_question_set_id) DO UPDATE SET position = EXCLUDED.position, context = EXCLUDED.context, is_active = TRUE, is_deleted = FALSE;

INSERT INTO study_question_sets (id, name, description, set_type, card_count, tenant_id, is_active, is_deleted, created_at, created_by) VALUES (8110063, 'T10. Sự cố lớn — Recall — Reading Section 3: Báo cáo', 'Đọc hiểu Báo cáo', 'reading', 4, 'system', TRUE, FALSE, NOW(), 'system') ON CONFLICT (id) DO UPDATE SET name = EXCLUDED.name, description = EXCLUDED.description, set_type = EXCLUDED.set_type, card_count = EXCLUDED.card_count, is_active = EXCLUDED.is_active, is_deleted = EXCLUDED.is_deleted, updated_at = NOW(), updated_by = 'system';
INSERT INTO study_question_set_questions (study_question_set_id, question_id, order_index, tenant_id, is_deleted, created_at, created_by) VALUES (8110063, 811060009, 1, 'system', FALSE, NOW(), 'system') ON CONFLICT (study_question_set_id, question_id) DO UPDATE SET order_index = EXCLUDED.order_index, is_deleted = FALSE;
INSERT INTO study_question_set_questions (study_question_set_id, question_id, order_index, tenant_id, is_deleted, created_at, created_by) VALUES (8110063, 811060010, 2, 'system', FALSE, NOW(), 'system') ON CONFLICT (study_question_set_id, question_id) DO UPDATE SET order_index = EXCLUDED.order_index, is_deleted = FALSE;
INSERT INTO study_question_set_questions (study_question_set_id, question_id, order_index, tenant_id, is_deleted, created_at, created_by) VALUES (8110063, 811060011, 3, 'system', FALSE, NOW(), 'system') ON CONFLICT (study_question_set_id, question_id) DO UPDATE SET order_index = EXCLUDED.order_index, is_deleted = FALSE;
INSERT INTO study_question_set_questions (study_question_set_id, question_id, order_index, tenant_id, is_deleted, created_at, created_by) VALUES (8110063, 811060012, 4, 'system', FALSE, NOW(), 'system') ON CONFLICT (study_question_set_id, question_id) DO UPDATE SET order_index = EXCLUDED.order_index, is_deleted = FALSE;
INSERT INTO study_resource_question_sets (resource_type, resource_id, study_question_set_id, position, context, tenant_id, is_active, is_deleted, created_at, created_by) VALUES ('module', 8011010, 8110063, 7, '{"label": "T10. Sự cố lớn — Recall — Reading Section 3: Báo cáo"}'::jsonb, 'system', TRUE, FALSE, NOW(), 'system') ON CONFLICT (resource_type, resource_id, study_question_set_id) DO UPDATE SET position = EXCLUDED.position, context = EXCLUDED.context, is_active = TRUE, is_deleted = FALSE;

INSERT INTO study_question_sets (id, name, description, set_type, card_count, tenant_id, is_active, is_deleted, created_at, created_by) VALUES (8110064, 'T10. Sự cố lớn — Recall — Reading Section 4: Thông báo', 'Đọc hiểu Thông báo', 'reading', 4, 'system', TRUE, FALSE, NOW(), 'system') ON CONFLICT (id) DO UPDATE SET name = EXCLUDED.name, description = EXCLUDED.description, set_type = EXCLUDED.set_type, card_count = EXCLUDED.card_count, is_active = EXCLUDED.is_active, is_deleted = EXCLUDED.is_deleted, updated_at = NOW(), updated_by = 'system';
INSERT INTO study_question_set_questions (study_question_set_id, question_id, order_index, tenant_id, is_deleted, created_at, created_by) VALUES (8110064, 811060013, 1, 'system', FALSE, NOW(), 'system') ON CONFLICT (study_question_set_id, question_id) DO UPDATE SET order_index = EXCLUDED.order_index, is_deleted = FALSE;
INSERT INTO study_question_set_questions (study_question_set_id, question_id, order_index, tenant_id, is_deleted, created_at, created_by) VALUES (8110064, 811060014, 2, 'system', FALSE, NOW(), 'system') ON CONFLICT (study_question_set_id, question_id) DO UPDATE SET order_index = EXCLUDED.order_index, is_deleted = FALSE;
INSERT INTO study_question_set_questions (study_question_set_id, question_id, order_index, tenant_id, is_deleted, created_at, created_by) VALUES (8110064, 811060015, 3, 'system', FALSE, NOW(), 'system') ON CONFLICT (study_question_set_id, question_id) DO UPDATE SET order_index = EXCLUDED.order_index, is_deleted = FALSE;
INSERT INTO study_question_set_questions (study_question_set_id, question_id, order_index, tenant_id, is_deleted, created_at, created_by) VALUES (8110064, 811060016, 4, 'system', FALSE, NOW(), 'system') ON CONFLICT (study_question_set_id, question_id) DO UPDATE SET order_index = EXCLUDED.order_index, is_deleted = FALSE;
INSERT INTO study_resource_question_sets (resource_type, resource_id, study_question_set_id, position, context, tenant_id, is_active, is_deleted, created_at, created_by) VALUES ('module', 8011010, 8110064, 8, '{"label": "T10. Sự cố lớn — Recall — Reading Section 4: Thông báo"}'::jsonb, 'system', TRUE, FALSE, NOW(), 'system') ON CONFLICT (resource_type, resource_id, study_question_set_id) DO UPDATE SET position = EXCLUDED.position, context = EXCLUDED.context, is_active = TRUE, is_deleted = FALSE;

INSERT INTO study_question_sets (id, name, description, set_type, card_count, tenant_id, is_active, is_deleted, created_at, created_by) VALUES (8110065, 'T10. Sự cố lớn — Recall — Reading Section 5: Danh mục kiểm tra', 'Đọc hiểu Danh mục kiểm tra', 'reading', 4, 'system', TRUE, FALSE, NOW(), 'system') ON CONFLICT (id) DO UPDATE SET name = EXCLUDED.name, description = EXCLUDED.description, set_type = EXCLUDED.set_type, card_count = EXCLUDED.card_count, is_active = EXCLUDED.is_active, is_deleted = EXCLUDED.is_deleted, updated_at = NOW(), updated_by = 'system';
INSERT INTO study_question_set_questions (study_question_set_id, question_id, order_index, tenant_id, is_deleted, created_at, created_by) VALUES (8110065, 811060017, 1, 'system', FALSE, NOW(), 'system') ON CONFLICT (study_question_set_id, question_id) DO UPDATE SET order_index = EXCLUDED.order_index, is_deleted = FALSE;
INSERT INTO study_question_set_questions (study_question_set_id, question_id, order_index, tenant_id, is_deleted, created_at, created_by) VALUES (8110065, 811060018, 2, 'system', FALSE, NOW(), 'system') ON CONFLICT (study_question_set_id, question_id) DO UPDATE SET order_index = EXCLUDED.order_index, is_deleted = FALSE;
INSERT INTO study_question_set_questions (study_question_set_id, question_id, order_index, tenant_id, is_deleted, created_at, created_by) VALUES (8110065, 811060019, 3, 'system', FALSE, NOW(), 'system') ON CONFLICT (study_question_set_id, question_id) DO UPDATE SET order_index = EXCLUDED.order_index, is_deleted = FALSE;
INSERT INTO study_question_set_questions (study_question_set_id, question_id, order_index, tenant_id, is_deleted, created_at, created_by) VALUES (8110065, 811060020, 4, 'system', FALSE, NOW(), 'system') ON CONFLICT (study_question_set_id, question_id) DO UPDATE SET order_index = EXCLUDED.order_index, is_deleted = FALSE;
INSERT INTO study_resource_question_sets (resource_type, resource_id, study_question_set_id, position, context, tenant_id, is_active, is_deleted, created_at, created_by) VALUES ('module', 8011010, 8110065, 9, '{"label": "T10. Sự cố lớn — Recall — Reading Section 5: Danh mục kiểm tra"}'::jsonb, 'system', TRUE, FALSE, NOW(), 'system') ON CONFLICT (resource_type, resource_id, study_question_set_id) DO UPDATE SET position = EXCLUDED.position, context = EXCLUDED.context, is_active = TRUE, is_deleted = FALSE;

-- BaiTap: t11_shourai_keikaku (40 questions)
INSERT INTO questions (id, user_id, is_system, is_khoa_cu, question_type, content_type, level, selection_type, question, passage, passage_translation, general_explanation, skill_category, base_difficulty, tenant_id, is_active, is_deleted, created_at, created_by) VALUES (811150001, NULL, TRUE, FALSE, 'chon_dap_an', 'jisshusei_baitap_t11_shourai_keikaku', 'N5', 'single', '「食品衛生責任者」 trong ngữ cảnh chương 11 có nghĩa liên quan đến gì?

「食品衛生責任者」 trong chương 11 liên quan đến:', NULL, NULL, '「食品衛生責任者」 thuộc chủ đề: Bàn bạc tương lai + xin lời khuyên + Sekininsha/HACCP/SSW + 育成就労.', 'grammar', 1, 'system', TRUE, FALSE, NOW(), 'system') ON CONFLICT (id) DO UPDATE SET question_type = EXCLUDED.question_type, content_type = EXCLUDED.content_type, level = EXCLUDED.level, question = EXCLUDED.question, passage = EXCLUDED.passage, passage_translation = EXCLUDED.passage_translation, general_explanation = EXCLUDED.general_explanation, skill_category = EXCLUDED.skill_category, is_active = EXCLUDED.is_active, is_deleted = EXCLUDED.is_deleted, updated_at = NOW(), updated_by = 'system';
DELETE FROM questions_answers WHERE question_id = 811150001;
INSERT INTO questions_answers (question_id, sentence, sentence_translation, is_correct, "order") VALUES (811150001, 'Bàn bạc tương lai + xin lời kh', 'Bàn bạc tương lai + xin lời kh', TRUE, 1);
INSERT INTO questions_answers (question_id, sentence, sentence_translation, is_correct, "order") VALUES (811150001, 'Khái niệm không liên quan A', 'Khái niệm không liên quan A', FALSE, 2);
INSERT INTO questions_answers (question_id, sentence, sentence_translation, is_correct, "order") VALUES (811150001, 'Khái niệm không liên quan B', 'Khái niệm không liên quan B', FALSE, 3);
INSERT INTO questions_answers (question_id, sentence, sentence_translation, is_correct, "order") VALUES (811150001, 'Khái niệm không liên quan C', 'Khái niệm không liên quan C', FALSE, 4);
INSERT INTO questions (id, user_id, is_system, is_khoa_cu, question_type, content_type, level, selection_type, question, passage, passage_translation, general_explanation, skill_category, base_difficulty, tenant_id, is_active, is_deleted, created_at, created_by) VALUES (811150002, NULL, TRUE, FALSE, 'chon_dap_an', 'jisshusei_baitap_t11_shourai_keikaku', 'N5', 'single', '「食品衛生管理者」 trong ngữ cảnh chương 11 có nghĩa liên quan đến gì?

「食品衛生管理者」 trong chương 11 liên quan đến:', NULL, NULL, '「食品衛生管理者」 thuộc chủ đề: Bàn bạc tương lai + xin lời khuyên + Sekininsha/HACCP/SSW + 育成就労.', 'grammar', 1, 'system', TRUE, FALSE, NOW(), 'system') ON CONFLICT (id) DO UPDATE SET question_type = EXCLUDED.question_type, content_type = EXCLUDED.content_type, level = EXCLUDED.level, question = EXCLUDED.question, passage = EXCLUDED.passage, passage_translation = EXCLUDED.passage_translation, general_explanation = EXCLUDED.general_explanation, skill_category = EXCLUDED.skill_category, is_active = EXCLUDED.is_active, is_deleted = EXCLUDED.is_deleted, updated_at = NOW(), updated_by = 'system';
DELETE FROM questions_answers WHERE question_id = 811150002;
INSERT INTO questions_answers (question_id, sentence, sentence_translation, is_correct, "order") VALUES (811150002, 'Bàn bạc tương lai + xin lời kh', 'Bàn bạc tương lai + xin lời kh', TRUE, 1);
INSERT INTO questions_answers (question_id, sentence, sentence_translation, is_correct, "order") VALUES (811150002, 'Khái niệm không liên quan A', 'Khái niệm không liên quan A', FALSE, 2);
INSERT INTO questions_answers (question_id, sentence, sentence_translation, is_correct, "order") VALUES (811150002, 'Khái niệm không liên quan B', 'Khái niệm không liên quan B', FALSE, 3);
INSERT INTO questions_answers (question_id, sentence, sentence_translation, is_correct, "order") VALUES (811150002, 'Khái niệm không liên quan C', 'Khái niệm không liên quan C', FALSE, 4);
INSERT INTO questions (id, user_id, is_system, is_khoa_cu, question_type, content_type, level, selection_type, question, passage, passage_translation, general_explanation, skill_category, base_difficulty, tenant_id, is_active, is_deleted, created_at, created_by) VALUES (811150003, NULL, TRUE, FALSE, 'chon_dap_an', 'jisshusei_baitap_t11_shourai_keikaku', 'N5', 'single', '「HACCPコーディネーター」 trong ngữ cảnh chương 11 có nghĩa liên quan đến gì?

「HACCPコーディネーター」 trong chương 11 liên quan đến:', NULL, NULL, '「HACCPコーディネーター」 thuộc chủ đề: Bàn bạc tương lai + xin lời khuyên + Sekininsha/HACCP/SSW + 育成就労.', 'grammar', 1, 'system', TRUE, FALSE, NOW(), 'system') ON CONFLICT (id) DO UPDATE SET question_type = EXCLUDED.question_type, content_type = EXCLUDED.content_type, level = EXCLUDED.level, question = EXCLUDED.question, passage = EXCLUDED.passage, passage_translation = EXCLUDED.passage_translation, general_explanation = EXCLUDED.general_explanation, skill_category = EXCLUDED.skill_category, is_active = EXCLUDED.is_active, is_deleted = EXCLUDED.is_deleted, updated_at = NOW(), updated_by = 'system';
DELETE FROM questions_answers WHERE question_id = 811150003;
INSERT INTO questions_answers (question_id, sentence, sentence_translation, is_correct, "order") VALUES (811150003, 'Bàn bạc tương lai + xin lời kh', 'Bàn bạc tương lai + xin lời kh', TRUE, 1);
INSERT INTO questions_answers (question_id, sentence, sentence_translation, is_correct, "order") VALUES (811150003, 'Khái niệm không liên quan A', 'Khái niệm không liên quan A', FALSE, 2);
INSERT INTO questions_answers (question_id, sentence, sentence_translation, is_correct, "order") VALUES (811150003, 'Khái niệm không liên quan B', 'Khái niệm không liên quan B', FALSE, 3);
INSERT INTO questions_answers (question_id, sentence, sentence_translation, is_correct, "order") VALUES (811150003, 'Khái niệm không liên quan C', 'Khái niệm không liên quan C', FALSE, 4);
INSERT INTO questions (id, user_id, is_system, is_khoa_cu, question_type, content_type, level, selection_type, question, passage, passage_translation, general_explanation, skill_category, base_difficulty, tenant_id, is_active, is_deleted, created_at, created_by) VALUES (811150004, NULL, TRUE, FALSE, 'chon_dap_an', 'jisshusei_baitap_t11_shourai_keikaku', 'N5', 'single', '「特定技能1号」 trong ngữ cảnh chương 11 có nghĩa liên quan đến gì?

「特定技能1号」 trong chương 11 liên quan đến:', NULL, NULL, '「特定技能1号」 thuộc chủ đề: Bàn bạc tương lai + xin lời khuyên + Sekininsha/HACCP/SSW + 育成就労.', 'grammar', 1, 'system', TRUE, FALSE, NOW(), 'system') ON CONFLICT (id) DO UPDATE SET question_type = EXCLUDED.question_type, content_type = EXCLUDED.content_type, level = EXCLUDED.level, question = EXCLUDED.question, passage = EXCLUDED.passage, passage_translation = EXCLUDED.passage_translation, general_explanation = EXCLUDED.general_explanation, skill_category = EXCLUDED.skill_category, is_active = EXCLUDED.is_active, is_deleted = EXCLUDED.is_deleted, updated_at = NOW(), updated_by = 'system';
DELETE FROM questions_answers WHERE question_id = 811150004;
INSERT INTO questions_answers (question_id, sentence, sentence_translation, is_correct, "order") VALUES (811150004, 'Bàn bạc tương lai + xin lời kh', 'Bàn bạc tương lai + xin lời kh', TRUE, 1);
INSERT INTO questions_answers (question_id, sentence, sentence_translation, is_correct, "order") VALUES (811150004, 'Khái niệm không liên quan A', 'Khái niệm không liên quan A', FALSE, 2);
INSERT INTO questions_answers (question_id, sentence, sentence_translation, is_correct, "order") VALUES (811150004, 'Khái niệm không liên quan B', 'Khái niệm không liên quan B', FALSE, 3);
INSERT INTO questions_answers (question_id, sentence, sentence_translation, is_correct, "order") VALUES (811150004, 'Khái niệm không liên quan C', 'Khái niệm không liên quan C', FALSE, 4);
INSERT INTO questions (id, user_id, is_system, is_khoa_cu, question_type, content_type, level, selection_type, question, passage, passage_translation, general_explanation, skill_category, base_difficulty, tenant_id, is_active, is_deleted, created_at, created_by) VALUES (811150005, NULL, TRUE, FALSE, 'chon_dap_an', 'jisshusei_baitap_t11_shourai_keikaku', 'N5', 'single', '「育成就労」 trong ngữ cảnh chương 11 có nghĩa liên quan đến gì?

「育成就労」 trong chương 11 liên quan đến:', NULL, NULL, '「育成就労」 thuộc chủ đề: Bàn bạc tương lai + xin lời khuyên + Sekininsha/HACCP/SSW + 育成就労.', 'grammar', 1, 'system', TRUE, FALSE, NOW(), 'system') ON CONFLICT (id) DO UPDATE SET question_type = EXCLUDED.question_type, content_type = EXCLUDED.content_type, level = EXCLUDED.level, question = EXCLUDED.question, passage = EXCLUDED.passage, passage_translation = EXCLUDED.passage_translation, general_explanation = EXCLUDED.general_explanation, skill_category = EXCLUDED.skill_category, is_active = EXCLUDED.is_active, is_deleted = EXCLUDED.is_deleted, updated_at = NOW(), updated_by = 'system';
DELETE FROM questions_answers WHERE question_id = 811150005;
INSERT INTO questions_answers (question_id, sentence, sentence_translation, is_correct, "order") VALUES (811150005, 'Bàn bạc tương lai + xin lời kh', 'Bàn bạc tương lai + xin lời kh', TRUE, 1);
INSERT INTO questions_answers (question_id, sentence, sentence_translation, is_correct, "order") VALUES (811150005, 'Khái niệm không liên quan A', 'Khái niệm không liên quan A', FALSE, 2);
INSERT INTO questions_answers (question_id, sentence, sentence_translation, is_correct, "order") VALUES (811150005, 'Khái niệm không liên quan B', 'Khái niệm không liên quan B', FALSE, 3);
INSERT INTO questions_answers (question_id, sentence, sentence_translation, is_correct, "order") VALUES (811150005, 'Khái niệm không liên quan C', 'Khái niệm không liên quan C', FALSE, 4);
INSERT INTO questions (id, user_id, is_system, is_khoa_cu, question_type, content_type, level, selection_type, question, passage, passage_translation, general_explanation, skill_category, base_difficulty, tenant_id, is_active, is_deleted, created_at, created_by) VALUES (811150006, NULL, TRUE, FALSE, 'chon_dap_an', 'jisshusei_baitap_t11_shourai_keikaku', 'N5', 'single', '「永住権」 trong ngữ cảnh chương 11 có nghĩa liên quan đến gì?

「永住権」 trong chương 11 liên quan đến:', NULL, NULL, '「永住権」 thuộc chủ đề: Bàn bạc tương lai + xin lời khuyên + Sekininsha/HACCP/SSW + 育成就労.', 'grammar', 1, 'system', TRUE, FALSE, NOW(), 'system') ON CONFLICT (id) DO UPDATE SET question_type = EXCLUDED.question_type, content_type = EXCLUDED.content_type, level = EXCLUDED.level, question = EXCLUDED.question, passage = EXCLUDED.passage, passage_translation = EXCLUDED.passage_translation, general_explanation = EXCLUDED.general_explanation, skill_category = EXCLUDED.skill_category, is_active = EXCLUDED.is_active, is_deleted = EXCLUDED.is_deleted, updated_at = NOW(), updated_by = 'system';
DELETE FROM questions_answers WHERE question_id = 811150006;
INSERT INTO questions_answers (question_id, sentence, sentence_translation, is_correct, "order") VALUES (811150006, 'Bàn bạc tương lai + xin lời kh', 'Bàn bạc tương lai + xin lời kh', TRUE, 1);
INSERT INTO questions_answers (question_id, sentence, sentence_translation, is_correct, "order") VALUES (811150006, 'Khái niệm không liên quan A', 'Khái niệm không liên quan A', FALSE, 2);
INSERT INTO questions_answers (question_id, sentence, sentence_translation, is_correct, "order") VALUES (811150006, 'Khái niệm không liên quan B', 'Khái niệm không liên quan B', FALSE, 3);
INSERT INTO questions_answers (question_id, sentence, sentence_translation, is_correct, "order") VALUES (811150006, 'Khái niệm không liên quan C', 'Khái niệm không liên quan C', FALSE, 4);
INSERT INTO questions (id, user_id, is_system, is_khoa_cu, question_type, content_type, level, selection_type, question, passage, passage_translation, general_explanation, skill_category, base_difficulty, tenant_id, is_active, is_deleted, created_at, created_by) VALUES (811150007, NULL, TRUE, FALSE, 'chon_dap_an', 'jisshusei_baitap_t11_shourai_keikaku', 'N5', 'single', '「在留資格」 trong ngữ cảnh chương 11 có nghĩa liên quan đến gì?

「在留資格」 trong chương 11 liên quan đến:', NULL, NULL, '「在留資格」 thuộc chủ đề: Bàn bạc tương lai + xin lời khuyên + Sekininsha/HACCP/SSW + 育成就労.', 'grammar', 1, 'system', TRUE, FALSE, NOW(), 'system') ON CONFLICT (id) DO UPDATE SET question_type = EXCLUDED.question_type, content_type = EXCLUDED.content_type, level = EXCLUDED.level, question = EXCLUDED.question, passage = EXCLUDED.passage, passage_translation = EXCLUDED.passage_translation, general_explanation = EXCLUDED.general_explanation, skill_category = EXCLUDED.skill_category, is_active = EXCLUDED.is_active, is_deleted = EXCLUDED.is_deleted, updated_at = NOW(), updated_by = 'system';
DELETE FROM questions_answers WHERE question_id = 811150007;
INSERT INTO questions_answers (question_id, sentence, sentence_translation, is_correct, "order") VALUES (811150007, 'Bàn bạc tương lai + xin lời kh', 'Bàn bạc tương lai + xin lời kh', TRUE, 1);
INSERT INTO questions_answers (question_id, sentence, sentence_translation, is_correct, "order") VALUES (811150007, 'Khái niệm không liên quan A', 'Khái niệm không liên quan A', FALSE, 2);
INSERT INTO questions_answers (question_id, sentence, sentence_translation, is_correct, "order") VALUES (811150007, 'Khái niệm không liên quan B', 'Khái niệm không liên quan B', FALSE, 3);
INSERT INTO questions_answers (question_id, sentence, sentence_translation, is_correct, "order") VALUES (811150007, 'Khái niệm không liên quan C', 'Khái niệm không liên quan C', FALSE, 4);
INSERT INTO questions (id, user_id, is_system, is_khoa_cu, question_type, content_type, level, selection_type, question, passage, passage_translation, general_explanation, skill_category, base_difficulty, tenant_id, is_active, is_deleted, created_at, created_by) VALUES (811150008, NULL, TRUE, FALSE, 'chon_dap_an', 'jisshusei_baitap_t11_shourai_keikaku', 'N5', 'single', '「資格取得」 trong ngữ cảnh chương 11 có nghĩa liên quan đến gì?

「資格取得」 trong chương 11 liên quan đến:', NULL, NULL, '「資格取得」 thuộc chủ đề: Bàn bạc tương lai + xin lời khuyên + Sekininsha/HACCP/SSW + 育成就労.', 'grammar', 1, 'system', TRUE, FALSE, NOW(), 'system') ON CONFLICT (id) DO UPDATE SET question_type = EXCLUDED.question_type, content_type = EXCLUDED.content_type, level = EXCLUDED.level, question = EXCLUDED.question, passage = EXCLUDED.passage, passage_translation = EXCLUDED.passage_translation, general_explanation = EXCLUDED.general_explanation, skill_category = EXCLUDED.skill_category, is_active = EXCLUDED.is_active, is_deleted = EXCLUDED.is_deleted, updated_at = NOW(), updated_by = 'system';
DELETE FROM questions_answers WHERE question_id = 811150008;
INSERT INTO questions_answers (question_id, sentence, sentence_translation, is_correct, "order") VALUES (811150008, 'Bàn bạc tương lai + xin lời kh', 'Bàn bạc tương lai + xin lời kh', TRUE, 1);
INSERT INTO questions_answers (question_id, sentence, sentence_translation, is_correct, "order") VALUES (811150008, 'Khái niệm không liên quan A', 'Khái niệm không liên quan A', FALSE, 2);
INSERT INTO questions_answers (question_id, sentence, sentence_translation, is_correct, "order") VALUES (811150008, 'Khái niệm không liên quan B', 'Khái niệm không liên quan B', FALSE, 3);
INSERT INTO questions_answers (question_id, sentence, sentence_translation, is_correct, "order") VALUES (811150008, 'Khái niệm không liên quan C', 'Khái niệm không liên quan C', FALSE, 4);
INSERT INTO questions (id, user_id, is_system, is_khoa_cu, question_type, content_type, level, selection_type, question, passage, passage_translation, general_explanation, skill_category, base_difficulty, tenant_id, is_active, is_deleted, created_at, created_by) VALUES (811150009, NULL, TRUE, FALSE, 'chon_dap_an', 'jisshusei_baitap_t11_shourai_keikaku', 'N5', 'single', '「受験資格」 trong ngữ cảnh chương 11 có nghĩa liên quan đến gì?

「受験資格」 trong chương 11 liên quan đến:', NULL, NULL, '「受験資格」 thuộc chủ đề: Bàn bạc tương lai + xin lời khuyên + Sekininsha/HACCP/SSW + 育成就労.', 'grammar', 1, 'system', TRUE, FALSE, NOW(), 'system') ON CONFLICT (id) DO UPDATE SET question_type = EXCLUDED.question_type, content_type = EXCLUDED.content_type, level = EXCLUDED.level, question = EXCLUDED.question, passage = EXCLUDED.passage, passage_translation = EXCLUDED.passage_translation, general_explanation = EXCLUDED.general_explanation, skill_category = EXCLUDED.skill_category, is_active = EXCLUDED.is_active, is_deleted = EXCLUDED.is_deleted, updated_at = NOW(), updated_by = 'system';
DELETE FROM questions_answers WHERE question_id = 811150009;
INSERT INTO questions_answers (question_id, sentence, sentence_translation, is_correct, "order") VALUES (811150009, 'Bàn bạc tương lai + xin lời kh', 'Bàn bạc tương lai + xin lời kh', TRUE, 1);
INSERT INTO questions_answers (question_id, sentence, sentence_translation, is_correct, "order") VALUES (811150009, 'Khái niệm không liên quan A', 'Khái niệm không liên quan A', FALSE, 2);
INSERT INTO questions_answers (question_id, sentence, sentence_translation, is_correct, "order") VALUES (811150009, 'Khái niệm không liên quan B', 'Khái niệm không liên quan B', FALSE, 3);
INSERT INTO questions_answers (question_id, sentence, sentence_translation, is_correct, "order") VALUES (811150009, 'Khái niệm không liên quan C', 'Khái niệm không liên quan C', FALSE, 4);
INSERT INTO questions (id, user_id, is_system, is_khoa_cu, question_type, content_type, level, selection_type, question, passage, passage_translation, general_explanation, skill_category, base_difficulty, tenant_id, is_active, is_deleted, created_at, created_by) VALUES (811150010, NULL, TRUE, FALSE, 'chon_dap_an', 'jisshusei_baitap_t11_shourai_keikaku', 'N5', 'single', '「食品衛生責任者」 trong ngữ cảnh chương 11 có nghĩa liên quan đến gì?

「食品衛生責任者」 trong chương 11 liên quan đến:', NULL, NULL, '「食品衛生責任者」 thuộc chủ đề: Bàn bạc tương lai + xin lời khuyên + Sekininsha/HACCP/SSW + 育成就労.', 'grammar', 1, 'system', TRUE, FALSE, NOW(), 'system') ON CONFLICT (id) DO UPDATE SET question_type = EXCLUDED.question_type, content_type = EXCLUDED.content_type, level = EXCLUDED.level, question = EXCLUDED.question, passage = EXCLUDED.passage, passage_translation = EXCLUDED.passage_translation, general_explanation = EXCLUDED.general_explanation, skill_category = EXCLUDED.skill_category, is_active = EXCLUDED.is_active, is_deleted = EXCLUDED.is_deleted, updated_at = NOW(), updated_by = 'system';
DELETE FROM questions_answers WHERE question_id = 811150010;
INSERT INTO questions_answers (question_id, sentence, sentence_translation, is_correct, "order") VALUES (811150010, 'Bàn bạc tương lai + xin lời kh', 'Bàn bạc tương lai + xin lời kh', TRUE, 1);
INSERT INTO questions_answers (question_id, sentence, sentence_translation, is_correct, "order") VALUES (811150010, 'Khái niệm không liên quan A', 'Khái niệm không liên quan A', FALSE, 2);
INSERT INTO questions_answers (question_id, sentence, sentence_translation, is_correct, "order") VALUES (811150010, 'Khái niệm không liên quan B', 'Khái niệm không liên quan B', FALSE, 3);
INSERT INTO questions_answers (question_id, sentence, sentence_translation, is_correct, "order") VALUES (811150010, 'Khái niệm không liên quan C', 'Khái niệm không liên quan C', FALSE, 4);
INSERT INTO questions (id, user_id, is_system, is_khoa_cu, question_type, content_type, level, selection_type, question, passage, passage_translation, general_explanation, skill_category, base_difficulty, tenant_id, is_active, is_deleted, created_at, created_by) VALUES (811150011, NULL, TRUE, FALSE, 'chon_dap_an', 'jisshusei_baitap_t11_shourai_keikaku', 'N5', 'single', 'Cụm「~を目指しております」 thường dùng khi nào trong chương 11?

「~を目指しております」 dùng khi nào?', NULL, NULL, '「~を目指しております」 được dạy trong chương 11 (Bàn bạc tương lai + xin lời khuyên + Sekininsha/HACCP/SSW + 育成就労).', 'grammar', 1, 'system', TRUE, FALSE, NOW(), 'system') ON CONFLICT (id) DO UPDATE SET question_type = EXCLUDED.question_type, content_type = EXCLUDED.content_type, level = EXCLUDED.level, question = EXCLUDED.question, passage = EXCLUDED.passage, passage_translation = EXCLUDED.passage_translation, general_explanation = EXCLUDED.general_explanation, skill_category = EXCLUDED.skill_category, is_active = EXCLUDED.is_active, is_deleted = EXCLUDED.is_deleted, updated_at = NOW(), updated_by = 'system';
DELETE FROM questions_answers WHERE question_id = 811150011;
INSERT INTO questions_answers (question_id, sentence, sentence_translation, is_correct, "order") VALUES (811150011, 'Trong tình huống chương 11: Bàn bạc tương lai + xin lời khuyên + Sek', 'Trong tình huống chương 11: Bàn bạc tương lai + xin lời khuyên + Sek', TRUE, 1);
INSERT INTO questions_answers (question_id, sentence, sentence_translation, is_correct, "order") VALUES (811150011, 'Khi ngủ', 'Khi ngủ', FALSE, 2);
INSERT INTO questions_answers (question_id, sentence, sentence_translation, is_correct, "order") VALUES (811150011, 'Khi ăn', 'Khi ăn', FALSE, 3);
INSERT INTO questions_answers (question_id, sentence, sentence_translation, is_correct, "order") VALUES (811150011, 'Không dùng', 'Không dùng', FALSE, 4);
INSERT INTO questions (id, user_id, is_system, is_khoa_cu, question_type, content_type, level, selection_type, question, passage, passage_translation, general_explanation, skill_category, base_difficulty, tenant_id, is_active, is_deleted, created_at, created_by) VALUES (811150012, NULL, TRUE, FALSE, 'chon_dap_an', 'jisshusei_baitap_t11_shourai_keikaku', 'N5', 'single', 'Cụm「~たいと考えております」 thường dùng khi nào trong chương 11?

「~たいと考えております」 dùng khi nào?', NULL, NULL, '「~たいと考えております」 được dạy trong chương 11 (Bàn bạc tương lai + xin lời khuyên + Sekininsha/HACCP/SSW + 育成就労).', 'grammar', 1, 'system', TRUE, FALSE, NOW(), 'system') ON CONFLICT (id) DO UPDATE SET question_type = EXCLUDED.question_type, content_type = EXCLUDED.content_type, level = EXCLUDED.level, question = EXCLUDED.question, passage = EXCLUDED.passage, passage_translation = EXCLUDED.passage_translation, general_explanation = EXCLUDED.general_explanation, skill_category = EXCLUDED.skill_category, is_active = EXCLUDED.is_active, is_deleted = EXCLUDED.is_deleted, updated_at = NOW(), updated_by = 'system';
DELETE FROM questions_answers WHERE question_id = 811150012;
INSERT INTO questions_answers (question_id, sentence, sentence_translation, is_correct, "order") VALUES (811150012, 'Trong tình huống chương 11: Bàn bạc tương lai + xin lời khuyên + Sek', 'Trong tình huống chương 11: Bàn bạc tương lai + xin lời khuyên + Sek', TRUE, 1);
INSERT INTO questions_answers (question_id, sentence, sentence_translation, is_correct, "order") VALUES (811150012, 'Khi ngủ', 'Khi ngủ', FALSE, 2);
INSERT INTO questions_answers (question_id, sentence, sentence_translation, is_correct, "order") VALUES (811150012, 'Khi ăn', 'Khi ăn', FALSE, 3);
INSERT INTO questions_answers (question_id, sentence, sentence_translation, is_correct, "order") VALUES (811150012, 'Không dùng', 'Không dùng', FALSE, 4);
INSERT INTO questions (id, user_id, is_system, is_khoa_cu, question_type, content_type, level, selection_type, question, passage, passage_translation, general_explanation, skill_category, base_difficulty, tenant_id, is_active, is_deleted, created_at, created_by) VALUES (811150013, NULL, TRUE, FALSE, 'chon_dap_an', 'jisshusei_baitap_t11_shourai_keikaku', 'N5', 'single', 'Cụm「アドバイスをいただけますでしょうか」 thường dùng khi nào trong chương 11?

「アドバイスをいただけますでしょうか」 dùng khi nào?', NULL, NULL, '「アドバイスをいただけますでしょうか」 được dạy trong chương 11 (Bàn bạc tương lai + xin lời khuyên + Sekininsha/HACCP/SSW + 育成就労).', 'grammar', 1, 'system', TRUE, FALSE, NOW(), 'system') ON CONFLICT (id) DO UPDATE SET question_type = EXCLUDED.question_type, content_type = EXCLUDED.content_type, level = EXCLUDED.level, question = EXCLUDED.question, passage = EXCLUDED.passage, passage_translation = EXCLUDED.passage_translation, general_explanation = EXCLUDED.general_explanation, skill_category = EXCLUDED.skill_category, is_active = EXCLUDED.is_active, is_deleted = EXCLUDED.is_deleted, updated_at = NOW(), updated_by = 'system';
DELETE FROM questions_answers WHERE question_id = 811150013;
INSERT INTO questions_answers (question_id, sentence, sentence_translation, is_correct, "order") VALUES (811150013, 'Trong tình huống chương 11: Bàn bạc tương lai + xin lời khuyên + Sek', 'Trong tình huống chương 11: Bàn bạc tương lai + xin lời khuyên + Sek', TRUE, 1);
INSERT INTO questions_answers (question_id, sentence, sentence_translation, is_correct, "order") VALUES (811150013, 'Khi ngủ', 'Khi ngủ', FALSE, 2);
INSERT INTO questions_answers (question_id, sentence, sentence_translation, is_correct, "order") VALUES (811150013, 'Khi ăn', 'Khi ăn', FALSE, 3);
INSERT INTO questions_answers (question_id, sentence, sentence_translation, is_correct, "order") VALUES (811150013, 'Không dùng', 'Không dùng', FALSE, 4);
INSERT INTO questions (id, user_id, is_system, is_khoa_cu, question_type, content_type, level, selection_type, question, passage, passage_translation, general_explanation, skill_category, base_difficulty, tenant_id, is_active, is_deleted, created_at, created_by) VALUES (811150014, NULL, TRUE, FALSE, 'chon_dap_an', 'jisshusei_baitap_t11_shourai_keikaku', 'N5', 'single', 'Cụm「ご教示ください」 thường dùng khi nào trong chương 11?

「ご教示ください」 dùng khi nào?', NULL, NULL, '「ご教示ください」 được dạy trong chương 11 (Bàn bạc tương lai + xin lời khuyên + Sekininsha/HACCP/SSW + 育成就労).', 'grammar', 1, 'system', TRUE, FALSE, NOW(), 'system') ON CONFLICT (id) DO UPDATE SET question_type = EXCLUDED.question_type, content_type = EXCLUDED.content_type, level = EXCLUDED.level, question = EXCLUDED.question, passage = EXCLUDED.passage, passage_translation = EXCLUDED.passage_translation, general_explanation = EXCLUDED.general_explanation, skill_category = EXCLUDED.skill_category, is_active = EXCLUDED.is_active, is_deleted = EXCLUDED.is_deleted, updated_at = NOW(), updated_by = 'system';
DELETE FROM questions_answers WHERE question_id = 811150014;
INSERT INTO questions_answers (question_id, sentence, sentence_translation, is_correct, "order") VALUES (811150014, 'Trong tình huống chương 11: Bàn bạc tương lai + xin lời khuyên + Sek', 'Trong tình huống chương 11: Bàn bạc tương lai + xin lời khuyên + Sek', TRUE, 1);
INSERT INTO questions_answers (question_id, sentence, sentence_translation, is_correct, "order") VALUES (811150014, 'Khi ngủ', 'Khi ngủ', FALSE, 2);
INSERT INTO questions_answers (question_id, sentence, sentence_translation, is_correct, "order") VALUES (811150014, 'Khi ăn', 'Khi ăn', FALSE, 3);
INSERT INTO questions_answers (question_id, sentence, sentence_translation, is_correct, "order") VALUES (811150014, 'Không dùng', 'Không dùng', FALSE, 4);
INSERT INTO questions (id, user_id, is_system, is_khoa_cu, question_type, content_type, level, selection_type, question, passage, passage_translation, general_explanation, skill_category, base_difficulty, tenant_id, is_active, is_deleted, created_at, created_by) VALUES (811150015, NULL, TRUE, FALSE, 'chon_dap_an', 'jisshusei_baitap_t11_shourai_keikaku', 'N5', 'single', 'Cụm「~を目指しております」 thường dùng khi nào trong chương 11?

「~を目指しております」 dùng khi nào?', NULL, NULL, '「~を目指しております」 được dạy trong chương 11 (Bàn bạc tương lai + xin lời khuyên + Sekininsha/HACCP/SSW + 育成就労).', 'grammar', 1, 'system', TRUE, FALSE, NOW(), 'system') ON CONFLICT (id) DO UPDATE SET question_type = EXCLUDED.question_type, content_type = EXCLUDED.content_type, level = EXCLUDED.level, question = EXCLUDED.question, passage = EXCLUDED.passage, passage_translation = EXCLUDED.passage_translation, general_explanation = EXCLUDED.general_explanation, skill_category = EXCLUDED.skill_category, is_active = EXCLUDED.is_active, is_deleted = EXCLUDED.is_deleted, updated_at = NOW(), updated_by = 'system';
DELETE FROM questions_answers WHERE question_id = 811150015;
INSERT INTO questions_answers (question_id, sentence, sentence_translation, is_correct, "order") VALUES (811150015, 'Trong tình huống chương 11: Bàn bạc tương lai + xin lời khuyên + Sek', 'Trong tình huống chương 11: Bàn bạc tương lai + xin lời khuyên + Sek', TRUE, 1);
INSERT INTO questions_answers (question_id, sentence, sentence_translation, is_correct, "order") VALUES (811150015, 'Khi ngủ', 'Khi ngủ', FALSE, 2);
INSERT INTO questions_answers (question_id, sentence, sentence_translation, is_correct, "order") VALUES (811150015, 'Khi ăn', 'Khi ăn', FALSE, 3);
INSERT INTO questions_answers (question_id, sentence, sentence_translation, is_correct, "order") VALUES (811150015, 'Không dùng', 'Không dùng', FALSE, 4);
INSERT INTO questions (id, user_id, is_system, is_khoa_cu, question_type, content_type, level, selection_type, question, passage, passage_translation, general_explanation, skill_category, base_difficulty, tenant_id, is_active, is_deleted, created_at, created_by) VALUES (811150016, NULL, TRUE, FALSE, 'chon_dap_an', 'jisshusei_baitap_t11_shourai_keikaku', 'N5', 'single', 'Cụm「~たいと考えております」 thường dùng khi nào trong chương 11?

「~たいと考えております」 dùng khi nào?', NULL, NULL, '「~たいと考えております」 được dạy trong chương 11 (Bàn bạc tương lai + xin lời khuyên + Sekininsha/HACCP/SSW + 育成就労).', 'grammar', 1, 'system', TRUE, FALSE, NOW(), 'system') ON CONFLICT (id) DO UPDATE SET question_type = EXCLUDED.question_type, content_type = EXCLUDED.content_type, level = EXCLUDED.level, question = EXCLUDED.question, passage = EXCLUDED.passage, passage_translation = EXCLUDED.passage_translation, general_explanation = EXCLUDED.general_explanation, skill_category = EXCLUDED.skill_category, is_active = EXCLUDED.is_active, is_deleted = EXCLUDED.is_deleted, updated_at = NOW(), updated_by = 'system';
DELETE FROM questions_answers WHERE question_id = 811150016;
INSERT INTO questions_answers (question_id, sentence, sentence_translation, is_correct, "order") VALUES (811150016, 'Trong tình huống chương 11: Bàn bạc tương lai + xin lời khuyên + Sek', 'Trong tình huống chương 11: Bàn bạc tương lai + xin lời khuyên + Sek', TRUE, 1);
INSERT INTO questions_answers (question_id, sentence, sentence_translation, is_correct, "order") VALUES (811150016, 'Khi ngủ', 'Khi ngủ', FALSE, 2);
INSERT INTO questions_answers (question_id, sentence, sentence_translation, is_correct, "order") VALUES (811150016, 'Khi ăn', 'Khi ăn', FALSE, 3);
INSERT INTO questions_answers (question_id, sentence, sentence_translation, is_correct, "order") VALUES (811150016, 'Không dùng', 'Không dùng', FALSE, 4);
INSERT INTO questions (id, user_id, is_system, is_khoa_cu, question_type, content_type, level, selection_type, question, passage, passage_translation, general_explanation, skill_category, base_difficulty, tenant_id, is_active, is_deleted, created_at, created_by) VALUES (811150017, NULL, TRUE, FALSE, 'chon_dap_an', 'jisshusei_baitap_t11_shourai_keikaku', 'N5', 'single', 'Cụm「アドバイスをいただけますでしょうか」 thường dùng khi nào trong chương 11?

「アドバイスをいただけますでしょうか」 dùng khi nào?', NULL, NULL, '「アドバイスをいただけますでしょうか」 được dạy trong chương 11 (Bàn bạc tương lai + xin lời khuyên + Sekininsha/HACCP/SSW + 育成就労).', 'grammar', 1, 'system', TRUE, FALSE, NOW(), 'system') ON CONFLICT (id) DO UPDATE SET question_type = EXCLUDED.question_type, content_type = EXCLUDED.content_type, level = EXCLUDED.level, question = EXCLUDED.question, passage = EXCLUDED.passage, passage_translation = EXCLUDED.passage_translation, general_explanation = EXCLUDED.general_explanation, skill_category = EXCLUDED.skill_category, is_active = EXCLUDED.is_active, is_deleted = EXCLUDED.is_deleted, updated_at = NOW(), updated_by = 'system';
DELETE FROM questions_answers WHERE question_id = 811150017;
INSERT INTO questions_answers (question_id, sentence, sentence_translation, is_correct, "order") VALUES (811150017, 'Trong tình huống chương 11: Bàn bạc tương lai + xin lời khuyên + Sek', 'Trong tình huống chương 11: Bàn bạc tương lai + xin lời khuyên + Sek', TRUE, 1);
INSERT INTO questions_answers (question_id, sentence, sentence_translation, is_correct, "order") VALUES (811150017, 'Khi ngủ', 'Khi ngủ', FALSE, 2);
INSERT INTO questions_answers (question_id, sentence, sentence_translation, is_correct, "order") VALUES (811150017, 'Khi ăn', 'Khi ăn', FALSE, 3);
INSERT INTO questions_answers (question_id, sentence, sentence_translation, is_correct, "order") VALUES (811150017, 'Không dùng', 'Không dùng', FALSE, 4);
INSERT INTO questions (id, user_id, is_system, is_khoa_cu, question_type, content_type, level, selection_type, question, passage, passage_translation, general_explanation, skill_category, base_difficulty, tenant_id, is_active, is_deleted, created_at, created_by) VALUES (811150018, NULL, TRUE, FALSE, 'chon_dap_an', 'jisshusei_baitap_t11_shourai_keikaku', 'N5', 'single', 'Cụm「ご教示ください」 thường dùng khi nào trong chương 11?

「ご教示ください」 dùng khi nào?', NULL, NULL, '「ご教示ください」 được dạy trong chương 11 (Bàn bạc tương lai + xin lời khuyên + Sekininsha/HACCP/SSW + 育成就労).', 'grammar', 1, 'system', TRUE, FALSE, NOW(), 'system') ON CONFLICT (id) DO UPDATE SET question_type = EXCLUDED.question_type, content_type = EXCLUDED.content_type, level = EXCLUDED.level, question = EXCLUDED.question, passage = EXCLUDED.passage, passage_translation = EXCLUDED.passage_translation, general_explanation = EXCLUDED.general_explanation, skill_category = EXCLUDED.skill_category, is_active = EXCLUDED.is_active, is_deleted = EXCLUDED.is_deleted, updated_at = NOW(), updated_by = 'system';
DELETE FROM questions_answers WHERE question_id = 811150018;
INSERT INTO questions_answers (question_id, sentence, sentence_translation, is_correct, "order") VALUES (811150018, 'Trong tình huống chương 11: Bàn bạc tương lai + xin lời khuyên + Sek', 'Trong tình huống chương 11: Bàn bạc tương lai + xin lời khuyên + Sek', TRUE, 1);
INSERT INTO questions_answers (question_id, sentence, sentence_translation, is_correct, "order") VALUES (811150018, 'Khi ngủ', 'Khi ngủ', FALSE, 2);
INSERT INTO questions_answers (question_id, sentence, sentence_translation, is_correct, "order") VALUES (811150018, 'Khi ăn', 'Khi ăn', FALSE, 3);
INSERT INTO questions_answers (question_id, sentence, sentence_translation, is_correct, "order") VALUES (811150018, 'Không dùng', 'Không dùng', FALSE, 4);
INSERT INTO questions (id, user_id, is_system, is_khoa_cu, question_type, content_type, level, selection_type, question, passage, passage_translation, general_explanation, skill_category, base_difficulty, tenant_id, is_active, is_deleted, created_at, created_by) VALUES (811150019, NULL, TRUE, FALSE, 'chon_dap_an', 'jisshusei_baitap_t11_shourai_keikaku', 'N5', 'single', 'Cụm「~を目指しております」 thường dùng khi nào trong chương 11?

「~を目指しております」 dùng khi nào?', NULL, NULL, '「~を目指しております」 được dạy trong chương 11 (Bàn bạc tương lai + xin lời khuyên + Sekininsha/HACCP/SSW + 育成就労).', 'grammar', 1, 'system', TRUE, FALSE, NOW(), 'system') ON CONFLICT (id) DO UPDATE SET question_type = EXCLUDED.question_type, content_type = EXCLUDED.content_type, level = EXCLUDED.level, question = EXCLUDED.question, passage = EXCLUDED.passage, passage_translation = EXCLUDED.passage_translation, general_explanation = EXCLUDED.general_explanation, skill_category = EXCLUDED.skill_category, is_active = EXCLUDED.is_active, is_deleted = EXCLUDED.is_deleted, updated_at = NOW(), updated_by = 'system';
DELETE FROM questions_answers WHERE question_id = 811150019;
INSERT INTO questions_answers (question_id, sentence, sentence_translation, is_correct, "order") VALUES (811150019, 'Trong tình huống chương 11: Bàn bạc tương lai + xin lời khuyên + Sek', 'Trong tình huống chương 11: Bàn bạc tương lai + xin lời khuyên + Sek', TRUE, 1);
INSERT INTO questions_answers (question_id, sentence, sentence_translation, is_correct, "order") VALUES (811150019, 'Khi ngủ', 'Khi ngủ', FALSE, 2);
INSERT INTO questions_answers (question_id, sentence, sentence_translation, is_correct, "order") VALUES (811150019, 'Khi ăn', 'Khi ăn', FALSE, 3);
INSERT INTO questions_answers (question_id, sentence, sentence_translation, is_correct, "order") VALUES (811150019, 'Không dùng', 'Không dùng', FALSE, 4);
INSERT INTO questions (id, user_id, is_system, is_khoa_cu, question_type, content_type, level, selection_type, question, passage, passage_translation, general_explanation, skill_category, base_difficulty, tenant_id, is_active, is_deleted, created_at, created_by) VALUES (811150020, NULL, TRUE, FALSE, 'chon_dap_an', 'jisshusei_baitap_t11_shourai_keikaku', 'N5', 'single', 'Cụm「~たいと考えております」 thường dùng khi nào trong chương 11?

「~たいと考えております」 dùng khi nào?', NULL, NULL, '「~たいと考えております」 được dạy trong chương 11 (Bàn bạc tương lai + xin lời khuyên + Sekininsha/HACCP/SSW + 育成就労).', 'grammar', 1, 'system', TRUE, FALSE, NOW(), 'system') ON CONFLICT (id) DO UPDATE SET question_type = EXCLUDED.question_type, content_type = EXCLUDED.content_type, level = EXCLUDED.level, question = EXCLUDED.question, passage = EXCLUDED.passage, passage_translation = EXCLUDED.passage_translation, general_explanation = EXCLUDED.general_explanation, skill_category = EXCLUDED.skill_category, is_active = EXCLUDED.is_active, is_deleted = EXCLUDED.is_deleted, updated_at = NOW(), updated_by = 'system';
DELETE FROM questions_answers WHERE question_id = 811150020;
INSERT INTO questions_answers (question_id, sentence, sentence_translation, is_correct, "order") VALUES (811150020, 'Trong tình huống chương 11: Bàn bạc tương lai + xin lời khuyên + Sek', 'Trong tình huống chương 11: Bàn bạc tương lai + xin lời khuyên + Sek', TRUE, 1);
INSERT INTO questions_answers (question_id, sentence, sentence_translation, is_correct, "order") VALUES (811150020, 'Khi ngủ', 'Khi ngủ', FALSE, 2);
INSERT INTO questions_answers (question_id, sentence, sentence_translation, is_correct, "order") VALUES (811150020, 'Khi ăn', 'Khi ăn', FALSE, 3);
INSERT INTO questions_answers (question_id, sentence, sentence_translation, is_correct, "order") VALUES (811150020, 'Không dùng', 'Không dùng', FALSE, 4);
INSERT INTO questions (id, user_id, is_system, is_khoa_cu, question_type, content_type, level, selection_type, question, passage, passage_translation, general_explanation, skill_category, base_difficulty, tenant_id, is_active, is_deleted, created_at, created_by) VALUES (811150021, NULL, TRUE, FALSE, 'chon_dap_an', 'jisshusei_baitap_t11_shourai_keikaku', 'N4', 'single', 'Tình huống 1 trong chương 11: phản ứng đúng là?

Phản ứng đúng cho tình huống 1:', NULL, NULL, 'Áp dụng nguyên tắc của chương: Bàn bạc tương lai + xin lời khuyên + Sekininsha/HACCP/SSW + 育成就労.', 'grammar', 1, 'system', TRUE, FALSE, NOW(), 'system') ON CONFLICT (id) DO UPDATE SET question_type = EXCLUDED.question_type, content_type = EXCLUDED.content_type, level = EXCLUDED.level, question = EXCLUDED.question, passage = EXCLUDED.passage, passage_translation = EXCLUDED.passage_translation, general_explanation = EXCLUDED.general_explanation, skill_category = EXCLUDED.skill_category, is_active = EXCLUDED.is_active, is_deleted = EXCLUDED.is_deleted, updated_at = NOW(), updated_by = 'system';
DELETE FROM questions_answers WHERE question_id = 811150021;
INSERT INTO questions_answers (question_id, sentence, sentence_translation, is_correct, "order") VALUES (811150021, 'Theo nguyên tắc đã học trong chương', 'Theo nguyên tắc đã học trong chương', TRUE, 1);
INSERT INTO questions_answers (question_id, sentence, sentence_translation, is_correct, "order") VALUES (811150021, 'Tự ý làm theo ý mình', 'Tự ý làm theo ý mình', FALSE, 2);
INSERT INTO questions_answers (question_id, sentence, sentence_translation, is_correct, "order") VALUES (811150021, 'Im lặng không làm gì', 'Im lặng không làm gì', FALSE, 3);
INSERT INTO questions_answers (question_id, sentence, sentence_translation, is_correct, "order") VALUES (811150021, 'Nhờ người khác làm hộ', 'Nhờ người khác làm hộ', FALSE, 4);
INSERT INTO questions (id, user_id, is_system, is_khoa_cu, question_type, content_type, level, selection_type, question, passage, passage_translation, general_explanation, skill_category, base_difficulty, tenant_id, is_active, is_deleted, created_at, created_by) VALUES (811150022, NULL, TRUE, FALSE, 'chon_dap_an', 'jisshusei_baitap_t11_shourai_keikaku', 'N4', 'single', 'Tình huống 2 trong chương 11: phản ứng đúng là?

Phản ứng đúng cho tình huống 2:', NULL, NULL, 'Áp dụng nguyên tắc của chương: Bàn bạc tương lai + xin lời khuyên + Sekininsha/HACCP/SSW + 育成就労.', 'grammar', 1, 'system', TRUE, FALSE, NOW(), 'system') ON CONFLICT (id) DO UPDATE SET question_type = EXCLUDED.question_type, content_type = EXCLUDED.content_type, level = EXCLUDED.level, question = EXCLUDED.question, passage = EXCLUDED.passage, passage_translation = EXCLUDED.passage_translation, general_explanation = EXCLUDED.general_explanation, skill_category = EXCLUDED.skill_category, is_active = EXCLUDED.is_active, is_deleted = EXCLUDED.is_deleted, updated_at = NOW(), updated_by = 'system';
DELETE FROM questions_answers WHERE question_id = 811150022;
INSERT INTO questions_answers (question_id, sentence, sentence_translation, is_correct, "order") VALUES (811150022, 'Theo nguyên tắc đã học trong chương', 'Theo nguyên tắc đã học trong chương', TRUE, 1);
INSERT INTO questions_answers (question_id, sentence, sentence_translation, is_correct, "order") VALUES (811150022, 'Tự ý làm theo ý mình', 'Tự ý làm theo ý mình', FALSE, 2);
INSERT INTO questions_answers (question_id, sentence, sentence_translation, is_correct, "order") VALUES (811150022, 'Im lặng không làm gì', 'Im lặng không làm gì', FALSE, 3);
INSERT INTO questions_answers (question_id, sentence, sentence_translation, is_correct, "order") VALUES (811150022, 'Nhờ người khác làm hộ', 'Nhờ người khác làm hộ', FALSE, 4);
INSERT INTO questions (id, user_id, is_system, is_khoa_cu, question_type, content_type, level, selection_type, question, passage, passage_translation, general_explanation, skill_category, base_difficulty, tenant_id, is_active, is_deleted, created_at, created_by) VALUES (811150023, NULL, TRUE, FALSE, 'chon_dap_an', 'jisshusei_baitap_t11_shourai_keikaku', 'N4', 'single', 'Tình huống 3 trong chương 11: phản ứng đúng là?

Phản ứng đúng cho tình huống 3:', NULL, NULL, 'Áp dụng nguyên tắc của chương: Bàn bạc tương lai + xin lời khuyên + Sekininsha/HACCP/SSW + 育成就労.', 'grammar', 1, 'system', TRUE, FALSE, NOW(), 'system') ON CONFLICT (id) DO UPDATE SET question_type = EXCLUDED.question_type, content_type = EXCLUDED.content_type, level = EXCLUDED.level, question = EXCLUDED.question, passage = EXCLUDED.passage, passage_translation = EXCLUDED.passage_translation, general_explanation = EXCLUDED.general_explanation, skill_category = EXCLUDED.skill_category, is_active = EXCLUDED.is_active, is_deleted = EXCLUDED.is_deleted, updated_at = NOW(), updated_by = 'system';
DELETE FROM questions_answers WHERE question_id = 811150023;
INSERT INTO questions_answers (question_id, sentence, sentence_translation, is_correct, "order") VALUES (811150023, 'Theo nguyên tắc đã học trong chương', 'Theo nguyên tắc đã học trong chương', TRUE, 1);
INSERT INTO questions_answers (question_id, sentence, sentence_translation, is_correct, "order") VALUES (811150023, 'Tự ý làm theo ý mình', 'Tự ý làm theo ý mình', FALSE, 2);
INSERT INTO questions_answers (question_id, sentence, sentence_translation, is_correct, "order") VALUES (811150023, 'Im lặng không làm gì', 'Im lặng không làm gì', FALSE, 3);
INSERT INTO questions_answers (question_id, sentence, sentence_translation, is_correct, "order") VALUES (811150023, 'Nhờ người khác làm hộ', 'Nhờ người khác làm hộ', FALSE, 4);
INSERT INTO questions (id, user_id, is_system, is_khoa_cu, question_type, content_type, level, selection_type, question, passage, passage_translation, general_explanation, skill_category, base_difficulty, tenant_id, is_active, is_deleted, created_at, created_by) VALUES (811150024, NULL, TRUE, FALSE, 'chon_dap_an', 'jisshusei_baitap_t11_shourai_keikaku', 'N4', 'single', 'Tình huống 4 trong chương 11: phản ứng đúng là?

Phản ứng đúng cho tình huống 4:', NULL, NULL, 'Áp dụng nguyên tắc của chương: Bàn bạc tương lai + xin lời khuyên + Sekininsha/HACCP/SSW + 育成就労.', 'grammar', 1, 'system', TRUE, FALSE, NOW(), 'system') ON CONFLICT (id) DO UPDATE SET question_type = EXCLUDED.question_type, content_type = EXCLUDED.content_type, level = EXCLUDED.level, question = EXCLUDED.question, passage = EXCLUDED.passage, passage_translation = EXCLUDED.passage_translation, general_explanation = EXCLUDED.general_explanation, skill_category = EXCLUDED.skill_category, is_active = EXCLUDED.is_active, is_deleted = EXCLUDED.is_deleted, updated_at = NOW(), updated_by = 'system';
DELETE FROM questions_answers WHERE question_id = 811150024;
INSERT INTO questions_answers (question_id, sentence, sentence_translation, is_correct, "order") VALUES (811150024, 'Theo nguyên tắc đã học trong chương', 'Theo nguyên tắc đã học trong chương', TRUE, 1);
INSERT INTO questions_answers (question_id, sentence, sentence_translation, is_correct, "order") VALUES (811150024, 'Tự ý làm theo ý mình', 'Tự ý làm theo ý mình', FALSE, 2);
INSERT INTO questions_answers (question_id, sentence, sentence_translation, is_correct, "order") VALUES (811150024, 'Im lặng không làm gì', 'Im lặng không làm gì', FALSE, 3);
INSERT INTO questions_answers (question_id, sentence, sentence_translation, is_correct, "order") VALUES (811150024, 'Nhờ người khác làm hộ', 'Nhờ người khác làm hộ', FALSE, 4);
INSERT INTO questions (id, user_id, is_system, is_khoa_cu, question_type, content_type, level, selection_type, question, passage, passage_translation, general_explanation, skill_category, base_difficulty, tenant_id, is_active, is_deleted, created_at, created_by) VALUES (811150025, NULL, TRUE, FALSE, 'chon_dap_an', 'jisshusei_baitap_t11_shourai_keikaku', 'N4', 'single', 'Tình huống 5 trong chương 11: phản ứng đúng là?

Phản ứng đúng cho tình huống 5:', NULL, NULL, 'Áp dụng nguyên tắc của chương: Bàn bạc tương lai + xin lời khuyên + Sekininsha/HACCP/SSW + 育成就労.', 'grammar', 1, 'system', TRUE, FALSE, NOW(), 'system') ON CONFLICT (id) DO UPDATE SET question_type = EXCLUDED.question_type, content_type = EXCLUDED.content_type, level = EXCLUDED.level, question = EXCLUDED.question, passage = EXCLUDED.passage, passage_translation = EXCLUDED.passage_translation, general_explanation = EXCLUDED.general_explanation, skill_category = EXCLUDED.skill_category, is_active = EXCLUDED.is_active, is_deleted = EXCLUDED.is_deleted, updated_at = NOW(), updated_by = 'system';
DELETE FROM questions_answers WHERE question_id = 811150025;
INSERT INTO questions_answers (question_id, sentence, sentence_translation, is_correct, "order") VALUES (811150025, 'Theo nguyên tắc đã học trong chương', 'Theo nguyên tắc đã học trong chương', TRUE, 1);
INSERT INTO questions_answers (question_id, sentence, sentence_translation, is_correct, "order") VALUES (811150025, 'Tự ý làm theo ý mình', 'Tự ý làm theo ý mình', FALSE, 2);
INSERT INTO questions_answers (question_id, sentence, sentence_translation, is_correct, "order") VALUES (811150025, 'Im lặng không làm gì', 'Im lặng không làm gì', FALSE, 3);
INSERT INTO questions_answers (question_id, sentence, sentence_translation, is_correct, "order") VALUES (811150025, 'Nhờ người khác làm hộ', 'Nhờ người khác làm hộ', FALSE, 4);
INSERT INTO questions (id, user_id, is_system, is_khoa_cu, question_type, content_type, level, selection_type, question, passage, passage_translation, general_explanation, skill_category, base_difficulty, tenant_id, is_active, is_deleted, created_at, created_by) VALUES (811150026, NULL, TRUE, FALSE, 'chon_dap_an', 'jisshusei_baitap_t11_shourai_keikaku', 'N4', 'single', 'Tình huống 6 trong chương 11: phản ứng đúng là?

Phản ứng đúng cho tình huống 6:', NULL, NULL, 'Áp dụng nguyên tắc của chương: Bàn bạc tương lai + xin lời khuyên + Sekininsha/HACCP/SSW + 育成就労.', 'grammar', 1, 'system', TRUE, FALSE, NOW(), 'system') ON CONFLICT (id) DO UPDATE SET question_type = EXCLUDED.question_type, content_type = EXCLUDED.content_type, level = EXCLUDED.level, question = EXCLUDED.question, passage = EXCLUDED.passage, passage_translation = EXCLUDED.passage_translation, general_explanation = EXCLUDED.general_explanation, skill_category = EXCLUDED.skill_category, is_active = EXCLUDED.is_active, is_deleted = EXCLUDED.is_deleted, updated_at = NOW(), updated_by = 'system';
DELETE FROM questions_answers WHERE question_id = 811150026;
INSERT INTO questions_answers (question_id, sentence, sentence_translation, is_correct, "order") VALUES (811150026, 'Theo nguyên tắc đã học trong chương', 'Theo nguyên tắc đã học trong chương', TRUE, 1);
INSERT INTO questions_answers (question_id, sentence, sentence_translation, is_correct, "order") VALUES (811150026, 'Tự ý làm theo ý mình', 'Tự ý làm theo ý mình', FALSE, 2);
INSERT INTO questions_answers (question_id, sentence, sentence_translation, is_correct, "order") VALUES (811150026, 'Im lặng không làm gì', 'Im lặng không làm gì', FALSE, 3);
INSERT INTO questions_answers (question_id, sentence, sentence_translation, is_correct, "order") VALUES (811150026, 'Nhờ người khác làm hộ', 'Nhờ người khác làm hộ', FALSE, 4);
INSERT INTO questions (id, user_id, is_system, is_khoa_cu, question_type, content_type, level, selection_type, question, passage, passage_translation, general_explanation, skill_category, base_difficulty, tenant_id, is_active, is_deleted, created_at, created_by) VALUES (811150027, NULL, TRUE, FALSE, 'chon_dap_an', 'jisshusei_baitap_t11_shourai_keikaku', 'N4', 'single', 'Tình huống 7 trong chương 11: phản ứng đúng là?

Phản ứng đúng cho tình huống 7:', NULL, NULL, 'Áp dụng nguyên tắc của chương: Bàn bạc tương lai + xin lời khuyên + Sekininsha/HACCP/SSW + 育成就労.', 'grammar', 1, 'system', TRUE, FALSE, NOW(), 'system') ON CONFLICT (id) DO UPDATE SET question_type = EXCLUDED.question_type, content_type = EXCLUDED.content_type, level = EXCLUDED.level, question = EXCLUDED.question, passage = EXCLUDED.passage, passage_translation = EXCLUDED.passage_translation, general_explanation = EXCLUDED.general_explanation, skill_category = EXCLUDED.skill_category, is_active = EXCLUDED.is_active, is_deleted = EXCLUDED.is_deleted, updated_at = NOW(), updated_by = 'system';
DELETE FROM questions_answers WHERE question_id = 811150027;
INSERT INTO questions_answers (question_id, sentence, sentence_translation, is_correct, "order") VALUES (811150027, 'Theo nguyên tắc đã học trong chương', 'Theo nguyên tắc đã học trong chương', TRUE, 1);
INSERT INTO questions_answers (question_id, sentence, sentence_translation, is_correct, "order") VALUES (811150027, 'Tự ý làm theo ý mình', 'Tự ý làm theo ý mình', FALSE, 2);
INSERT INTO questions_answers (question_id, sentence, sentence_translation, is_correct, "order") VALUES (811150027, 'Im lặng không làm gì', 'Im lặng không làm gì', FALSE, 3);
INSERT INTO questions_answers (question_id, sentence, sentence_translation, is_correct, "order") VALUES (811150027, 'Nhờ người khác làm hộ', 'Nhờ người khác làm hộ', FALSE, 4);
INSERT INTO questions (id, user_id, is_system, is_khoa_cu, question_type, content_type, level, selection_type, question, passage, passage_translation, general_explanation, skill_category, base_difficulty, tenant_id, is_active, is_deleted, created_at, created_by) VALUES (811150028, NULL, TRUE, FALSE, 'chon_dap_an', 'jisshusei_baitap_t11_shourai_keikaku', 'N4', 'single', 'Tình huống 8 trong chương 11: phản ứng đúng là?

Phản ứng đúng cho tình huống 8:', NULL, NULL, 'Áp dụng nguyên tắc của chương: Bàn bạc tương lai + xin lời khuyên + Sekininsha/HACCP/SSW + 育成就労.', 'grammar', 1, 'system', TRUE, FALSE, NOW(), 'system') ON CONFLICT (id) DO UPDATE SET question_type = EXCLUDED.question_type, content_type = EXCLUDED.content_type, level = EXCLUDED.level, question = EXCLUDED.question, passage = EXCLUDED.passage, passage_translation = EXCLUDED.passage_translation, general_explanation = EXCLUDED.general_explanation, skill_category = EXCLUDED.skill_category, is_active = EXCLUDED.is_active, is_deleted = EXCLUDED.is_deleted, updated_at = NOW(), updated_by = 'system';
DELETE FROM questions_answers WHERE question_id = 811150028;
INSERT INTO questions_answers (question_id, sentence, sentence_translation, is_correct, "order") VALUES (811150028, 'Theo nguyên tắc đã học trong chương', 'Theo nguyên tắc đã học trong chương', TRUE, 1);
INSERT INTO questions_answers (question_id, sentence, sentence_translation, is_correct, "order") VALUES (811150028, 'Tự ý làm theo ý mình', 'Tự ý làm theo ý mình', FALSE, 2);
INSERT INTO questions_answers (question_id, sentence, sentence_translation, is_correct, "order") VALUES (811150028, 'Im lặng không làm gì', 'Im lặng không làm gì', FALSE, 3);
INSERT INTO questions_answers (question_id, sentence, sentence_translation, is_correct, "order") VALUES (811150028, 'Nhờ người khác làm hộ', 'Nhờ người khác làm hộ', FALSE, 4);
INSERT INTO questions (id, user_id, is_system, is_khoa_cu, question_type, content_type, level, selection_type, question, passage, passage_translation, general_explanation, skill_category, base_difficulty, tenant_id, is_active, is_deleted, created_at, created_by) VALUES (811150029, NULL, TRUE, FALSE, 'chon_dap_an', 'jisshusei_baitap_t11_shourai_keikaku', 'N4', 'single', 'Tình huống 9 trong chương 11: phản ứng đúng là?

Phản ứng đúng cho tình huống 9:', NULL, NULL, 'Áp dụng nguyên tắc của chương: Bàn bạc tương lai + xin lời khuyên + Sekininsha/HACCP/SSW + 育成就労.', 'grammar', 1, 'system', TRUE, FALSE, NOW(), 'system') ON CONFLICT (id) DO UPDATE SET question_type = EXCLUDED.question_type, content_type = EXCLUDED.content_type, level = EXCLUDED.level, question = EXCLUDED.question, passage = EXCLUDED.passage, passage_translation = EXCLUDED.passage_translation, general_explanation = EXCLUDED.general_explanation, skill_category = EXCLUDED.skill_category, is_active = EXCLUDED.is_active, is_deleted = EXCLUDED.is_deleted, updated_at = NOW(), updated_by = 'system';
DELETE FROM questions_answers WHERE question_id = 811150029;
INSERT INTO questions_answers (question_id, sentence, sentence_translation, is_correct, "order") VALUES (811150029, 'Theo nguyên tắc đã học trong chương', 'Theo nguyên tắc đã học trong chương', TRUE, 1);
INSERT INTO questions_answers (question_id, sentence, sentence_translation, is_correct, "order") VALUES (811150029, 'Tự ý làm theo ý mình', 'Tự ý làm theo ý mình', FALSE, 2);
INSERT INTO questions_answers (question_id, sentence, sentence_translation, is_correct, "order") VALUES (811150029, 'Im lặng không làm gì', 'Im lặng không làm gì', FALSE, 3);
INSERT INTO questions_answers (question_id, sentence, sentence_translation, is_correct, "order") VALUES (811150029, 'Nhờ người khác làm hộ', 'Nhờ người khác làm hộ', FALSE, 4);
INSERT INTO questions (id, user_id, is_system, is_khoa_cu, question_type, content_type, level, selection_type, question, passage, passage_translation, general_explanation, skill_category, base_difficulty, tenant_id, is_active, is_deleted, created_at, created_by) VALUES (811150030, NULL, TRUE, FALSE, 'chon_dap_an', 'jisshusei_baitap_t11_shourai_keikaku', 'N4', 'single', 'Tình huống 10 trong chương 11: phản ứng đúng là?

Phản ứng đúng cho tình huống 10:', NULL, NULL, 'Áp dụng nguyên tắc của chương: Bàn bạc tương lai + xin lời khuyên + Sekininsha/HACCP/SSW + 育成就労.', 'grammar', 1, 'system', TRUE, FALSE, NOW(), 'system') ON CONFLICT (id) DO UPDATE SET question_type = EXCLUDED.question_type, content_type = EXCLUDED.content_type, level = EXCLUDED.level, question = EXCLUDED.question, passage = EXCLUDED.passage, passage_translation = EXCLUDED.passage_translation, general_explanation = EXCLUDED.general_explanation, skill_category = EXCLUDED.skill_category, is_active = EXCLUDED.is_active, is_deleted = EXCLUDED.is_deleted, updated_at = NOW(), updated_by = 'system';
DELETE FROM questions_answers WHERE question_id = 811150030;
INSERT INTO questions_answers (question_id, sentence, sentence_translation, is_correct, "order") VALUES (811150030, 'Theo nguyên tắc đã học trong chương', 'Theo nguyên tắc đã học trong chương', TRUE, 1);
INSERT INTO questions_answers (question_id, sentence, sentence_translation, is_correct, "order") VALUES (811150030, 'Tự ý làm theo ý mình', 'Tự ý làm theo ý mình', FALSE, 2);
INSERT INTO questions_answers (question_id, sentence, sentence_translation, is_correct, "order") VALUES (811150030, 'Im lặng không làm gì', 'Im lặng không làm gì', FALSE, 3);
INSERT INTO questions_answers (question_id, sentence, sentence_translation, is_correct, "order") VALUES (811150030, 'Nhờ người khác làm hộ', 'Nhờ người khác làm hộ', FALSE, 4);
INSERT INTO questions (id, user_id, is_system, is_khoa_cu, question_type, content_type, level, selection_type, question, passage, passage_translation, general_explanation, skill_category, base_difficulty, tenant_id, is_active, is_deleted, created_at, created_by) VALUES (811150031, NULL, TRUE, FALSE, 'chon_dap_an', 'jisshusei_baitap_t11_shourai_keikaku', 'N4', 'single', 'Văn hoá Nhật trong chương 11, nuance #1:

Văn hoá Nhật chương 11, sắc thái #1:', NULL, NULL, 'Chi tiết xem trong LyThuyet chương 11.', 'grammar', 1, 'system', TRUE, FALSE, NOW(), 'system') ON CONFLICT (id) DO UPDATE SET question_type = EXCLUDED.question_type, content_type = EXCLUDED.content_type, level = EXCLUDED.level, question = EXCLUDED.question, passage = EXCLUDED.passage, passage_translation = EXCLUDED.passage_translation, general_explanation = EXCLUDED.general_explanation, skill_category = EXCLUDED.skill_category, is_active = EXCLUDED.is_active, is_deleted = EXCLUDED.is_deleted, updated_at = NOW(), updated_by = 'system';
DELETE FROM questions_answers WHERE question_id = 811150031;
INSERT INTO questions_answers (question_id, sentence, sentence_translation, is_correct, "order") VALUES (811150031, 'Cách tiếp cận tinh tế phù hợp văn hoá Nhật (đã giải thích trong LyThuyet)', 'Cách tiếp cận tinh tế phù hợp văn hoá Nhật (đã giải thích trong LyThuyet)', TRUE, 1);
INSERT INTO questions_answers (question_id, sentence, sentence_translation, is_correct, "order") VALUES (811150031, 'Cách tiếp cận thẳng thắn theo style phương Tây', 'Cách tiếp cận thẳng thắn theo style phương Tây', FALSE, 2);
INSERT INTO questions_answers (question_id, sentence, sentence_translation, is_correct, "order") VALUES (811150031, 'Im lặng là tốt nhất', 'Im lặng là tốt nhất', FALSE, 3);
INSERT INTO questions_answers (question_id, sentence, sentence_translation, is_correct, "order") VALUES (811150031, 'Không có sự khác biệt văn hoá', 'Không có sự khác biệt văn hoá', FALSE, 4);
INSERT INTO questions (id, user_id, is_system, is_khoa_cu, question_type, content_type, level, selection_type, question, passage, passage_translation, general_explanation, skill_category, base_difficulty, tenant_id, is_active, is_deleted, created_at, created_by) VALUES (811150032, NULL, TRUE, FALSE, 'chon_dap_an', 'jisshusei_baitap_t11_shourai_keikaku', 'N4', 'single', 'Văn hoá Nhật trong chương 11, nuance #2:

Văn hoá Nhật chương 11, sắc thái #2:', NULL, NULL, 'Chi tiết xem trong LyThuyet chương 11.', 'grammar', 1, 'system', TRUE, FALSE, NOW(), 'system') ON CONFLICT (id) DO UPDATE SET question_type = EXCLUDED.question_type, content_type = EXCLUDED.content_type, level = EXCLUDED.level, question = EXCLUDED.question, passage = EXCLUDED.passage, passage_translation = EXCLUDED.passage_translation, general_explanation = EXCLUDED.general_explanation, skill_category = EXCLUDED.skill_category, is_active = EXCLUDED.is_active, is_deleted = EXCLUDED.is_deleted, updated_at = NOW(), updated_by = 'system';
DELETE FROM questions_answers WHERE question_id = 811150032;
INSERT INTO questions_answers (question_id, sentence, sentence_translation, is_correct, "order") VALUES (811150032, 'Cách tiếp cận tinh tế phù hợp văn hoá Nhật (đã giải thích trong LyThuyet)', 'Cách tiếp cận tinh tế phù hợp văn hoá Nhật (đã giải thích trong LyThuyet)', TRUE, 1);
INSERT INTO questions_answers (question_id, sentence, sentence_translation, is_correct, "order") VALUES (811150032, 'Cách tiếp cận thẳng thắn theo style phương Tây', 'Cách tiếp cận thẳng thắn theo style phương Tây', FALSE, 2);
INSERT INTO questions_answers (question_id, sentence, sentence_translation, is_correct, "order") VALUES (811150032, 'Im lặng là tốt nhất', 'Im lặng là tốt nhất', FALSE, 3);
INSERT INTO questions_answers (question_id, sentence, sentence_translation, is_correct, "order") VALUES (811150032, 'Không có sự khác biệt văn hoá', 'Không có sự khác biệt văn hoá', FALSE, 4);
INSERT INTO questions (id, user_id, is_system, is_khoa_cu, question_type, content_type, level, selection_type, question, passage, passage_translation, general_explanation, skill_category, base_difficulty, tenant_id, is_active, is_deleted, created_at, created_by) VALUES (811150033, NULL, TRUE, FALSE, 'chon_dap_an', 'jisshusei_baitap_t11_shourai_keikaku', 'N4', 'single', 'Văn hoá Nhật trong chương 11, nuance #3:

Văn hoá Nhật chương 11, sắc thái #3:', NULL, NULL, 'Chi tiết xem trong LyThuyet chương 11.', 'grammar', 1, 'system', TRUE, FALSE, NOW(), 'system') ON CONFLICT (id) DO UPDATE SET question_type = EXCLUDED.question_type, content_type = EXCLUDED.content_type, level = EXCLUDED.level, question = EXCLUDED.question, passage = EXCLUDED.passage, passage_translation = EXCLUDED.passage_translation, general_explanation = EXCLUDED.general_explanation, skill_category = EXCLUDED.skill_category, is_active = EXCLUDED.is_active, is_deleted = EXCLUDED.is_deleted, updated_at = NOW(), updated_by = 'system';
DELETE FROM questions_answers WHERE question_id = 811150033;
INSERT INTO questions_answers (question_id, sentence, sentence_translation, is_correct, "order") VALUES (811150033, 'Cách tiếp cận tinh tế phù hợp văn hoá Nhật (đã giải thích trong LyThuyet)', 'Cách tiếp cận tinh tế phù hợp văn hoá Nhật (đã giải thích trong LyThuyet)', TRUE, 1);
INSERT INTO questions_answers (question_id, sentence, sentence_translation, is_correct, "order") VALUES (811150033, 'Cách tiếp cận thẳng thắn theo style phương Tây', 'Cách tiếp cận thẳng thắn theo style phương Tây', FALSE, 2);
INSERT INTO questions_answers (question_id, sentence, sentence_translation, is_correct, "order") VALUES (811150033, 'Im lặng là tốt nhất', 'Im lặng là tốt nhất', FALSE, 3);
INSERT INTO questions_answers (question_id, sentence, sentence_translation, is_correct, "order") VALUES (811150033, 'Không có sự khác biệt văn hoá', 'Không có sự khác biệt văn hoá', FALSE, 4);
INSERT INTO questions (id, user_id, is_system, is_khoa_cu, question_type, content_type, level, selection_type, question, passage, passage_translation, general_explanation, skill_category, base_difficulty, tenant_id, is_active, is_deleted, created_at, created_by) VALUES (811150034, NULL, TRUE, FALSE, 'chon_dap_an', 'jisshusei_baitap_t11_shourai_keikaku', 'N4', 'single', 'Văn hoá Nhật trong chương 11, nuance #4:

Văn hoá Nhật chương 11, sắc thái #4:', NULL, NULL, 'Chi tiết xem trong LyThuyet chương 11.', 'grammar', 1, 'system', TRUE, FALSE, NOW(), 'system') ON CONFLICT (id) DO UPDATE SET question_type = EXCLUDED.question_type, content_type = EXCLUDED.content_type, level = EXCLUDED.level, question = EXCLUDED.question, passage = EXCLUDED.passage, passage_translation = EXCLUDED.passage_translation, general_explanation = EXCLUDED.general_explanation, skill_category = EXCLUDED.skill_category, is_active = EXCLUDED.is_active, is_deleted = EXCLUDED.is_deleted, updated_at = NOW(), updated_by = 'system';
DELETE FROM questions_answers WHERE question_id = 811150034;
INSERT INTO questions_answers (question_id, sentence, sentence_translation, is_correct, "order") VALUES (811150034, 'Cách tiếp cận tinh tế phù hợp văn hoá Nhật (đã giải thích trong LyThuyet)', 'Cách tiếp cận tinh tế phù hợp văn hoá Nhật (đã giải thích trong LyThuyet)', TRUE, 1);
INSERT INTO questions_answers (question_id, sentence, sentence_translation, is_correct, "order") VALUES (811150034, 'Cách tiếp cận thẳng thắn theo style phương Tây', 'Cách tiếp cận thẳng thắn theo style phương Tây', FALSE, 2);
INSERT INTO questions_answers (question_id, sentence, sentence_translation, is_correct, "order") VALUES (811150034, 'Im lặng là tốt nhất', 'Im lặng là tốt nhất', FALSE, 3);
INSERT INTO questions_answers (question_id, sentence, sentence_translation, is_correct, "order") VALUES (811150034, 'Không có sự khác biệt văn hoá', 'Không có sự khác biệt văn hoá', FALSE, 4);
INSERT INTO questions (id, user_id, is_system, is_khoa_cu, question_type, content_type, level, selection_type, question, passage, passage_translation, general_explanation, skill_category, base_difficulty, tenant_id, is_active, is_deleted, created_at, created_by) VALUES (811150035, NULL, TRUE, FALSE, 'chon_dap_an', 'jisshusei_baitap_t11_shourai_keikaku', 'N4', 'single', 'Văn hoá Nhật trong chương 11, nuance #5:

Văn hoá Nhật chương 11, sắc thái #5:', NULL, NULL, 'Chi tiết xem trong LyThuyet chương 11.', 'grammar', 1, 'system', TRUE, FALSE, NOW(), 'system') ON CONFLICT (id) DO UPDATE SET question_type = EXCLUDED.question_type, content_type = EXCLUDED.content_type, level = EXCLUDED.level, question = EXCLUDED.question, passage = EXCLUDED.passage, passage_translation = EXCLUDED.passage_translation, general_explanation = EXCLUDED.general_explanation, skill_category = EXCLUDED.skill_category, is_active = EXCLUDED.is_active, is_deleted = EXCLUDED.is_deleted, updated_at = NOW(), updated_by = 'system';
DELETE FROM questions_answers WHERE question_id = 811150035;
INSERT INTO questions_answers (question_id, sentence, sentence_translation, is_correct, "order") VALUES (811150035, 'Cách tiếp cận tinh tế phù hợp văn hoá Nhật (đã giải thích trong LyThuyet)', 'Cách tiếp cận tinh tế phù hợp văn hoá Nhật (đã giải thích trong LyThuyet)', TRUE, 1);
INSERT INTO questions_answers (question_id, sentence, sentence_translation, is_correct, "order") VALUES (811150035, 'Cách tiếp cận thẳng thắn theo style phương Tây', 'Cách tiếp cận thẳng thắn theo style phương Tây', FALSE, 2);
INSERT INTO questions_answers (question_id, sentence, sentence_translation, is_correct, "order") VALUES (811150035, 'Im lặng là tốt nhất', 'Im lặng là tốt nhất', FALSE, 3);
INSERT INTO questions_answers (question_id, sentence, sentence_translation, is_correct, "order") VALUES (811150035, 'Không có sự khác biệt văn hoá', 'Không có sự khác biệt văn hoá', FALSE, 4);
INSERT INTO questions (id, user_id, is_system, is_khoa_cu, question_type, content_type, level, selection_type, question, passage, passage_translation, general_explanation, skill_category, base_difficulty, tenant_id, is_active, is_deleted, created_at, created_by) VALUES (811150036, NULL, TRUE, FALSE, 'chon_dap_an', 'jisshusei_baitap_t11_shourai_keikaku', 'N4', 'single', 'Văn hoá Nhật trong chương 11, nuance #6:

Văn hoá Nhật chương 11, sắc thái #6:', NULL, NULL, 'Chi tiết xem trong LyThuyet chương 11.', 'grammar', 1, 'system', TRUE, FALSE, NOW(), 'system') ON CONFLICT (id) DO UPDATE SET question_type = EXCLUDED.question_type, content_type = EXCLUDED.content_type, level = EXCLUDED.level, question = EXCLUDED.question, passage = EXCLUDED.passage, passage_translation = EXCLUDED.passage_translation, general_explanation = EXCLUDED.general_explanation, skill_category = EXCLUDED.skill_category, is_active = EXCLUDED.is_active, is_deleted = EXCLUDED.is_deleted, updated_at = NOW(), updated_by = 'system';
DELETE FROM questions_answers WHERE question_id = 811150036;
INSERT INTO questions_answers (question_id, sentence, sentence_translation, is_correct, "order") VALUES (811150036, 'Cách tiếp cận tinh tế phù hợp văn hoá Nhật (đã giải thích trong LyThuyet)', 'Cách tiếp cận tinh tế phù hợp văn hoá Nhật (đã giải thích trong LyThuyet)', TRUE, 1);
INSERT INTO questions_answers (question_id, sentence, sentence_translation, is_correct, "order") VALUES (811150036, 'Cách tiếp cận thẳng thắn theo style phương Tây', 'Cách tiếp cận thẳng thắn theo style phương Tây', FALSE, 2);
INSERT INTO questions_answers (question_id, sentence, sentence_translation, is_correct, "order") VALUES (811150036, 'Im lặng là tốt nhất', 'Im lặng là tốt nhất', FALSE, 3);
INSERT INTO questions_answers (question_id, sentence, sentence_translation, is_correct, "order") VALUES (811150036, 'Không có sự khác biệt văn hoá', 'Không có sự khác biệt văn hoá', FALSE, 4);
INSERT INTO questions (id, user_id, is_system, is_khoa_cu, question_type, content_type, level, selection_type, question, passage, passage_translation, general_explanation, skill_category, base_difficulty, tenant_id, is_active, is_deleted, created_at, created_by) VALUES (811150037, NULL, TRUE, FALSE, 'chon_dap_an', 'jisshusei_baitap_t11_shourai_keikaku', 'N4', 'single', 'Văn hoá Nhật trong chương 11, nuance #7:

Văn hoá Nhật chương 11, sắc thái #7:', NULL, NULL, 'Chi tiết xem trong LyThuyet chương 11.', 'grammar', 1, 'system', TRUE, FALSE, NOW(), 'system') ON CONFLICT (id) DO UPDATE SET question_type = EXCLUDED.question_type, content_type = EXCLUDED.content_type, level = EXCLUDED.level, question = EXCLUDED.question, passage = EXCLUDED.passage, passage_translation = EXCLUDED.passage_translation, general_explanation = EXCLUDED.general_explanation, skill_category = EXCLUDED.skill_category, is_active = EXCLUDED.is_active, is_deleted = EXCLUDED.is_deleted, updated_at = NOW(), updated_by = 'system';
DELETE FROM questions_answers WHERE question_id = 811150037;
INSERT INTO questions_answers (question_id, sentence, sentence_translation, is_correct, "order") VALUES (811150037, 'Cách tiếp cận tinh tế phù hợp văn hoá Nhật (đã giải thích trong LyThuyet)', 'Cách tiếp cận tinh tế phù hợp văn hoá Nhật (đã giải thích trong LyThuyet)', TRUE, 1);
INSERT INTO questions_answers (question_id, sentence, sentence_translation, is_correct, "order") VALUES (811150037, 'Cách tiếp cận thẳng thắn theo style phương Tây', 'Cách tiếp cận thẳng thắn theo style phương Tây', FALSE, 2);
INSERT INTO questions_answers (question_id, sentence, sentence_translation, is_correct, "order") VALUES (811150037, 'Im lặng là tốt nhất', 'Im lặng là tốt nhất', FALSE, 3);
INSERT INTO questions_answers (question_id, sentence, sentence_translation, is_correct, "order") VALUES (811150037, 'Không có sự khác biệt văn hoá', 'Không có sự khác biệt văn hoá', FALSE, 4);
INSERT INTO questions (id, user_id, is_system, is_khoa_cu, question_type, content_type, level, selection_type, question, passage, passage_translation, general_explanation, skill_category, base_difficulty, tenant_id, is_active, is_deleted, created_at, created_by) VALUES (811150038, NULL, TRUE, FALSE, 'chon_dap_an', 'jisshusei_baitap_t11_shourai_keikaku', 'N4', 'single', 'Văn hoá Nhật trong chương 11, nuance #8:

Văn hoá Nhật chương 11, sắc thái #8:', NULL, NULL, 'Chi tiết xem trong LyThuyet chương 11.', 'grammar', 1, 'system', TRUE, FALSE, NOW(), 'system') ON CONFLICT (id) DO UPDATE SET question_type = EXCLUDED.question_type, content_type = EXCLUDED.content_type, level = EXCLUDED.level, question = EXCLUDED.question, passage = EXCLUDED.passage, passage_translation = EXCLUDED.passage_translation, general_explanation = EXCLUDED.general_explanation, skill_category = EXCLUDED.skill_category, is_active = EXCLUDED.is_active, is_deleted = EXCLUDED.is_deleted, updated_at = NOW(), updated_by = 'system';
DELETE FROM questions_answers WHERE question_id = 811150038;
INSERT INTO questions_answers (question_id, sentence, sentence_translation, is_correct, "order") VALUES (811150038, 'Cách tiếp cận tinh tế phù hợp văn hoá Nhật (đã giải thích trong LyThuyet)', 'Cách tiếp cận tinh tế phù hợp văn hoá Nhật (đã giải thích trong LyThuyet)', TRUE, 1);
INSERT INTO questions_answers (question_id, sentence, sentence_translation, is_correct, "order") VALUES (811150038, 'Cách tiếp cận thẳng thắn theo style phương Tây', 'Cách tiếp cận thẳng thắn theo style phương Tây', FALSE, 2);
INSERT INTO questions_answers (question_id, sentence, sentence_translation, is_correct, "order") VALUES (811150038, 'Im lặng là tốt nhất', 'Im lặng là tốt nhất', FALSE, 3);
INSERT INTO questions_answers (question_id, sentence, sentence_translation, is_correct, "order") VALUES (811150038, 'Không có sự khác biệt văn hoá', 'Không có sự khác biệt văn hoá', FALSE, 4);
INSERT INTO questions (id, user_id, is_system, is_khoa_cu, question_type, content_type, level, selection_type, question, passage, passage_translation, general_explanation, skill_category, base_difficulty, tenant_id, is_active, is_deleted, created_at, created_by) VALUES (811150039, NULL, TRUE, FALSE, 'chon_dap_an', 'jisshusei_baitap_t11_shourai_keikaku', 'N4', 'single', 'Văn hoá Nhật trong chương 11, nuance #9:

Văn hoá Nhật chương 11, sắc thái #9:', NULL, NULL, 'Chi tiết xem trong LyThuyet chương 11.', 'grammar', 1, 'system', TRUE, FALSE, NOW(), 'system') ON CONFLICT (id) DO UPDATE SET question_type = EXCLUDED.question_type, content_type = EXCLUDED.content_type, level = EXCLUDED.level, question = EXCLUDED.question, passage = EXCLUDED.passage, passage_translation = EXCLUDED.passage_translation, general_explanation = EXCLUDED.general_explanation, skill_category = EXCLUDED.skill_category, is_active = EXCLUDED.is_active, is_deleted = EXCLUDED.is_deleted, updated_at = NOW(), updated_by = 'system';
DELETE FROM questions_answers WHERE question_id = 811150039;
INSERT INTO questions_answers (question_id, sentence, sentence_translation, is_correct, "order") VALUES (811150039, 'Cách tiếp cận tinh tế phù hợp văn hoá Nhật (đã giải thích trong LyThuyet)', 'Cách tiếp cận tinh tế phù hợp văn hoá Nhật (đã giải thích trong LyThuyet)', TRUE, 1);
INSERT INTO questions_answers (question_id, sentence, sentence_translation, is_correct, "order") VALUES (811150039, 'Cách tiếp cận thẳng thắn theo style phương Tây', 'Cách tiếp cận thẳng thắn theo style phương Tây', FALSE, 2);
INSERT INTO questions_answers (question_id, sentence, sentence_translation, is_correct, "order") VALUES (811150039, 'Im lặng là tốt nhất', 'Im lặng là tốt nhất', FALSE, 3);
INSERT INTO questions_answers (question_id, sentence, sentence_translation, is_correct, "order") VALUES (811150039, 'Không có sự khác biệt văn hoá', 'Không có sự khác biệt văn hoá', FALSE, 4);
INSERT INTO questions (id, user_id, is_system, is_khoa_cu, question_type, content_type, level, selection_type, question, passage, passage_translation, general_explanation, skill_category, base_difficulty, tenant_id, is_active, is_deleted, created_at, created_by) VALUES (811150040, NULL, TRUE, FALSE, 'chon_dap_an', 'jisshusei_baitap_t11_shourai_keikaku', 'N4', 'single', 'Văn hoá Nhật trong chương 11, nuance #10:

Văn hoá Nhật chương 11, sắc thái #10:', NULL, NULL, 'Chi tiết xem trong LyThuyet chương 11.', 'grammar', 1, 'system', TRUE, FALSE, NOW(), 'system') ON CONFLICT (id) DO UPDATE SET question_type = EXCLUDED.question_type, content_type = EXCLUDED.content_type, level = EXCLUDED.level, question = EXCLUDED.question, passage = EXCLUDED.passage, passage_translation = EXCLUDED.passage_translation, general_explanation = EXCLUDED.general_explanation, skill_category = EXCLUDED.skill_category, is_active = EXCLUDED.is_active, is_deleted = EXCLUDED.is_deleted, updated_at = NOW(), updated_by = 'system';
DELETE FROM questions_answers WHERE question_id = 811150040;
INSERT INTO questions_answers (question_id, sentence, sentence_translation, is_correct, "order") VALUES (811150040, 'Cách tiếp cận tinh tế phù hợp văn hoá Nhật (đã giải thích trong LyThuyet)', 'Cách tiếp cận tinh tế phù hợp văn hoá Nhật (đã giải thích trong LyThuyet)', TRUE, 1);
INSERT INTO questions_answers (question_id, sentence, sentence_translation, is_correct, "order") VALUES (811150040, 'Cách tiếp cận thẳng thắn theo style phương Tây', 'Cách tiếp cận thẳng thắn theo style phương Tây', FALSE, 2);
INSERT INTO questions_answers (question_id, sentence, sentence_translation, is_correct, "order") VALUES (811150040, 'Im lặng là tốt nhất', 'Im lặng là tốt nhất', FALSE, 3);
INSERT INTO questions_answers (question_id, sentence, sentence_translation, is_correct, "order") VALUES (811150040, 'Không có sự khác biệt văn hoá', 'Không có sự khác biệt văn hoá', FALSE, 4);

INSERT INTO study_question_sets (id, name, description, set_type, card_count, tenant_id, is_active, is_deleted, created_at, created_by) VALUES (8110151, 'T11. Định hướng tương lai — Bài tập Level 1', 'Bài tập trắc nghiệm — Level 1: N5', 'practice', 10, 'system', TRUE, FALSE, NOW(), 'system') ON CONFLICT (id) DO UPDATE SET name = EXCLUDED.name, description = EXCLUDED.description, set_type = EXCLUDED.set_type, card_count = EXCLUDED.card_count, is_active = EXCLUDED.is_active, is_deleted = EXCLUDED.is_deleted, updated_at = NOW(), updated_by = 'system';
INSERT INTO study_question_set_questions (study_question_set_id, question_id, order_index, tenant_id, is_deleted, created_at, created_by) VALUES (8110151, 811150001, 1, 'system', FALSE, NOW(), 'system') ON CONFLICT (study_question_set_id, question_id) DO UPDATE SET order_index = EXCLUDED.order_index, is_deleted = FALSE;
INSERT INTO study_question_set_questions (study_question_set_id, question_id, order_index, tenant_id, is_deleted, created_at, created_by) VALUES (8110151, 811150002, 2, 'system', FALSE, NOW(), 'system') ON CONFLICT (study_question_set_id, question_id) DO UPDATE SET order_index = EXCLUDED.order_index, is_deleted = FALSE;
INSERT INTO study_question_set_questions (study_question_set_id, question_id, order_index, tenant_id, is_deleted, created_at, created_by) VALUES (8110151, 811150003, 3, 'system', FALSE, NOW(), 'system') ON CONFLICT (study_question_set_id, question_id) DO UPDATE SET order_index = EXCLUDED.order_index, is_deleted = FALSE;
INSERT INTO study_question_set_questions (study_question_set_id, question_id, order_index, tenant_id, is_deleted, created_at, created_by) VALUES (8110151, 811150004, 4, 'system', FALSE, NOW(), 'system') ON CONFLICT (study_question_set_id, question_id) DO UPDATE SET order_index = EXCLUDED.order_index, is_deleted = FALSE;
INSERT INTO study_question_set_questions (study_question_set_id, question_id, order_index, tenant_id, is_deleted, created_at, created_by) VALUES (8110151, 811150005, 5, 'system', FALSE, NOW(), 'system') ON CONFLICT (study_question_set_id, question_id) DO UPDATE SET order_index = EXCLUDED.order_index, is_deleted = FALSE;
INSERT INTO study_question_set_questions (study_question_set_id, question_id, order_index, tenant_id, is_deleted, created_at, created_by) VALUES (8110151, 811150006, 6, 'system', FALSE, NOW(), 'system') ON CONFLICT (study_question_set_id, question_id) DO UPDATE SET order_index = EXCLUDED.order_index, is_deleted = FALSE;
INSERT INTO study_question_set_questions (study_question_set_id, question_id, order_index, tenant_id, is_deleted, created_at, created_by) VALUES (8110151, 811150007, 7, 'system', FALSE, NOW(), 'system') ON CONFLICT (study_question_set_id, question_id) DO UPDATE SET order_index = EXCLUDED.order_index, is_deleted = FALSE;
INSERT INTO study_question_set_questions (study_question_set_id, question_id, order_index, tenant_id, is_deleted, created_at, created_by) VALUES (8110151, 811150008, 8, 'system', FALSE, NOW(), 'system') ON CONFLICT (study_question_set_id, question_id) DO UPDATE SET order_index = EXCLUDED.order_index, is_deleted = FALSE;
INSERT INTO study_question_set_questions (study_question_set_id, question_id, order_index, tenant_id, is_deleted, created_at, created_by) VALUES (8110151, 811150009, 9, 'system', FALSE, NOW(), 'system') ON CONFLICT (study_question_set_id, question_id) DO UPDATE SET order_index = EXCLUDED.order_index, is_deleted = FALSE;
INSERT INTO study_question_set_questions (study_question_set_id, question_id, order_index, tenant_id, is_deleted, created_at, created_by) VALUES (8110151, 811150010, 10, 'system', FALSE, NOW(), 'system') ON CONFLICT (study_question_set_id, question_id) DO UPDATE SET order_index = EXCLUDED.order_index, is_deleted = FALSE;
INSERT INTO study_resource_question_sets (resource_type, resource_id, study_question_set_id, position, context, tenant_id, is_active, is_deleted, created_at, created_by) VALUES ('module', 8011011, 8110151, 1, '{"label": "T11. Định hướng tương lai — Bài tập Level 1"}'::jsonb, 'system', TRUE, FALSE, NOW(), 'system') ON CONFLICT (resource_type, resource_id, study_question_set_id) DO UPDATE SET position = EXCLUDED.position, context = EXCLUDED.context, is_active = TRUE, is_deleted = FALSE;

INSERT INTO study_question_sets (id, name, description, set_type, card_count, tenant_id, is_active, is_deleted, created_at, created_by) VALUES (8110152, 'T11. Định hướng tương lai — Bài tập Level 2', 'Bài tập trắc nghiệm — Level 2: N5', 'practice', 10, 'system', TRUE, FALSE, NOW(), 'system') ON CONFLICT (id) DO UPDATE SET name = EXCLUDED.name, description = EXCLUDED.description, set_type = EXCLUDED.set_type, card_count = EXCLUDED.card_count, is_active = EXCLUDED.is_active, is_deleted = EXCLUDED.is_deleted, updated_at = NOW(), updated_by = 'system';
INSERT INTO study_question_set_questions (study_question_set_id, question_id, order_index, tenant_id, is_deleted, created_at, created_by) VALUES (8110152, 811150011, 1, 'system', FALSE, NOW(), 'system') ON CONFLICT (study_question_set_id, question_id) DO UPDATE SET order_index = EXCLUDED.order_index, is_deleted = FALSE;
INSERT INTO study_question_set_questions (study_question_set_id, question_id, order_index, tenant_id, is_deleted, created_at, created_by) VALUES (8110152, 811150012, 2, 'system', FALSE, NOW(), 'system') ON CONFLICT (study_question_set_id, question_id) DO UPDATE SET order_index = EXCLUDED.order_index, is_deleted = FALSE;
INSERT INTO study_question_set_questions (study_question_set_id, question_id, order_index, tenant_id, is_deleted, created_at, created_by) VALUES (8110152, 811150013, 3, 'system', FALSE, NOW(), 'system') ON CONFLICT (study_question_set_id, question_id) DO UPDATE SET order_index = EXCLUDED.order_index, is_deleted = FALSE;
INSERT INTO study_question_set_questions (study_question_set_id, question_id, order_index, tenant_id, is_deleted, created_at, created_by) VALUES (8110152, 811150014, 4, 'system', FALSE, NOW(), 'system') ON CONFLICT (study_question_set_id, question_id) DO UPDATE SET order_index = EXCLUDED.order_index, is_deleted = FALSE;
INSERT INTO study_question_set_questions (study_question_set_id, question_id, order_index, tenant_id, is_deleted, created_at, created_by) VALUES (8110152, 811150015, 5, 'system', FALSE, NOW(), 'system') ON CONFLICT (study_question_set_id, question_id) DO UPDATE SET order_index = EXCLUDED.order_index, is_deleted = FALSE;
INSERT INTO study_question_set_questions (study_question_set_id, question_id, order_index, tenant_id, is_deleted, created_at, created_by) VALUES (8110152, 811150016, 6, 'system', FALSE, NOW(), 'system') ON CONFLICT (study_question_set_id, question_id) DO UPDATE SET order_index = EXCLUDED.order_index, is_deleted = FALSE;
INSERT INTO study_question_set_questions (study_question_set_id, question_id, order_index, tenant_id, is_deleted, created_at, created_by) VALUES (8110152, 811150017, 7, 'system', FALSE, NOW(), 'system') ON CONFLICT (study_question_set_id, question_id) DO UPDATE SET order_index = EXCLUDED.order_index, is_deleted = FALSE;
INSERT INTO study_question_set_questions (study_question_set_id, question_id, order_index, tenant_id, is_deleted, created_at, created_by) VALUES (8110152, 811150018, 8, 'system', FALSE, NOW(), 'system') ON CONFLICT (study_question_set_id, question_id) DO UPDATE SET order_index = EXCLUDED.order_index, is_deleted = FALSE;
INSERT INTO study_question_set_questions (study_question_set_id, question_id, order_index, tenant_id, is_deleted, created_at, created_by) VALUES (8110152, 811150019, 9, 'system', FALSE, NOW(), 'system') ON CONFLICT (study_question_set_id, question_id) DO UPDATE SET order_index = EXCLUDED.order_index, is_deleted = FALSE;
INSERT INTO study_question_set_questions (study_question_set_id, question_id, order_index, tenant_id, is_deleted, created_at, created_by) VALUES (8110152, 811150020, 10, 'system', FALSE, NOW(), 'system') ON CONFLICT (study_question_set_id, question_id) DO UPDATE SET order_index = EXCLUDED.order_index, is_deleted = FALSE;
INSERT INTO study_resource_question_sets (resource_type, resource_id, study_question_set_id, position, context, tenant_id, is_active, is_deleted, created_at, created_by) VALUES ('module', 8011011, 8110152, 2, '{"label": "T11. Định hướng tương lai — Bài tập Level 2"}'::jsonb, 'system', TRUE, FALSE, NOW(), 'system') ON CONFLICT (resource_type, resource_id, study_question_set_id) DO UPDATE SET position = EXCLUDED.position, context = EXCLUDED.context, is_active = TRUE, is_deleted = FALSE;

INSERT INTO study_question_sets (id, name, description, set_type, card_count, tenant_id, is_active, is_deleted, created_at, created_by) VALUES (8110153, 'T11. Định hướng tương lai — Bài tập Level 3', 'Bài tập trắc nghiệm — Level 3: N4', 'practice', 10, 'system', TRUE, FALSE, NOW(), 'system') ON CONFLICT (id) DO UPDATE SET name = EXCLUDED.name, description = EXCLUDED.description, set_type = EXCLUDED.set_type, card_count = EXCLUDED.card_count, is_active = EXCLUDED.is_active, is_deleted = EXCLUDED.is_deleted, updated_at = NOW(), updated_by = 'system';
INSERT INTO study_question_set_questions (study_question_set_id, question_id, order_index, tenant_id, is_deleted, created_at, created_by) VALUES (8110153, 811150021, 1, 'system', FALSE, NOW(), 'system') ON CONFLICT (study_question_set_id, question_id) DO UPDATE SET order_index = EXCLUDED.order_index, is_deleted = FALSE;
INSERT INTO study_question_set_questions (study_question_set_id, question_id, order_index, tenant_id, is_deleted, created_at, created_by) VALUES (8110153, 811150022, 2, 'system', FALSE, NOW(), 'system') ON CONFLICT (study_question_set_id, question_id) DO UPDATE SET order_index = EXCLUDED.order_index, is_deleted = FALSE;
INSERT INTO study_question_set_questions (study_question_set_id, question_id, order_index, tenant_id, is_deleted, created_at, created_by) VALUES (8110153, 811150023, 3, 'system', FALSE, NOW(), 'system') ON CONFLICT (study_question_set_id, question_id) DO UPDATE SET order_index = EXCLUDED.order_index, is_deleted = FALSE;
INSERT INTO study_question_set_questions (study_question_set_id, question_id, order_index, tenant_id, is_deleted, created_at, created_by) VALUES (8110153, 811150024, 4, 'system', FALSE, NOW(), 'system') ON CONFLICT (study_question_set_id, question_id) DO UPDATE SET order_index = EXCLUDED.order_index, is_deleted = FALSE;
INSERT INTO study_question_set_questions (study_question_set_id, question_id, order_index, tenant_id, is_deleted, created_at, created_by) VALUES (8110153, 811150025, 5, 'system', FALSE, NOW(), 'system') ON CONFLICT (study_question_set_id, question_id) DO UPDATE SET order_index = EXCLUDED.order_index, is_deleted = FALSE;
INSERT INTO study_question_set_questions (study_question_set_id, question_id, order_index, tenant_id, is_deleted, created_at, created_by) VALUES (8110153, 811150026, 6, 'system', FALSE, NOW(), 'system') ON CONFLICT (study_question_set_id, question_id) DO UPDATE SET order_index = EXCLUDED.order_index, is_deleted = FALSE;
INSERT INTO study_question_set_questions (study_question_set_id, question_id, order_index, tenant_id, is_deleted, created_at, created_by) VALUES (8110153, 811150027, 7, 'system', FALSE, NOW(), 'system') ON CONFLICT (study_question_set_id, question_id) DO UPDATE SET order_index = EXCLUDED.order_index, is_deleted = FALSE;
INSERT INTO study_question_set_questions (study_question_set_id, question_id, order_index, tenant_id, is_deleted, created_at, created_by) VALUES (8110153, 811150028, 8, 'system', FALSE, NOW(), 'system') ON CONFLICT (study_question_set_id, question_id) DO UPDATE SET order_index = EXCLUDED.order_index, is_deleted = FALSE;
INSERT INTO study_question_set_questions (study_question_set_id, question_id, order_index, tenant_id, is_deleted, created_at, created_by) VALUES (8110153, 811150029, 9, 'system', FALSE, NOW(), 'system') ON CONFLICT (study_question_set_id, question_id) DO UPDATE SET order_index = EXCLUDED.order_index, is_deleted = FALSE;
INSERT INTO study_question_set_questions (study_question_set_id, question_id, order_index, tenant_id, is_deleted, created_at, created_by) VALUES (8110153, 811150030, 10, 'system', FALSE, NOW(), 'system') ON CONFLICT (study_question_set_id, question_id) DO UPDATE SET order_index = EXCLUDED.order_index, is_deleted = FALSE;
INSERT INTO study_resource_question_sets (resource_type, resource_id, study_question_set_id, position, context, tenant_id, is_active, is_deleted, created_at, created_by) VALUES ('module', 8011011, 8110153, 3, '{"label": "T11. Định hướng tương lai — Bài tập Level 3"}'::jsonb, 'system', TRUE, FALSE, NOW(), 'system') ON CONFLICT (resource_type, resource_id, study_question_set_id) DO UPDATE SET position = EXCLUDED.position, context = EXCLUDED.context, is_active = TRUE, is_deleted = FALSE;

INSERT INTO study_question_sets (id, name, description, set_type, card_count, tenant_id, is_active, is_deleted, created_at, created_by) VALUES (8110154, 'T11. Định hướng tương lai — Bài tập Level 4', 'Bài tập trắc nghiệm — Level 4: N4', 'practice', 10, 'system', TRUE, FALSE, NOW(), 'system') ON CONFLICT (id) DO UPDATE SET name = EXCLUDED.name, description = EXCLUDED.description, set_type = EXCLUDED.set_type, card_count = EXCLUDED.card_count, is_active = EXCLUDED.is_active, is_deleted = EXCLUDED.is_deleted, updated_at = NOW(), updated_by = 'system';
INSERT INTO study_question_set_questions (study_question_set_id, question_id, order_index, tenant_id, is_deleted, created_at, created_by) VALUES (8110154, 811150031, 1, 'system', FALSE, NOW(), 'system') ON CONFLICT (study_question_set_id, question_id) DO UPDATE SET order_index = EXCLUDED.order_index, is_deleted = FALSE;
INSERT INTO study_question_set_questions (study_question_set_id, question_id, order_index, tenant_id, is_deleted, created_at, created_by) VALUES (8110154, 811150032, 2, 'system', FALSE, NOW(), 'system') ON CONFLICT (study_question_set_id, question_id) DO UPDATE SET order_index = EXCLUDED.order_index, is_deleted = FALSE;
INSERT INTO study_question_set_questions (study_question_set_id, question_id, order_index, tenant_id, is_deleted, created_at, created_by) VALUES (8110154, 811150033, 3, 'system', FALSE, NOW(), 'system') ON CONFLICT (study_question_set_id, question_id) DO UPDATE SET order_index = EXCLUDED.order_index, is_deleted = FALSE;
INSERT INTO study_question_set_questions (study_question_set_id, question_id, order_index, tenant_id, is_deleted, created_at, created_by) VALUES (8110154, 811150034, 4, 'system', FALSE, NOW(), 'system') ON CONFLICT (study_question_set_id, question_id) DO UPDATE SET order_index = EXCLUDED.order_index, is_deleted = FALSE;
INSERT INTO study_question_set_questions (study_question_set_id, question_id, order_index, tenant_id, is_deleted, created_at, created_by) VALUES (8110154, 811150035, 5, 'system', FALSE, NOW(), 'system') ON CONFLICT (study_question_set_id, question_id) DO UPDATE SET order_index = EXCLUDED.order_index, is_deleted = FALSE;
INSERT INTO study_question_set_questions (study_question_set_id, question_id, order_index, tenant_id, is_deleted, created_at, created_by) VALUES (8110154, 811150036, 6, 'system', FALSE, NOW(), 'system') ON CONFLICT (study_question_set_id, question_id) DO UPDATE SET order_index = EXCLUDED.order_index, is_deleted = FALSE;
INSERT INTO study_question_set_questions (study_question_set_id, question_id, order_index, tenant_id, is_deleted, created_at, created_by) VALUES (8110154, 811150037, 7, 'system', FALSE, NOW(), 'system') ON CONFLICT (study_question_set_id, question_id) DO UPDATE SET order_index = EXCLUDED.order_index, is_deleted = FALSE;
INSERT INTO study_question_set_questions (study_question_set_id, question_id, order_index, tenant_id, is_deleted, created_at, created_by) VALUES (8110154, 811150038, 8, 'system', FALSE, NOW(), 'system') ON CONFLICT (study_question_set_id, question_id) DO UPDATE SET order_index = EXCLUDED.order_index, is_deleted = FALSE;
INSERT INTO study_question_set_questions (study_question_set_id, question_id, order_index, tenant_id, is_deleted, created_at, created_by) VALUES (8110154, 811150039, 9, 'system', FALSE, NOW(), 'system') ON CONFLICT (study_question_set_id, question_id) DO UPDATE SET order_index = EXCLUDED.order_index, is_deleted = FALSE;
INSERT INTO study_question_set_questions (study_question_set_id, question_id, order_index, tenant_id, is_deleted, created_at, created_by) VALUES (8110154, 811150040, 10, 'system', FALSE, NOW(), 'system') ON CONFLICT (study_question_set_id, question_id) DO UPDATE SET order_index = EXCLUDED.order_index, is_deleted = FALSE;
INSERT INTO study_resource_question_sets (resource_type, resource_id, study_question_set_id, position, context, tenant_id, is_active, is_deleted, created_at, created_by) VALUES ('module', 8011011, 8110154, 4, '{"label": "T11. Định hướng tương lai — Bài tập Level 4"}'::jsonb, 'system', TRUE, FALSE, NOW(), 'system') ON CONFLICT (resource_type, resource_id, study_question_set_id) DO UPDATE SET position = EXCLUDED.position, context = EXCLUDED.context, is_active = TRUE, is_deleted = FALSE;

-- Mogishiken: t11_shourai_keikaku (5 passages, 20 questions)
INSERT INTO reading_passages (id, user_id, is_system, is_public, title, content, translation, jlpt_level, category, difficulty, word_count, tenant_id, is_active, is_deleted, created_at, created_by) VALUES (81101501, NULL, TRUE, TRUE, '将来の計画 — プロセスシート 1', 'これは 将来の計画 の プロセスシート です。Bàn bạc tương lai + xin lời khuyên + Sekininsha/HACCP/SSW + 育成就労 に関する内容を含みます。実習生が業務中に必要な情報をまとめています。詳細は工場のマニュアルを参照してください。', 'Đây là Bảng quy trình của T11. Định hướng tương lai. Bao gồm nội dung liên quan đến Bàn bạc tương lai + xin lời khuyên + Sekininsha/HACCP/SSW + 育成就労. Tổng hợp thông tin thực tập sinh cần biết khi làm việc. Chi tiết xem sổ tay nhà máy.', 'N4', 'notice', 4, 150, 'system', TRUE, FALSE, NOW(), 'system') ON CONFLICT (id) DO UPDATE SET title = EXCLUDED.title, content = EXCLUDED.content, translation = EXCLUDED.translation, jlpt_level = EXCLUDED.jlpt_level, category = EXCLUDED.category, difficulty = EXCLUDED.difficulty, word_count = EXCLUDED.word_count, is_active = EXCLUDED.is_active, is_deleted = EXCLUDED.is_deleted, updated_at = NOW(), updated_by = 'system';
INSERT INTO reading_passages (id, user_id, is_system, is_public, title, content, translation, jlpt_level, category, difficulty, word_count, tenant_id, is_active, is_deleted, created_at, created_by) VALUES (81101502, NULL, TRUE, TRUE, '将来の計画 — マニュアル 2', 'これは 将来の計画 の マニュアル です。Bàn bạc tương lai + xin lời khuyên + Sekininsha/HACCP/SSW + 育成就労 に関する内容を含みます。実習生が業務中に必要な情報をまとめています。詳細は工場のマニュアルを参照してください。', 'Đây là Sổ tay hướng dẫn của T11. Định hướng tương lai. Bao gồm nội dung liên quan đến Bàn bạc tương lai + xin lời khuyên + Sekininsha/HACCP/SSW + 育成就労. Tổng hợp thông tin thực tập sinh cần biết khi làm việc. Chi tiết xem sổ tay nhà máy.', 'N4', 'notice', 4, 150, 'system', TRUE, FALSE, NOW(), 'system') ON CONFLICT (id) DO UPDATE SET title = EXCLUDED.title, content = EXCLUDED.content, translation = EXCLUDED.translation, jlpt_level = EXCLUDED.jlpt_level, category = EXCLUDED.category, difficulty = EXCLUDED.difficulty, word_count = EXCLUDED.word_count, is_active = EXCLUDED.is_active, is_deleted = EXCLUDED.is_deleted, updated_at = NOW(), updated_by = 'system';
INSERT INTO reading_passages (id, user_id, is_system, is_public, title, content, translation, jlpt_level, category, difficulty, word_count, tenant_id, is_active, is_deleted, created_at, created_by) VALUES (81101503, NULL, TRUE, TRUE, '将来の計画 — 報告書 3', 'これは 将来の計画 の 報告書 です。Bàn bạc tương lai + xin lời khuyên + Sekininsha/HACCP/SSW + 育成就労 に関する内容を含みます。実習生が業務中に必要な情報をまとめています。詳細は工場のマニュアルを参照してください。', 'Đây là Báo cáo của T11. Định hướng tương lai. Bao gồm nội dung liên quan đến Bàn bạc tương lai + xin lời khuyên + Sekininsha/HACCP/SSW + 育成就労. Tổng hợp thông tin thực tập sinh cần biết khi làm việc. Chi tiết xem sổ tay nhà máy.', 'N4', 'notice', 4, 150, 'system', TRUE, FALSE, NOW(), 'system') ON CONFLICT (id) DO UPDATE SET title = EXCLUDED.title, content = EXCLUDED.content, translation = EXCLUDED.translation, jlpt_level = EXCLUDED.jlpt_level, category = EXCLUDED.category, difficulty = EXCLUDED.difficulty, word_count = EXCLUDED.word_count, is_active = EXCLUDED.is_active, is_deleted = EXCLUDED.is_deleted, updated_at = NOW(), updated_by = 'system';
INSERT INTO reading_passages (id, user_id, is_system, is_public, title, content, translation, jlpt_level, category, difficulty, word_count, tenant_id, is_active, is_deleted, created_at, created_by) VALUES (81101504, NULL, TRUE, TRUE, '将来の計画 — 通知 4', 'これは 将来の計画 の 通知 です。Bàn bạc tương lai + xin lời khuyên + Sekininsha/HACCP/SSW + 育成就労 に関する内容を含みます。実習生が業務中に必要な情報をまとめています。詳細は工場のマニュアルを参照してください。', 'Đây là Thông báo của T11. Định hướng tương lai. Bao gồm nội dung liên quan đến Bàn bạc tương lai + xin lời khuyên + Sekininsha/HACCP/SSW + 育成就労. Tổng hợp thông tin thực tập sinh cần biết khi làm việc. Chi tiết xem sổ tay nhà máy.', 'N4', 'notice', 4, 150, 'system', TRUE, FALSE, NOW(), 'system') ON CONFLICT (id) DO UPDATE SET title = EXCLUDED.title, content = EXCLUDED.content, translation = EXCLUDED.translation, jlpt_level = EXCLUDED.jlpt_level, category = EXCLUDED.category, difficulty = EXCLUDED.difficulty, word_count = EXCLUDED.word_count, is_active = EXCLUDED.is_active, is_deleted = EXCLUDED.is_deleted, updated_at = NOW(), updated_by = 'system';
INSERT INTO reading_passages (id, user_id, is_system, is_public, title, content, translation, jlpt_level, category, difficulty, word_count, tenant_id, is_active, is_deleted, created_at, created_by) VALUES (81101505, NULL, TRUE, TRUE, '将来の計画 — チェックリスト 5', 'これは 将来の計画 の チェックリスト です。Bàn bạc tương lai + xin lời khuyên + Sekininsha/HACCP/SSW + 育成就労 に関する内容を含みます。実習生が業務中に必要な情報をまとめています。詳細は工場のマニュアルを参照してください。', 'Đây là Danh mục kiểm tra của T11. Định hướng tương lai. Bao gồm nội dung liên quan đến Bàn bạc tương lai + xin lời khuyên + Sekininsha/HACCP/SSW + 育成就労. Tổng hợp thông tin thực tập sinh cần biết khi làm việc. Chi tiết xem sổ tay nhà máy.', 'N4', 'notice', 4, 150, 'system', TRUE, FALSE, NOW(), 'system') ON CONFLICT (id) DO UPDATE SET title = EXCLUDED.title, content = EXCLUDED.content, translation = EXCLUDED.translation, jlpt_level = EXCLUDED.jlpt_level, category = EXCLUDED.category, difficulty = EXCLUDED.difficulty, word_count = EXCLUDED.word_count, is_active = EXCLUDED.is_active, is_deleted = EXCLUDED.is_deleted, updated_at = NOW(), updated_by = 'system';

INSERT INTO questions (id, user_id, is_system, is_khoa_cu, question_type, content_type, level, selection_type, question, passage, passage_translation, general_explanation, skill_category, base_difficulty, tenant_id, is_active, is_deleted, created_at, created_by) VALUES (811160001, NULL, TRUE, FALSE, 'reading', 'jisshusei_mogishiken_t11_shourai_keikaku', 'N4', 'single', 'この プロセスシート の主旨は何ですか? (Q1)

Ý chính của Bảng quy trình này là gì? (Q1)', '81101501', NULL, 'プロセスシート chứa thông tin về Bàn bạc tương lai + xin lời khuyên + Sekininsha/HACCP/SSW + 育成就労.', 'dokkai', 1, 'system', TRUE, FALSE, NOW(), 'system') ON CONFLICT (id) DO UPDATE SET question_type = EXCLUDED.question_type, content_type = EXCLUDED.content_type, level = EXCLUDED.level, question = EXCLUDED.question, passage = EXCLUDED.passage, passage_translation = EXCLUDED.passage_translation, general_explanation = EXCLUDED.general_explanation, skill_category = EXCLUDED.skill_category, is_active = EXCLUDED.is_active, is_deleted = EXCLUDED.is_deleted, updated_at = NOW(), updated_by = 'system';
DELETE FROM questions_answers WHERE question_id = 811160001;
INSERT INTO questions_answers (question_id, sentence, sentence_translation, is_correct, "order") VALUES (811160001, 'Bàn bạc tương lai + xin lời khuyên + Sekに関する情報', 'Thông tin liên quan đến Bàn bạc tương lai + xin lời khuyên + Sek', TRUE, 1);
INSERT INTO questions_answers (question_id, sentence, sentence_translation, is_correct, "order") VALUES (811160001, '工場の歴史', 'Lịch sử nhà máy', FALSE, 2);
INSERT INTO questions_answers (question_id, sentence, sentence_translation, is_correct, "order") VALUES (811160001, '社員の名前リスト', 'Danh sách tên nhân viên', FALSE, 3);
INSERT INTO questions_answers (question_id, sentence, sentence_translation, is_correct, "order") VALUES (811160001, '設備の値段', 'Giá thiết bị', FALSE, 4);
INSERT INTO questions (id, user_id, is_system, is_khoa_cu, question_type, content_type, level, selection_type, question, passage, passage_translation, general_explanation, skill_category, base_difficulty, tenant_id, is_active, is_deleted, created_at, created_by) VALUES (811160002, NULL, TRUE, FALSE, 'reading', 'jisshusei_mogishiken_t11_shourai_keikaku', 'N4', 'single', 'この プロセスシート の主旨は何ですか? (Q2)

Ý chính của Bảng quy trình này là gì? (Q2)', '81101501', NULL, 'プロセスシート chứa thông tin về Bàn bạc tương lai + xin lời khuyên + Sekininsha/HACCP/SSW + 育成就労.', 'dokkai', 1, 'system', TRUE, FALSE, NOW(), 'system') ON CONFLICT (id) DO UPDATE SET question_type = EXCLUDED.question_type, content_type = EXCLUDED.content_type, level = EXCLUDED.level, question = EXCLUDED.question, passage = EXCLUDED.passage, passage_translation = EXCLUDED.passage_translation, general_explanation = EXCLUDED.general_explanation, skill_category = EXCLUDED.skill_category, is_active = EXCLUDED.is_active, is_deleted = EXCLUDED.is_deleted, updated_at = NOW(), updated_by = 'system';
DELETE FROM questions_answers WHERE question_id = 811160002;
INSERT INTO questions_answers (question_id, sentence, sentence_translation, is_correct, "order") VALUES (811160002, 'Bàn bạc tương lai + xin lời khuyên + Sekに関する情報', 'Thông tin liên quan đến Bàn bạc tương lai + xin lời khuyên + Sek', TRUE, 1);
INSERT INTO questions_answers (question_id, sentence, sentence_translation, is_correct, "order") VALUES (811160002, '工場の歴史', 'Lịch sử nhà máy', FALSE, 2);
INSERT INTO questions_answers (question_id, sentence, sentence_translation, is_correct, "order") VALUES (811160002, '社員の名前リスト', 'Danh sách tên nhân viên', FALSE, 3);
INSERT INTO questions_answers (question_id, sentence, sentence_translation, is_correct, "order") VALUES (811160002, '設備の値段', 'Giá thiết bị', FALSE, 4);
INSERT INTO questions (id, user_id, is_system, is_khoa_cu, question_type, content_type, level, selection_type, question, passage, passage_translation, general_explanation, skill_category, base_difficulty, tenant_id, is_active, is_deleted, created_at, created_by) VALUES (811160003, NULL, TRUE, FALSE, 'reading', 'jisshusei_mogishiken_t11_shourai_keikaku', 'N4', 'single', 'この プロセスシート の主旨は何ですか? (Q3)

Ý chính của Bảng quy trình này là gì? (Q3)', '81101501', NULL, 'プロセスシート chứa thông tin về Bàn bạc tương lai + xin lời khuyên + Sekininsha/HACCP/SSW + 育成就労.', 'dokkai', 1, 'system', TRUE, FALSE, NOW(), 'system') ON CONFLICT (id) DO UPDATE SET question_type = EXCLUDED.question_type, content_type = EXCLUDED.content_type, level = EXCLUDED.level, question = EXCLUDED.question, passage = EXCLUDED.passage, passage_translation = EXCLUDED.passage_translation, general_explanation = EXCLUDED.general_explanation, skill_category = EXCLUDED.skill_category, is_active = EXCLUDED.is_active, is_deleted = EXCLUDED.is_deleted, updated_at = NOW(), updated_by = 'system';
DELETE FROM questions_answers WHERE question_id = 811160003;
INSERT INTO questions_answers (question_id, sentence, sentence_translation, is_correct, "order") VALUES (811160003, 'Bàn bạc tương lai + xin lời khuyên + Sekに関する情報', 'Thông tin liên quan đến Bàn bạc tương lai + xin lời khuyên + Sek', TRUE, 1);
INSERT INTO questions_answers (question_id, sentence, sentence_translation, is_correct, "order") VALUES (811160003, '工場の歴史', 'Lịch sử nhà máy', FALSE, 2);
INSERT INTO questions_answers (question_id, sentence, sentence_translation, is_correct, "order") VALUES (811160003, '社員の名前リスト', 'Danh sách tên nhân viên', FALSE, 3);
INSERT INTO questions_answers (question_id, sentence, sentence_translation, is_correct, "order") VALUES (811160003, '設備の値段', 'Giá thiết bị', FALSE, 4);
INSERT INTO questions (id, user_id, is_system, is_khoa_cu, question_type, content_type, level, selection_type, question, passage, passage_translation, general_explanation, skill_category, base_difficulty, tenant_id, is_active, is_deleted, created_at, created_by) VALUES (811160004, NULL, TRUE, FALSE, 'reading', 'jisshusei_mogishiken_t11_shourai_keikaku', 'N4', 'single', 'この プロセスシート の主旨は何ですか? (Q4)

Ý chính của Bảng quy trình này là gì? (Q4)', '81101501', NULL, 'プロセスシート chứa thông tin về Bàn bạc tương lai + xin lời khuyên + Sekininsha/HACCP/SSW + 育成就労.', 'dokkai', 1, 'system', TRUE, FALSE, NOW(), 'system') ON CONFLICT (id) DO UPDATE SET question_type = EXCLUDED.question_type, content_type = EXCLUDED.content_type, level = EXCLUDED.level, question = EXCLUDED.question, passage = EXCLUDED.passage, passage_translation = EXCLUDED.passage_translation, general_explanation = EXCLUDED.general_explanation, skill_category = EXCLUDED.skill_category, is_active = EXCLUDED.is_active, is_deleted = EXCLUDED.is_deleted, updated_at = NOW(), updated_by = 'system';
DELETE FROM questions_answers WHERE question_id = 811160004;
INSERT INTO questions_answers (question_id, sentence, sentence_translation, is_correct, "order") VALUES (811160004, 'Bàn bạc tương lai + xin lời khuyên + Sekに関する情報', 'Thông tin liên quan đến Bàn bạc tương lai + xin lời khuyên + Sek', TRUE, 1);
INSERT INTO questions_answers (question_id, sentence, sentence_translation, is_correct, "order") VALUES (811160004, '工場の歴史', 'Lịch sử nhà máy', FALSE, 2);
INSERT INTO questions_answers (question_id, sentence, sentence_translation, is_correct, "order") VALUES (811160004, '社員の名前リスト', 'Danh sách tên nhân viên', FALSE, 3);
INSERT INTO questions_answers (question_id, sentence, sentence_translation, is_correct, "order") VALUES (811160004, '設備の値段', 'Giá thiết bị', FALSE, 4);
INSERT INTO questions (id, user_id, is_system, is_khoa_cu, question_type, content_type, level, selection_type, question, passage, passage_translation, general_explanation, skill_category, base_difficulty, tenant_id, is_active, is_deleted, created_at, created_by) VALUES (811160005, NULL, TRUE, FALSE, 'reading', 'jisshusei_mogishiken_t11_shourai_keikaku', 'N4', 'single', 'この マニュアル の主旨は何ですか? (Q1)

Ý chính của Sổ tay hướng dẫn này là gì? (Q1)', '81101502', NULL, 'マニュアル chứa thông tin về Bàn bạc tương lai + xin lời khuyên + Sekininsha/HACCP/SSW + 育成就労.', 'dokkai', 1, 'system', TRUE, FALSE, NOW(), 'system') ON CONFLICT (id) DO UPDATE SET question_type = EXCLUDED.question_type, content_type = EXCLUDED.content_type, level = EXCLUDED.level, question = EXCLUDED.question, passage = EXCLUDED.passage, passage_translation = EXCLUDED.passage_translation, general_explanation = EXCLUDED.general_explanation, skill_category = EXCLUDED.skill_category, is_active = EXCLUDED.is_active, is_deleted = EXCLUDED.is_deleted, updated_at = NOW(), updated_by = 'system';
DELETE FROM questions_answers WHERE question_id = 811160005;
INSERT INTO questions_answers (question_id, sentence, sentence_translation, is_correct, "order") VALUES (811160005, 'Bàn bạc tương lai + xin lời khuyên + Sekに関する情報', 'Thông tin liên quan đến Bàn bạc tương lai + xin lời khuyên + Sek', TRUE, 1);
INSERT INTO questions_answers (question_id, sentence, sentence_translation, is_correct, "order") VALUES (811160005, '工場の歴史', 'Lịch sử nhà máy', FALSE, 2);
INSERT INTO questions_answers (question_id, sentence, sentence_translation, is_correct, "order") VALUES (811160005, '社員の名前リスト', 'Danh sách tên nhân viên', FALSE, 3);
INSERT INTO questions_answers (question_id, sentence, sentence_translation, is_correct, "order") VALUES (811160005, '設備の値段', 'Giá thiết bị', FALSE, 4);
INSERT INTO questions (id, user_id, is_system, is_khoa_cu, question_type, content_type, level, selection_type, question, passage, passage_translation, general_explanation, skill_category, base_difficulty, tenant_id, is_active, is_deleted, created_at, created_by) VALUES (811160006, NULL, TRUE, FALSE, 'reading', 'jisshusei_mogishiken_t11_shourai_keikaku', 'N4', 'single', 'この マニュアル の主旨は何ですか? (Q2)

Ý chính của Sổ tay hướng dẫn này là gì? (Q2)', '81101502', NULL, 'マニュアル chứa thông tin về Bàn bạc tương lai + xin lời khuyên + Sekininsha/HACCP/SSW + 育成就労.', 'dokkai', 1, 'system', TRUE, FALSE, NOW(), 'system') ON CONFLICT (id) DO UPDATE SET question_type = EXCLUDED.question_type, content_type = EXCLUDED.content_type, level = EXCLUDED.level, question = EXCLUDED.question, passage = EXCLUDED.passage, passage_translation = EXCLUDED.passage_translation, general_explanation = EXCLUDED.general_explanation, skill_category = EXCLUDED.skill_category, is_active = EXCLUDED.is_active, is_deleted = EXCLUDED.is_deleted, updated_at = NOW(), updated_by = 'system';
DELETE FROM questions_answers WHERE question_id = 811160006;
INSERT INTO questions_answers (question_id, sentence, sentence_translation, is_correct, "order") VALUES (811160006, 'Bàn bạc tương lai + xin lời khuyên + Sekに関する情報', 'Thông tin liên quan đến Bàn bạc tương lai + xin lời khuyên + Sek', TRUE, 1);
INSERT INTO questions_answers (question_id, sentence, sentence_translation, is_correct, "order") VALUES (811160006, '工場の歴史', 'Lịch sử nhà máy', FALSE, 2);
INSERT INTO questions_answers (question_id, sentence, sentence_translation, is_correct, "order") VALUES (811160006, '社員の名前リスト', 'Danh sách tên nhân viên', FALSE, 3);
INSERT INTO questions_answers (question_id, sentence, sentence_translation, is_correct, "order") VALUES (811160006, '設備の値段', 'Giá thiết bị', FALSE, 4);
INSERT INTO questions (id, user_id, is_system, is_khoa_cu, question_type, content_type, level, selection_type, question, passage, passage_translation, general_explanation, skill_category, base_difficulty, tenant_id, is_active, is_deleted, created_at, created_by) VALUES (811160007, NULL, TRUE, FALSE, 'reading', 'jisshusei_mogishiken_t11_shourai_keikaku', 'N4', 'single', 'この マニュアル の主旨は何ですか? (Q3)

Ý chính của Sổ tay hướng dẫn này là gì? (Q3)', '81101502', NULL, 'マニュアル chứa thông tin về Bàn bạc tương lai + xin lời khuyên + Sekininsha/HACCP/SSW + 育成就労.', 'dokkai', 1, 'system', TRUE, FALSE, NOW(), 'system') ON CONFLICT (id) DO UPDATE SET question_type = EXCLUDED.question_type, content_type = EXCLUDED.content_type, level = EXCLUDED.level, question = EXCLUDED.question, passage = EXCLUDED.passage, passage_translation = EXCLUDED.passage_translation, general_explanation = EXCLUDED.general_explanation, skill_category = EXCLUDED.skill_category, is_active = EXCLUDED.is_active, is_deleted = EXCLUDED.is_deleted, updated_at = NOW(), updated_by = 'system';
DELETE FROM questions_answers WHERE question_id = 811160007;
INSERT INTO questions_answers (question_id, sentence, sentence_translation, is_correct, "order") VALUES (811160007, 'Bàn bạc tương lai + xin lời khuyên + Sekに関する情報', 'Thông tin liên quan đến Bàn bạc tương lai + xin lời khuyên + Sek', TRUE, 1);
INSERT INTO questions_answers (question_id, sentence, sentence_translation, is_correct, "order") VALUES (811160007, '工場の歴史', 'Lịch sử nhà máy', FALSE, 2);
INSERT INTO questions_answers (question_id, sentence, sentence_translation, is_correct, "order") VALUES (811160007, '社員の名前リスト', 'Danh sách tên nhân viên', FALSE, 3);
INSERT INTO questions_answers (question_id, sentence, sentence_translation, is_correct, "order") VALUES (811160007, '設備の値段', 'Giá thiết bị', FALSE, 4);
INSERT INTO questions (id, user_id, is_system, is_khoa_cu, question_type, content_type, level, selection_type, question, passage, passage_translation, general_explanation, skill_category, base_difficulty, tenant_id, is_active, is_deleted, created_at, created_by) VALUES (811160008, NULL, TRUE, FALSE, 'reading', 'jisshusei_mogishiken_t11_shourai_keikaku', 'N4', 'single', 'この マニュアル の主旨は何ですか? (Q4)

Ý chính của Sổ tay hướng dẫn này là gì? (Q4)', '81101502', NULL, 'マニュアル chứa thông tin về Bàn bạc tương lai + xin lời khuyên + Sekininsha/HACCP/SSW + 育成就労.', 'dokkai', 1, 'system', TRUE, FALSE, NOW(), 'system') ON CONFLICT (id) DO UPDATE SET question_type = EXCLUDED.question_type, content_type = EXCLUDED.content_type, level = EXCLUDED.level, question = EXCLUDED.question, passage = EXCLUDED.passage, passage_translation = EXCLUDED.passage_translation, general_explanation = EXCLUDED.general_explanation, skill_category = EXCLUDED.skill_category, is_active = EXCLUDED.is_active, is_deleted = EXCLUDED.is_deleted, updated_at = NOW(), updated_by = 'system';
DELETE FROM questions_answers WHERE question_id = 811160008;
INSERT INTO questions_answers (question_id, sentence, sentence_translation, is_correct, "order") VALUES (811160008, 'Bàn bạc tương lai + xin lời khuyên + Sekに関する情報', 'Thông tin liên quan đến Bàn bạc tương lai + xin lời khuyên + Sek', TRUE, 1);
INSERT INTO questions_answers (question_id, sentence, sentence_translation, is_correct, "order") VALUES (811160008, '工場の歴史', 'Lịch sử nhà máy', FALSE, 2);
INSERT INTO questions_answers (question_id, sentence, sentence_translation, is_correct, "order") VALUES (811160008, '社員の名前リスト', 'Danh sách tên nhân viên', FALSE, 3);
INSERT INTO questions_answers (question_id, sentence, sentence_translation, is_correct, "order") VALUES (811160008, '設備の値段', 'Giá thiết bị', FALSE, 4);
INSERT INTO questions (id, user_id, is_system, is_khoa_cu, question_type, content_type, level, selection_type, question, passage, passage_translation, general_explanation, skill_category, base_difficulty, tenant_id, is_active, is_deleted, created_at, created_by) VALUES (811160009, NULL, TRUE, FALSE, 'reading', 'jisshusei_mogishiken_t11_shourai_keikaku', 'N4', 'single', 'この 報告書 の主旨は何ですか? (Q1)

Ý chính của Báo cáo này là gì? (Q1)', '81101503', NULL, '報告書 chứa thông tin về Bàn bạc tương lai + xin lời khuyên + Sekininsha/HACCP/SSW + 育成就労.', 'dokkai', 1, 'system', TRUE, FALSE, NOW(), 'system') ON CONFLICT (id) DO UPDATE SET question_type = EXCLUDED.question_type, content_type = EXCLUDED.content_type, level = EXCLUDED.level, question = EXCLUDED.question, passage = EXCLUDED.passage, passage_translation = EXCLUDED.passage_translation, general_explanation = EXCLUDED.general_explanation, skill_category = EXCLUDED.skill_category, is_active = EXCLUDED.is_active, is_deleted = EXCLUDED.is_deleted, updated_at = NOW(), updated_by = 'system';
DELETE FROM questions_answers WHERE question_id = 811160009;
INSERT INTO questions_answers (question_id, sentence, sentence_translation, is_correct, "order") VALUES (811160009, 'Bàn bạc tương lai + xin lời khuyên + Sekに関する情報', 'Thông tin liên quan đến Bàn bạc tương lai + xin lời khuyên + Sek', TRUE, 1);
INSERT INTO questions_answers (question_id, sentence, sentence_translation, is_correct, "order") VALUES (811160009, '工場の歴史', 'Lịch sử nhà máy', FALSE, 2);
INSERT INTO questions_answers (question_id, sentence, sentence_translation, is_correct, "order") VALUES (811160009, '社員の名前リスト', 'Danh sách tên nhân viên', FALSE, 3);
INSERT INTO questions_answers (question_id, sentence, sentence_translation, is_correct, "order") VALUES (811160009, '設備の値段', 'Giá thiết bị', FALSE, 4);
INSERT INTO questions (id, user_id, is_system, is_khoa_cu, question_type, content_type, level, selection_type, question, passage, passage_translation, general_explanation, skill_category, base_difficulty, tenant_id, is_active, is_deleted, created_at, created_by) VALUES (811160010, NULL, TRUE, FALSE, 'reading', 'jisshusei_mogishiken_t11_shourai_keikaku', 'N4', 'single', 'この 報告書 の主旨は何ですか? (Q2)

Ý chính của Báo cáo này là gì? (Q2)', '81101503', NULL, '報告書 chứa thông tin về Bàn bạc tương lai + xin lời khuyên + Sekininsha/HACCP/SSW + 育成就労.', 'dokkai', 1, 'system', TRUE, FALSE, NOW(), 'system') ON CONFLICT (id) DO UPDATE SET question_type = EXCLUDED.question_type, content_type = EXCLUDED.content_type, level = EXCLUDED.level, question = EXCLUDED.question, passage = EXCLUDED.passage, passage_translation = EXCLUDED.passage_translation, general_explanation = EXCLUDED.general_explanation, skill_category = EXCLUDED.skill_category, is_active = EXCLUDED.is_active, is_deleted = EXCLUDED.is_deleted, updated_at = NOW(), updated_by = 'system';
DELETE FROM questions_answers WHERE question_id = 811160010;
INSERT INTO questions_answers (question_id, sentence, sentence_translation, is_correct, "order") VALUES (811160010, 'Bàn bạc tương lai + xin lời khuyên + Sekに関する情報', 'Thông tin liên quan đến Bàn bạc tương lai + xin lời khuyên + Sek', TRUE, 1);
INSERT INTO questions_answers (question_id, sentence, sentence_translation, is_correct, "order") VALUES (811160010, '工場の歴史', 'Lịch sử nhà máy', FALSE, 2);
INSERT INTO questions_answers (question_id, sentence, sentence_translation, is_correct, "order") VALUES (811160010, '社員の名前リスト', 'Danh sách tên nhân viên', FALSE, 3);
INSERT INTO questions_answers (question_id, sentence, sentence_translation, is_correct, "order") VALUES (811160010, '設備の値段', 'Giá thiết bị', FALSE, 4);
INSERT INTO questions (id, user_id, is_system, is_khoa_cu, question_type, content_type, level, selection_type, question, passage, passage_translation, general_explanation, skill_category, base_difficulty, tenant_id, is_active, is_deleted, created_at, created_by) VALUES (811160011, NULL, TRUE, FALSE, 'reading', 'jisshusei_mogishiken_t11_shourai_keikaku', 'N4', 'single', 'この 報告書 の主旨は何ですか? (Q3)

Ý chính của Báo cáo này là gì? (Q3)', '81101503', NULL, '報告書 chứa thông tin về Bàn bạc tương lai + xin lời khuyên + Sekininsha/HACCP/SSW + 育成就労.', 'dokkai', 1, 'system', TRUE, FALSE, NOW(), 'system') ON CONFLICT (id) DO UPDATE SET question_type = EXCLUDED.question_type, content_type = EXCLUDED.content_type, level = EXCLUDED.level, question = EXCLUDED.question, passage = EXCLUDED.passage, passage_translation = EXCLUDED.passage_translation, general_explanation = EXCLUDED.general_explanation, skill_category = EXCLUDED.skill_category, is_active = EXCLUDED.is_active, is_deleted = EXCLUDED.is_deleted, updated_at = NOW(), updated_by = 'system';
DELETE FROM questions_answers WHERE question_id = 811160011;
INSERT INTO questions_answers (question_id, sentence, sentence_translation, is_correct, "order") VALUES (811160011, 'Bàn bạc tương lai + xin lời khuyên + Sekに関する情報', 'Thông tin liên quan đến Bàn bạc tương lai + xin lời khuyên + Sek', TRUE, 1);
INSERT INTO questions_answers (question_id, sentence, sentence_translation, is_correct, "order") VALUES (811160011, '工場の歴史', 'Lịch sử nhà máy', FALSE, 2);
INSERT INTO questions_answers (question_id, sentence, sentence_translation, is_correct, "order") VALUES (811160011, '社員の名前リスト', 'Danh sách tên nhân viên', FALSE, 3);
INSERT INTO questions_answers (question_id, sentence, sentence_translation, is_correct, "order") VALUES (811160011, '設備の値段', 'Giá thiết bị', FALSE, 4);
INSERT INTO questions (id, user_id, is_system, is_khoa_cu, question_type, content_type, level, selection_type, question, passage, passage_translation, general_explanation, skill_category, base_difficulty, tenant_id, is_active, is_deleted, created_at, created_by) VALUES (811160012, NULL, TRUE, FALSE, 'reading', 'jisshusei_mogishiken_t11_shourai_keikaku', 'N4', 'single', 'この 報告書 の主旨は何ですか? (Q4)

Ý chính của Báo cáo này là gì? (Q4)', '81101503', NULL, '報告書 chứa thông tin về Bàn bạc tương lai + xin lời khuyên + Sekininsha/HACCP/SSW + 育成就労.', 'dokkai', 1, 'system', TRUE, FALSE, NOW(), 'system') ON CONFLICT (id) DO UPDATE SET question_type = EXCLUDED.question_type, content_type = EXCLUDED.content_type, level = EXCLUDED.level, question = EXCLUDED.question, passage = EXCLUDED.passage, passage_translation = EXCLUDED.passage_translation, general_explanation = EXCLUDED.general_explanation, skill_category = EXCLUDED.skill_category, is_active = EXCLUDED.is_active, is_deleted = EXCLUDED.is_deleted, updated_at = NOW(), updated_by = 'system';
DELETE FROM questions_answers WHERE question_id = 811160012;
INSERT INTO questions_answers (question_id, sentence, sentence_translation, is_correct, "order") VALUES (811160012, 'Bàn bạc tương lai + xin lời khuyên + Sekに関する情報', 'Thông tin liên quan đến Bàn bạc tương lai + xin lời khuyên + Sek', TRUE, 1);
INSERT INTO questions_answers (question_id, sentence, sentence_translation, is_correct, "order") VALUES (811160012, '工場の歴史', 'Lịch sử nhà máy', FALSE, 2);
INSERT INTO questions_answers (question_id, sentence, sentence_translation, is_correct, "order") VALUES (811160012, '社員の名前リスト', 'Danh sách tên nhân viên', FALSE, 3);
INSERT INTO questions_answers (question_id, sentence, sentence_translation, is_correct, "order") VALUES (811160012, '設備の値段', 'Giá thiết bị', FALSE, 4);
INSERT INTO questions (id, user_id, is_system, is_khoa_cu, question_type, content_type, level, selection_type, question, passage, passage_translation, general_explanation, skill_category, base_difficulty, tenant_id, is_active, is_deleted, created_at, created_by) VALUES (811160013, NULL, TRUE, FALSE, 'reading', 'jisshusei_mogishiken_t11_shourai_keikaku', 'N4', 'single', 'この 通知 の主旨は何ですか? (Q1)

Ý chính của Thông báo này là gì? (Q1)', '81101504', NULL, '通知 chứa thông tin về Bàn bạc tương lai + xin lời khuyên + Sekininsha/HACCP/SSW + 育成就労.', 'dokkai', 1, 'system', TRUE, FALSE, NOW(), 'system') ON CONFLICT (id) DO UPDATE SET question_type = EXCLUDED.question_type, content_type = EXCLUDED.content_type, level = EXCLUDED.level, question = EXCLUDED.question, passage = EXCLUDED.passage, passage_translation = EXCLUDED.passage_translation, general_explanation = EXCLUDED.general_explanation, skill_category = EXCLUDED.skill_category, is_active = EXCLUDED.is_active, is_deleted = EXCLUDED.is_deleted, updated_at = NOW(), updated_by = 'system';
DELETE FROM questions_answers WHERE question_id = 811160013;
INSERT INTO questions_answers (question_id, sentence, sentence_translation, is_correct, "order") VALUES (811160013, 'Bàn bạc tương lai + xin lời khuyên + Sekに関する情報', 'Thông tin liên quan đến Bàn bạc tương lai + xin lời khuyên + Sek', TRUE, 1);
INSERT INTO questions_answers (question_id, sentence, sentence_translation, is_correct, "order") VALUES (811160013, '工場の歴史', 'Lịch sử nhà máy', FALSE, 2);
INSERT INTO questions_answers (question_id, sentence, sentence_translation, is_correct, "order") VALUES (811160013, '社員の名前リスト', 'Danh sách tên nhân viên', FALSE, 3);
INSERT INTO questions_answers (question_id, sentence, sentence_translation, is_correct, "order") VALUES (811160013, '設備の値段', 'Giá thiết bị', FALSE, 4);
INSERT INTO questions (id, user_id, is_system, is_khoa_cu, question_type, content_type, level, selection_type, question, passage, passage_translation, general_explanation, skill_category, base_difficulty, tenant_id, is_active, is_deleted, created_at, created_by) VALUES (811160014, NULL, TRUE, FALSE, 'reading', 'jisshusei_mogishiken_t11_shourai_keikaku', 'N4', 'single', 'この 通知 の主旨は何ですか? (Q2)

Ý chính của Thông báo này là gì? (Q2)', '81101504', NULL, '通知 chứa thông tin về Bàn bạc tương lai + xin lời khuyên + Sekininsha/HACCP/SSW + 育成就労.', 'dokkai', 1, 'system', TRUE, FALSE, NOW(), 'system') ON CONFLICT (id) DO UPDATE SET question_type = EXCLUDED.question_type, content_type = EXCLUDED.content_type, level = EXCLUDED.level, question = EXCLUDED.question, passage = EXCLUDED.passage, passage_translation = EXCLUDED.passage_translation, general_explanation = EXCLUDED.general_explanation, skill_category = EXCLUDED.skill_category, is_active = EXCLUDED.is_active, is_deleted = EXCLUDED.is_deleted, updated_at = NOW(), updated_by = 'system';
DELETE FROM questions_answers WHERE question_id = 811160014;
INSERT INTO questions_answers (question_id, sentence, sentence_translation, is_correct, "order") VALUES (811160014, 'Bàn bạc tương lai + xin lời khuyên + Sekに関する情報', 'Thông tin liên quan đến Bàn bạc tương lai + xin lời khuyên + Sek', TRUE, 1);
INSERT INTO questions_answers (question_id, sentence, sentence_translation, is_correct, "order") VALUES (811160014, '工場の歴史', 'Lịch sử nhà máy', FALSE, 2);
INSERT INTO questions_answers (question_id, sentence, sentence_translation, is_correct, "order") VALUES (811160014, '社員の名前リスト', 'Danh sách tên nhân viên', FALSE, 3);
INSERT INTO questions_answers (question_id, sentence, sentence_translation, is_correct, "order") VALUES (811160014, '設備の値段', 'Giá thiết bị', FALSE, 4);
INSERT INTO questions (id, user_id, is_system, is_khoa_cu, question_type, content_type, level, selection_type, question, passage, passage_translation, general_explanation, skill_category, base_difficulty, tenant_id, is_active, is_deleted, created_at, created_by) VALUES (811160015, NULL, TRUE, FALSE, 'reading', 'jisshusei_mogishiken_t11_shourai_keikaku', 'N4', 'single', 'この 通知 の主旨は何ですか? (Q3)

Ý chính của Thông báo này là gì? (Q3)', '81101504', NULL, '通知 chứa thông tin về Bàn bạc tương lai + xin lời khuyên + Sekininsha/HACCP/SSW + 育成就労.', 'dokkai', 1, 'system', TRUE, FALSE, NOW(), 'system') ON CONFLICT (id) DO UPDATE SET question_type = EXCLUDED.question_type, content_type = EXCLUDED.content_type, level = EXCLUDED.level, question = EXCLUDED.question, passage = EXCLUDED.passage, passage_translation = EXCLUDED.passage_translation, general_explanation = EXCLUDED.general_explanation, skill_category = EXCLUDED.skill_category, is_active = EXCLUDED.is_active, is_deleted = EXCLUDED.is_deleted, updated_at = NOW(), updated_by = 'system';
DELETE FROM questions_answers WHERE question_id = 811160015;
INSERT INTO questions_answers (question_id, sentence, sentence_translation, is_correct, "order") VALUES (811160015, 'Bàn bạc tương lai + xin lời khuyên + Sekに関する情報', 'Thông tin liên quan đến Bàn bạc tương lai + xin lời khuyên + Sek', TRUE, 1);
INSERT INTO questions_answers (question_id, sentence, sentence_translation, is_correct, "order") VALUES (811160015, '工場の歴史', 'Lịch sử nhà máy', FALSE, 2);
INSERT INTO questions_answers (question_id, sentence, sentence_translation, is_correct, "order") VALUES (811160015, '社員の名前リスト', 'Danh sách tên nhân viên', FALSE, 3);
INSERT INTO questions_answers (question_id, sentence, sentence_translation, is_correct, "order") VALUES (811160015, '設備の値段', 'Giá thiết bị', FALSE, 4);
INSERT INTO questions (id, user_id, is_system, is_khoa_cu, question_type, content_type, level, selection_type, question, passage, passage_translation, general_explanation, skill_category, base_difficulty, tenant_id, is_active, is_deleted, created_at, created_by) VALUES (811160016, NULL, TRUE, FALSE, 'reading', 'jisshusei_mogishiken_t11_shourai_keikaku', 'N4', 'single', 'この 通知 の主旨は何ですか? (Q4)

Ý chính của Thông báo này là gì? (Q4)', '81101504', NULL, '通知 chứa thông tin về Bàn bạc tương lai + xin lời khuyên + Sekininsha/HACCP/SSW + 育成就労.', 'dokkai', 1, 'system', TRUE, FALSE, NOW(), 'system') ON CONFLICT (id) DO UPDATE SET question_type = EXCLUDED.question_type, content_type = EXCLUDED.content_type, level = EXCLUDED.level, question = EXCLUDED.question, passage = EXCLUDED.passage, passage_translation = EXCLUDED.passage_translation, general_explanation = EXCLUDED.general_explanation, skill_category = EXCLUDED.skill_category, is_active = EXCLUDED.is_active, is_deleted = EXCLUDED.is_deleted, updated_at = NOW(), updated_by = 'system';
DELETE FROM questions_answers WHERE question_id = 811160016;
INSERT INTO questions_answers (question_id, sentence, sentence_translation, is_correct, "order") VALUES (811160016, 'Bàn bạc tương lai + xin lời khuyên + Sekに関する情報', 'Thông tin liên quan đến Bàn bạc tương lai + xin lời khuyên + Sek', TRUE, 1);
INSERT INTO questions_answers (question_id, sentence, sentence_translation, is_correct, "order") VALUES (811160016, '工場の歴史', 'Lịch sử nhà máy', FALSE, 2);
INSERT INTO questions_answers (question_id, sentence, sentence_translation, is_correct, "order") VALUES (811160016, '社員の名前リスト', 'Danh sách tên nhân viên', FALSE, 3);
INSERT INTO questions_answers (question_id, sentence, sentence_translation, is_correct, "order") VALUES (811160016, '設備の値段', 'Giá thiết bị', FALSE, 4);
INSERT INTO questions (id, user_id, is_system, is_khoa_cu, question_type, content_type, level, selection_type, question, passage, passage_translation, general_explanation, skill_category, base_difficulty, tenant_id, is_active, is_deleted, created_at, created_by) VALUES (811160017, NULL, TRUE, FALSE, 'reading', 'jisshusei_mogishiken_t11_shourai_keikaku', 'N4', 'single', 'この チェックリスト の主旨は何ですか? (Q1)

Ý chính của Danh mục kiểm tra này là gì? (Q1)', '81101505', NULL, 'チェックリスト chứa thông tin về Bàn bạc tương lai + xin lời khuyên + Sekininsha/HACCP/SSW + 育成就労.', 'dokkai', 1, 'system', TRUE, FALSE, NOW(), 'system') ON CONFLICT (id) DO UPDATE SET question_type = EXCLUDED.question_type, content_type = EXCLUDED.content_type, level = EXCLUDED.level, question = EXCLUDED.question, passage = EXCLUDED.passage, passage_translation = EXCLUDED.passage_translation, general_explanation = EXCLUDED.general_explanation, skill_category = EXCLUDED.skill_category, is_active = EXCLUDED.is_active, is_deleted = EXCLUDED.is_deleted, updated_at = NOW(), updated_by = 'system';
DELETE FROM questions_answers WHERE question_id = 811160017;
INSERT INTO questions_answers (question_id, sentence, sentence_translation, is_correct, "order") VALUES (811160017, 'Bàn bạc tương lai + xin lời khuyên + Sekに関する情報', 'Thông tin liên quan đến Bàn bạc tương lai + xin lời khuyên + Sek', TRUE, 1);
INSERT INTO questions_answers (question_id, sentence, sentence_translation, is_correct, "order") VALUES (811160017, '工場の歴史', 'Lịch sử nhà máy', FALSE, 2);
INSERT INTO questions_answers (question_id, sentence, sentence_translation, is_correct, "order") VALUES (811160017, '社員の名前リスト', 'Danh sách tên nhân viên', FALSE, 3);
INSERT INTO questions_answers (question_id, sentence, sentence_translation, is_correct, "order") VALUES (811160017, '設備の値段', 'Giá thiết bị', FALSE, 4);
INSERT INTO questions (id, user_id, is_system, is_khoa_cu, question_type, content_type, level, selection_type, question, passage, passage_translation, general_explanation, skill_category, base_difficulty, tenant_id, is_active, is_deleted, created_at, created_by) VALUES (811160018, NULL, TRUE, FALSE, 'reading', 'jisshusei_mogishiken_t11_shourai_keikaku', 'N4', 'single', 'この チェックリスト の主旨は何ですか? (Q2)

Ý chính của Danh mục kiểm tra này là gì? (Q2)', '81101505', NULL, 'チェックリスト chứa thông tin về Bàn bạc tương lai + xin lời khuyên + Sekininsha/HACCP/SSW + 育成就労.', 'dokkai', 1, 'system', TRUE, FALSE, NOW(), 'system') ON CONFLICT (id) DO UPDATE SET question_type = EXCLUDED.question_type, content_type = EXCLUDED.content_type, level = EXCLUDED.level, question = EXCLUDED.question, passage = EXCLUDED.passage, passage_translation = EXCLUDED.passage_translation, general_explanation = EXCLUDED.general_explanation, skill_category = EXCLUDED.skill_category, is_active = EXCLUDED.is_active, is_deleted = EXCLUDED.is_deleted, updated_at = NOW(), updated_by = 'system';
DELETE FROM questions_answers WHERE question_id = 811160018;
INSERT INTO questions_answers (question_id, sentence, sentence_translation, is_correct, "order") VALUES (811160018, 'Bàn bạc tương lai + xin lời khuyên + Sekに関する情報', 'Thông tin liên quan đến Bàn bạc tương lai + xin lời khuyên + Sek', TRUE, 1);
INSERT INTO questions_answers (question_id, sentence, sentence_translation, is_correct, "order") VALUES (811160018, '工場の歴史', 'Lịch sử nhà máy', FALSE, 2);
INSERT INTO questions_answers (question_id, sentence, sentence_translation, is_correct, "order") VALUES (811160018, '社員の名前リスト', 'Danh sách tên nhân viên', FALSE, 3);
INSERT INTO questions_answers (question_id, sentence, sentence_translation, is_correct, "order") VALUES (811160018, '設備の値段', 'Giá thiết bị', FALSE, 4);
INSERT INTO questions (id, user_id, is_system, is_khoa_cu, question_type, content_type, level, selection_type, question, passage, passage_translation, general_explanation, skill_category, base_difficulty, tenant_id, is_active, is_deleted, created_at, created_by) VALUES (811160019, NULL, TRUE, FALSE, 'reading', 'jisshusei_mogishiken_t11_shourai_keikaku', 'N4', 'single', 'この チェックリスト の主旨は何ですか? (Q3)

Ý chính của Danh mục kiểm tra này là gì? (Q3)', '81101505', NULL, 'チェックリスト chứa thông tin về Bàn bạc tương lai + xin lời khuyên + Sekininsha/HACCP/SSW + 育成就労.', 'dokkai', 1, 'system', TRUE, FALSE, NOW(), 'system') ON CONFLICT (id) DO UPDATE SET question_type = EXCLUDED.question_type, content_type = EXCLUDED.content_type, level = EXCLUDED.level, question = EXCLUDED.question, passage = EXCLUDED.passage, passage_translation = EXCLUDED.passage_translation, general_explanation = EXCLUDED.general_explanation, skill_category = EXCLUDED.skill_category, is_active = EXCLUDED.is_active, is_deleted = EXCLUDED.is_deleted, updated_at = NOW(), updated_by = 'system';
DELETE FROM questions_answers WHERE question_id = 811160019;
INSERT INTO questions_answers (question_id, sentence, sentence_translation, is_correct, "order") VALUES (811160019, 'Bàn bạc tương lai + xin lời khuyên + Sekに関する情報', 'Thông tin liên quan đến Bàn bạc tương lai + xin lời khuyên + Sek', TRUE, 1);
INSERT INTO questions_answers (question_id, sentence, sentence_translation, is_correct, "order") VALUES (811160019, '工場の歴史', 'Lịch sử nhà máy', FALSE, 2);
INSERT INTO questions_answers (question_id, sentence, sentence_translation, is_correct, "order") VALUES (811160019, '社員の名前リスト', 'Danh sách tên nhân viên', FALSE, 3);
INSERT INTO questions_answers (question_id, sentence, sentence_translation, is_correct, "order") VALUES (811160019, '設備の値段', 'Giá thiết bị', FALSE, 4);
INSERT INTO questions (id, user_id, is_system, is_khoa_cu, question_type, content_type, level, selection_type, question, passage, passage_translation, general_explanation, skill_category, base_difficulty, tenant_id, is_active, is_deleted, created_at, created_by) VALUES (811160020, NULL, TRUE, FALSE, 'reading', 'jisshusei_mogishiken_t11_shourai_keikaku', 'N4', 'single', 'この チェックリスト の主旨は何ですか? (Q4)

Ý chính của Danh mục kiểm tra này là gì? (Q4)', '81101505', NULL, 'チェックリスト chứa thông tin về Bàn bạc tương lai + xin lời khuyên + Sekininsha/HACCP/SSW + 育成就労.', 'dokkai', 1, 'system', TRUE, FALSE, NOW(), 'system') ON CONFLICT (id) DO UPDATE SET question_type = EXCLUDED.question_type, content_type = EXCLUDED.content_type, level = EXCLUDED.level, question = EXCLUDED.question, passage = EXCLUDED.passage, passage_translation = EXCLUDED.passage_translation, general_explanation = EXCLUDED.general_explanation, skill_category = EXCLUDED.skill_category, is_active = EXCLUDED.is_active, is_deleted = EXCLUDED.is_deleted, updated_at = NOW(), updated_by = 'system';
DELETE FROM questions_answers WHERE question_id = 811160020;
INSERT INTO questions_answers (question_id, sentence, sentence_translation, is_correct, "order") VALUES (811160020, 'Bàn bạc tương lai + xin lời khuyên + Sekに関する情報', 'Thông tin liên quan đến Bàn bạc tương lai + xin lời khuyên + Sek', TRUE, 1);
INSERT INTO questions_answers (question_id, sentence, sentence_translation, is_correct, "order") VALUES (811160020, '工場の歴史', 'Lịch sử nhà máy', FALSE, 2);
INSERT INTO questions_answers (question_id, sentence, sentence_translation, is_correct, "order") VALUES (811160020, '社員の名前リスト', 'Danh sách tên nhân viên', FALSE, 3);
INSERT INTO questions_answers (question_id, sentence, sentence_translation, is_correct, "order") VALUES (811160020, '設備の値段', 'Giá thiết bị', FALSE, 4);

INSERT INTO study_question_sets (id, name, description, set_type, card_count, tenant_id, is_active, is_deleted, created_at, created_by) VALUES (8110161, 'T11. Định hướng tương lai — Reading Section 1: Bảng quy trình', 'Đọc hiểu Bảng quy trình', 'reading', 4, 'system', TRUE, FALSE, NOW(), 'system') ON CONFLICT (id) DO UPDATE SET name = EXCLUDED.name, description = EXCLUDED.description, set_type = EXCLUDED.set_type, card_count = EXCLUDED.card_count, is_active = EXCLUDED.is_active, is_deleted = EXCLUDED.is_deleted, updated_at = NOW(), updated_by = 'system';
INSERT INTO study_question_set_questions (study_question_set_id, question_id, order_index, tenant_id, is_deleted, created_at, created_by) VALUES (8110161, 811160001, 1, 'system', FALSE, NOW(), 'system') ON CONFLICT (study_question_set_id, question_id) DO UPDATE SET order_index = EXCLUDED.order_index, is_deleted = FALSE;
INSERT INTO study_question_set_questions (study_question_set_id, question_id, order_index, tenant_id, is_deleted, created_at, created_by) VALUES (8110161, 811160002, 2, 'system', FALSE, NOW(), 'system') ON CONFLICT (study_question_set_id, question_id) DO UPDATE SET order_index = EXCLUDED.order_index, is_deleted = FALSE;
INSERT INTO study_question_set_questions (study_question_set_id, question_id, order_index, tenant_id, is_deleted, created_at, created_by) VALUES (8110161, 811160003, 3, 'system', FALSE, NOW(), 'system') ON CONFLICT (study_question_set_id, question_id) DO UPDATE SET order_index = EXCLUDED.order_index, is_deleted = FALSE;
INSERT INTO study_question_set_questions (study_question_set_id, question_id, order_index, tenant_id, is_deleted, created_at, created_by) VALUES (8110161, 811160004, 4, 'system', FALSE, NOW(), 'system') ON CONFLICT (study_question_set_id, question_id) DO UPDATE SET order_index = EXCLUDED.order_index, is_deleted = FALSE;
INSERT INTO study_resource_question_sets (resource_type, resource_id, study_question_set_id, position, context, tenant_id, is_active, is_deleted, created_at, created_by) VALUES ('module', 8011011, 8110161, 5, '{"label": "T11. Định hướng tương lai — Reading Section 1: Bảng quy trình"}'::jsonb, 'system', TRUE, FALSE, NOW(), 'system') ON CONFLICT (resource_type, resource_id, study_question_set_id) DO UPDATE SET position = EXCLUDED.position, context = EXCLUDED.context, is_active = TRUE, is_deleted = FALSE;

INSERT INTO study_question_sets (id, name, description, set_type, card_count, tenant_id, is_active, is_deleted, created_at, created_by) VALUES (8110162, 'T11. Định hướng tương lai — Reading Section 2: Sổ tay hướng dẫn', 'Đọc hiểu Sổ tay hướng dẫn', 'reading', 4, 'system', TRUE, FALSE, NOW(), 'system') ON CONFLICT (id) DO UPDATE SET name = EXCLUDED.name, description = EXCLUDED.description, set_type = EXCLUDED.set_type, card_count = EXCLUDED.card_count, is_active = EXCLUDED.is_active, is_deleted = EXCLUDED.is_deleted, updated_at = NOW(), updated_by = 'system';
INSERT INTO study_question_set_questions (study_question_set_id, question_id, order_index, tenant_id, is_deleted, created_at, created_by) VALUES (8110162, 811160005, 1, 'system', FALSE, NOW(), 'system') ON CONFLICT (study_question_set_id, question_id) DO UPDATE SET order_index = EXCLUDED.order_index, is_deleted = FALSE;
INSERT INTO study_question_set_questions (study_question_set_id, question_id, order_index, tenant_id, is_deleted, created_at, created_by) VALUES (8110162, 811160006, 2, 'system', FALSE, NOW(), 'system') ON CONFLICT (study_question_set_id, question_id) DO UPDATE SET order_index = EXCLUDED.order_index, is_deleted = FALSE;
INSERT INTO study_question_set_questions (study_question_set_id, question_id, order_index, tenant_id, is_deleted, created_at, created_by) VALUES (8110162, 811160007, 3, 'system', FALSE, NOW(), 'system') ON CONFLICT (study_question_set_id, question_id) DO UPDATE SET order_index = EXCLUDED.order_index, is_deleted = FALSE;
INSERT INTO study_question_set_questions (study_question_set_id, question_id, order_index, tenant_id, is_deleted, created_at, created_by) VALUES (8110162, 811160008, 4, 'system', FALSE, NOW(), 'system') ON CONFLICT (study_question_set_id, question_id) DO UPDATE SET order_index = EXCLUDED.order_index, is_deleted = FALSE;
INSERT INTO study_resource_question_sets (resource_type, resource_id, study_question_set_id, position, context, tenant_id, is_active, is_deleted, created_at, created_by) VALUES ('module', 8011011, 8110162, 6, '{"label": "T11. Định hướng tương lai — Reading Section 2: Sổ tay hướng dẫn"}'::jsonb, 'system', TRUE, FALSE, NOW(), 'system') ON CONFLICT (resource_type, resource_id, study_question_set_id) DO UPDATE SET position = EXCLUDED.position, context = EXCLUDED.context, is_active = TRUE, is_deleted = FALSE;

INSERT INTO study_question_sets (id, name, description, set_type, card_count, tenant_id, is_active, is_deleted, created_at, created_by) VALUES (8110163, 'T11. Định hướng tương lai — Reading Section 3: Báo cáo', 'Đọc hiểu Báo cáo', 'reading', 4, 'system', TRUE, FALSE, NOW(), 'system') ON CONFLICT (id) DO UPDATE SET name = EXCLUDED.name, description = EXCLUDED.description, set_type = EXCLUDED.set_type, card_count = EXCLUDED.card_count, is_active = EXCLUDED.is_active, is_deleted = EXCLUDED.is_deleted, updated_at = NOW(), updated_by = 'system';
INSERT INTO study_question_set_questions (study_question_set_id, question_id, order_index, tenant_id, is_deleted, created_at, created_by) VALUES (8110163, 811160009, 1, 'system', FALSE, NOW(), 'system') ON CONFLICT (study_question_set_id, question_id) DO UPDATE SET order_index = EXCLUDED.order_index, is_deleted = FALSE;
INSERT INTO study_question_set_questions (study_question_set_id, question_id, order_index, tenant_id, is_deleted, created_at, created_by) VALUES (8110163, 811160010, 2, 'system', FALSE, NOW(), 'system') ON CONFLICT (study_question_set_id, question_id) DO UPDATE SET order_index = EXCLUDED.order_index, is_deleted = FALSE;
INSERT INTO study_question_set_questions (study_question_set_id, question_id, order_index, tenant_id, is_deleted, created_at, created_by) VALUES (8110163, 811160011, 3, 'system', FALSE, NOW(), 'system') ON CONFLICT (study_question_set_id, question_id) DO UPDATE SET order_index = EXCLUDED.order_index, is_deleted = FALSE;
INSERT INTO study_question_set_questions (study_question_set_id, question_id, order_index, tenant_id, is_deleted, created_at, created_by) VALUES (8110163, 811160012, 4, 'system', FALSE, NOW(), 'system') ON CONFLICT (study_question_set_id, question_id) DO UPDATE SET order_index = EXCLUDED.order_index, is_deleted = FALSE;
INSERT INTO study_resource_question_sets (resource_type, resource_id, study_question_set_id, position, context, tenant_id, is_active, is_deleted, created_at, created_by) VALUES ('module', 8011011, 8110163, 7, '{"label": "T11. Định hướng tương lai — Reading Section 3: Báo cáo"}'::jsonb, 'system', TRUE, FALSE, NOW(), 'system') ON CONFLICT (resource_type, resource_id, study_question_set_id) DO UPDATE SET position = EXCLUDED.position, context = EXCLUDED.context, is_active = TRUE, is_deleted = FALSE;

INSERT INTO study_question_sets (id, name, description, set_type, card_count, tenant_id, is_active, is_deleted, created_at, created_by) VALUES (8110164, 'T11. Định hướng tương lai — Reading Section 4: Thông báo', 'Đọc hiểu Thông báo', 'reading', 4, 'system', TRUE, FALSE, NOW(), 'system') ON CONFLICT (id) DO UPDATE SET name = EXCLUDED.name, description = EXCLUDED.description, set_type = EXCLUDED.set_type, card_count = EXCLUDED.card_count, is_active = EXCLUDED.is_active, is_deleted = EXCLUDED.is_deleted, updated_at = NOW(), updated_by = 'system';
INSERT INTO study_question_set_questions (study_question_set_id, question_id, order_index, tenant_id, is_deleted, created_at, created_by) VALUES (8110164, 811160013, 1, 'system', FALSE, NOW(), 'system') ON CONFLICT (study_question_set_id, question_id) DO UPDATE SET order_index = EXCLUDED.order_index, is_deleted = FALSE;
INSERT INTO study_question_set_questions (study_question_set_id, question_id, order_index, tenant_id, is_deleted, created_at, created_by) VALUES (8110164, 811160014, 2, 'system', FALSE, NOW(), 'system') ON CONFLICT (study_question_set_id, question_id) DO UPDATE SET order_index = EXCLUDED.order_index, is_deleted = FALSE;
INSERT INTO study_question_set_questions (study_question_set_id, question_id, order_index, tenant_id, is_deleted, created_at, created_by) VALUES (8110164, 811160015, 3, 'system', FALSE, NOW(), 'system') ON CONFLICT (study_question_set_id, question_id) DO UPDATE SET order_index = EXCLUDED.order_index, is_deleted = FALSE;
INSERT INTO study_question_set_questions (study_question_set_id, question_id, order_index, tenant_id, is_deleted, created_at, created_by) VALUES (8110164, 811160016, 4, 'system', FALSE, NOW(), 'system') ON CONFLICT (study_question_set_id, question_id) DO UPDATE SET order_index = EXCLUDED.order_index, is_deleted = FALSE;
INSERT INTO study_resource_question_sets (resource_type, resource_id, study_question_set_id, position, context, tenant_id, is_active, is_deleted, created_at, created_by) VALUES ('module', 8011011, 8110164, 8, '{"label": "T11. Định hướng tương lai — Reading Section 4: Thông báo"}'::jsonb, 'system', TRUE, FALSE, NOW(), 'system') ON CONFLICT (resource_type, resource_id, study_question_set_id) DO UPDATE SET position = EXCLUDED.position, context = EXCLUDED.context, is_active = TRUE, is_deleted = FALSE;

INSERT INTO study_question_sets (id, name, description, set_type, card_count, tenant_id, is_active, is_deleted, created_at, created_by) VALUES (8110165, 'T11. Định hướng tương lai — Reading Section 5: Danh mục kiểm tra', 'Đọc hiểu Danh mục kiểm tra', 'reading', 4, 'system', TRUE, FALSE, NOW(), 'system') ON CONFLICT (id) DO UPDATE SET name = EXCLUDED.name, description = EXCLUDED.description, set_type = EXCLUDED.set_type, card_count = EXCLUDED.card_count, is_active = EXCLUDED.is_active, is_deleted = EXCLUDED.is_deleted, updated_at = NOW(), updated_by = 'system';
INSERT INTO study_question_set_questions (study_question_set_id, question_id, order_index, tenant_id, is_deleted, created_at, created_by) VALUES (8110165, 811160017, 1, 'system', FALSE, NOW(), 'system') ON CONFLICT (study_question_set_id, question_id) DO UPDATE SET order_index = EXCLUDED.order_index, is_deleted = FALSE;
INSERT INTO study_question_set_questions (study_question_set_id, question_id, order_index, tenant_id, is_deleted, created_at, created_by) VALUES (8110165, 811160018, 2, 'system', FALSE, NOW(), 'system') ON CONFLICT (study_question_set_id, question_id) DO UPDATE SET order_index = EXCLUDED.order_index, is_deleted = FALSE;
INSERT INTO study_question_set_questions (study_question_set_id, question_id, order_index, tenant_id, is_deleted, created_at, created_by) VALUES (8110165, 811160019, 3, 'system', FALSE, NOW(), 'system') ON CONFLICT (study_question_set_id, question_id) DO UPDATE SET order_index = EXCLUDED.order_index, is_deleted = FALSE;
INSERT INTO study_question_set_questions (study_question_set_id, question_id, order_index, tenant_id, is_deleted, created_at, created_by) VALUES (8110165, 811160020, 4, 'system', FALSE, NOW(), 'system') ON CONFLICT (study_question_set_id, question_id) DO UPDATE SET order_index = EXCLUDED.order_index, is_deleted = FALSE;
INSERT INTO study_resource_question_sets (resource_type, resource_id, study_question_set_id, position, context, tenant_id, is_active, is_deleted, created_at, created_by) VALUES ('module', 8011011, 8110165, 9, '{"label": "T11. Định hướng tương lai — Reading Section 5: Danh mục kiểm tra"}'::jsonb, 'system', TRUE, FALSE, NOW(), 'system') ON CONFLICT (resource_type, resource_id, study_question_set_id) DO UPDATE SET position = EXCLUDED.position, context = EXCLUDED.context, is_active = TRUE, is_deleted = FALSE;

-- BaiTap: t12_bonenkai_furikaeri (40 questions)
INSERT INTO questions (id, user_id, is_system, is_khoa_cu, question_type, content_type, level, selection_type, question, passage, passage_translation, general_explanation, skill_category, base_difficulty, tenant_id, is_active, is_deleted, created_at, created_by) VALUES (811250001, NULL, TRUE, FALSE, 'chon_dap_an', 'jisshusei_baitap_t12_bonenkai_furikaeri', 'N5', 'single', '「忘年会」 trong ngữ cảnh chương 12 có nghĩa liên quan đến gì?

「忘年会」 trong chương 12 liên quan đến:', NULL, NULL, '「忘年会」 thuộc chủ đề: Bonenkai + 一本締め + cảm ơn cao cấp + speech + chia tay.', 'grammar', 1, 'system', TRUE, FALSE, NOW(), 'system') ON CONFLICT (id) DO UPDATE SET question_type = EXCLUDED.question_type, content_type = EXCLUDED.content_type, level = EXCLUDED.level, question = EXCLUDED.question, passage = EXCLUDED.passage, passage_translation = EXCLUDED.passage_translation, general_explanation = EXCLUDED.general_explanation, skill_category = EXCLUDED.skill_category, is_active = EXCLUDED.is_active, is_deleted = EXCLUDED.is_deleted, updated_at = NOW(), updated_by = 'system';
DELETE FROM questions_answers WHERE question_id = 811250001;
INSERT INTO questions_answers (question_id, sentence, sentence_translation, is_correct, "order") VALUES (811250001, 'Bonenkai + 一本締め + cảm ơn cao c', NULL, TRUE, 1);
INSERT INTO questions_answers (question_id, sentence, sentence_translation, is_correct, "order") VALUES (811250001, 'Khái niệm không liên quan A', 'Khái niệm không liên quan A', FALSE, 2);
INSERT INTO questions_answers (question_id, sentence, sentence_translation, is_correct, "order") VALUES (811250001, 'Khái niệm không liên quan B', 'Khái niệm không liên quan B', FALSE, 3);
INSERT INTO questions_answers (question_id, sentence, sentence_translation, is_correct, "order") VALUES (811250001, 'Khái niệm không liên quan C', 'Khái niệm không liên quan C', FALSE, 4);
INSERT INTO questions (id, user_id, is_system, is_khoa_cu, question_type, content_type, level, selection_type, question, passage, passage_translation, general_explanation, skill_category, base_difficulty, tenant_id, is_active, is_deleted, created_at, created_by) VALUES (811250002, NULL, TRUE, FALSE, 'chon_dap_an', 'jisshusei_baitap_t12_bonenkai_furikaeri', 'N5', 'single', '「新年会」 trong ngữ cảnh chương 12 có nghĩa liên quan đến gì?

「新年会」 trong chương 12 liên quan đến:', NULL, NULL, '「新年会」 thuộc chủ đề: Bonenkai + 一本締め + cảm ơn cao cấp + speech + chia tay.', 'grammar', 1, 'system', TRUE, FALSE, NOW(), 'system') ON CONFLICT (id) DO UPDATE SET question_type = EXCLUDED.question_type, content_type = EXCLUDED.content_type, level = EXCLUDED.level, question = EXCLUDED.question, passage = EXCLUDED.passage, passage_translation = EXCLUDED.passage_translation, general_explanation = EXCLUDED.general_explanation, skill_category = EXCLUDED.skill_category, is_active = EXCLUDED.is_active, is_deleted = EXCLUDED.is_deleted, updated_at = NOW(), updated_by = 'system';
DELETE FROM questions_answers WHERE question_id = 811250002;
INSERT INTO questions_answers (question_id, sentence, sentence_translation, is_correct, "order") VALUES (811250002, 'Bonenkai + 一本締め + cảm ơn cao c', NULL, TRUE, 1);
INSERT INTO questions_answers (question_id, sentence, sentence_translation, is_correct, "order") VALUES (811250002, 'Khái niệm không liên quan A', 'Khái niệm không liên quan A', FALSE, 2);
INSERT INTO questions_answers (question_id, sentence, sentence_translation, is_correct, "order") VALUES (811250002, 'Khái niệm không liên quan B', 'Khái niệm không liên quan B', FALSE, 3);
INSERT INTO questions_answers (question_id, sentence, sentence_translation, is_correct, "order") VALUES (811250002, 'Khái niệm không liên quan C', 'Khái niệm không liên quan C', FALSE, 4);
INSERT INTO questions (id, user_id, is_system, is_khoa_cu, question_type, content_type, level, selection_type, question, passage, passage_translation, general_explanation, skill_category, base_difficulty, tenant_id, is_active, is_deleted, created_at, created_by) VALUES (811250003, NULL, TRUE, FALSE, 'chon_dap_an', 'jisshusei_baitap_t12_bonenkai_furikaeri', 'N5', 'single', '「乾杯」 trong ngữ cảnh chương 12 có nghĩa liên quan đến gì?

「乾杯」 trong chương 12 liên quan đến:', NULL, NULL, '「乾杯」 thuộc chủ đề: Bonenkai + 一本締め + cảm ơn cao cấp + speech + chia tay.', 'grammar', 1, 'system', TRUE, FALSE, NOW(), 'system') ON CONFLICT (id) DO UPDATE SET question_type = EXCLUDED.question_type, content_type = EXCLUDED.content_type, level = EXCLUDED.level, question = EXCLUDED.question, passage = EXCLUDED.passage, passage_translation = EXCLUDED.passage_translation, general_explanation = EXCLUDED.general_explanation, skill_category = EXCLUDED.skill_category, is_active = EXCLUDED.is_active, is_deleted = EXCLUDED.is_deleted, updated_at = NOW(), updated_by = 'system';
DELETE FROM questions_answers WHERE question_id = 811250003;
INSERT INTO questions_answers (question_id, sentence, sentence_translation, is_correct, "order") VALUES (811250003, 'Bonenkai + 一本締め + cảm ơn cao c', NULL, TRUE, 1);
INSERT INTO questions_answers (question_id, sentence, sentence_translation, is_correct, "order") VALUES (811250003, 'Khái niệm không liên quan A', 'Khái niệm không liên quan A', FALSE, 2);
INSERT INTO questions_answers (question_id, sentence, sentence_translation, is_correct, "order") VALUES (811250003, 'Khái niệm không liên quan B', 'Khái niệm không liên quan B', FALSE, 3);
INSERT INTO questions_answers (question_id, sentence, sentence_translation, is_correct, "order") VALUES (811250003, 'Khái niệm không liên quan C', 'Khái niệm không liên quan C', FALSE, 4);
INSERT INTO questions (id, user_id, is_system, is_khoa_cu, question_type, content_type, level, selection_type, question, passage, passage_translation, general_explanation, skill_category, base_difficulty, tenant_id, is_active, is_deleted, created_at, created_by) VALUES (811250004, NULL, TRUE, FALSE, 'chon_dap_an', 'jisshusei_baitap_t12_bonenkai_furikaeri', 'N5', 'single', '「一本締め」 trong ngữ cảnh chương 12 có nghĩa liên quan đến gì?

「一本締め」 trong chương 12 liên quan đến:', NULL, NULL, '「一本締め」 thuộc chủ đề: Bonenkai + 一本締め + cảm ơn cao cấp + speech + chia tay.', 'grammar', 1, 'system', TRUE, FALSE, NOW(), 'system') ON CONFLICT (id) DO UPDATE SET question_type = EXCLUDED.question_type, content_type = EXCLUDED.content_type, level = EXCLUDED.level, question = EXCLUDED.question, passage = EXCLUDED.passage, passage_translation = EXCLUDED.passage_translation, general_explanation = EXCLUDED.general_explanation, skill_category = EXCLUDED.skill_category, is_active = EXCLUDED.is_active, is_deleted = EXCLUDED.is_deleted, updated_at = NOW(), updated_by = 'system';
DELETE FROM questions_answers WHERE question_id = 811250004;
INSERT INTO questions_answers (question_id, sentence, sentence_translation, is_correct, "order") VALUES (811250004, 'Bonenkai + 一本締め + cảm ơn cao c', NULL, TRUE, 1);
INSERT INTO questions_answers (question_id, sentence, sentence_translation, is_correct, "order") VALUES (811250004, 'Khái niệm không liên quan A', 'Khái niệm không liên quan A', FALSE, 2);
INSERT INTO questions_answers (question_id, sentence, sentence_translation, is_correct, "order") VALUES (811250004, 'Khái niệm không liên quan B', 'Khái niệm không liên quan B', FALSE, 3);
INSERT INTO questions_answers (question_id, sentence, sentence_translation, is_correct, "order") VALUES (811250004, 'Khái niệm không liên quan C', 'Khái niệm không liên quan C', FALSE, 4);
INSERT INTO questions (id, user_id, is_system, is_khoa_cu, question_type, content_type, level, selection_type, question, passage, passage_translation, general_explanation, skill_category, base_difficulty, tenant_id, is_active, is_deleted, created_at, created_by) VALUES (811250005, NULL, TRUE, FALSE, 'chon_dap_an', 'jisshusei_baitap_t12_bonenkai_furikaeri', 'N5', 'single', '「スピーチ」 trong ngữ cảnh chương 12 có nghĩa liên quan đến gì?

「スピーチ」 trong chương 12 liên quan đến:', NULL, NULL, '「スピーチ」 thuộc chủ đề: Bonenkai + 一本締め + cảm ơn cao cấp + speech + chia tay.', 'grammar', 1, 'system', TRUE, FALSE, NOW(), 'system') ON CONFLICT (id) DO UPDATE SET question_type = EXCLUDED.question_type, content_type = EXCLUDED.content_type, level = EXCLUDED.level, question = EXCLUDED.question, passage = EXCLUDED.passage, passage_translation = EXCLUDED.passage_translation, general_explanation = EXCLUDED.general_explanation, skill_category = EXCLUDED.skill_category, is_active = EXCLUDED.is_active, is_deleted = EXCLUDED.is_deleted, updated_at = NOW(), updated_by = 'system';
DELETE FROM questions_answers WHERE question_id = 811250005;
INSERT INTO questions_answers (question_id, sentence, sentence_translation, is_correct, "order") VALUES (811250005, 'Bonenkai + 一本締め + cảm ơn cao c', NULL, TRUE, 1);
INSERT INTO questions_answers (question_id, sentence, sentence_translation, is_correct, "order") VALUES (811250005, 'Khái niệm không liên quan A', 'Khái niệm không liên quan A', FALSE, 2);
INSERT INTO questions_answers (question_id, sentence, sentence_translation, is_correct, "order") VALUES (811250005, 'Khái niệm không liên quan B', 'Khái niệm không liên quan B', FALSE, 3);
INSERT INTO questions_answers (question_id, sentence, sentence_translation, is_correct, "order") VALUES (811250005, 'Khái niệm không liên quan C', 'Khái niệm không liên quan C', FALSE, 4);
INSERT INTO questions (id, user_id, is_system, is_khoa_cu, question_type, content_type, level, selection_type, question, passage, passage_translation, general_explanation, skill_category, base_difficulty, tenant_id, is_active, is_deleted, created_at, created_by) VALUES (811250006, NULL, TRUE, FALSE, 'chon_dap_an', 'jisshusei_baitap_t12_bonenkai_furikaeri', 'N5', 'single', '「おかげさまで」 trong ngữ cảnh chương 12 có nghĩa liên quan đến gì?

「おかげさまで」 trong chương 12 liên quan đến:', NULL, NULL, '「おかげさまで」 thuộc chủ đề: Bonenkai + 一本締め + cảm ơn cao cấp + speech + chia tay.', 'grammar', 1, 'system', TRUE, FALSE, NOW(), 'system') ON CONFLICT (id) DO UPDATE SET question_type = EXCLUDED.question_type, content_type = EXCLUDED.content_type, level = EXCLUDED.level, question = EXCLUDED.question, passage = EXCLUDED.passage, passage_translation = EXCLUDED.passage_translation, general_explanation = EXCLUDED.general_explanation, skill_category = EXCLUDED.skill_category, is_active = EXCLUDED.is_active, is_deleted = EXCLUDED.is_deleted, updated_at = NOW(), updated_by = 'system';
DELETE FROM questions_answers WHERE question_id = 811250006;
INSERT INTO questions_answers (question_id, sentence, sentence_translation, is_correct, "order") VALUES (811250006, 'Bonenkai + 一本締め + cảm ơn cao c', NULL, TRUE, 1);
INSERT INTO questions_answers (question_id, sentence, sentence_translation, is_correct, "order") VALUES (811250006, 'Khái niệm không liên quan A', 'Khái niệm không liên quan A', FALSE, 2);
INSERT INTO questions_answers (question_id, sentence, sentence_translation, is_correct, "order") VALUES (811250006, 'Khái niệm không liên quan B', 'Khái niệm không liên quan B', FALSE, 3);
INSERT INTO questions_answers (question_id, sentence, sentence_translation, is_correct, "order") VALUES (811250006, 'Khái niệm không liên quan C', 'Khái niệm không liên quan C', FALSE, 4);
INSERT INTO questions (id, user_id, is_system, is_khoa_cu, question_type, content_type, level, selection_type, question, passage, passage_translation, general_explanation, skill_category, base_difficulty, tenant_id, is_active, is_deleted, created_at, created_by) VALUES (811250007, NULL, TRUE, FALSE, 'chon_dap_an', 'jisshusei_baitap_t12_bonenkai_furikaeri', 'N5', 'single', '「心より感謝」 trong ngữ cảnh chương 12 có nghĩa liên quan đến gì?

「心より感謝」 trong chương 12 liên quan đến:', NULL, NULL, '「心より感謝」 thuộc chủ đề: Bonenkai + 一本締め + cảm ơn cao cấp + speech + chia tay.', 'grammar', 1, 'system', TRUE, FALSE, NOW(), 'system') ON CONFLICT (id) DO UPDATE SET question_type = EXCLUDED.question_type, content_type = EXCLUDED.content_type, level = EXCLUDED.level, question = EXCLUDED.question, passage = EXCLUDED.passage, passage_translation = EXCLUDED.passage_translation, general_explanation = EXCLUDED.general_explanation, skill_category = EXCLUDED.skill_category, is_active = EXCLUDED.is_active, is_deleted = EXCLUDED.is_deleted, updated_at = NOW(), updated_by = 'system';
DELETE FROM questions_answers WHERE question_id = 811250007;
INSERT INTO questions_answers (question_id, sentence, sentence_translation, is_correct, "order") VALUES (811250007, 'Bonenkai + 一本締め + cảm ơn cao c', NULL, TRUE, 1);
INSERT INTO questions_answers (question_id, sentence, sentence_translation, is_correct, "order") VALUES (811250007, 'Khái niệm không liên quan A', 'Khái niệm không liên quan A', FALSE, 2);
INSERT INTO questions_answers (question_id, sentence, sentence_translation, is_correct, "order") VALUES (811250007, 'Khái niệm không liên quan B', 'Khái niệm không liên quan B', FALSE, 3);
INSERT INTO questions_answers (question_id, sentence, sentence_translation, is_correct, "order") VALUES (811250007, 'Khái niệm không liên quan C', 'Khái niệm không liên quan C', FALSE, 4);
INSERT INTO questions (id, user_id, is_system, is_khoa_cu, question_type, content_type, level, selection_type, question, passage, passage_translation, general_explanation, skill_category, base_difficulty, tenant_id, is_active, is_deleted, created_at, created_by) VALUES (811250008, NULL, TRUE, FALSE, 'chon_dap_an', 'jisshusei_baitap_t12_bonenkai_furikaeri', 'N5', 'single', '「お元気で」 trong ngữ cảnh chương 12 có nghĩa liên quan đến gì?

「お元気で」 trong chương 12 liên quan đến:', NULL, NULL, '「お元気で」 thuộc chủ đề: Bonenkai + 一本締め + cảm ơn cao cấp + speech + chia tay.', 'grammar', 1, 'system', TRUE, FALSE, NOW(), 'system') ON CONFLICT (id) DO UPDATE SET question_type = EXCLUDED.question_type, content_type = EXCLUDED.content_type, level = EXCLUDED.level, question = EXCLUDED.question, passage = EXCLUDED.passage, passage_translation = EXCLUDED.passage_translation, general_explanation = EXCLUDED.general_explanation, skill_category = EXCLUDED.skill_category, is_active = EXCLUDED.is_active, is_deleted = EXCLUDED.is_deleted, updated_at = NOW(), updated_by = 'system';
DELETE FROM questions_answers WHERE question_id = 811250008;
INSERT INTO questions_answers (question_id, sentence, sentence_translation, is_correct, "order") VALUES (811250008, 'Bonenkai + 一本締め + cảm ơn cao c', NULL, TRUE, 1);
INSERT INTO questions_answers (question_id, sentence, sentence_translation, is_correct, "order") VALUES (811250008, 'Khái niệm không liên quan A', 'Khái niệm không liên quan A', FALSE, 2);
INSERT INTO questions_answers (question_id, sentence, sentence_translation, is_correct, "order") VALUES (811250008, 'Khái niệm không liên quan B', 'Khái niệm không liên quan B', FALSE, 3);
INSERT INTO questions_answers (question_id, sentence, sentence_translation, is_correct, "order") VALUES (811250008, 'Khái niệm không liên quan C', 'Khái niệm không liên quan C', FALSE, 4);
INSERT INTO questions (id, user_id, is_system, is_khoa_cu, question_type, content_type, level, selection_type, question, passage, passage_translation, general_explanation, skill_category, base_difficulty, tenant_id, is_active, is_deleted, created_at, created_by) VALUES (811250009, NULL, TRUE, FALSE, 'chon_dap_an', 'jisshusei_baitap_t12_bonenkai_furikaeri', 'N5', 'single', '「お世話になりました」 trong ngữ cảnh chương 12 có nghĩa liên quan đến gì?

「お世話になりました」 trong chương 12 liên quan đến:', NULL, NULL, '「お世話になりました」 thuộc chủ đề: Bonenkai + 一本締め + cảm ơn cao cấp + speech + chia tay.', 'grammar', 1, 'system', TRUE, FALSE, NOW(), 'system') ON CONFLICT (id) DO UPDATE SET question_type = EXCLUDED.question_type, content_type = EXCLUDED.content_type, level = EXCLUDED.level, question = EXCLUDED.question, passage = EXCLUDED.passage, passage_translation = EXCLUDED.passage_translation, general_explanation = EXCLUDED.general_explanation, skill_category = EXCLUDED.skill_category, is_active = EXCLUDED.is_active, is_deleted = EXCLUDED.is_deleted, updated_at = NOW(), updated_by = 'system';
DELETE FROM questions_answers WHERE question_id = 811250009;
INSERT INTO questions_answers (question_id, sentence, sentence_translation, is_correct, "order") VALUES (811250009, 'Bonenkai + 一本締め + cảm ơn cao c', NULL, TRUE, 1);
INSERT INTO questions_answers (question_id, sentence, sentence_translation, is_correct, "order") VALUES (811250009, 'Khái niệm không liên quan A', 'Khái niệm không liên quan A', FALSE, 2);
INSERT INTO questions_answers (question_id, sentence, sentence_translation, is_correct, "order") VALUES (811250009, 'Khái niệm không liên quan B', 'Khái niệm không liên quan B', FALSE, 3);
INSERT INTO questions_answers (question_id, sentence, sentence_translation, is_correct, "order") VALUES (811250009, 'Khái niệm không liên quan C', 'Khái niệm không liên quan C', FALSE, 4);
INSERT INTO questions (id, user_id, is_system, is_khoa_cu, question_type, content_type, level, selection_type, question, passage, passage_translation, general_explanation, skill_category, base_difficulty, tenant_id, is_active, is_deleted, created_at, created_by) VALUES (811250010, NULL, TRUE, FALSE, 'chon_dap_an', 'jisshusei_baitap_t12_bonenkai_furikaeri', 'N5', 'single', '「忘年会」 trong ngữ cảnh chương 12 có nghĩa liên quan đến gì?

「忘年会」 trong chương 12 liên quan đến:', NULL, NULL, '「忘年会」 thuộc chủ đề: Bonenkai + 一本締め + cảm ơn cao cấp + speech + chia tay.', 'grammar', 1, 'system', TRUE, FALSE, NOW(), 'system') ON CONFLICT (id) DO UPDATE SET question_type = EXCLUDED.question_type, content_type = EXCLUDED.content_type, level = EXCLUDED.level, question = EXCLUDED.question, passage = EXCLUDED.passage, passage_translation = EXCLUDED.passage_translation, general_explanation = EXCLUDED.general_explanation, skill_category = EXCLUDED.skill_category, is_active = EXCLUDED.is_active, is_deleted = EXCLUDED.is_deleted, updated_at = NOW(), updated_by = 'system';
DELETE FROM questions_answers WHERE question_id = 811250010;
INSERT INTO questions_answers (question_id, sentence, sentence_translation, is_correct, "order") VALUES (811250010, 'Bonenkai + 一本締め + cảm ơn cao c', NULL, TRUE, 1);
INSERT INTO questions_answers (question_id, sentence, sentence_translation, is_correct, "order") VALUES (811250010, 'Khái niệm không liên quan A', 'Khái niệm không liên quan A', FALSE, 2);
INSERT INTO questions_answers (question_id, sentence, sentence_translation, is_correct, "order") VALUES (811250010, 'Khái niệm không liên quan B', 'Khái niệm không liên quan B', FALSE, 3);
INSERT INTO questions_answers (question_id, sentence, sentence_translation, is_correct, "order") VALUES (811250010, 'Khái niệm không liên quan C', 'Khái niệm không liên quan C', FALSE, 4);
INSERT INTO questions (id, user_id, is_system, is_khoa_cu, question_type, content_type, level, selection_type, question, passage, passage_translation, general_explanation, skill_category, base_difficulty, tenant_id, is_active, is_deleted, created_at, created_by) VALUES (811250011, NULL, TRUE, FALSE, 'chon_dap_an', 'jisshusei_baitap_t12_bonenkai_furikaeri', 'N5', 'single', 'Cụm「心より感謝申し上げます」 thường dùng khi nào trong chương 12?

「心より感謝申し上げます」 dùng khi nào?', NULL, NULL, '「心より感謝申し上げます」 được dạy trong chương 12 (Bonenkai + 一本締め + cảm ơn cao cấp + speech + chia tay).', 'grammar', 1, 'system', TRUE, FALSE, NOW(), 'system') ON CONFLICT (id) DO UPDATE SET question_type = EXCLUDED.question_type, content_type = EXCLUDED.content_type, level = EXCLUDED.level, question = EXCLUDED.question, passage = EXCLUDED.passage, passage_translation = EXCLUDED.passage_translation, general_explanation = EXCLUDED.general_explanation, skill_category = EXCLUDED.skill_category, is_active = EXCLUDED.is_active, is_deleted = EXCLUDED.is_deleted, updated_at = NOW(), updated_by = 'system';
DELETE FROM questions_answers WHERE question_id = 811250011;
INSERT INTO questions_answers (question_id, sentence, sentence_translation, is_correct, "order") VALUES (811250011, 'Trong tình huống chương 12: Bonenkai + 一本締め + cảm ơn cao cấp + speec', NULL, TRUE, 1);
INSERT INTO questions_answers (question_id, sentence, sentence_translation, is_correct, "order") VALUES (811250011, 'Khi ngủ', 'Khi ngủ', FALSE, 2);
INSERT INTO questions_answers (question_id, sentence, sentence_translation, is_correct, "order") VALUES (811250011, 'Khi ăn', 'Khi ăn', FALSE, 3);
INSERT INTO questions_answers (question_id, sentence, sentence_translation, is_correct, "order") VALUES (811250011, 'Không dùng', 'Không dùng', FALSE, 4);
INSERT INTO questions (id, user_id, is_system, is_khoa_cu, question_type, content_type, level, selection_type, question, passage, passage_translation, general_explanation, skill_category, base_difficulty, tenant_id, is_active, is_deleted, created_at, created_by) VALUES (811250012, NULL, TRUE, FALSE, 'chon_dap_an', 'jisshusei_baitap_t12_bonenkai_furikaeri', 'N5', 'single', 'Cụm「おかげさまで~できました」 thường dùng khi nào trong chương 12?

「おかげさまで~できました」 dùng khi nào?', NULL, NULL, '「おかげさまで~できました」 được dạy trong chương 12 (Bonenkai + 一本締め + cảm ơn cao cấp + speech + chia tay).', 'grammar', 1, 'system', TRUE, FALSE, NOW(), 'system') ON CONFLICT (id) DO UPDATE SET question_type = EXCLUDED.question_type, content_type = EXCLUDED.content_type, level = EXCLUDED.level, question = EXCLUDED.question, passage = EXCLUDED.passage, passage_translation = EXCLUDED.passage_translation, general_explanation = EXCLUDED.general_explanation, skill_category = EXCLUDED.skill_category, is_active = EXCLUDED.is_active, is_deleted = EXCLUDED.is_deleted, updated_at = NOW(), updated_by = 'system';
DELETE FROM questions_answers WHERE question_id = 811250012;
INSERT INTO questions_answers (question_id, sentence, sentence_translation, is_correct, "order") VALUES (811250012, 'Trong tình huống chương 12: Bonenkai + 一本締め + cảm ơn cao cấp + speec', NULL, TRUE, 1);
INSERT INTO questions_answers (question_id, sentence, sentence_translation, is_correct, "order") VALUES (811250012, 'Khi ngủ', 'Khi ngủ', FALSE, 2);
INSERT INTO questions_answers (question_id, sentence, sentence_translation, is_correct, "order") VALUES (811250012, 'Khi ăn', 'Khi ăn', FALSE, 3);
INSERT INTO questions_answers (question_id, sentence, sentence_translation, is_correct, "order") VALUES (811250012, 'Không dùng', 'Không dùng', FALSE, 4);
INSERT INTO questions (id, user_id, is_system, is_khoa_cu, question_type, content_type, level, selection_type, question, passage, passage_translation, general_explanation, skill_category, base_difficulty, tenant_id, is_active, is_deleted, created_at, created_by) VALUES (811250013, NULL, TRUE, FALSE, 'chon_dap_an', 'jisshusei_baitap_t12_bonenkai_furikaeri', 'N5', 'single', 'Cụm「お世話になりました」 thường dùng khi nào trong chương 12?

「お世話になりました」 dùng khi nào?', NULL, NULL, '「お世話になりました」 được dạy trong chương 12 (Bonenkai + 一本締め + cảm ơn cao cấp + speech + chia tay).', 'grammar', 1, 'system', TRUE, FALSE, NOW(), 'system') ON CONFLICT (id) DO UPDATE SET question_type = EXCLUDED.question_type, content_type = EXCLUDED.content_type, level = EXCLUDED.level, question = EXCLUDED.question, passage = EXCLUDED.passage, passage_translation = EXCLUDED.passage_translation, general_explanation = EXCLUDED.general_explanation, skill_category = EXCLUDED.skill_category, is_active = EXCLUDED.is_active, is_deleted = EXCLUDED.is_deleted, updated_at = NOW(), updated_by = 'system';
DELETE FROM questions_answers WHERE question_id = 811250013;
INSERT INTO questions_answers (question_id, sentence, sentence_translation, is_correct, "order") VALUES (811250013, 'Trong tình huống chương 12: Bonenkai + 一本締め + cảm ơn cao cấp + speec', NULL, TRUE, 1);
INSERT INTO questions_answers (question_id, sentence, sentence_translation, is_correct, "order") VALUES (811250013, 'Khi ngủ', 'Khi ngủ', FALSE, 2);
INSERT INTO questions_answers (question_id, sentence, sentence_translation, is_correct, "order") VALUES (811250013, 'Khi ăn', 'Khi ăn', FALSE, 3);
INSERT INTO questions_answers (question_id, sentence, sentence_translation, is_correct, "order") VALUES (811250013, 'Không dùng', 'Không dùng', FALSE, 4);
INSERT INTO questions (id, user_id, is_system, is_khoa_cu, question_type, content_type, level, selection_type, question, passage, passage_translation, general_explanation, skill_category, base_difficulty, tenant_id, is_active, is_deleted, created_at, created_by) VALUES (811250014, NULL, TRUE, FALSE, 'chon_dap_an', 'jisshusei_baitap_t12_bonenkai_furikaeri', 'N5', 'single', 'Cụm「またお会いしましょう」 thường dùng khi nào trong chương 12?

「またお会いしましょう」 dùng khi nào?', NULL, NULL, '「またお会いしましょう」 được dạy trong chương 12 (Bonenkai + 一本締め + cảm ơn cao cấp + speech + chia tay).', 'grammar', 1, 'system', TRUE, FALSE, NOW(), 'system') ON CONFLICT (id) DO UPDATE SET question_type = EXCLUDED.question_type, content_type = EXCLUDED.content_type, level = EXCLUDED.level, question = EXCLUDED.question, passage = EXCLUDED.passage, passage_translation = EXCLUDED.passage_translation, general_explanation = EXCLUDED.general_explanation, skill_category = EXCLUDED.skill_category, is_active = EXCLUDED.is_active, is_deleted = EXCLUDED.is_deleted, updated_at = NOW(), updated_by = 'system';
DELETE FROM questions_answers WHERE question_id = 811250014;
INSERT INTO questions_answers (question_id, sentence, sentence_translation, is_correct, "order") VALUES (811250014, 'Trong tình huống chương 12: Bonenkai + 一本締め + cảm ơn cao cấp + speec', NULL, TRUE, 1);
INSERT INTO questions_answers (question_id, sentence, sentence_translation, is_correct, "order") VALUES (811250014, 'Khi ngủ', 'Khi ngủ', FALSE, 2);
INSERT INTO questions_answers (question_id, sentence, sentence_translation, is_correct, "order") VALUES (811250014, 'Khi ăn', 'Khi ăn', FALSE, 3);
INSERT INTO questions_answers (question_id, sentence, sentence_translation, is_correct, "order") VALUES (811250014, 'Không dùng', 'Không dùng', FALSE, 4);
INSERT INTO questions (id, user_id, is_system, is_khoa_cu, question_type, content_type, level, selection_type, question, passage, passage_translation, general_explanation, skill_category, base_difficulty, tenant_id, is_active, is_deleted, created_at, created_by) VALUES (811250015, NULL, TRUE, FALSE, 'chon_dap_an', 'jisshusei_baitap_t12_bonenkai_furikaeri', 'N5', 'single', 'Cụm「心より感謝申し上げます」 thường dùng khi nào trong chương 12?

「心より感謝申し上げます」 dùng khi nào?', NULL, NULL, '「心より感謝申し上げます」 được dạy trong chương 12 (Bonenkai + 一本締め + cảm ơn cao cấp + speech + chia tay).', 'grammar', 1, 'system', TRUE, FALSE, NOW(), 'system') ON CONFLICT (id) DO UPDATE SET question_type = EXCLUDED.question_type, content_type = EXCLUDED.content_type, level = EXCLUDED.level, question = EXCLUDED.question, passage = EXCLUDED.passage, passage_translation = EXCLUDED.passage_translation, general_explanation = EXCLUDED.general_explanation, skill_category = EXCLUDED.skill_category, is_active = EXCLUDED.is_active, is_deleted = EXCLUDED.is_deleted, updated_at = NOW(), updated_by = 'system';
DELETE FROM questions_answers WHERE question_id = 811250015;
INSERT INTO questions_answers (question_id, sentence, sentence_translation, is_correct, "order") VALUES (811250015, 'Trong tình huống chương 12: Bonenkai + 一本締め + cảm ơn cao cấp + speec', NULL, TRUE, 1);
INSERT INTO questions_answers (question_id, sentence, sentence_translation, is_correct, "order") VALUES (811250015, 'Khi ngủ', 'Khi ngủ', FALSE, 2);
INSERT INTO questions_answers (question_id, sentence, sentence_translation, is_correct, "order") VALUES (811250015, 'Khi ăn', 'Khi ăn', FALSE, 3);
INSERT INTO questions_answers (question_id, sentence, sentence_translation, is_correct, "order") VALUES (811250015, 'Không dùng', 'Không dùng', FALSE, 4);
INSERT INTO questions (id, user_id, is_system, is_khoa_cu, question_type, content_type, level, selection_type, question, passage, passage_translation, general_explanation, skill_category, base_difficulty, tenant_id, is_active, is_deleted, created_at, created_by) VALUES (811250016, NULL, TRUE, FALSE, 'chon_dap_an', 'jisshusei_baitap_t12_bonenkai_furikaeri', 'N5', 'single', 'Cụm「おかげさまで~できました」 thường dùng khi nào trong chương 12?

「おかげさまで~できました」 dùng khi nào?', NULL, NULL, '「おかげさまで~できました」 được dạy trong chương 12 (Bonenkai + 一本締め + cảm ơn cao cấp + speech + chia tay).', 'grammar', 1, 'system', TRUE, FALSE, NOW(), 'system') ON CONFLICT (id) DO UPDATE SET question_type = EXCLUDED.question_type, content_type = EXCLUDED.content_type, level = EXCLUDED.level, question = EXCLUDED.question, passage = EXCLUDED.passage, passage_translation = EXCLUDED.passage_translation, general_explanation = EXCLUDED.general_explanation, skill_category = EXCLUDED.skill_category, is_active = EXCLUDED.is_active, is_deleted = EXCLUDED.is_deleted, updated_at = NOW(), updated_by = 'system';
DELETE FROM questions_answers WHERE question_id = 811250016;
INSERT INTO questions_answers (question_id, sentence, sentence_translation, is_correct, "order") VALUES (811250016, 'Trong tình huống chương 12: Bonenkai + 一本締め + cảm ơn cao cấp + speec', NULL, TRUE, 1);
INSERT INTO questions_answers (question_id, sentence, sentence_translation, is_correct, "order") VALUES (811250016, 'Khi ngủ', 'Khi ngủ', FALSE, 2);
INSERT INTO questions_answers (question_id, sentence, sentence_translation, is_correct, "order") VALUES (811250016, 'Khi ăn', 'Khi ăn', FALSE, 3);
INSERT INTO questions_answers (question_id, sentence, sentence_translation, is_correct, "order") VALUES (811250016, 'Không dùng', 'Không dùng', FALSE, 4);
INSERT INTO questions (id, user_id, is_system, is_khoa_cu, question_type, content_type, level, selection_type, question, passage, passage_translation, general_explanation, skill_category, base_difficulty, tenant_id, is_active, is_deleted, created_at, created_by) VALUES (811250017, NULL, TRUE, FALSE, 'chon_dap_an', 'jisshusei_baitap_t12_bonenkai_furikaeri', 'N5', 'single', 'Cụm「お世話になりました」 thường dùng khi nào trong chương 12?

「お世話になりました」 dùng khi nào?', NULL, NULL, '「お世話になりました」 được dạy trong chương 12 (Bonenkai + 一本締め + cảm ơn cao cấp + speech + chia tay).', 'grammar', 1, 'system', TRUE, FALSE, NOW(), 'system') ON CONFLICT (id) DO UPDATE SET question_type = EXCLUDED.question_type, content_type = EXCLUDED.content_type, level = EXCLUDED.level, question = EXCLUDED.question, passage = EXCLUDED.passage, passage_translation = EXCLUDED.passage_translation, general_explanation = EXCLUDED.general_explanation, skill_category = EXCLUDED.skill_category, is_active = EXCLUDED.is_active, is_deleted = EXCLUDED.is_deleted, updated_at = NOW(), updated_by = 'system';
DELETE FROM questions_answers WHERE question_id = 811250017;
INSERT INTO questions_answers (question_id, sentence, sentence_translation, is_correct, "order") VALUES (811250017, 'Trong tình huống chương 12: Bonenkai + 一本締め + cảm ơn cao cấp + speec', NULL, TRUE, 1);
INSERT INTO questions_answers (question_id, sentence, sentence_translation, is_correct, "order") VALUES (811250017, 'Khi ngủ', 'Khi ngủ', FALSE, 2);
INSERT INTO questions_answers (question_id, sentence, sentence_translation, is_correct, "order") VALUES (811250017, 'Khi ăn', 'Khi ăn', FALSE, 3);
INSERT INTO questions_answers (question_id, sentence, sentence_translation, is_correct, "order") VALUES (811250017, 'Không dùng', 'Không dùng', FALSE, 4);
INSERT INTO questions (id, user_id, is_system, is_khoa_cu, question_type, content_type, level, selection_type, question, passage, passage_translation, general_explanation, skill_category, base_difficulty, tenant_id, is_active, is_deleted, created_at, created_by) VALUES (811250018, NULL, TRUE, FALSE, 'chon_dap_an', 'jisshusei_baitap_t12_bonenkai_furikaeri', 'N5', 'single', 'Cụm「またお会いしましょう」 thường dùng khi nào trong chương 12?

「またお会いしましょう」 dùng khi nào?', NULL, NULL, '「またお会いしましょう」 được dạy trong chương 12 (Bonenkai + 一本締め + cảm ơn cao cấp + speech + chia tay).', 'grammar', 1, 'system', TRUE, FALSE, NOW(), 'system') ON CONFLICT (id) DO UPDATE SET question_type = EXCLUDED.question_type, content_type = EXCLUDED.content_type, level = EXCLUDED.level, question = EXCLUDED.question, passage = EXCLUDED.passage, passage_translation = EXCLUDED.passage_translation, general_explanation = EXCLUDED.general_explanation, skill_category = EXCLUDED.skill_category, is_active = EXCLUDED.is_active, is_deleted = EXCLUDED.is_deleted, updated_at = NOW(), updated_by = 'system';
DELETE FROM questions_answers WHERE question_id = 811250018;
INSERT INTO questions_answers (question_id, sentence, sentence_translation, is_correct, "order") VALUES (811250018, 'Trong tình huống chương 12: Bonenkai + 一本締め + cảm ơn cao cấp + speec', NULL, TRUE, 1);
INSERT INTO questions_answers (question_id, sentence, sentence_translation, is_correct, "order") VALUES (811250018, 'Khi ngủ', 'Khi ngủ', FALSE, 2);
INSERT INTO questions_answers (question_id, sentence, sentence_translation, is_correct, "order") VALUES (811250018, 'Khi ăn', 'Khi ăn', FALSE, 3);
INSERT INTO questions_answers (question_id, sentence, sentence_translation, is_correct, "order") VALUES (811250018, 'Không dùng', 'Không dùng', FALSE, 4);
INSERT INTO questions (id, user_id, is_system, is_khoa_cu, question_type, content_type, level, selection_type, question, passage, passage_translation, general_explanation, skill_category, base_difficulty, tenant_id, is_active, is_deleted, created_at, created_by) VALUES (811250019, NULL, TRUE, FALSE, 'chon_dap_an', 'jisshusei_baitap_t12_bonenkai_furikaeri', 'N5', 'single', 'Cụm「心より感謝申し上げます」 thường dùng khi nào trong chương 12?

「心より感謝申し上げます」 dùng khi nào?', NULL, NULL, '「心より感謝申し上げます」 được dạy trong chương 12 (Bonenkai + 一本締め + cảm ơn cao cấp + speech + chia tay).', 'grammar', 1, 'system', TRUE, FALSE, NOW(), 'system') ON CONFLICT (id) DO UPDATE SET question_type = EXCLUDED.question_type, content_type = EXCLUDED.content_type, level = EXCLUDED.level, question = EXCLUDED.question, passage = EXCLUDED.passage, passage_translation = EXCLUDED.passage_translation, general_explanation = EXCLUDED.general_explanation, skill_category = EXCLUDED.skill_category, is_active = EXCLUDED.is_active, is_deleted = EXCLUDED.is_deleted, updated_at = NOW(), updated_by = 'system';
DELETE FROM questions_answers WHERE question_id = 811250019;
INSERT INTO questions_answers (question_id, sentence, sentence_translation, is_correct, "order") VALUES (811250019, 'Trong tình huống chương 12: Bonenkai + 一本締め + cảm ơn cao cấp + speec', NULL, TRUE, 1);
INSERT INTO questions_answers (question_id, sentence, sentence_translation, is_correct, "order") VALUES (811250019, 'Khi ngủ', 'Khi ngủ', FALSE, 2);
INSERT INTO questions_answers (question_id, sentence, sentence_translation, is_correct, "order") VALUES (811250019, 'Khi ăn', 'Khi ăn', FALSE, 3);
INSERT INTO questions_answers (question_id, sentence, sentence_translation, is_correct, "order") VALUES (811250019, 'Không dùng', 'Không dùng', FALSE, 4);
INSERT INTO questions (id, user_id, is_system, is_khoa_cu, question_type, content_type, level, selection_type, question, passage, passage_translation, general_explanation, skill_category, base_difficulty, tenant_id, is_active, is_deleted, created_at, created_by) VALUES (811250020, NULL, TRUE, FALSE, 'chon_dap_an', 'jisshusei_baitap_t12_bonenkai_furikaeri', 'N5', 'single', 'Cụm「おかげさまで~できました」 thường dùng khi nào trong chương 12?

「おかげさまで~できました」 dùng khi nào?', NULL, NULL, '「おかげさまで~できました」 được dạy trong chương 12 (Bonenkai + 一本締め + cảm ơn cao cấp + speech + chia tay).', 'grammar', 1, 'system', TRUE, FALSE, NOW(), 'system') ON CONFLICT (id) DO UPDATE SET question_type = EXCLUDED.question_type, content_type = EXCLUDED.content_type, level = EXCLUDED.level, question = EXCLUDED.question, passage = EXCLUDED.passage, passage_translation = EXCLUDED.passage_translation, general_explanation = EXCLUDED.general_explanation, skill_category = EXCLUDED.skill_category, is_active = EXCLUDED.is_active, is_deleted = EXCLUDED.is_deleted, updated_at = NOW(), updated_by = 'system';
DELETE FROM questions_answers WHERE question_id = 811250020;
INSERT INTO questions_answers (question_id, sentence, sentence_translation, is_correct, "order") VALUES (811250020, 'Trong tình huống chương 12: Bonenkai + 一本締め + cảm ơn cao cấp + speec', NULL, TRUE, 1);
INSERT INTO questions_answers (question_id, sentence, sentence_translation, is_correct, "order") VALUES (811250020, 'Khi ngủ', 'Khi ngủ', FALSE, 2);
INSERT INTO questions_answers (question_id, sentence, sentence_translation, is_correct, "order") VALUES (811250020, 'Khi ăn', 'Khi ăn', FALSE, 3);
INSERT INTO questions_answers (question_id, sentence, sentence_translation, is_correct, "order") VALUES (811250020, 'Không dùng', 'Không dùng', FALSE, 4);
INSERT INTO questions (id, user_id, is_system, is_khoa_cu, question_type, content_type, level, selection_type, question, passage, passage_translation, general_explanation, skill_category, base_difficulty, tenant_id, is_active, is_deleted, created_at, created_by) VALUES (811250021, NULL, TRUE, FALSE, 'chon_dap_an', 'jisshusei_baitap_t12_bonenkai_furikaeri', 'N4', 'single', 'Tình huống 1 trong chương 12: phản ứng đúng là?

Phản ứng đúng cho tình huống 1:', NULL, NULL, 'Áp dụng nguyên tắc của chương: Bonenkai + 一本締め + cảm ơn cao cấp + speech + chia tay.', 'grammar', 1, 'system', TRUE, FALSE, NOW(), 'system') ON CONFLICT (id) DO UPDATE SET question_type = EXCLUDED.question_type, content_type = EXCLUDED.content_type, level = EXCLUDED.level, question = EXCLUDED.question, passage = EXCLUDED.passage, passage_translation = EXCLUDED.passage_translation, general_explanation = EXCLUDED.general_explanation, skill_category = EXCLUDED.skill_category, is_active = EXCLUDED.is_active, is_deleted = EXCLUDED.is_deleted, updated_at = NOW(), updated_by = 'system';
DELETE FROM questions_answers WHERE question_id = 811250021;
INSERT INTO questions_answers (question_id, sentence, sentence_translation, is_correct, "order") VALUES (811250021, 'Theo nguyên tắc đã học trong chương', 'Theo nguyên tắc đã học trong chương', TRUE, 1);
INSERT INTO questions_answers (question_id, sentence, sentence_translation, is_correct, "order") VALUES (811250021, 'Tự ý làm theo ý mình', 'Tự ý làm theo ý mình', FALSE, 2);
INSERT INTO questions_answers (question_id, sentence, sentence_translation, is_correct, "order") VALUES (811250021, 'Im lặng không làm gì', 'Im lặng không làm gì', FALSE, 3);
INSERT INTO questions_answers (question_id, sentence, sentence_translation, is_correct, "order") VALUES (811250021, 'Nhờ người khác làm hộ', 'Nhờ người khác làm hộ', FALSE, 4);
INSERT INTO questions (id, user_id, is_system, is_khoa_cu, question_type, content_type, level, selection_type, question, passage, passage_translation, general_explanation, skill_category, base_difficulty, tenant_id, is_active, is_deleted, created_at, created_by) VALUES (811250022, NULL, TRUE, FALSE, 'chon_dap_an', 'jisshusei_baitap_t12_bonenkai_furikaeri', 'N4', 'single', 'Tình huống 2 trong chương 12: phản ứng đúng là?

Phản ứng đúng cho tình huống 2:', NULL, NULL, 'Áp dụng nguyên tắc của chương: Bonenkai + 一本締め + cảm ơn cao cấp + speech + chia tay.', 'grammar', 1, 'system', TRUE, FALSE, NOW(), 'system') ON CONFLICT (id) DO UPDATE SET question_type = EXCLUDED.question_type, content_type = EXCLUDED.content_type, level = EXCLUDED.level, question = EXCLUDED.question, passage = EXCLUDED.passage, passage_translation = EXCLUDED.passage_translation, general_explanation = EXCLUDED.general_explanation, skill_category = EXCLUDED.skill_category, is_active = EXCLUDED.is_active, is_deleted = EXCLUDED.is_deleted, updated_at = NOW(), updated_by = 'system';
DELETE FROM questions_answers WHERE question_id = 811250022;
INSERT INTO questions_answers (question_id, sentence, sentence_translation, is_correct, "order") VALUES (811250022, 'Theo nguyên tắc đã học trong chương', 'Theo nguyên tắc đã học trong chương', TRUE, 1);
INSERT INTO questions_answers (question_id, sentence, sentence_translation, is_correct, "order") VALUES (811250022, 'Tự ý làm theo ý mình', 'Tự ý làm theo ý mình', FALSE, 2);
INSERT INTO questions_answers (question_id, sentence, sentence_translation, is_correct, "order") VALUES (811250022, 'Im lặng không làm gì', 'Im lặng không làm gì', FALSE, 3);
INSERT INTO questions_answers (question_id, sentence, sentence_translation, is_correct, "order") VALUES (811250022, 'Nhờ người khác làm hộ', 'Nhờ người khác làm hộ', FALSE, 4);
INSERT INTO questions (id, user_id, is_system, is_khoa_cu, question_type, content_type, level, selection_type, question, passage, passage_translation, general_explanation, skill_category, base_difficulty, tenant_id, is_active, is_deleted, created_at, created_by) VALUES (811250023, NULL, TRUE, FALSE, 'chon_dap_an', 'jisshusei_baitap_t12_bonenkai_furikaeri', 'N4', 'single', 'Tình huống 3 trong chương 12: phản ứng đúng là?

Phản ứng đúng cho tình huống 3:', NULL, NULL, 'Áp dụng nguyên tắc của chương: Bonenkai + 一本締め + cảm ơn cao cấp + speech + chia tay.', 'grammar', 1, 'system', TRUE, FALSE, NOW(), 'system') ON CONFLICT (id) DO UPDATE SET question_type = EXCLUDED.question_type, content_type = EXCLUDED.content_type, level = EXCLUDED.level, question = EXCLUDED.question, passage = EXCLUDED.passage, passage_translation = EXCLUDED.passage_translation, general_explanation = EXCLUDED.general_explanation, skill_category = EXCLUDED.skill_category, is_active = EXCLUDED.is_active, is_deleted = EXCLUDED.is_deleted, updated_at = NOW(), updated_by = 'system';
DELETE FROM questions_answers WHERE question_id = 811250023;
INSERT INTO questions_answers (question_id, sentence, sentence_translation, is_correct, "order") VALUES (811250023, 'Theo nguyên tắc đã học trong chương', 'Theo nguyên tắc đã học trong chương', TRUE, 1);
INSERT INTO questions_answers (question_id, sentence, sentence_translation, is_correct, "order") VALUES (811250023, 'Tự ý làm theo ý mình', 'Tự ý làm theo ý mình', FALSE, 2);
INSERT INTO questions_answers (question_id, sentence, sentence_translation, is_correct, "order") VALUES (811250023, 'Im lặng không làm gì', 'Im lặng không làm gì', FALSE, 3);
INSERT INTO questions_answers (question_id, sentence, sentence_translation, is_correct, "order") VALUES (811250023, 'Nhờ người khác làm hộ', 'Nhờ người khác làm hộ', FALSE, 4);
INSERT INTO questions (id, user_id, is_system, is_khoa_cu, question_type, content_type, level, selection_type, question, passage, passage_translation, general_explanation, skill_category, base_difficulty, tenant_id, is_active, is_deleted, created_at, created_by) VALUES (811250024, NULL, TRUE, FALSE, 'chon_dap_an', 'jisshusei_baitap_t12_bonenkai_furikaeri', 'N4', 'single', 'Tình huống 4 trong chương 12: phản ứng đúng là?

Phản ứng đúng cho tình huống 4:', NULL, NULL, 'Áp dụng nguyên tắc của chương: Bonenkai + 一本締め + cảm ơn cao cấp + speech + chia tay.', 'grammar', 1, 'system', TRUE, FALSE, NOW(), 'system') ON CONFLICT (id) DO UPDATE SET question_type = EXCLUDED.question_type, content_type = EXCLUDED.content_type, level = EXCLUDED.level, question = EXCLUDED.question, passage = EXCLUDED.passage, passage_translation = EXCLUDED.passage_translation, general_explanation = EXCLUDED.general_explanation, skill_category = EXCLUDED.skill_category, is_active = EXCLUDED.is_active, is_deleted = EXCLUDED.is_deleted, updated_at = NOW(), updated_by = 'system';
DELETE FROM questions_answers WHERE question_id = 811250024;
INSERT INTO questions_answers (question_id, sentence, sentence_translation, is_correct, "order") VALUES (811250024, 'Theo nguyên tắc đã học trong chương', 'Theo nguyên tắc đã học trong chương', TRUE, 1);
INSERT INTO questions_answers (question_id, sentence, sentence_translation, is_correct, "order") VALUES (811250024, 'Tự ý làm theo ý mình', 'Tự ý làm theo ý mình', FALSE, 2);
INSERT INTO questions_answers (question_id, sentence, sentence_translation, is_correct, "order") VALUES (811250024, 'Im lặng không làm gì', 'Im lặng không làm gì', FALSE, 3);
INSERT INTO questions_answers (question_id, sentence, sentence_translation, is_correct, "order") VALUES (811250024, 'Nhờ người khác làm hộ', 'Nhờ người khác làm hộ', FALSE, 4);
INSERT INTO questions (id, user_id, is_system, is_khoa_cu, question_type, content_type, level, selection_type, question, passage, passage_translation, general_explanation, skill_category, base_difficulty, tenant_id, is_active, is_deleted, created_at, created_by) VALUES (811250025, NULL, TRUE, FALSE, 'chon_dap_an', 'jisshusei_baitap_t12_bonenkai_furikaeri', 'N4', 'single', 'Tình huống 5 trong chương 12: phản ứng đúng là?

Phản ứng đúng cho tình huống 5:', NULL, NULL, 'Áp dụng nguyên tắc của chương: Bonenkai + 一本締め + cảm ơn cao cấp + speech + chia tay.', 'grammar', 1, 'system', TRUE, FALSE, NOW(), 'system') ON CONFLICT (id) DO UPDATE SET question_type = EXCLUDED.question_type, content_type = EXCLUDED.content_type, level = EXCLUDED.level, question = EXCLUDED.question, passage = EXCLUDED.passage, passage_translation = EXCLUDED.passage_translation, general_explanation = EXCLUDED.general_explanation, skill_category = EXCLUDED.skill_category, is_active = EXCLUDED.is_active, is_deleted = EXCLUDED.is_deleted, updated_at = NOW(), updated_by = 'system';
DELETE FROM questions_answers WHERE question_id = 811250025;
INSERT INTO questions_answers (question_id, sentence, sentence_translation, is_correct, "order") VALUES (811250025, 'Theo nguyên tắc đã học trong chương', 'Theo nguyên tắc đã học trong chương', TRUE, 1);
INSERT INTO questions_answers (question_id, sentence, sentence_translation, is_correct, "order") VALUES (811250025, 'Tự ý làm theo ý mình', 'Tự ý làm theo ý mình', FALSE, 2);
INSERT INTO questions_answers (question_id, sentence, sentence_translation, is_correct, "order") VALUES (811250025, 'Im lặng không làm gì', 'Im lặng không làm gì', FALSE, 3);
INSERT INTO questions_answers (question_id, sentence, sentence_translation, is_correct, "order") VALUES (811250025, 'Nhờ người khác làm hộ', 'Nhờ người khác làm hộ', FALSE, 4);
INSERT INTO questions (id, user_id, is_system, is_khoa_cu, question_type, content_type, level, selection_type, question, passage, passage_translation, general_explanation, skill_category, base_difficulty, tenant_id, is_active, is_deleted, created_at, created_by) VALUES (811250026, NULL, TRUE, FALSE, 'chon_dap_an', 'jisshusei_baitap_t12_bonenkai_furikaeri', 'N4', 'single', 'Tình huống 6 trong chương 12: phản ứng đúng là?

Phản ứng đúng cho tình huống 6:', NULL, NULL, 'Áp dụng nguyên tắc của chương: Bonenkai + 一本締め + cảm ơn cao cấp + speech + chia tay.', 'grammar', 1, 'system', TRUE, FALSE, NOW(), 'system') ON CONFLICT (id) DO UPDATE SET question_type = EXCLUDED.question_type, content_type = EXCLUDED.content_type, level = EXCLUDED.level, question = EXCLUDED.question, passage = EXCLUDED.passage, passage_translation = EXCLUDED.passage_translation, general_explanation = EXCLUDED.general_explanation, skill_category = EXCLUDED.skill_category, is_active = EXCLUDED.is_active, is_deleted = EXCLUDED.is_deleted, updated_at = NOW(), updated_by = 'system';
DELETE FROM questions_answers WHERE question_id = 811250026;
INSERT INTO questions_answers (question_id, sentence, sentence_translation, is_correct, "order") VALUES (811250026, 'Theo nguyên tắc đã học trong chương', 'Theo nguyên tắc đã học trong chương', TRUE, 1);
INSERT INTO questions_answers (question_id, sentence, sentence_translation, is_correct, "order") VALUES (811250026, 'Tự ý làm theo ý mình', 'Tự ý làm theo ý mình', FALSE, 2);
INSERT INTO questions_answers (question_id, sentence, sentence_translation, is_correct, "order") VALUES (811250026, 'Im lặng không làm gì', 'Im lặng không làm gì', FALSE, 3);
INSERT INTO questions_answers (question_id, sentence, sentence_translation, is_correct, "order") VALUES (811250026, 'Nhờ người khác làm hộ', 'Nhờ người khác làm hộ', FALSE, 4);
INSERT INTO questions (id, user_id, is_system, is_khoa_cu, question_type, content_type, level, selection_type, question, passage, passage_translation, general_explanation, skill_category, base_difficulty, tenant_id, is_active, is_deleted, created_at, created_by) VALUES (811250027, NULL, TRUE, FALSE, 'chon_dap_an', 'jisshusei_baitap_t12_bonenkai_furikaeri', 'N4', 'single', 'Tình huống 7 trong chương 12: phản ứng đúng là?

Phản ứng đúng cho tình huống 7:', NULL, NULL, 'Áp dụng nguyên tắc của chương: Bonenkai + 一本締め + cảm ơn cao cấp + speech + chia tay.', 'grammar', 1, 'system', TRUE, FALSE, NOW(), 'system') ON CONFLICT (id) DO UPDATE SET question_type = EXCLUDED.question_type, content_type = EXCLUDED.content_type, level = EXCLUDED.level, question = EXCLUDED.question, passage = EXCLUDED.passage, passage_translation = EXCLUDED.passage_translation, general_explanation = EXCLUDED.general_explanation, skill_category = EXCLUDED.skill_category, is_active = EXCLUDED.is_active, is_deleted = EXCLUDED.is_deleted, updated_at = NOW(), updated_by = 'system';
DELETE FROM questions_answers WHERE question_id = 811250027;
INSERT INTO questions_answers (question_id, sentence, sentence_translation, is_correct, "order") VALUES (811250027, 'Theo nguyên tắc đã học trong chương', 'Theo nguyên tắc đã học trong chương', TRUE, 1);
INSERT INTO questions_answers (question_id, sentence, sentence_translation, is_correct, "order") VALUES (811250027, 'Tự ý làm theo ý mình', 'Tự ý làm theo ý mình', FALSE, 2);
INSERT INTO questions_answers (question_id, sentence, sentence_translation, is_correct, "order") VALUES (811250027, 'Im lặng không làm gì', 'Im lặng không làm gì', FALSE, 3);
INSERT INTO questions_answers (question_id, sentence, sentence_translation, is_correct, "order") VALUES (811250027, 'Nhờ người khác làm hộ', 'Nhờ người khác làm hộ', FALSE, 4);
INSERT INTO questions (id, user_id, is_system, is_khoa_cu, question_type, content_type, level, selection_type, question, passage, passage_translation, general_explanation, skill_category, base_difficulty, tenant_id, is_active, is_deleted, created_at, created_by) VALUES (811250028, NULL, TRUE, FALSE, 'chon_dap_an', 'jisshusei_baitap_t12_bonenkai_furikaeri', 'N4', 'single', 'Tình huống 8 trong chương 12: phản ứng đúng là?

Phản ứng đúng cho tình huống 8:', NULL, NULL, 'Áp dụng nguyên tắc của chương: Bonenkai + 一本締め + cảm ơn cao cấp + speech + chia tay.', 'grammar', 1, 'system', TRUE, FALSE, NOW(), 'system') ON CONFLICT (id) DO UPDATE SET question_type = EXCLUDED.question_type, content_type = EXCLUDED.content_type, level = EXCLUDED.level, question = EXCLUDED.question, passage = EXCLUDED.passage, passage_translation = EXCLUDED.passage_translation, general_explanation = EXCLUDED.general_explanation, skill_category = EXCLUDED.skill_category, is_active = EXCLUDED.is_active, is_deleted = EXCLUDED.is_deleted, updated_at = NOW(), updated_by = 'system';
DELETE FROM questions_answers WHERE question_id = 811250028;
INSERT INTO questions_answers (question_id, sentence, sentence_translation, is_correct, "order") VALUES (811250028, 'Theo nguyên tắc đã học trong chương', 'Theo nguyên tắc đã học trong chương', TRUE, 1);
INSERT INTO questions_answers (question_id, sentence, sentence_translation, is_correct, "order") VALUES (811250028, 'Tự ý làm theo ý mình', 'Tự ý làm theo ý mình', FALSE, 2);
INSERT INTO questions_answers (question_id, sentence, sentence_translation, is_correct, "order") VALUES (811250028, 'Im lặng không làm gì', 'Im lặng không làm gì', FALSE, 3);
INSERT INTO questions_answers (question_id, sentence, sentence_translation, is_correct, "order") VALUES (811250028, 'Nhờ người khác làm hộ', 'Nhờ người khác làm hộ', FALSE, 4);
INSERT INTO questions (id, user_id, is_system, is_khoa_cu, question_type, content_type, level, selection_type, question, passage, passage_translation, general_explanation, skill_category, base_difficulty, tenant_id, is_active, is_deleted, created_at, created_by) VALUES (811250029, NULL, TRUE, FALSE, 'chon_dap_an', 'jisshusei_baitap_t12_bonenkai_furikaeri', 'N4', 'single', 'Tình huống 9 trong chương 12: phản ứng đúng là?

Phản ứng đúng cho tình huống 9:', NULL, NULL, 'Áp dụng nguyên tắc của chương: Bonenkai + 一本締め + cảm ơn cao cấp + speech + chia tay.', 'grammar', 1, 'system', TRUE, FALSE, NOW(), 'system') ON CONFLICT (id) DO UPDATE SET question_type = EXCLUDED.question_type, content_type = EXCLUDED.content_type, level = EXCLUDED.level, question = EXCLUDED.question, passage = EXCLUDED.passage, passage_translation = EXCLUDED.passage_translation, general_explanation = EXCLUDED.general_explanation, skill_category = EXCLUDED.skill_category, is_active = EXCLUDED.is_active, is_deleted = EXCLUDED.is_deleted, updated_at = NOW(), updated_by = 'system';
DELETE FROM questions_answers WHERE question_id = 811250029;
INSERT INTO questions_answers (question_id, sentence, sentence_translation, is_correct, "order") VALUES (811250029, 'Theo nguyên tắc đã học trong chương', 'Theo nguyên tắc đã học trong chương', TRUE, 1);
INSERT INTO questions_answers (question_id, sentence, sentence_translation, is_correct, "order") VALUES (811250029, 'Tự ý làm theo ý mình', 'Tự ý làm theo ý mình', FALSE, 2);
INSERT INTO questions_answers (question_id, sentence, sentence_translation, is_correct, "order") VALUES (811250029, 'Im lặng không làm gì', 'Im lặng không làm gì', FALSE, 3);
INSERT INTO questions_answers (question_id, sentence, sentence_translation, is_correct, "order") VALUES (811250029, 'Nhờ người khác làm hộ', 'Nhờ người khác làm hộ', FALSE, 4);
INSERT INTO questions (id, user_id, is_system, is_khoa_cu, question_type, content_type, level, selection_type, question, passage, passage_translation, general_explanation, skill_category, base_difficulty, tenant_id, is_active, is_deleted, created_at, created_by) VALUES (811250030, NULL, TRUE, FALSE, 'chon_dap_an', 'jisshusei_baitap_t12_bonenkai_furikaeri', 'N4', 'single', 'Tình huống 10 trong chương 12: phản ứng đúng là?

Phản ứng đúng cho tình huống 10:', NULL, NULL, 'Áp dụng nguyên tắc của chương: Bonenkai + 一本締め + cảm ơn cao cấp + speech + chia tay.', 'grammar', 1, 'system', TRUE, FALSE, NOW(), 'system') ON CONFLICT (id) DO UPDATE SET question_type = EXCLUDED.question_type, content_type = EXCLUDED.content_type, level = EXCLUDED.level, question = EXCLUDED.question, passage = EXCLUDED.passage, passage_translation = EXCLUDED.passage_translation, general_explanation = EXCLUDED.general_explanation, skill_category = EXCLUDED.skill_category, is_active = EXCLUDED.is_active, is_deleted = EXCLUDED.is_deleted, updated_at = NOW(), updated_by = 'system';
DELETE FROM questions_answers WHERE question_id = 811250030;
INSERT INTO questions_answers (question_id, sentence, sentence_translation, is_correct, "order") VALUES (811250030, 'Theo nguyên tắc đã học trong chương', 'Theo nguyên tắc đã học trong chương', TRUE, 1);
INSERT INTO questions_answers (question_id, sentence, sentence_translation, is_correct, "order") VALUES (811250030, 'Tự ý làm theo ý mình', 'Tự ý làm theo ý mình', FALSE, 2);
INSERT INTO questions_answers (question_id, sentence, sentence_translation, is_correct, "order") VALUES (811250030, 'Im lặng không làm gì', 'Im lặng không làm gì', FALSE, 3);
INSERT INTO questions_answers (question_id, sentence, sentence_translation, is_correct, "order") VALUES (811250030, 'Nhờ người khác làm hộ', 'Nhờ người khác làm hộ', FALSE, 4);
INSERT INTO questions (id, user_id, is_system, is_khoa_cu, question_type, content_type, level, selection_type, question, passage, passage_translation, general_explanation, skill_category, base_difficulty, tenant_id, is_active, is_deleted, created_at, created_by) VALUES (811250031, NULL, TRUE, FALSE, 'chon_dap_an', 'jisshusei_baitap_t12_bonenkai_furikaeri', 'N4', 'single', 'Văn hoá Nhật trong chương 12, nuance #1:

Văn hoá Nhật chương 12, sắc thái #1:', NULL, NULL, 'Chi tiết xem trong LyThuyet chương 12.', 'grammar', 1, 'system', TRUE, FALSE, NOW(), 'system') ON CONFLICT (id) DO UPDATE SET question_type = EXCLUDED.question_type, content_type = EXCLUDED.content_type, level = EXCLUDED.level, question = EXCLUDED.question, passage = EXCLUDED.passage, passage_translation = EXCLUDED.passage_translation, general_explanation = EXCLUDED.general_explanation, skill_category = EXCLUDED.skill_category, is_active = EXCLUDED.is_active, is_deleted = EXCLUDED.is_deleted, updated_at = NOW(), updated_by = 'system';
DELETE FROM questions_answers WHERE question_id = 811250031;
INSERT INTO questions_answers (question_id, sentence, sentence_translation, is_correct, "order") VALUES (811250031, 'Cách tiếp cận tinh tế phù hợp văn hoá Nhật (đã giải thích trong LyThuyet)', 'Cách tiếp cận tinh tế phù hợp văn hoá Nhật (đã giải thích trong LyThuyet)', TRUE, 1);
INSERT INTO questions_answers (question_id, sentence, sentence_translation, is_correct, "order") VALUES (811250031, 'Cách tiếp cận thẳng thắn theo style phương Tây', 'Cách tiếp cận thẳng thắn theo style phương Tây', FALSE, 2);
INSERT INTO questions_answers (question_id, sentence, sentence_translation, is_correct, "order") VALUES (811250031, 'Im lặng là tốt nhất', 'Im lặng là tốt nhất', FALSE, 3);
INSERT INTO questions_answers (question_id, sentence, sentence_translation, is_correct, "order") VALUES (811250031, 'Không có sự khác biệt văn hoá', 'Không có sự khác biệt văn hoá', FALSE, 4);
INSERT INTO questions (id, user_id, is_system, is_khoa_cu, question_type, content_type, level, selection_type, question, passage, passage_translation, general_explanation, skill_category, base_difficulty, tenant_id, is_active, is_deleted, created_at, created_by) VALUES (811250032, NULL, TRUE, FALSE, 'chon_dap_an', 'jisshusei_baitap_t12_bonenkai_furikaeri', 'N4', 'single', 'Văn hoá Nhật trong chương 12, nuance #2:

Văn hoá Nhật chương 12, sắc thái #2:', NULL, NULL, 'Chi tiết xem trong LyThuyet chương 12.', 'grammar', 1, 'system', TRUE, FALSE, NOW(), 'system') ON CONFLICT (id) DO UPDATE SET question_type = EXCLUDED.question_type, content_type = EXCLUDED.content_type, level = EXCLUDED.level, question = EXCLUDED.question, passage = EXCLUDED.passage, passage_translation = EXCLUDED.passage_translation, general_explanation = EXCLUDED.general_explanation, skill_category = EXCLUDED.skill_category, is_active = EXCLUDED.is_active, is_deleted = EXCLUDED.is_deleted, updated_at = NOW(), updated_by = 'system';
DELETE FROM questions_answers WHERE question_id = 811250032;
INSERT INTO questions_answers (question_id, sentence, sentence_translation, is_correct, "order") VALUES (811250032, 'Cách tiếp cận tinh tế phù hợp văn hoá Nhật (đã giải thích trong LyThuyet)', 'Cách tiếp cận tinh tế phù hợp văn hoá Nhật (đã giải thích trong LyThuyet)', TRUE, 1);
INSERT INTO questions_answers (question_id, sentence, sentence_translation, is_correct, "order") VALUES (811250032, 'Cách tiếp cận thẳng thắn theo style phương Tây', 'Cách tiếp cận thẳng thắn theo style phương Tây', FALSE, 2);
INSERT INTO questions_answers (question_id, sentence, sentence_translation, is_correct, "order") VALUES (811250032, 'Im lặng là tốt nhất', 'Im lặng là tốt nhất', FALSE, 3);
INSERT INTO questions_answers (question_id, sentence, sentence_translation, is_correct, "order") VALUES (811250032, 'Không có sự khác biệt văn hoá', 'Không có sự khác biệt văn hoá', FALSE, 4);
INSERT INTO questions (id, user_id, is_system, is_khoa_cu, question_type, content_type, level, selection_type, question, passage, passage_translation, general_explanation, skill_category, base_difficulty, tenant_id, is_active, is_deleted, created_at, created_by) VALUES (811250033, NULL, TRUE, FALSE, 'chon_dap_an', 'jisshusei_baitap_t12_bonenkai_furikaeri', 'N4', 'single', 'Văn hoá Nhật trong chương 12, nuance #3:

Văn hoá Nhật chương 12, sắc thái #3:', NULL, NULL, 'Chi tiết xem trong LyThuyet chương 12.', 'grammar', 1, 'system', TRUE, FALSE, NOW(), 'system') ON CONFLICT (id) DO UPDATE SET question_type = EXCLUDED.question_type, content_type = EXCLUDED.content_type, level = EXCLUDED.level, question = EXCLUDED.question, passage = EXCLUDED.passage, passage_translation = EXCLUDED.passage_translation, general_explanation = EXCLUDED.general_explanation, skill_category = EXCLUDED.skill_category, is_active = EXCLUDED.is_active, is_deleted = EXCLUDED.is_deleted, updated_at = NOW(), updated_by = 'system';
DELETE FROM questions_answers WHERE question_id = 811250033;
INSERT INTO questions_answers (question_id, sentence, sentence_translation, is_correct, "order") VALUES (811250033, 'Cách tiếp cận tinh tế phù hợp văn hoá Nhật (đã giải thích trong LyThuyet)', 'Cách tiếp cận tinh tế phù hợp văn hoá Nhật (đã giải thích trong LyThuyet)', TRUE, 1);
INSERT INTO questions_answers (question_id, sentence, sentence_translation, is_correct, "order") VALUES (811250033, 'Cách tiếp cận thẳng thắn theo style phương Tây', 'Cách tiếp cận thẳng thắn theo style phương Tây', FALSE, 2);
INSERT INTO questions_answers (question_id, sentence, sentence_translation, is_correct, "order") VALUES (811250033, 'Im lặng là tốt nhất', 'Im lặng là tốt nhất', FALSE, 3);
INSERT INTO questions_answers (question_id, sentence, sentence_translation, is_correct, "order") VALUES (811250033, 'Không có sự khác biệt văn hoá', 'Không có sự khác biệt văn hoá', FALSE, 4);
INSERT INTO questions (id, user_id, is_system, is_khoa_cu, question_type, content_type, level, selection_type, question, passage, passage_translation, general_explanation, skill_category, base_difficulty, tenant_id, is_active, is_deleted, created_at, created_by) VALUES (811250034, NULL, TRUE, FALSE, 'chon_dap_an', 'jisshusei_baitap_t12_bonenkai_furikaeri', 'N4', 'single', 'Văn hoá Nhật trong chương 12, nuance #4:

Văn hoá Nhật chương 12, sắc thái #4:', NULL, NULL, 'Chi tiết xem trong LyThuyet chương 12.', 'grammar', 1, 'system', TRUE, FALSE, NOW(), 'system') ON CONFLICT (id) DO UPDATE SET question_type = EXCLUDED.question_type, content_type = EXCLUDED.content_type, level = EXCLUDED.level, question = EXCLUDED.question, passage = EXCLUDED.passage, passage_translation = EXCLUDED.passage_translation, general_explanation = EXCLUDED.general_explanation, skill_category = EXCLUDED.skill_category, is_active = EXCLUDED.is_active, is_deleted = EXCLUDED.is_deleted, updated_at = NOW(), updated_by = 'system';
DELETE FROM questions_answers WHERE question_id = 811250034;
INSERT INTO questions_answers (question_id, sentence, sentence_translation, is_correct, "order") VALUES (811250034, 'Cách tiếp cận tinh tế phù hợp văn hoá Nhật (đã giải thích trong LyThuyet)', 'Cách tiếp cận tinh tế phù hợp văn hoá Nhật (đã giải thích trong LyThuyet)', TRUE, 1);
INSERT INTO questions_answers (question_id, sentence, sentence_translation, is_correct, "order") VALUES (811250034, 'Cách tiếp cận thẳng thắn theo style phương Tây', 'Cách tiếp cận thẳng thắn theo style phương Tây', FALSE, 2);
INSERT INTO questions_answers (question_id, sentence, sentence_translation, is_correct, "order") VALUES (811250034, 'Im lặng là tốt nhất', 'Im lặng là tốt nhất', FALSE, 3);
INSERT INTO questions_answers (question_id, sentence, sentence_translation, is_correct, "order") VALUES (811250034, 'Không có sự khác biệt văn hoá', 'Không có sự khác biệt văn hoá', FALSE, 4);
INSERT INTO questions (id, user_id, is_system, is_khoa_cu, question_type, content_type, level, selection_type, question, passage, passage_translation, general_explanation, skill_category, base_difficulty, tenant_id, is_active, is_deleted, created_at, created_by) VALUES (811250035, NULL, TRUE, FALSE, 'chon_dap_an', 'jisshusei_baitap_t12_bonenkai_furikaeri', 'N4', 'single', 'Văn hoá Nhật trong chương 12, nuance #5:

Văn hoá Nhật chương 12, sắc thái #5:', NULL, NULL, 'Chi tiết xem trong LyThuyet chương 12.', 'grammar', 1, 'system', TRUE, FALSE, NOW(), 'system') ON CONFLICT (id) DO UPDATE SET question_type = EXCLUDED.question_type, content_type = EXCLUDED.content_type, level = EXCLUDED.level, question = EXCLUDED.question, passage = EXCLUDED.passage, passage_translation = EXCLUDED.passage_translation, general_explanation = EXCLUDED.general_explanation, skill_category = EXCLUDED.skill_category, is_active = EXCLUDED.is_active, is_deleted = EXCLUDED.is_deleted, updated_at = NOW(), updated_by = 'system';
DELETE FROM questions_answers WHERE question_id = 811250035;
INSERT INTO questions_answers (question_id, sentence, sentence_translation, is_correct, "order") VALUES (811250035, 'Cách tiếp cận tinh tế phù hợp văn hoá Nhật (đã giải thích trong LyThuyet)', 'Cách tiếp cận tinh tế phù hợp văn hoá Nhật (đã giải thích trong LyThuyet)', TRUE, 1);
INSERT INTO questions_answers (question_id, sentence, sentence_translation, is_correct, "order") VALUES (811250035, 'Cách tiếp cận thẳng thắn theo style phương Tây', 'Cách tiếp cận thẳng thắn theo style phương Tây', FALSE, 2);
INSERT INTO questions_answers (question_id, sentence, sentence_translation, is_correct, "order") VALUES (811250035, 'Im lặng là tốt nhất', 'Im lặng là tốt nhất', FALSE, 3);
INSERT INTO questions_answers (question_id, sentence, sentence_translation, is_correct, "order") VALUES (811250035, 'Không có sự khác biệt văn hoá', 'Không có sự khác biệt văn hoá', FALSE, 4);
INSERT INTO questions (id, user_id, is_system, is_khoa_cu, question_type, content_type, level, selection_type, question, passage, passage_translation, general_explanation, skill_category, base_difficulty, tenant_id, is_active, is_deleted, created_at, created_by) VALUES (811250036, NULL, TRUE, FALSE, 'chon_dap_an', 'jisshusei_baitap_t12_bonenkai_furikaeri', 'N4', 'single', 'Văn hoá Nhật trong chương 12, nuance #6:

Văn hoá Nhật chương 12, sắc thái #6:', NULL, NULL, 'Chi tiết xem trong LyThuyet chương 12.', 'grammar', 1, 'system', TRUE, FALSE, NOW(), 'system') ON CONFLICT (id) DO UPDATE SET question_type = EXCLUDED.question_type, content_type = EXCLUDED.content_type, level = EXCLUDED.level, question = EXCLUDED.question, passage = EXCLUDED.passage, passage_translation = EXCLUDED.passage_translation, general_explanation = EXCLUDED.general_explanation, skill_category = EXCLUDED.skill_category, is_active = EXCLUDED.is_active, is_deleted = EXCLUDED.is_deleted, updated_at = NOW(), updated_by = 'system';
DELETE FROM questions_answers WHERE question_id = 811250036;
INSERT INTO questions_answers (question_id, sentence, sentence_translation, is_correct, "order") VALUES (811250036, 'Cách tiếp cận tinh tế phù hợp văn hoá Nhật (đã giải thích trong LyThuyet)', 'Cách tiếp cận tinh tế phù hợp văn hoá Nhật (đã giải thích trong LyThuyet)', TRUE, 1);
INSERT INTO questions_answers (question_id, sentence, sentence_translation, is_correct, "order") VALUES (811250036, 'Cách tiếp cận thẳng thắn theo style phương Tây', 'Cách tiếp cận thẳng thắn theo style phương Tây', FALSE, 2);
INSERT INTO questions_answers (question_id, sentence, sentence_translation, is_correct, "order") VALUES (811250036, 'Im lặng là tốt nhất', 'Im lặng là tốt nhất', FALSE, 3);
INSERT INTO questions_answers (question_id, sentence, sentence_translation, is_correct, "order") VALUES (811250036, 'Không có sự khác biệt văn hoá', 'Không có sự khác biệt văn hoá', FALSE, 4);
INSERT INTO questions (id, user_id, is_system, is_khoa_cu, question_type, content_type, level, selection_type, question, passage, passage_translation, general_explanation, skill_category, base_difficulty, tenant_id, is_active, is_deleted, created_at, created_by) VALUES (811250037, NULL, TRUE, FALSE, 'chon_dap_an', 'jisshusei_baitap_t12_bonenkai_furikaeri', 'N4', 'single', 'Văn hoá Nhật trong chương 12, nuance #7:

Văn hoá Nhật chương 12, sắc thái #7:', NULL, NULL, 'Chi tiết xem trong LyThuyet chương 12.', 'grammar', 1, 'system', TRUE, FALSE, NOW(), 'system') ON CONFLICT (id) DO UPDATE SET question_type = EXCLUDED.question_type, content_type = EXCLUDED.content_type, level = EXCLUDED.level, question = EXCLUDED.question, passage = EXCLUDED.passage, passage_translation = EXCLUDED.passage_translation, general_explanation = EXCLUDED.general_explanation, skill_category = EXCLUDED.skill_category, is_active = EXCLUDED.is_active, is_deleted = EXCLUDED.is_deleted, updated_at = NOW(), updated_by = 'system';
DELETE FROM questions_answers WHERE question_id = 811250037;
INSERT INTO questions_answers (question_id, sentence, sentence_translation, is_correct, "order") VALUES (811250037, 'Cách tiếp cận tinh tế phù hợp văn hoá Nhật (đã giải thích trong LyThuyet)', 'Cách tiếp cận tinh tế phù hợp văn hoá Nhật (đã giải thích trong LyThuyet)', TRUE, 1);
INSERT INTO questions_answers (question_id, sentence, sentence_translation, is_correct, "order") VALUES (811250037, 'Cách tiếp cận thẳng thắn theo style phương Tây', 'Cách tiếp cận thẳng thắn theo style phương Tây', FALSE, 2);
INSERT INTO questions_answers (question_id, sentence, sentence_translation, is_correct, "order") VALUES (811250037, 'Im lặng là tốt nhất', 'Im lặng là tốt nhất', FALSE, 3);
INSERT INTO questions_answers (question_id, sentence, sentence_translation, is_correct, "order") VALUES (811250037, 'Không có sự khác biệt văn hoá', 'Không có sự khác biệt văn hoá', FALSE, 4);
INSERT INTO questions (id, user_id, is_system, is_khoa_cu, question_type, content_type, level, selection_type, question, passage, passage_translation, general_explanation, skill_category, base_difficulty, tenant_id, is_active, is_deleted, created_at, created_by) VALUES (811250038, NULL, TRUE, FALSE, 'chon_dap_an', 'jisshusei_baitap_t12_bonenkai_furikaeri', 'N4', 'single', 'Văn hoá Nhật trong chương 12, nuance #8:

Văn hoá Nhật chương 12, sắc thái #8:', NULL, NULL, 'Chi tiết xem trong LyThuyet chương 12.', 'grammar', 1, 'system', TRUE, FALSE, NOW(), 'system') ON CONFLICT (id) DO UPDATE SET question_type = EXCLUDED.question_type, content_type = EXCLUDED.content_type, level = EXCLUDED.level, question = EXCLUDED.question, passage = EXCLUDED.passage, passage_translation = EXCLUDED.passage_translation, general_explanation = EXCLUDED.general_explanation, skill_category = EXCLUDED.skill_category, is_active = EXCLUDED.is_active, is_deleted = EXCLUDED.is_deleted, updated_at = NOW(), updated_by = 'system';
DELETE FROM questions_answers WHERE question_id = 811250038;
INSERT INTO questions_answers (question_id, sentence, sentence_translation, is_correct, "order") VALUES (811250038, 'Cách tiếp cận tinh tế phù hợp văn hoá Nhật (đã giải thích trong LyThuyet)', 'Cách tiếp cận tinh tế phù hợp văn hoá Nhật (đã giải thích trong LyThuyet)', TRUE, 1);
INSERT INTO questions_answers (question_id, sentence, sentence_translation, is_correct, "order") VALUES (811250038, 'Cách tiếp cận thẳng thắn theo style phương Tây', 'Cách tiếp cận thẳng thắn theo style phương Tây', FALSE, 2);
INSERT INTO questions_answers (question_id, sentence, sentence_translation, is_correct, "order") VALUES (811250038, 'Im lặng là tốt nhất', 'Im lặng là tốt nhất', FALSE, 3);
INSERT INTO questions_answers (question_id, sentence, sentence_translation, is_correct, "order") VALUES (811250038, 'Không có sự khác biệt văn hoá', 'Không có sự khác biệt văn hoá', FALSE, 4);
INSERT INTO questions (id, user_id, is_system, is_khoa_cu, question_type, content_type, level, selection_type, question, passage, passage_translation, general_explanation, skill_category, base_difficulty, tenant_id, is_active, is_deleted, created_at, created_by) VALUES (811250039, NULL, TRUE, FALSE, 'chon_dap_an', 'jisshusei_baitap_t12_bonenkai_furikaeri', 'N4', 'single', 'Văn hoá Nhật trong chương 12, nuance #9:

Văn hoá Nhật chương 12, sắc thái #9:', NULL, NULL, 'Chi tiết xem trong LyThuyet chương 12.', 'grammar', 1, 'system', TRUE, FALSE, NOW(), 'system') ON CONFLICT (id) DO UPDATE SET question_type = EXCLUDED.question_type, content_type = EXCLUDED.content_type, level = EXCLUDED.level, question = EXCLUDED.question, passage = EXCLUDED.passage, passage_translation = EXCLUDED.passage_translation, general_explanation = EXCLUDED.general_explanation, skill_category = EXCLUDED.skill_category, is_active = EXCLUDED.is_active, is_deleted = EXCLUDED.is_deleted, updated_at = NOW(), updated_by = 'system';
DELETE FROM questions_answers WHERE question_id = 811250039;
INSERT INTO questions_answers (question_id, sentence, sentence_translation, is_correct, "order") VALUES (811250039, 'Cách tiếp cận tinh tế phù hợp văn hoá Nhật (đã giải thích trong LyThuyet)', 'Cách tiếp cận tinh tế phù hợp văn hoá Nhật (đã giải thích trong LyThuyet)', TRUE, 1);
INSERT INTO questions_answers (question_id, sentence, sentence_translation, is_correct, "order") VALUES (811250039, 'Cách tiếp cận thẳng thắn theo style phương Tây', 'Cách tiếp cận thẳng thắn theo style phương Tây', FALSE, 2);
INSERT INTO questions_answers (question_id, sentence, sentence_translation, is_correct, "order") VALUES (811250039, 'Im lặng là tốt nhất', 'Im lặng là tốt nhất', FALSE, 3);
INSERT INTO questions_answers (question_id, sentence, sentence_translation, is_correct, "order") VALUES (811250039, 'Không có sự khác biệt văn hoá', 'Không có sự khác biệt văn hoá', FALSE, 4);
INSERT INTO questions (id, user_id, is_system, is_khoa_cu, question_type, content_type, level, selection_type, question, passage, passage_translation, general_explanation, skill_category, base_difficulty, tenant_id, is_active, is_deleted, created_at, created_by) VALUES (811250040, NULL, TRUE, FALSE, 'chon_dap_an', 'jisshusei_baitap_t12_bonenkai_furikaeri', 'N4', 'single', 'Văn hoá Nhật trong chương 12, nuance #10:

Văn hoá Nhật chương 12, sắc thái #10:', NULL, NULL, 'Chi tiết xem trong LyThuyet chương 12.', 'grammar', 1, 'system', TRUE, FALSE, NOW(), 'system') ON CONFLICT (id) DO UPDATE SET question_type = EXCLUDED.question_type, content_type = EXCLUDED.content_type, level = EXCLUDED.level, question = EXCLUDED.question, passage = EXCLUDED.passage, passage_translation = EXCLUDED.passage_translation, general_explanation = EXCLUDED.general_explanation, skill_category = EXCLUDED.skill_category, is_active = EXCLUDED.is_active, is_deleted = EXCLUDED.is_deleted, updated_at = NOW(), updated_by = 'system';
DELETE FROM questions_answers WHERE question_id = 811250040;
INSERT INTO questions_answers (question_id, sentence, sentence_translation, is_correct, "order") VALUES (811250040, 'Cách tiếp cận tinh tế phù hợp văn hoá Nhật (đã giải thích trong LyThuyet)', 'Cách tiếp cận tinh tế phù hợp văn hoá Nhật (đã giải thích trong LyThuyet)', TRUE, 1);
INSERT INTO questions_answers (question_id, sentence, sentence_translation, is_correct, "order") VALUES (811250040, 'Cách tiếp cận thẳng thắn theo style phương Tây', 'Cách tiếp cận thẳng thắn theo style phương Tây', FALSE, 2);
INSERT INTO questions_answers (question_id, sentence, sentence_translation, is_correct, "order") VALUES (811250040, 'Im lặng là tốt nhất', 'Im lặng là tốt nhất', FALSE, 3);
INSERT INTO questions_answers (question_id, sentence, sentence_translation, is_correct, "order") VALUES (811250040, 'Không có sự khác biệt văn hoá', 'Không có sự khác biệt văn hoá', FALSE, 4);

INSERT INTO study_question_sets (id, name, description, set_type, card_count, tenant_id, is_active, is_deleted, created_at, created_by) VALUES (8110251, 'T12. Một năm nhìn lại — Bài tập Level 1', 'Bài tập trắc nghiệm — Level 1: N5', 'practice', 10, 'system', TRUE, FALSE, NOW(), 'system') ON CONFLICT (id) DO UPDATE SET name = EXCLUDED.name, description = EXCLUDED.description, set_type = EXCLUDED.set_type, card_count = EXCLUDED.card_count, is_active = EXCLUDED.is_active, is_deleted = EXCLUDED.is_deleted, updated_at = NOW(), updated_by = 'system';
INSERT INTO study_question_set_questions (study_question_set_id, question_id, order_index, tenant_id, is_deleted, created_at, created_by) VALUES (8110251, 811250001, 1, 'system', FALSE, NOW(), 'system') ON CONFLICT (study_question_set_id, question_id) DO UPDATE SET order_index = EXCLUDED.order_index, is_deleted = FALSE;
INSERT INTO study_question_set_questions (study_question_set_id, question_id, order_index, tenant_id, is_deleted, created_at, created_by) VALUES (8110251, 811250002, 2, 'system', FALSE, NOW(), 'system') ON CONFLICT (study_question_set_id, question_id) DO UPDATE SET order_index = EXCLUDED.order_index, is_deleted = FALSE;
INSERT INTO study_question_set_questions (study_question_set_id, question_id, order_index, tenant_id, is_deleted, created_at, created_by) VALUES (8110251, 811250003, 3, 'system', FALSE, NOW(), 'system') ON CONFLICT (study_question_set_id, question_id) DO UPDATE SET order_index = EXCLUDED.order_index, is_deleted = FALSE;
INSERT INTO study_question_set_questions (study_question_set_id, question_id, order_index, tenant_id, is_deleted, created_at, created_by) VALUES (8110251, 811250004, 4, 'system', FALSE, NOW(), 'system') ON CONFLICT (study_question_set_id, question_id) DO UPDATE SET order_index = EXCLUDED.order_index, is_deleted = FALSE;
INSERT INTO study_question_set_questions (study_question_set_id, question_id, order_index, tenant_id, is_deleted, created_at, created_by) VALUES (8110251, 811250005, 5, 'system', FALSE, NOW(), 'system') ON CONFLICT (study_question_set_id, question_id) DO UPDATE SET order_index = EXCLUDED.order_index, is_deleted = FALSE;
INSERT INTO study_question_set_questions (study_question_set_id, question_id, order_index, tenant_id, is_deleted, created_at, created_by) VALUES (8110251, 811250006, 6, 'system', FALSE, NOW(), 'system') ON CONFLICT (study_question_set_id, question_id) DO UPDATE SET order_index = EXCLUDED.order_index, is_deleted = FALSE;
INSERT INTO study_question_set_questions (study_question_set_id, question_id, order_index, tenant_id, is_deleted, created_at, created_by) VALUES (8110251, 811250007, 7, 'system', FALSE, NOW(), 'system') ON CONFLICT (study_question_set_id, question_id) DO UPDATE SET order_index = EXCLUDED.order_index, is_deleted = FALSE;
INSERT INTO study_question_set_questions (study_question_set_id, question_id, order_index, tenant_id, is_deleted, created_at, created_by) VALUES (8110251, 811250008, 8, 'system', FALSE, NOW(), 'system') ON CONFLICT (study_question_set_id, question_id) DO UPDATE SET order_index = EXCLUDED.order_index, is_deleted = FALSE;
INSERT INTO study_question_set_questions (study_question_set_id, question_id, order_index, tenant_id, is_deleted, created_at, created_by) VALUES (8110251, 811250009, 9, 'system', FALSE, NOW(), 'system') ON CONFLICT (study_question_set_id, question_id) DO UPDATE SET order_index = EXCLUDED.order_index, is_deleted = FALSE;
INSERT INTO study_question_set_questions (study_question_set_id, question_id, order_index, tenant_id, is_deleted, created_at, created_by) VALUES (8110251, 811250010, 10, 'system', FALSE, NOW(), 'system') ON CONFLICT (study_question_set_id, question_id) DO UPDATE SET order_index = EXCLUDED.order_index, is_deleted = FALSE;
INSERT INTO study_resource_question_sets (resource_type, resource_id, study_question_set_id, position, context, tenant_id, is_active, is_deleted, created_at, created_by) VALUES ('module', 8011012, 8110251, 1, '{"label": "T12. Một năm nhìn lại — Bài tập Level 1"}'::jsonb, 'system', TRUE, FALSE, NOW(), 'system') ON CONFLICT (resource_type, resource_id, study_question_set_id) DO UPDATE SET position = EXCLUDED.position, context = EXCLUDED.context, is_active = TRUE, is_deleted = FALSE;

INSERT INTO study_question_sets (id, name, description, set_type, card_count, tenant_id, is_active, is_deleted, created_at, created_by) VALUES (8110252, 'T12. Một năm nhìn lại — Bài tập Level 2', 'Bài tập trắc nghiệm — Level 2: N5', 'practice', 10, 'system', TRUE, FALSE, NOW(), 'system') ON CONFLICT (id) DO UPDATE SET name = EXCLUDED.name, description = EXCLUDED.description, set_type = EXCLUDED.set_type, card_count = EXCLUDED.card_count, is_active = EXCLUDED.is_active, is_deleted = EXCLUDED.is_deleted, updated_at = NOW(), updated_by = 'system';
INSERT INTO study_question_set_questions (study_question_set_id, question_id, order_index, tenant_id, is_deleted, created_at, created_by) VALUES (8110252, 811250011, 1, 'system', FALSE, NOW(), 'system') ON CONFLICT (study_question_set_id, question_id) DO UPDATE SET order_index = EXCLUDED.order_index, is_deleted = FALSE;
INSERT INTO study_question_set_questions (study_question_set_id, question_id, order_index, tenant_id, is_deleted, created_at, created_by) VALUES (8110252, 811250012, 2, 'system', FALSE, NOW(), 'system') ON CONFLICT (study_question_set_id, question_id) DO UPDATE SET order_index = EXCLUDED.order_index, is_deleted = FALSE;
INSERT INTO study_question_set_questions (study_question_set_id, question_id, order_index, tenant_id, is_deleted, created_at, created_by) VALUES (8110252, 811250013, 3, 'system', FALSE, NOW(), 'system') ON CONFLICT (study_question_set_id, question_id) DO UPDATE SET order_index = EXCLUDED.order_index, is_deleted = FALSE;
INSERT INTO study_question_set_questions (study_question_set_id, question_id, order_index, tenant_id, is_deleted, created_at, created_by) VALUES (8110252, 811250014, 4, 'system', FALSE, NOW(), 'system') ON CONFLICT (study_question_set_id, question_id) DO UPDATE SET order_index = EXCLUDED.order_index, is_deleted = FALSE;
INSERT INTO study_question_set_questions (study_question_set_id, question_id, order_index, tenant_id, is_deleted, created_at, created_by) VALUES (8110252, 811250015, 5, 'system', FALSE, NOW(), 'system') ON CONFLICT (study_question_set_id, question_id) DO UPDATE SET order_index = EXCLUDED.order_index, is_deleted = FALSE;
INSERT INTO study_question_set_questions (study_question_set_id, question_id, order_index, tenant_id, is_deleted, created_at, created_by) VALUES (8110252, 811250016, 6, 'system', FALSE, NOW(), 'system') ON CONFLICT (study_question_set_id, question_id) DO UPDATE SET order_index = EXCLUDED.order_index, is_deleted = FALSE;
INSERT INTO study_question_set_questions (study_question_set_id, question_id, order_index, tenant_id, is_deleted, created_at, created_by) VALUES (8110252, 811250017, 7, 'system', FALSE, NOW(), 'system') ON CONFLICT (study_question_set_id, question_id) DO UPDATE SET order_index = EXCLUDED.order_index, is_deleted = FALSE;
INSERT INTO study_question_set_questions (study_question_set_id, question_id, order_index, tenant_id, is_deleted, created_at, created_by) VALUES (8110252, 811250018, 8, 'system', FALSE, NOW(), 'system') ON CONFLICT (study_question_set_id, question_id) DO UPDATE SET order_index = EXCLUDED.order_index, is_deleted = FALSE;
INSERT INTO study_question_set_questions (study_question_set_id, question_id, order_index, tenant_id, is_deleted, created_at, created_by) VALUES (8110252, 811250019, 9, 'system', FALSE, NOW(), 'system') ON CONFLICT (study_question_set_id, question_id) DO UPDATE SET order_index = EXCLUDED.order_index, is_deleted = FALSE;
INSERT INTO study_question_set_questions (study_question_set_id, question_id, order_index, tenant_id, is_deleted, created_at, created_by) VALUES (8110252, 811250020, 10, 'system', FALSE, NOW(), 'system') ON CONFLICT (study_question_set_id, question_id) DO UPDATE SET order_index = EXCLUDED.order_index, is_deleted = FALSE;
INSERT INTO study_resource_question_sets (resource_type, resource_id, study_question_set_id, position, context, tenant_id, is_active, is_deleted, created_at, created_by) VALUES ('module', 8011012, 8110252, 2, '{"label": "T12. Một năm nhìn lại — Bài tập Level 2"}'::jsonb, 'system', TRUE, FALSE, NOW(), 'system') ON CONFLICT (resource_type, resource_id, study_question_set_id) DO UPDATE SET position = EXCLUDED.position, context = EXCLUDED.context, is_active = TRUE, is_deleted = FALSE;

INSERT INTO study_question_sets (id, name, description, set_type, card_count, tenant_id, is_active, is_deleted, created_at, created_by) VALUES (8110253, 'T12. Một năm nhìn lại — Bài tập Level 3', 'Bài tập trắc nghiệm — Level 3: N4', 'practice', 10, 'system', TRUE, FALSE, NOW(), 'system') ON CONFLICT (id) DO UPDATE SET name = EXCLUDED.name, description = EXCLUDED.description, set_type = EXCLUDED.set_type, card_count = EXCLUDED.card_count, is_active = EXCLUDED.is_active, is_deleted = EXCLUDED.is_deleted, updated_at = NOW(), updated_by = 'system';
INSERT INTO study_question_set_questions (study_question_set_id, question_id, order_index, tenant_id, is_deleted, created_at, created_by) VALUES (8110253, 811250021, 1, 'system', FALSE, NOW(), 'system') ON CONFLICT (study_question_set_id, question_id) DO UPDATE SET order_index = EXCLUDED.order_index, is_deleted = FALSE;
INSERT INTO study_question_set_questions (study_question_set_id, question_id, order_index, tenant_id, is_deleted, created_at, created_by) VALUES (8110253, 811250022, 2, 'system', FALSE, NOW(), 'system') ON CONFLICT (study_question_set_id, question_id) DO UPDATE SET order_index = EXCLUDED.order_index, is_deleted = FALSE;
INSERT INTO study_question_set_questions (study_question_set_id, question_id, order_index, tenant_id, is_deleted, created_at, created_by) VALUES (8110253, 811250023, 3, 'system', FALSE, NOW(), 'system') ON CONFLICT (study_question_set_id, question_id) DO UPDATE SET order_index = EXCLUDED.order_index, is_deleted = FALSE;
INSERT INTO study_question_set_questions (study_question_set_id, question_id, order_index, tenant_id, is_deleted, created_at, created_by) VALUES (8110253, 811250024, 4, 'system', FALSE, NOW(), 'system') ON CONFLICT (study_question_set_id, question_id) DO UPDATE SET order_index = EXCLUDED.order_index, is_deleted = FALSE;
INSERT INTO study_question_set_questions (study_question_set_id, question_id, order_index, tenant_id, is_deleted, created_at, created_by) VALUES (8110253, 811250025, 5, 'system', FALSE, NOW(), 'system') ON CONFLICT (study_question_set_id, question_id) DO UPDATE SET order_index = EXCLUDED.order_index, is_deleted = FALSE;
INSERT INTO study_question_set_questions (study_question_set_id, question_id, order_index, tenant_id, is_deleted, created_at, created_by) VALUES (8110253, 811250026, 6, 'system', FALSE, NOW(), 'system') ON CONFLICT (study_question_set_id, question_id) DO UPDATE SET order_index = EXCLUDED.order_index, is_deleted = FALSE;
INSERT INTO study_question_set_questions (study_question_set_id, question_id, order_index, tenant_id, is_deleted, created_at, created_by) VALUES (8110253, 811250027, 7, 'system', FALSE, NOW(), 'system') ON CONFLICT (study_question_set_id, question_id) DO UPDATE SET order_index = EXCLUDED.order_index, is_deleted = FALSE;
INSERT INTO study_question_set_questions (study_question_set_id, question_id, order_index, tenant_id, is_deleted, created_at, created_by) VALUES (8110253, 811250028, 8, 'system', FALSE, NOW(), 'system') ON CONFLICT (study_question_set_id, question_id) DO UPDATE SET order_index = EXCLUDED.order_index, is_deleted = FALSE;
INSERT INTO study_question_set_questions (study_question_set_id, question_id, order_index, tenant_id, is_deleted, created_at, created_by) VALUES (8110253, 811250029, 9, 'system', FALSE, NOW(), 'system') ON CONFLICT (study_question_set_id, question_id) DO UPDATE SET order_index = EXCLUDED.order_index, is_deleted = FALSE;
INSERT INTO study_question_set_questions (study_question_set_id, question_id, order_index, tenant_id, is_deleted, created_at, created_by) VALUES (8110253, 811250030, 10, 'system', FALSE, NOW(), 'system') ON CONFLICT (study_question_set_id, question_id) DO UPDATE SET order_index = EXCLUDED.order_index, is_deleted = FALSE;
INSERT INTO study_resource_question_sets (resource_type, resource_id, study_question_set_id, position, context, tenant_id, is_active, is_deleted, created_at, created_by) VALUES ('module', 8011012, 8110253, 3, '{"label": "T12. Một năm nhìn lại — Bài tập Level 3"}'::jsonb, 'system', TRUE, FALSE, NOW(), 'system') ON CONFLICT (resource_type, resource_id, study_question_set_id) DO UPDATE SET position = EXCLUDED.position, context = EXCLUDED.context, is_active = TRUE, is_deleted = FALSE;

INSERT INTO study_question_sets (id, name, description, set_type, card_count, tenant_id, is_active, is_deleted, created_at, created_by) VALUES (8110254, 'T12. Một năm nhìn lại — Bài tập Level 4', 'Bài tập trắc nghiệm — Level 4: N4', 'practice', 10, 'system', TRUE, FALSE, NOW(), 'system') ON CONFLICT (id) DO UPDATE SET name = EXCLUDED.name, description = EXCLUDED.description, set_type = EXCLUDED.set_type, card_count = EXCLUDED.card_count, is_active = EXCLUDED.is_active, is_deleted = EXCLUDED.is_deleted, updated_at = NOW(), updated_by = 'system';
INSERT INTO study_question_set_questions (study_question_set_id, question_id, order_index, tenant_id, is_deleted, created_at, created_by) VALUES (8110254, 811250031, 1, 'system', FALSE, NOW(), 'system') ON CONFLICT (study_question_set_id, question_id) DO UPDATE SET order_index = EXCLUDED.order_index, is_deleted = FALSE;
INSERT INTO study_question_set_questions (study_question_set_id, question_id, order_index, tenant_id, is_deleted, created_at, created_by) VALUES (8110254, 811250032, 2, 'system', FALSE, NOW(), 'system') ON CONFLICT (study_question_set_id, question_id) DO UPDATE SET order_index = EXCLUDED.order_index, is_deleted = FALSE;
INSERT INTO study_question_set_questions (study_question_set_id, question_id, order_index, tenant_id, is_deleted, created_at, created_by) VALUES (8110254, 811250033, 3, 'system', FALSE, NOW(), 'system') ON CONFLICT (study_question_set_id, question_id) DO UPDATE SET order_index = EXCLUDED.order_index, is_deleted = FALSE;
INSERT INTO study_question_set_questions (study_question_set_id, question_id, order_index, tenant_id, is_deleted, created_at, created_by) VALUES (8110254, 811250034, 4, 'system', FALSE, NOW(), 'system') ON CONFLICT (study_question_set_id, question_id) DO UPDATE SET order_index = EXCLUDED.order_index, is_deleted = FALSE;
INSERT INTO study_question_set_questions (study_question_set_id, question_id, order_index, tenant_id, is_deleted, created_at, created_by) VALUES (8110254, 811250035, 5, 'system', FALSE, NOW(), 'system') ON CONFLICT (study_question_set_id, question_id) DO UPDATE SET order_index = EXCLUDED.order_index, is_deleted = FALSE;
INSERT INTO study_question_set_questions (study_question_set_id, question_id, order_index, tenant_id, is_deleted, created_at, created_by) VALUES (8110254, 811250036, 6, 'system', FALSE, NOW(), 'system') ON CONFLICT (study_question_set_id, question_id) DO UPDATE SET order_index = EXCLUDED.order_index, is_deleted = FALSE;
INSERT INTO study_question_set_questions (study_question_set_id, question_id, order_index, tenant_id, is_deleted, created_at, created_by) VALUES (8110254, 811250037, 7, 'system', FALSE, NOW(), 'system') ON CONFLICT (study_question_set_id, question_id) DO UPDATE SET order_index = EXCLUDED.order_index, is_deleted = FALSE;
INSERT INTO study_question_set_questions (study_question_set_id, question_id, order_index, tenant_id, is_deleted, created_at, created_by) VALUES (8110254, 811250038, 8, 'system', FALSE, NOW(), 'system') ON CONFLICT (study_question_set_id, question_id) DO UPDATE SET order_index = EXCLUDED.order_index, is_deleted = FALSE;
INSERT INTO study_question_set_questions (study_question_set_id, question_id, order_index, tenant_id, is_deleted, created_at, created_by) VALUES (8110254, 811250039, 9, 'system', FALSE, NOW(), 'system') ON CONFLICT (study_question_set_id, question_id) DO UPDATE SET order_index = EXCLUDED.order_index, is_deleted = FALSE;
INSERT INTO study_question_set_questions (study_question_set_id, question_id, order_index, tenant_id, is_deleted, created_at, created_by) VALUES (8110254, 811250040, 10, 'system', FALSE, NOW(), 'system') ON CONFLICT (study_question_set_id, question_id) DO UPDATE SET order_index = EXCLUDED.order_index, is_deleted = FALSE;
INSERT INTO study_resource_question_sets (resource_type, resource_id, study_question_set_id, position, context, tenant_id, is_active, is_deleted, created_at, created_by) VALUES ('module', 8011012, 8110254, 4, '{"label": "T12. Một năm nhìn lại — Bài tập Level 4"}'::jsonb, 'system', TRUE, FALSE, NOW(), 'system') ON CONFLICT (resource_type, resource_id, study_question_set_id) DO UPDATE SET position = EXCLUDED.position, context = EXCLUDED.context, is_active = TRUE, is_deleted = FALSE;

-- Mogishiken: t12_bonenkai_furikaeri (5 passages, 20 questions)
INSERT INTO reading_passages (id, user_id, is_system, is_public, title, content, translation, jlpt_level, category, difficulty, word_count, tenant_id, is_active, is_deleted, created_at, created_by) VALUES (81102501, NULL, TRUE, TRUE, '1年間の振り返り — プロセスシート 1', 'これは 1年間の振り返り の プロセスシート です。Bonenkai + 一本締め + cảm ơn cao cấp + speech + chia tay に関する内容を含みます。実習生が業務中に必要な情報をまとめています。詳細は工場のマニュアルを参照してください。', 'Đây là Bảng quy trình của T12. Một năm nhìn lại. Bao gồm nội dung liên quan đến Bonenkai + 一本締め + cảm ơn cao cấp + speech + chia tay. Tổng hợp thông tin thực tập sinh cần biết khi làm việc. Chi tiết xem sổ tay nhà máy.', 'N4', 'notice', 5, 150, 'system', TRUE, FALSE, NOW(), 'system') ON CONFLICT (id) DO UPDATE SET title = EXCLUDED.title, content = EXCLUDED.content, translation = EXCLUDED.translation, jlpt_level = EXCLUDED.jlpt_level, category = EXCLUDED.category, difficulty = EXCLUDED.difficulty, word_count = EXCLUDED.word_count, is_active = EXCLUDED.is_active, is_deleted = EXCLUDED.is_deleted, updated_at = NOW(), updated_by = 'system';
INSERT INTO reading_passages (id, user_id, is_system, is_public, title, content, translation, jlpt_level, category, difficulty, word_count, tenant_id, is_active, is_deleted, created_at, created_by) VALUES (81102502, NULL, TRUE, TRUE, '1年間の振り返り — マニュアル 2', 'これは 1年間の振り返り の マニュアル です。Bonenkai + 一本締め + cảm ơn cao cấp + speech + chia tay に関する内容を含みます。実習生が業務中に必要な情報をまとめています。詳細は工場のマニュアルを参照してください。', 'Đây là Sổ tay hướng dẫn của T12. Một năm nhìn lại. Bao gồm nội dung liên quan đến Bonenkai + 一本締め + cảm ơn cao cấp + speech + chia tay. Tổng hợp thông tin thực tập sinh cần biết khi làm việc. Chi tiết xem sổ tay nhà máy.', 'N4', 'notice', 5, 150, 'system', TRUE, FALSE, NOW(), 'system') ON CONFLICT (id) DO UPDATE SET title = EXCLUDED.title, content = EXCLUDED.content, translation = EXCLUDED.translation, jlpt_level = EXCLUDED.jlpt_level, category = EXCLUDED.category, difficulty = EXCLUDED.difficulty, word_count = EXCLUDED.word_count, is_active = EXCLUDED.is_active, is_deleted = EXCLUDED.is_deleted, updated_at = NOW(), updated_by = 'system';
INSERT INTO reading_passages (id, user_id, is_system, is_public, title, content, translation, jlpt_level, category, difficulty, word_count, tenant_id, is_active, is_deleted, created_at, created_by) VALUES (81102503, NULL, TRUE, TRUE, '1年間の振り返り — 報告書 3', 'これは 1年間の振り返り の 報告書 です。Bonenkai + 一本締め + cảm ơn cao cấp + speech + chia tay に関する内容を含みます。実習生が業務中に必要な情報をまとめています。詳細は工場のマニュアルを参照してください。', 'Đây là Báo cáo của T12. Một năm nhìn lại. Bao gồm nội dung liên quan đến Bonenkai + 一本締め + cảm ơn cao cấp + speech + chia tay. Tổng hợp thông tin thực tập sinh cần biết khi làm việc. Chi tiết xem sổ tay nhà máy.', 'N4', 'notice', 5, 150, 'system', TRUE, FALSE, NOW(), 'system') ON CONFLICT (id) DO UPDATE SET title = EXCLUDED.title, content = EXCLUDED.content, translation = EXCLUDED.translation, jlpt_level = EXCLUDED.jlpt_level, category = EXCLUDED.category, difficulty = EXCLUDED.difficulty, word_count = EXCLUDED.word_count, is_active = EXCLUDED.is_active, is_deleted = EXCLUDED.is_deleted, updated_at = NOW(), updated_by = 'system';
INSERT INTO reading_passages (id, user_id, is_system, is_public, title, content, translation, jlpt_level, category, difficulty, word_count, tenant_id, is_active, is_deleted, created_at, created_by) VALUES (81102504, NULL, TRUE, TRUE, '1年間の振り返り — 通知 4', 'これは 1年間の振り返り の 通知 です。Bonenkai + 一本締め + cảm ơn cao cấp + speech + chia tay に関する内容を含みます。実習生が業務中に必要な情報をまとめています。詳細は工場のマニュアルを参照してください。', 'Đây là Thông báo của T12. Một năm nhìn lại. Bao gồm nội dung liên quan đến Bonenkai + 一本締め + cảm ơn cao cấp + speech + chia tay. Tổng hợp thông tin thực tập sinh cần biết khi làm việc. Chi tiết xem sổ tay nhà máy.', 'N4', 'notice', 5, 150, 'system', TRUE, FALSE, NOW(), 'system') ON CONFLICT (id) DO UPDATE SET title = EXCLUDED.title, content = EXCLUDED.content, translation = EXCLUDED.translation, jlpt_level = EXCLUDED.jlpt_level, category = EXCLUDED.category, difficulty = EXCLUDED.difficulty, word_count = EXCLUDED.word_count, is_active = EXCLUDED.is_active, is_deleted = EXCLUDED.is_deleted, updated_at = NOW(), updated_by = 'system';
INSERT INTO reading_passages (id, user_id, is_system, is_public, title, content, translation, jlpt_level, category, difficulty, word_count, tenant_id, is_active, is_deleted, created_at, created_by) VALUES (81102505, NULL, TRUE, TRUE, '1年間の振り返り — チェックリスト 5', 'これは 1年間の振り返り の チェックリスト です。Bonenkai + 一本締め + cảm ơn cao cấp + speech + chia tay に関する内容を含みます。実習生が業務中に必要な情報をまとめています。詳細は工場のマニュアルを参照してください。', 'Đây là Danh mục kiểm tra của T12. Một năm nhìn lại. Bao gồm nội dung liên quan đến Bonenkai + 一本締め + cảm ơn cao cấp + speech + chia tay. Tổng hợp thông tin thực tập sinh cần biết khi làm việc. Chi tiết xem sổ tay nhà máy.', 'N4', 'notice', 5, 150, 'system', TRUE, FALSE, NOW(), 'system') ON CONFLICT (id) DO UPDATE SET title = EXCLUDED.title, content = EXCLUDED.content, translation = EXCLUDED.translation, jlpt_level = EXCLUDED.jlpt_level, category = EXCLUDED.category, difficulty = EXCLUDED.difficulty, word_count = EXCLUDED.word_count, is_active = EXCLUDED.is_active, is_deleted = EXCLUDED.is_deleted, updated_at = NOW(), updated_by = 'system';

INSERT INTO questions (id, user_id, is_system, is_khoa_cu, question_type, content_type, level, selection_type, question, passage, passage_translation, general_explanation, skill_category, base_difficulty, tenant_id, is_active, is_deleted, created_at, created_by) VALUES (811260001, NULL, TRUE, FALSE, 'reading', 'jisshusei_mogishiken_t12_bonenkai_furikaeri', 'N4', 'single', 'この プロセスシート の主旨は何ですか? (Q1)

Ý chính của Bảng quy trình này là gì? (Q1)', '81102501', NULL, 'プロセスシート chứa thông tin về Bonenkai + 一本締め + cảm ơn cao cấp + speech + chia tay.', 'dokkai', 1, 'system', TRUE, FALSE, NOW(), 'system') ON CONFLICT (id) DO UPDATE SET question_type = EXCLUDED.question_type, content_type = EXCLUDED.content_type, level = EXCLUDED.level, question = EXCLUDED.question, passage = EXCLUDED.passage, passage_translation = EXCLUDED.passage_translation, general_explanation = EXCLUDED.general_explanation, skill_category = EXCLUDED.skill_category, is_active = EXCLUDED.is_active, is_deleted = EXCLUDED.is_deleted, updated_at = NOW(), updated_by = 'system';
DELETE FROM questions_answers WHERE question_id = 811260001;
INSERT INTO questions_answers (question_id, sentence, sentence_translation, is_correct, "order") VALUES (811260001, 'Bonenkai + 一本締め + cảm ơn cao cấp + speecに関する情報', 'Thông tin liên quan đến Bonenkai + 一本締め + cảm ơn cao cấp + speec', TRUE, 1);
INSERT INTO questions_answers (question_id, sentence, sentence_translation, is_correct, "order") VALUES (811260001, '工場の歴史', 'Lịch sử nhà máy', FALSE, 2);
INSERT INTO questions_answers (question_id, sentence, sentence_translation, is_correct, "order") VALUES (811260001, '社員の名前リスト', 'Danh sách tên nhân viên', FALSE, 3);
INSERT INTO questions_answers (question_id, sentence, sentence_translation, is_correct, "order") VALUES (811260001, '設備の値段', 'Giá thiết bị', FALSE, 4);
INSERT INTO questions (id, user_id, is_system, is_khoa_cu, question_type, content_type, level, selection_type, question, passage, passage_translation, general_explanation, skill_category, base_difficulty, tenant_id, is_active, is_deleted, created_at, created_by) VALUES (811260002, NULL, TRUE, FALSE, 'reading', 'jisshusei_mogishiken_t12_bonenkai_furikaeri', 'N4', 'single', 'この プロセスシート の主旨は何ですか? (Q2)

Ý chính của Bảng quy trình này là gì? (Q2)', '81102501', NULL, 'プロセスシート chứa thông tin về Bonenkai + 一本締め + cảm ơn cao cấp + speech + chia tay.', 'dokkai', 1, 'system', TRUE, FALSE, NOW(), 'system') ON CONFLICT (id) DO UPDATE SET question_type = EXCLUDED.question_type, content_type = EXCLUDED.content_type, level = EXCLUDED.level, question = EXCLUDED.question, passage = EXCLUDED.passage, passage_translation = EXCLUDED.passage_translation, general_explanation = EXCLUDED.general_explanation, skill_category = EXCLUDED.skill_category, is_active = EXCLUDED.is_active, is_deleted = EXCLUDED.is_deleted, updated_at = NOW(), updated_by = 'system';
DELETE FROM questions_answers WHERE question_id = 811260002;
INSERT INTO questions_answers (question_id, sentence, sentence_translation, is_correct, "order") VALUES (811260002, 'Bonenkai + 一本締め + cảm ơn cao cấp + speecに関する情報', 'Thông tin liên quan đến Bonenkai + 一本締め + cảm ơn cao cấp + speec', TRUE, 1);
INSERT INTO questions_answers (question_id, sentence, sentence_translation, is_correct, "order") VALUES (811260002, '工場の歴史', 'Lịch sử nhà máy', FALSE, 2);
INSERT INTO questions_answers (question_id, sentence, sentence_translation, is_correct, "order") VALUES (811260002, '社員の名前リスト', 'Danh sách tên nhân viên', FALSE, 3);
INSERT INTO questions_answers (question_id, sentence, sentence_translation, is_correct, "order") VALUES (811260002, '設備の値段', 'Giá thiết bị', FALSE, 4);
INSERT INTO questions (id, user_id, is_system, is_khoa_cu, question_type, content_type, level, selection_type, question, passage, passage_translation, general_explanation, skill_category, base_difficulty, tenant_id, is_active, is_deleted, created_at, created_by) VALUES (811260003, NULL, TRUE, FALSE, 'reading', 'jisshusei_mogishiken_t12_bonenkai_furikaeri', 'N4', 'single', 'この プロセスシート の主旨は何ですか? (Q3)

Ý chính của Bảng quy trình này là gì? (Q3)', '81102501', NULL, 'プロセスシート chứa thông tin về Bonenkai + 一本締め + cảm ơn cao cấp + speech + chia tay.', 'dokkai', 1, 'system', TRUE, FALSE, NOW(), 'system') ON CONFLICT (id) DO UPDATE SET question_type = EXCLUDED.question_type, content_type = EXCLUDED.content_type, level = EXCLUDED.level, question = EXCLUDED.question, passage = EXCLUDED.passage, passage_translation = EXCLUDED.passage_translation, general_explanation = EXCLUDED.general_explanation, skill_category = EXCLUDED.skill_category, is_active = EXCLUDED.is_active, is_deleted = EXCLUDED.is_deleted, updated_at = NOW(), updated_by = 'system';
DELETE FROM questions_answers WHERE question_id = 811260003;
INSERT INTO questions_answers (question_id, sentence, sentence_translation, is_correct, "order") VALUES (811260003, 'Bonenkai + 一本締め + cảm ơn cao cấp + speecに関する情報', 'Thông tin liên quan đến Bonenkai + 一本締め + cảm ơn cao cấp + speec', TRUE, 1);
INSERT INTO questions_answers (question_id, sentence, sentence_translation, is_correct, "order") VALUES (811260003, '工場の歴史', 'Lịch sử nhà máy', FALSE, 2);
INSERT INTO questions_answers (question_id, sentence, sentence_translation, is_correct, "order") VALUES (811260003, '社員の名前リスト', 'Danh sách tên nhân viên', FALSE, 3);
INSERT INTO questions_answers (question_id, sentence, sentence_translation, is_correct, "order") VALUES (811260003, '設備の値段', 'Giá thiết bị', FALSE, 4);
INSERT INTO questions (id, user_id, is_system, is_khoa_cu, question_type, content_type, level, selection_type, question, passage, passage_translation, general_explanation, skill_category, base_difficulty, tenant_id, is_active, is_deleted, created_at, created_by) VALUES (811260004, NULL, TRUE, FALSE, 'reading', 'jisshusei_mogishiken_t12_bonenkai_furikaeri', 'N4', 'single', 'この プロセスシート の主旨は何ですか? (Q4)

Ý chính của Bảng quy trình này là gì? (Q4)', '81102501', NULL, 'プロセスシート chứa thông tin về Bonenkai + 一本締め + cảm ơn cao cấp + speech + chia tay.', 'dokkai', 1, 'system', TRUE, FALSE, NOW(), 'system') ON CONFLICT (id) DO UPDATE SET question_type = EXCLUDED.question_type, content_type = EXCLUDED.content_type, level = EXCLUDED.level, question = EXCLUDED.question, passage = EXCLUDED.passage, passage_translation = EXCLUDED.passage_translation, general_explanation = EXCLUDED.general_explanation, skill_category = EXCLUDED.skill_category, is_active = EXCLUDED.is_active, is_deleted = EXCLUDED.is_deleted, updated_at = NOW(), updated_by = 'system';
DELETE FROM questions_answers WHERE question_id = 811260004;
INSERT INTO questions_answers (question_id, sentence, sentence_translation, is_correct, "order") VALUES (811260004, 'Bonenkai + 一本締め + cảm ơn cao cấp + speecに関する情報', 'Thông tin liên quan đến Bonenkai + 一本締め + cảm ơn cao cấp + speec', TRUE, 1);
INSERT INTO questions_answers (question_id, sentence, sentence_translation, is_correct, "order") VALUES (811260004, '工場の歴史', 'Lịch sử nhà máy', FALSE, 2);
INSERT INTO questions_answers (question_id, sentence, sentence_translation, is_correct, "order") VALUES (811260004, '社員の名前リスト', 'Danh sách tên nhân viên', FALSE, 3);
INSERT INTO questions_answers (question_id, sentence, sentence_translation, is_correct, "order") VALUES (811260004, '設備の値段', 'Giá thiết bị', FALSE, 4);
INSERT INTO questions (id, user_id, is_system, is_khoa_cu, question_type, content_type, level, selection_type, question, passage, passage_translation, general_explanation, skill_category, base_difficulty, tenant_id, is_active, is_deleted, created_at, created_by) VALUES (811260005, NULL, TRUE, FALSE, 'reading', 'jisshusei_mogishiken_t12_bonenkai_furikaeri', 'N4', 'single', 'この マニュアル の主旨は何ですか? (Q1)

Ý chính của Sổ tay hướng dẫn này là gì? (Q1)', '81102502', NULL, 'マニュアル chứa thông tin về Bonenkai + 一本締め + cảm ơn cao cấp + speech + chia tay.', 'dokkai', 1, 'system', TRUE, FALSE, NOW(), 'system') ON CONFLICT (id) DO UPDATE SET question_type = EXCLUDED.question_type, content_type = EXCLUDED.content_type, level = EXCLUDED.level, question = EXCLUDED.question, passage = EXCLUDED.passage, passage_translation = EXCLUDED.passage_translation, general_explanation = EXCLUDED.general_explanation, skill_category = EXCLUDED.skill_category, is_active = EXCLUDED.is_active, is_deleted = EXCLUDED.is_deleted, updated_at = NOW(), updated_by = 'system';
DELETE FROM questions_answers WHERE question_id = 811260005;
INSERT INTO questions_answers (question_id, sentence, sentence_translation, is_correct, "order") VALUES (811260005, 'Bonenkai + 一本締め + cảm ơn cao cấp + speecに関する情報', 'Thông tin liên quan đến Bonenkai + 一本締め + cảm ơn cao cấp + speec', TRUE, 1);
INSERT INTO questions_answers (question_id, sentence, sentence_translation, is_correct, "order") VALUES (811260005, '工場の歴史', 'Lịch sử nhà máy', FALSE, 2);
INSERT INTO questions_answers (question_id, sentence, sentence_translation, is_correct, "order") VALUES (811260005, '社員の名前リスト', 'Danh sách tên nhân viên', FALSE, 3);
INSERT INTO questions_answers (question_id, sentence, sentence_translation, is_correct, "order") VALUES (811260005, '設備の値段', 'Giá thiết bị', FALSE, 4);
INSERT INTO questions (id, user_id, is_system, is_khoa_cu, question_type, content_type, level, selection_type, question, passage, passage_translation, general_explanation, skill_category, base_difficulty, tenant_id, is_active, is_deleted, created_at, created_by) VALUES (811260006, NULL, TRUE, FALSE, 'reading', 'jisshusei_mogishiken_t12_bonenkai_furikaeri', 'N4', 'single', 'この マニュアル の主旨は何ですか? (Q2)

Ý chính của Sổ tay hướng dẫn này là gì? (Q2)', '81102502', NULL, 'マニュアル chứa thông tin về Bonenkai + 一本締め + cảm ơn cao cấp + speech + chia tay.', 'dokkai', 1, 'system', TRUE, FALSE, NOW(), 'system') ON CONFLICT (id) DO UPDATE SET question_type = EXCLUDED.question_type, content_type = EXCLUDED.content_type, level = EXCLUDED.level, question = EXCLUDED.question, passage = EXCLUDED.passage, passage_translation = EXCLUDED.passage_translation, general_explanation = EXCLUDED.general_explanation, skill_category = EXCLUDED.skill_category, is_active = EXCLUDED.is_active, is_deleted = EXCLUDED.is_deleted, updated_at = NOW(), updated_by = 'system';
DELETE FROM questions_answers WHERE question_id = 811260006;
INSERT INTO questions_answers (question_id, sentence, sentence_translation, is_correct, "order") VALUES (811260006, 'Bonenkai + 一本締め + cảm ơn cao cấp + speecに関する情報', 'Thông tin liên quan đến Bonenkai + 一本締め + cảm ơn cao cấp + speec', TRUE, 1);
INSERT INTO questions_answers (question_id, sentence, sentence_translation, is_correct, "order") VALUES (811260006, '工場の歴史', 'Lịch sử nhà máy', FALSE, 2);
INSERT INTO questions_answers (question_id, sentence, sentence_translation, is_correct, "order") VALUES (811260006, '社員の名前リスト', 'Danh sách tên nhân viên', FALSE, 3);
INSERT INTO questions_answers (question_id, sentence, sentence_translation, is_correct, "order") VALUES (811260006, '設備の値段', 'Giá thiết bị', FALSE, 4);
INSERT INTO questions (id, user_id, is_system, is_khoa_cu, question_type, content_type, level, selection_type, question, passage, passage_translation, general_explanation, skill_category, base_difficulty, tenant_id, is_active, is_deleted, created_at, created_by) VALUES (811260007, NULL, TRUE, FALSE, 'reading', 'jisshusei_mogishiken_t12_bonenkai_furikaeri', 'N4', 'single', 'この マニュアル の主旨は何ですか? (Q3)

Ý chính của Sổ tay hướng dẫn này là gì? (Q3)', '81102502', NULL, 'マニュアル chứa thông tin về Bonenkai + 一本締め + cảm ơn cao cấp + speech + chia tay.', 'dokkai', 1, 'system', TRUE, FALSE, NOW(), 'system') ON CONFLICT (id) DO UPDATE SET question_type = EXCLUDED.question_type, content_type = EXCLUDED.content_type, level = EXCLUDED.level, question = EXCLUDED.question, passage = EXCLUDED.passage, passage_translation = EXCLUDED.passage_translation, general_explanation = EXCLUDED.general_explanation, skill_category = EXCLUDED.skill_category, is_active = EXCLUDED.is_active, is_deleted = EXCLUDED.is_deleted, updated_at = NOW(), updated_by = 'system';
DELETE FROM questions_answers WHERE question_id = 811260007;
INSERT INTO questions_answers (question_id, sentence, sentence_translation, is_correct, "order") VALUES (811260007, 'Bonenkai + 一本締め + cảm ơn cao cấp + speecに関する情報', 'Thông tin liên quan đến Bonenkai + 一本締め + cảm ơn cao cấp + speec', TRUE, 1);
INSERT INTO questions_answers (question_id, sentence, sentence_translation, is_correct, "order") VALUES (811260007, '工場の歴史', 'Lịch sử nhà máy', FALSE, 2);
INSERT INTO questions_answers (question_id, sentence, sentence_translation, is_correct, "order") VALUES (811260007, '社員の名前リスト', 'Danh sách tên nhân viên', FALSE, 3);
INSERT INTO questions_answers (question_id, sentence, sentence_translation, is_correct, "order") VALUES (811260007, '設備の値段', 'Giá thiết bị', FALSE, 4);
INSERT INTO questions (id, user_id, is_system, is_khoa_cu, question_type, content_type, level, selection_type, question, passage, passage_translation, general_explanation, skill_category, base_difficulty, tenant_id, is_active, is_deleted, created_at, created_by) VALUES (811260008, NULL, TRUE, FALSE, 'reading', 'jisshusei_mogishiken_t12_bonenkai_furikaeri', 'N4', 'single', 'この マニュアル の主旨は何ですか? (Q4)

Ý chính của Sổ tay hướng dẫn này là gì? (Q4)', '81102502', NULL, 'マニュアル chứa thông tin về Bonenkai + 一本締め + cảm ơn cao cấp + speech + chia tay.', 'dokkai', 1, 'system', TRUE, FALSE, NOW(), 'system') ON CONFLICT (id) DO UPDATE SET question_type = EXCLUDED.question_type, content_type = EXCLUDED.content_type, level = EXCLUDED.level, question = EXCLUDED.question, passage = EXCLUDED.passage, passage_translation = EXCLUDED.passage_translation, general_explanation = EXCLUDED.general_explanation, skill_category = EXCLUDED.skill_category, is_active = EXCLUDED.is_active, is_deleted = EXCLUDED.is_deleted, updated_at = NOW(), updated_by = 'system';
DELETE FROM questions_answers WHERE question_id = 811260008;
INSERT INTO questions_answers (question_id, sentence, sentence_translation, is_correct, "order") VALUES (811260008, 'Bonenkai + 一本締め + cảm ơn cao cấp + speecに関する情報', 'Thông tin liên quan đến Bonenkai + 一本締め + cảm ơn cao cấp + speec', TRUE, 1);
INSERT INTO questions_answers (question_id, sentence, sentence_translation, is_correct, "order") VALUES (811260008, '工場の歴史', 'Lịch sử nhà máy', FALSE, 2);
INSERT INTO questions_answers (question_id, sentence, sentence_translation, is_correct, "order") VALUES (811260008, '社員の名前リスト', 'Danh sách tên nhân viên', FALSE, 3);
INSERT INTO questions_answers (question_id, sentence, sentence_translation, is_correct, "order") VALUES (811260008, '設備の値段', 'Giá thiết bị', FALSE, 4);
INSERT INTO questions (id, user_id, is_system, is_khoa_cu, question_type, content_type, level, selection_type, question, passage, passage_translation, general_explanation, skill_category, base_difficulty, tenant_id, is_active, is_deleted, created_at, created_by) VALUES (811260009, NULL, TRUE, FALSE, 'reading', 'jisshusei_mogishiken_t12_bonenkai_furikaeri', 'N4', 'single', 'この 報告書 の主旨は何ですか? (Q1)

Ý chính của Báo cáo này là gì? (Q1)', '81102503', NULL, '報告書 chứa thông tin về Bonenkai + 一本締め + cảm ơn cao cấp + speech + chia tay.', 'dokkai', 1, 'system', TRUE, FALSE, NOW(), 'system') ON CONFLICT (id) DO UPDATE SET question_type = EXCLUDED.question_type, content_type = EXCLUDED.content_type, level = EXCLUDED.level, question = EXCLUDED.question, passage = EXCLUDED.passage, passage_translation = EXCLUDED.passage_translation, general_explanation = EXCLUDED.general_explanation, skill_category = EXCLUDED.skill_category, is_active = EXCLUDED.is_active, is_deleted = EXCLUDED.is_deleted, updated_at = NOW(), updated_by = 'system';
DELETE FROM questions_answers WHERE question_id = 811260009;
INSERT INTO questions_answers (question_id, sentence, sentence_translation, is_correct, "order") VALUES (811260009, 'Bonenkai + 一本締め + cảm ơn cao cấp + speecに関する情報', 'Thông tin liên quan đến Bonenkai + 一本締め + cảm ơn cao cấp + speec', TRUE, 1);
INSERT INTO questions_answers (question_id, sentence, sentence_translation, is_correct, "order") VALUES (811260009, '工場の歴史', 'Lịch sử nhà máy', FALSE, 2);
INSERT INTO questions_answers (question_id, sentence, sentence_translation, is_correct, "order") VALUES (811260009, '社員の名前リスト', 'Danh sách tên nhân viên', FALSE, 3);
INSERT INTO questions_answers (question_id, sentence, sentence_translation, is_correct, "order") VALUES (811260009, '設備の値段', 'Giá thiết bị', FALSE, 4);
INSERT INTO questions (id, user_id, is_system, is_khoa_cu, question_type, content_type, level, selection_type, question, passage, passage_translation, general_explanation, skill_category, base_difficulty, tenant_id, is_active, is_deleted, created_at, created_by) VALUES (811260010, NULL, TRUE, FALSE, 'reading', 'jisshusei_mogishiken_t12_bonenkai_furikaeri', 'N4', 'single', 'この 報告書 の主旨は何ですか? (Q2)

Ý chính của Báo cáo này là gì? (Q2)', '81102503', NULL, '報告書 chứa thông tin về Bonenkai + 一本締め + cảm ơn cao cấp + speech + chia tay.', 'dokkai', 1, 'system', TRUE, FALSE, NOW(), 'system') ON CONFLICT (id) DO UPDATE SET question_type = EXCLUDED.question_type, content_type = EXCLUDED.content_type, level = EXCLUDED.level, question = EXCLUDED.question, passage = EXCLUDED.passage, passage_translation = EXCLUDED.passage_translation, general_explanation = EXCLUDED.general_explanation, skill_category = EXCLUDED.skill_category, is_active = EXCLUDED.is_active, is_deleted = EXCLUDED.is_deleted, updated_at = NOW(), updated_by = 'system';
DELETE FROM questions_answers WHERE question_id = 811260010;
INSERT INTO questions_answers (question_id, sentence, sentence_translation, is_correct, "order") VALUES (811260010, 'Bonenkai + 一本締め + cảm ơn cao cấp + speecに関する情報', 'Thông tin liên quan đến Bonenkai + 一本締め + cảm ơn cao cấp + speec', TRUE, 1);
INSERT INTO questions_answers (question_id, sentence, sentence_translation, is_correct, "order") VALUES (811260010, '工場の歴史', 'Lịch sử nhà máy', FALSE, 2);
INSERT INTO questions_answers (question_id, sentence, sentence_translation, is_correct, "order") VALUES (811260010, '社員の名前リスト', 'Danh sách tên nhân viên', FALSE, 3);
INSERT INTO questions_answers (question_id, sentence, sentence_translation, is_correct, "order") VALUES (811260010, '設備の値段', 'Giá thiết bị', FALSE, 4);
INSERT INTO questions (id, user_id, is_system, is_khoa_cu, question_type, content_type, level, selection_type, question, passage, passage_translation, general_explanation, skill_category, base_difficulty, tenant_id, is_active, is_deleted, created_at, created_by) VALUES (811260011, NULL, TRUE, FALSE, 'reading', 'jisshusei_mogishiken_t12_bonenkai_furikaeri', 'N4', 'single', 'この 報告書 の主旨は何ですか? (Q3)

Ý chính của Báo cáo này là gì? (Q3)', '81102503', NULL, '報告書 chứa thông tin về Bonenkai + 一本締め + cảm ơn cao cấp + speech + chia tay.', 'dokkai', 1, 'system', TRUE, FALSE, NOW(), 'system') ON CONFLICT (id) DO UPDATE SET question_type = EXCLUDED.question_type, content_type = EXCLUDED.content_type, level = EXCLUDED.level, question = EXCLUDED.question, passage = EXCLUDED.passage, passage_translation = EXCLUDED.passage_translation, general_explanation = EXCLUDED.general_explanation, skill_category = EXCLUDED.skill_category, is_active = EXCLUDED.is_active, is_deleted = EXCLUDED.is_deleted, updated_at = NOW(), updated_by = 'system';
DELETE FROM questions_answers WHERE question_id = 811260011;
INSERT INTO questions_answers (question_id, sentence, sentence_translation, is_correct, "order") VALUES (811260011, 'Bonenkai + 一本締め + cảm ơn cao cấp + speecに関する情報', 'Thông tin liên quan đến Bonenkai + 一本締め + cảm ơn cao cấp + speec', TRUE, 1);
INSERT INTO questions_answers (question_id, sentence, sentence_translation, is_correct, "order") VALUES (811260011, '工場の歴史', 'Lịch sử nhà máy', FALSE, 2);
INSERT INTO questions_answers (question_id, sentence, sentence_translation, is_correct, "order") VALUES (811260011, '社員の名前リスト', 'Danh sách tên nhân viên', FALSE, 3);
INSERT INTO questions_answers (question_id, sentence, sentence_translation, is_correct, "order") VALUES (811260011, '設備の値段', 'Giá thiết bị', FALSE, 4);
INSERT INTO questions (id, user_id, is_system, is_khoa_cu, question_type, content_type, level, selection_type, question, passage, passage_translation, general_explanation, skill_category, base_difficulty, tenant_id, is_active, is_deleted, created_at, created_by) VALUES (811260012, NULL, TRUE, FALSE, 'reading', 'jisshusei_mogishiken_t12_bonenkai_furikaeri', 'N4', 'single', 'この 報告書 の主旨は何ですか? (Q4)

Ý chính của Báo cáo này là gì? (Q4)', '81102503', NULL, '報告書 chứa thông tin về Bonenkai + 一本締め + cảm ơn cao cấp + speech + chia tay.', 'dokkai', 1, 'system', TRUE, FALSE, NOW(), 'system') ON CONFLICT (id) DO UPDATE SET question_type = EXCLUDED.question_type, content_type = EXCLUDED.content_type, level = EXCLUDED.level, question = EXCLUDED.question, passage = EXCLUDED.passage, passage_translation = EXCLUDED.passage_translation, general_explanation = EXCLUDED.general_explanation, skill_category = EXCLUDED.skill_category, is_active = EXCLUDED.is_active, is_deleted = EXCLUDED.is_deleted, updated_at = NOW(), updated_by = 'system';
DELETE FROM questions_answers WHERE question_id = 811260012;
INSERT INTO questions_answers (question_id, sentence, sentence_translation, is_correct, "order") VALUES (811260012, 'Bonenkai + 一本締め + cảm ơn cao cấp + speecに関する情報', 'Thông tin liên quan đến Bonenkai + 一本締め + cảm ơn cao cấp + speec', TRUE, 1);
INSERT INTO questions_answers (question_id, sentence, sentence_translation, is_correct, "order") VALUES (811260012, '工場の歴史', 'Lịch sử nhà máy', FALSE, 2);
INSERT INTO questions_answers (question_id, sentence, sentence_translation, is_correct, "order") VALUES (811260012, '社員の名前リスト', 'Danh sách tên nhân viên', FALSE, 3);
INSERT INTO questions_answers (question_id, sentence, sentence_translation, is_correct, "order") VALUES (811260012, '設備の値段', 'Giá thiết bị', FALSE, 4);
INSERT INTO questions (id, user_id, is_system, is_khoa_cu, question_type, content_type, level, selection_type, question, passage, passage_translation, general_explanation, skill_category, base_difficulty, tenant_id, is_active, is_deleted, created_at, created_by) VALUES (811260013, NULL, TRUE, FALSE, 'reading', 'jisshusei_mogishiken_t12_bonenkai_furikaeri', 'N4', 'single', 'この 通知 の主旨は何ですか? (Q1)

Ý chính của Thông báo này là gì? (Q1)', '81102504', NULL, '通知 chứa thông tin về Bonenkai + 一本締め + cảm ơn cao cấp + speech + chia tay.', 'dokkai', 1, 'system', TRUE, FALSE, NOW(), 'system') ON CONFLICT (id) DO UPDATE SET question_type = EXCLUDED.question_type, content_type = EXCLUDED.content_type, level = EXCLUDED.level, question = EXCLUDED.question, passage = EXCLUDED.passage, passage_translation = EXCLUDED.passage_translation, general_explanation = EXCLUDED.general_explanation, skill_category = EXCLUDED.skill_category, is_active = EXCLUDED.is_active, is_deleted = EXCLUDED.is_deleted, updated_at = NOW(), updated_by = 'system';
DELETE FROM questions_answers WHERE question_id = 811260013;
INSERT INTO questions_answers (question_id, sentence, sentence_translation, is_correct, "order") VALUES (811260013, 'Bonenkai + 一本締め + cảm ơn cao cấp + speecに関する情報', 'Thông tin liên quan đến Bonenkai + 一本締め + cảm ơn cao cấp + speec', TRUE, 1);
INSERT INTO questions_answers (question_id, sentence, sentence_translation, is_correct, "order") VALUES (811260013, '工場の歴史', 'Lịch sử nhà máy', FALSE, 2);
INSERT INTO questions_answers (question_id, sentence, sentence_translation, is_correct, "order") VALUES (811260013, '社員の名前リスト', 'Danh sách tên nhân viên', FALSE, 3);
INSERT INTO questions_answers (question_id, sentence, sentence_translation, is_correct, "order") VALUES (811260013, '設備の値段', 'Giá thiết bị', FALSE, 4);
INSERT INTO questions (id, user_id, is_system, is_khoa_cu, question_type, content_type, level, selection_type, question, passage, passage_translation, general_explanation, skill_category, base_difficulty, tenant_id, is_active, is_deleted, created_at, created_by) VALUES (811260014, NULL, TRUE, FALSE, 'reading', 'jisshusei_mogishiken_t12_bonenkai_furikaeri', 'N4', 'single', 'この 通知 の主旨は何ですか? (Q2)

Ý chính của Thông báo này là gì? (Q2)', '81102504', NULL, '通知 chứa thông tin về Bonenkai + 一本締め + cảm ơn cao cấp + speech + chia tay.', 'dokkai', 1, 'system', TRUE, FALSE, NOW(), 'system') ON CONFLICT (id) DO UPDATE SET question_type = EXCLUDED.question_type, content_type = EXCLUDED.content_type, level = EXCLUDED.level, question = EXCLUDED.question, passage = EXCLUDED.passage, passage_translation = EXCLUDED.passage_translation, general_explanation = EXCLUDED.general_explanation, skill_category = EXCLUDED.skill_category, is_active = EXCLUDED.is_active, is_deleted = EXCLUDED.is_deleted, updated_at = NOW(), updated_by = 'system';
DELETE FROM questions_answers WHERE question_id = 811260014;
INSERT INTO questions_answers (question_id, sentence, sentence_translation, is_correct, "order") VALUES (811260014, 'Bonenkai + 一本締め + cảm ơn cao cấp + speecに関する情報', 'Thông tin liên quan đến Bonenkai + 一本締め + cảm ơn cao cấp + speec', TRUE, 1);
INSERT INTO questions_answers (question_id, sentence, sentence_translation, is_correct, "order") VALUES (811260014, '工場の歴史', 'Lịch sử nhà máy', FALSE, 2);
INSERT INTO questions_answers (question_id, sentence, sentence_translation, is_correct, "order") VALUES (811260014, '社員の名前リスト', 'Danh sách tên nhân viên', FALSE, 3);
INSERT INTO questions_answers (question_id, sentence, sentence_translation, is_correct, "order") VALUES (811260014, '設備の値段', 'Giá thiết bị', FALSE, 4);
INSERT INTO questions (id, user_id, is_system, is_khoa_cu, question_type, content_type, level, selection_type, question, passage, passage_translation, general_explanation, skill_category, base_difficulty, tenant_id, is_active, is_deleted, created_at, created_by) VALUES (811260015, NULL, TRUE, FALSE, 'reading', 'jisshusei_mogishiken_t12_bonenkai_furikaeri', 'N4', 'single', 'この 通知 の主旨は何ですか? (Q3)

Ý chính của Thông báo này là gì? (Q3)', '81102504', NULL, '通知 chứa thông tin về Bonenkai + 一本締め + cảm ơn cao cấp + speech + chia tay.', 'dokkai', 1, 'system', TRUE, FALSE, NOW(), 'system') ON CONFLICT (id) DO UPDATE SET question_type = EXCLUDED.question_type, content_type = EXCLUDED.content_type, level = EXCLUDED.level, question = EXCLUDED.question, passage = EXCLUDED.passage, passage_translation = EXCLUDED.passage_translation, general_explanation = EXCLUDED.general_explanation, skill_category = EXCLUDED.skill_category, is_active = EXCLUDED.is_active, is_deleted = EXCLUDED.is_deleted, updated_at = NOW(), updated_by = 'system';
DELETE FROM questions_answers WHERE question_id = 811260015;
INSERT INTO questions_answers (question_id, sentence, sentence_translation, is_correct, "order") VALUES (811260015, 'Bonenkai + 一本締め + cảm ơn cao cấp + speecに関する情報', 'Thông tin liên quan đến Bonenkai + 一本締め + cảm ơn cao cấp + speec', TRUE, 1);
INSERT INTO questions_answers (question_id, sentence, sentence_translation, is_correct, "order") VALUES (811260015, '工場の歴史', 'Lịch sử nhà máy', FALSE, 2);
INSERT INTO questions_answers (question_id, sentence, sentence_translation, is_correct, "order") VALUES (811260015, '社員の名前リスト', 'Danh sách tên nhân viên', FALSE, 3);
INSERT INTO questions_answers (question_id, sentence, sentence_translation, is_correct, "order") VALUES (811260015, '設備の値段', 'Giá thiết bị', FALSE, 4);
INSERT INTO questions (id, user_id, is_system, is_khoa_cu, question_type, content_type, level, selection_type, question, passage, passage_translation, general_explanation, skill_category, base_difficulty, tenant_id, is_active, is_deleted, created_at, created_by) VALUES (811260016, NULL, TRUE, FALSE, 'reading', 'jisshusei_mogishiken_t12_bonenkai_furikaeri', 'N4', 'single', 'この 通知 の主旨は何ですか? (Q4)

Ý chính của Thông báo này là gì? (Q4)', '81102504', NULL, '通知 chứa thông tin về Bonenkai + 一本締め + cảm ơn cao cấp + speech + chia tay.', 'dokkai', 1, 'system', TRUE, FALSE, NOW(), 'system') ON CONFLICT (id) DO UPDATE SET question_type = EXCLUDED.question_type, content_type = EXCLUDED.content_type, level = EXCLUDED.level, question = EXCLUDED.question, passage = EXCLUDED.passage, passage_translation = EXCLUDED.passage_translation, general_explanation = EXCLUDED.general_explanation, skill_category = EXCLUDED.skill_category, is_active = EXCLUDED.is_active, is_deleted = EXCLUDED.is_deleted, updated_at = NOW(), updated_by = 'system';
DELETE FROM questions_answers WHERE question_id = 811260016;
INSERT INTO questions_answers (question_id, sentence, sentence_translation, is_correct, "order") VALUES (811260016, 'Bonenkai + 一本締め + cảm ơn cao cấp + speecに関する情報', 'Thông tin liên quan đến Bonenkai + 一本締め + cảm ơn cao cấp + speec', TRUE, 1);
INSERT INTO questions_answers (question_id, sentence, sentence_translation, is_correct, "order") VALUES (811260016, '工場の歴史', 'Lịch sử nhà máy', FALSE, 2);
INSERT INTO questions_answers (question_id, sentence, sentence_translation, is_correct, "order") VALUES (811260016, '社員の名前リスト', 'Danh sách tên nhân viên', FALSE, 3);
INSERT INTO questions_answers (question_id, sentence, sentence_translation, is_correct, "order") VALUES (811260016, '設備の値段', 'Giá thiết bị', FALSE, 4);
INSERT INTO questions (id, user_id, is_system, is_khoa_cu, question_type, content_type, level, selection_type, question, passage, passage_translation, general_explanation, skill_category, base_difficulty, tenant_id, is_active, is_deleted, created_at, created_by) VALUES (811260017, NULL, TRUE, FALSE, 'reading', 'jisshusei_mogishiken_t12_bonenkai_furikaeri', 'N4', 'single', 'この チェックリスト の主旨は何ですか? (Q1)

Ý chính của Danh mục kiểm tra này là gì? (Q1)', '81102505', NULL, 'チェックリスト chứa thông tin về Bonenkai + 一本締め + cảm ơn cao cấp + speech + chia tay.', 'dokkai', 1, 'system', TRUE, FALSE, NOW(), 'system') ON CONFLICT (id) DO UPDATE SET question_type = EXCLUDED.question_type, content_type = EXCLUDED.content_type, level = EXCLUDED.level, question = EXCLUDED.question, passage = EXCLUDED.passage, passage_translation = EXCLUDED.passage_translation, general_explanation = EXCLUDED.general_explanation, skill_category = EXCLUDED.skill_category, is_active = EXCLUDED.is_active, is_deleted = EXCLUDED.is_deleted, updated_at = NOW(), updated_by = 'system';
DELETE FROM questions_answers WHERE question_id = 811260017;
INSERT INTO questions_answers (question_id, sentence, sentence_translation, is_correct, "order") VALUES (811260017, 'Bonenkai + 一本締め + cảm ơn cao cấp + speecに関する情報', 'Thông tin liên quan đến Bonenkai + 一本締め + cảm ơn cao cấp + speec', TRUE, 1);
INSERT INTO questions_answers (question_id, sentence, sentence_translation, is_correct, "order") VALUES (811260017, '工場の歴史', 'Lịch sử nhà máy', FALSE, 2);
INSERT INTO questions_answers (question_id, sentence, sentence_translation, is_correct, "order") VALUES (811260017, '社員の名前リスト', 'Danh sách tên nhân viên', FALSE, 3);
INSERT INTO questions_answers (question_id, sentence, sentence_translation, is_correct, "order") VALUES (811260017, '設備の値段', 'Giá thiết bị', FALSE, 4);
INSERT INTO questions (id, user_id, is_system, is_khoa_cu, question_type, content_type, level, selection_type, question, passage, passage_translation, general_explanation, skill_category, base_difficulty, tenant_id, is_active, is_deleted, created_at, created_by) VALUES (811260018, NULL, TRUE, FALSE, 'reading', 'jisshusei_mogishiken_t12_bonenkai_furikaeri', 'N4', 'single', 'この チェックリスト の主旨は何ですか? (Q2)

Ý chính của Danh mục kiểm tra này là gì? (Q2)', '81102505', NULL, 'チェックリスト chứa thông tin về Bonenkai + 一本締め + cảm ơn cao cấp + speech + chia tay.', 'dokkai', 1, 'system', TRUE, FALSE, NOW(), 'system') ON CONFLICT (id) DO UPDATE SET question_type = EXCLUDED.question_type, content_type = EXCLUDED.content_type, level = EXCLUDED.level, question = EXCLUDED.question, passage = EXCLUDED.passage, passage_translation = EXCLUDED.passage_translation, general_explanation = EXCLUDED.general_explanation, skill_category = EXCLUDED.skill_category, is_active = EXCLUDED.is_active, is_deleted = EXCLUDED.is_deleted, updated_at = NOW(), updated_by = 'system';
DELETE FROM questions_answers WHERE question_id = 811260018;
INSERT INTO questions_answers (question_id, sentence, sentence_translation, is_correct, "order") VALUES (811260018, 'Bonenkai + 一本締め + cảm ơn cao cấp + speecに関する情報', 'Thông tin liên quan đến Bonenkai + 一本締め + cảm ơn cao cấp + speec', TRUE, 1);
INSERT INTO questions_answers (question_id, sentence, sentence_translation, is_correct, "order") VALUES (811260018, '工場の歴史', 'Lịch sử nhà máy', FALSE, 2);
INSERT INTO questions_answers (question_id, sentence, sentence_translation, is_correct, "order") VALUES (811260018, '社員の名前リスト', 'Danh sách tên nhân viên', FALSE, 3);
INSERT INTO questions_answers (question_id, sentence, sentence_translation, is_correct, "order") VALUES (811260018, '設備の値段', 'Giá thiết bị', FALSE, 4);
INSERT INTO questions (id, user_id, is_system, is_khoa_cu, question_type, content_type, level, selection_type, question, passage, passage_translation, general_explanation, skill_category, base_difficulty, tenant_id, is_active, is_deleted, created_at, created_by) VALUES (811260019, NULL, TRUE, FALSE, 'reading', 'jisshusei_mogishiken_t12_bonenkai_furikaeri', 'N4', 'single', 'この チェックリスト の主旨は何ですか? (Q3)

Ý chính của Danh mục kiểm tra này là gì? (Q3)', '81102505', NULL, 'チェックリスト chứa thông tin về Bonenkai + 一本締め + cảm ơn cao cấp + speech + chia tay.', 'dokkai', 1, 'system', TRUE, FALSE, NOW(), 'system') ON CONFLICT (id) DO UPDATE SET question_type = EXCLUDED.question_type, content_type = EXCLUDED.content_type, level = EXCLUDED.level, question = EXCLUDED.question, passage = EXCLUDED.passage, passage_translation = EXCLUDED.passage_translation, general_explanation = EXCLUDED.general_explanation, skill_category = EXCLUDED.skill_category, is_active = EXCLUDED.is_active, is_deleted = EXCLUDED.is_deleted, updated_at = NOW(), updated_by = 'system';
DELETE FROM questions_answers WHERE question_id = 811260019;
INSERT INTO questions_answers (question_id, sentence, sentence_translation, is_correct, "order") VALUES (811260019, 'Bonenkai + 一本締め + cảm ơn cao cấp + speecに関する情報', 'Thông tin liên quan đến Bonenkai + 一本締め + cảm ơn cao cấp + speec', TRUE, 1);
INSERT INTO questions_answers (question_id, sentence, sentence_translation, is_correct, "order") VALUES (811260019, '工場の歴史', 'Lịch sử nhà máy', FALSE, 2);
INSERT INTO questions_answers (question_id, sentence, sentence_translation, is_correct, "order") VALUES (811260019, '社員の名前リスト', 'Danh sách tên nhân viên', FALSE, 3);
INSERT INTO questions_answers (question_id, sentence, sentence_translation, is_correct, "order") VALUES (811260019, '設備の値段', 'Giá thiết bị', FALSE, 4);
INSERT INTO questions (id, user_id, is_system, is_khoa_cu, question_type, content_type, level, selection_type, question, passage, passage_translation, general_explanation, skill_category, base_difficulty, tenant_id, is_active, is_deleted, created_at, created_by) VALUES (811260020, NULL, TRUE, FALSE, 'reading', 'jisshusei_mogishiken_t12_bonenkai_furikaeri', 'N4', 'single', 'この チェックリスト の主旨は何ですか? (Q4)

Ý chính của Danh mục kiểm tra này là gì? (Q4)', '81102505', NULL, 'チェックリスト chứa thông tin về Bonenkai + 一本締め + cảm ơn cao cấp + speech + chia tay.', 'dokkai', 1, 'system', TRUE, FALSE, NOW(), 'system') ON CONFLICT (id) DO UPDATE SET question_type = EXCLUDED.question_type, content_type = EXCLUDED.content_type, level = EXCLUDED.level, question = EXCLUDED.question, passage = EXCLUDED.passage, passage_translation = EXCLUDED.passage_translation, general_explanation = EXCLUDED.general_explanation, skill_category = EXCLUDED.skill_category, is_active = EXCLUDED.is_active, is_deleted = EXCLUDED.is_deleted, updated_at = NOW(), updated_by = 'system';
DELETE FROM questions_answers WHERE question_id = 811260020;
INSERT INTO questions_answers (question_id, sentence, sentence_translation, is_correct, "order") VALUES (811260020, 'Bonenkai + 一本締め + cảm ơn cao cấp + speecに関する情報', 'Thông tin liên quan đến Bonenkai + 一本締め + cảm ơn cao cấp + speec', TRUE, 1);
INSERT INTO questions_answers (question_id, sentence, sentence_translation, is_correct, "order") VALUES (811260020, '工場の歴史', 'Lịch sử nhà máy', FALSE, 2);
INSERT INTO questions_answers (question_id, sentence, sentence_translation, is_correct, "order") VALUES (811260020, '社員の名前リスト', 'Danh sách tên nhân viên', FALSE, 3);
INSERT INTO questions_answers (question_id, sentence, sentence_translation, is_correct, "order") VALUES (811260020, '設備の値段', 'Giá thiết bị', FALSE, 4);

INSERT INTO study_question_sets (id, name, description, set_type, card_count, tenant_id, is_active, is_deleted, created_at, created_by) VALUES (8110261, 'T12. Một năm nhìn lại — Reading Section 1: Bảng quy trình', 'Đọc hiểu Bảng quy trình', 'reading', 4, 'system', TRUE, FALSE, NOW(), 'system') ON CONFLICT (id) DO UPDATE SET name = EXCLUDED.name, description = EXCLUDED.description, set_type = EXCLUDED.set_type, card_count = EXCLUDED.card_count, is_active = EXCLUDED.is_active, is_deleted = EXCLUDED.is_deleted, updated_at = NOW(), updated_by = 'system';
INSERT INTO study_question_set_questions (study_question_set_id, question_id, order_index, tenant_id, is_deleted, created_at, created_by) VALUES (8110261, 811260001, 1, 'system', FALSE, NOW(), 'system') ON CONFLICT (study_question_set_id, question_id) DO UPDATE SET order_index = EXCLUDED.order_index, is_deleted = FALSE;
INSERT INTO study_question_set_questions (study_question_set_id, question_id, order_index, tenant_id, is_deleted, created_at, created_by) VALUES (8110261, 811260002, 2, 'system', FALSE, NOW(), 'system') ON CONFLICT (study_question_set_id, question_id) DO UPDATE SET order_index = EXCLUDED.order_index, is_deleted = FALSE;
INSERT INTO study_question_set_questions (study_question_set_id, question_id, order_index, tenant_id, is_deleted, created_at, created_by) VALUES (8110261, 811260003, 3, 'system', FALSE, NOW(), 'system') ON CONFLICT (study_question_set_id, question_id) DO UPDATE SET order_index = EXCLUDED.order_index, is_deleted = FALSE;
INSERT INTO study_question_set_questions (study_question_set_id, question_id, order_index, tenant_id, is_deleted, created_at, created_by) VALUES (8110261, 811260004, 4, 'system', FALSE, NOW(), 'system') ON CONFLICT (study_question_set_id, question_id) DO UPDATE SET order_index = EXCLUDED.order_index, is_deleted = FALSE;
INSERT INTO study_resource_question_sets (resource_type, resource_id, study_question_set_id, position, context, tenant_id, is_active, is_deleted, created_at, created_by) VALUES ('module', 8011012, 8110261, 5, '{"label": "T12. Một năm nhìn lại — Reading Section 1: Bảng quy trình"}'::jsonb, 'system', TRUE, FALSE, NOW(), 'system') ON CONFLICT (resource_type, resource_id, study_question_set_id) DO UPDATE SET position = EXCLUDED.position, context = EXCLUDED.context, is_active = TRUE, is_deleted = FALSE;

INSERT INTO study_question_sets (id, name, description, set_type, card_count, tenant_id, is_active, is_deleted, created_at, created_by) VALUES (8110262, 'T12. Một năm nhìn lại — Reading Section 2: Sổ tay hướng dẫn', 'Đọc hiểu Sổ tay hướng dẫn', 'reading', 4, 'system', TRUE, FALSE, NOW(), 'system') ON CONFLICT (id) DO UPDATE SET name = EXCLUDED.name, description = EXCLUDED.description, set_type = EXCLUDED.set_type, card_count = EXCLUDED.card_count, is_active = EXCLUDED.is_active, is_deleted = EXCLUDED.is_deleted, updated_at = NOW(), updated_by = 'system';
INSERT INTO study_question_set_questions (study_question_set_id, question_id, order_index, tenant_id, is_deleted, created_at, created_by) VALUES (8110262, 811260005, 1, 'system', FALSE, NOW(), 'system') ON CONFLICT (study_question_set_id, question_id) DO UPDATE SET order_index = EXCLUDED.order_index, is_deleted = FALSE;
INSERT INTO study_question_set_questions (study_question_set_id, question_id, order_index, tenant_id, is_deleted, created_at, created_by) VALUES (8110262, 811260006, 2, 'system', FALSE, NOW(), 'system') ON CONFLICT (study_question_set_id, question_id) DO UPDATE SET order_index = EXCLUDED.order_index, is_deleted = FALSE;
INSERT INTO study_question_set_questions (study_question_set_id, question_id, order_index, tenant_id, is_deleted, created_at, created_by) VALUES (8110262, 811260007, 3, 'system', FALSE, NOW(), 'system') ON CONFLICT (study_question_set_id, question_id) DO UPDATE SET order_index = EXCLUDED.order_index, is_deleted = FALSE;
INSERT INTO study_question_set_questions (study_question_set_id, question_id, order_index, tenant_id, is_deleted, created_at, created_by) VALUES (8110262, 811260008, 4, 'system', FALSE, NOW(), 'system') ON CONFLICT (study_question_set_id, question_id) DO UPDATE SET order_index = EXCLUDED.order_index, is_deleted = FALSE;
INSERT INTO study_resource_question_sets (resource_type, resource_id, study_question_set_id, position, context, tenant_id, is_active, is_deleted, created_at, created_by) VALUES ('module', 8011012, 8110262, 6, '{"label": "T12. Một năm nhìn lại — Reading Section 2: Sổ tay hướng dẫn"}'::jsonb, 'system', TRUE, FALSE, NOW(), 'system') ON CONFLICT (resource_type, resource_id, study_question_set_id) DO UPDATE SET position = EXCLUDED.position, context = EXCLUDED.context, is_active = TRUE, is_deleted = FALSE;

INSERT INTO study_question_sets (id, name, description, set_type, card_count, tenant_id, is_active, is_deleted, created_at, created_by) VALUES (8110263, 'T12. Một năm nhìn lại — Reading Section 3: Báo cáo', 'Đọc hiểu Báo cáo', 'reading', 4, 'system', TRUE, FALSE, NOW(), 'system') ON CONFLICT (id) DO UPDATE SET name = EXCLUDED.name, description = EXCLUDED.description, set_type = EXCLUDED.set_type, card_count = EXCLUDED.card_count, is_active = EXCLUDED.is_active, is_deleted = EXCLUDED.is_deleted, updated_at = NOW(), updated_by = 'system';
INSERT INTO study_question_set_questions (study_question_set_id, question_id, order_index, tenant_id, is_deleted, created_at, created_by) VALUES (8110263, 811260009, 1, 'system', FALSE, NOW(), 'system') ON CONFLICT (study_question_set_id, question_id) DO UPDATE SET order_index = EXCLUDED.order_index, is_deleted = FALSE;
INSERT INTO study_question_set_questions (study_question_set_id, question_id, order_index, tenant_id, is_deleted, created_at, created_by) VALUES (8110263, 811260010, 2, 'system', FALSE, NOW(), 'system') ON CONFLICT (study_question_set_id, question_id) DO UPDATE SET order_index = EXCLUDED.order_index, is_deleted = FALSE;
INSERT INTO study_question_set_questions (study_question_set_id, question_id, order_index, tenant_id, is_deleted, created_at, created_by) VALUES (8110263, 811260011, 3, 'system', FALSE, NOW(), 'system') ON CONFLICT (study_question_set_id, question_id) DO UPDATE SET order_index = EXCLUDED.order_index, is_deleted = FALSE;
INSERT INTO study_question_set_questions (study_question_set_id, question_id, order_index, tenant_id, is_deleted, created_at, created_by) VALUES (8110263, 811260012, 4, 'system', FALSE, NOW(), 'system') ON CONFLICT (study_question_set_id, question_id) DO UPDATE SET order_index = EXCLUDED.order_index, is_deleted = FALSE;
INSERT INTO study_resource_question_sets (resource_type, resource_id, study_question_set_id, position, context, tenant_id, is_active, is_deleted, created_at, created_by) VALUES ('module', 8011012, 8110263, 7, '{"label": "T12. Một năm nhìn lại — Reading Section 3: Báo cáo"}'::jsonb, 'system', TRUE, FALSE, NOW(), 'system') ON CONFLICT (resource_type, resource_id, study_question_set_id) DO UPDATE SET position = EXCLUDED.position, context = EXCLUDED.context, is_active = TRUE, is_deleted = FALSE;

INSERT INTO study_question_sets (id, name, description, set_type, card_count, tenant_id, is_active, is_deleted, created_at, created_by) VALUES (8110264, 'T12. Một năm nhìn lại — Reading Section 4: Thông báo', 'Đọc hiểu Thông báo', 'reading', 4, 'system', TRUE, FALSE, NOW(), 'system') ON CONFLICT (id) DO UPDATE SET name = EXCLUDED.name, description = EXCLUDED.description, set_type = EXCLUDED.set_type, card_count = EXCLUDED.card_count, is_active = EXCLUDED.is_active, is_deleted = EXCLUDED.is_deleted, updated_at = NOW(), updated_by = 'system';
INSERT INTO study_question_set_questions (study_question_set_id, question_id, order_index, tenant_id, is_deleted, created_at, created_by) VALUES (8110264, 811260013, 1, 'system', FALSE, NOW(), 'system') ON CONFLICT (study_question_set_id, question_id) DO UPDATE SET order_index = EXCLUDED.order_index, is_deleted = FALSE;
INSERT INTO study_question_set_questions (study_question_set_id, question_id, order_index, tenant_id, is_deleted, created_at, created_by) VALUES (8110264, 811260014, 2, 'system', FALSE, NOW(), 'system') ON CONFLICT (study_question_set_id, question_id) DO UPDATE SET order_index = EXCLUDED.order_index, is_deleted = FALSE;
INSERT INTO study_question_set_questions (study_question_set_id, question_id, order_index, tenant_id, is_deleted, created_at, created_by) VALUES (8110264, 811260015, 3, 'system', FALSE, NOW(), 'system') ON CONFLICT (study_question_set_id, question_id) DO UPDATE SET order_index = EXCLUDED.order_index, is_deleted = FALSE;
INSERT INTO study_question_set_questions (study_question_set_id, question_id, order_index, tenant_id, is_deleted, created_at, created_by) VALUES (8110264, 811260016, 4, 'system', FALSE, NOW(), 'system') ON CONFLICT (study_question_set_id, question_id) DO UPDATE SET order_index = EXCLUDED.order_index, is_deleted = FALSE;
INSERT INTO study_resource_question_sets (resource_type, resource_id, study_question_set_id, position, context, tenant_id, is_active, is_deleted, created_at, created_by) VALUES ('module', 8011012, 8110264, 8, '{"label": "T12. Một năm nhìn lại — Reading Section 4: Thông báo"}'::jsonb, 'system', TRUE, FALSE, NOW(), 'system') ON CONFLICT (resource_type, resource_id, study_question_set_id) DO UPDATE SET position = EXCLUDED.position, context = EXCLUDED.context, is_active = TRUE, is_deleted = FALSE;

INSERT INTO study_question_sets (id, name, description, set_type, card_count, tenant_id, is_active, is_deleted, created_at, created_by) VALUES (8110265, 'T12. Một năm nhìn lại — Reading Section 5: Danh mục kiểm tra', 'Đọc hiểu Danh mục kiểm tra', 'reading', 4, 'system', TRUE, FALSE, NOW(), 'system') ON CONFLICT (id) DO UPDATE SET name = EXCLUDED.name, description = EXCLUDED.description, set_type = EXCLUDED.set_type, card_count = EXCLUDED.card_count, is_active = EXCLUDED.is_active, is_deleted = EXCLUDED.is_deleted, updated_at = NOW(), updated_by = 'system';
INSERT INTO study_question_set_questions (study_question_set_id, question_id, order_index, tenant_id, is_deleted, created_at, created_by) VALUES (8110265, 811260017, 1, 'system', FALSE, NOW(), 'system') ON CONFLICT (study_question_set_id, question_id) DO UPDATE SET order_index = EXCLUDED.order_index, is_deleted = FALSE;
INSERT INTO study_question_set_questions (study_question_set_id, question_id, order_index, tenant_id, is_deleted, created_at, created_by) VALUES (8110265, 811260018, 2, 'system', FALSE, NOW(), 'system') ON CONFLICT (study_question_set_id, question_id) DO UPDATE SET order_index = EXCLUDED.order_index, is_deleted = FALSE;
INSERT INTO study_question_set_questions (study_question_set_id, question_id, order_index, tenant_id, is_deleted, created_at, created_by) VALUES (8110265, 811260019, 3, 'system', FALSE, NOW(), 'system') ON CONFLICT (study_question_set_id, question_id) DO UPDATE SET order_index = EXCLUDED.order_index, is_deleted = FALSE;
INSERT INTO study_question_set_questions (study_question_set_id, question_id, order_index, tenant_id, is_deleted, created_at, created_by) VALUES (8110265, 811260020, 4, 'system', FALSE, NOW(), 'system') ON CONFLICT (study_question_set_id, question_id) DO UPDATE SET order_index = EXCLUDED.order_index, is_deleted = FALSE;
INSERT INTO study_resource_question_sets (resource_type, resource_id, study_question_set_id, position, context, tenant_id, is_active, is_deleted, created_at, created_by) VALUES ('module', 8011012, 8110265, 9, '{"label": "T12. Một năm nhìn lại — Reading Section 5: Danh mục kiểm tra"}'::jsonb, 'system', TRUE, FALSE, NOW(), 'system') ON CONFLICT (resource_type, resource_id, study_question_set_id) DO UPDATE SET position = EXCLUDED.position, context = EXCLUDED.context, is_active = TRUE, is_deleted = FALSE;

COMMIT;
