native_advanced_drafts	batch_0671_0680	R_0671	つれづれ	つれづれ	buồn bã trống vắng, thẫn thờ cô đơn (Heian: trạng thái lòng không có điểm tựa)	
native_advanced_drafts	batch_0671_0680	R_0671	小柴垣	こしばがき	hàng rào nhỏ đan bằng cành sậy — thường thấy trong dinh thự quý tộc Heian	Tiểu Sài Viên
native_advanced_drafts	batch_0671_0680	R_0671	惟光朝臣	これみつあそん	Koremitsu Ason — người hầu thân tín của Genji, con của bà vú nuôi	Duy Quang Triêu Thần
native_advanced_drafts	batch_0671_0680	R_0671	持仏	じぶつ	tượng Phật thờ riêng cá nhân, thờ tại nhà hoặc phòng	Trì Phật
native_advanced_drafts	batch_0671_0680	R_0671	念珠	ねんじゅ	tràng hạt — chuỗi hạt dùng trong Phật giáo để đếm số lần tụng kinh	Niệm Châu
native_advanced_drafts	batch_0671_0680	R_0671	花供養	はなくよう	dâng hoa lên cúng Phật, nghi lễ phổ biến trong Phật giáo Heian	Hoa Cung Dưỡng
native_advanced_drafts	batch_0671_0680	R_0671	夕顔	ゆうがお	hoa dạ nhan, hoa bầu trắng nở về chiều tối (cũng là tên nhân vật trong Genji)	Tịch Nhan
native_advanced_drafts	batch_0671_0680	R_0671	苔色	こけいろ	màu rêu, xanh đậm pha nâu — màu thường dùng trong trang phục Heian	Đài Sắc
native_advanced_drafts	batch_0671_0680	R_0671	まみ	まみ	đôi mắt, ánh mắt (cổ văn — chỉ vẻ nhìn, biểu cảm qua đôi mắt)	
native_advanced_drafts	batch_0671_0680	R_0671	少納言の乳母	しょうなごんのめのと	vú nuôi Shonagon — người chăm sóc cô bé Murasaki	Thiếu Nạp Ngân Nhũ Mẫu
native_advanced_drafts	batch_0671_0680	R_0671	みそかに	みそかに	lặng lẽ, bí mật, không để ai hay (cổ văn)	
native_advanced_drafts	batch_0671_0680	R_0671	こまやか	こまやか	tao nhã, tinh tế, dịu dàng đáng yêu (Heian: khen vẻ đẹp tinh tế)	
native_advanced_drafts	batch_0671_0680	R_0671	もの思ひ	ものおもひ	mối sầu lan man, suy tư mơ hồ — khái niệm thẩm mỹ Heian về nỗi buồn không rõ nguyên cớ	Tai
native_advanced_drafts	batch_0671_0680	R_0671	あはれ	あはれ	cảm thức xúc động trước sự vật (aware) — tương đương mono no aware, nỗi buồn đẹp về vô thường	
native_advanced_drafts	batch_0671_0680	R_0671	かなし	かなし	buồn, thương cảm (cổ văn: bao gồm cả 'yêu thương' + 'thương xót' — rộng hơn 悲しい hiện đại)	
native_advanced_drafts	batch_0671_0680	R_0671	のどか	のどか	yên ả, thư thái, bình lặng (cổ văn + hiện đại)	
native_advanced_drafts	batch_0671_0680	R_0671	係り結び	かかりむすび	luật ràng buộc cú pháp cổ văn: 係助詞 (ぞ/なむ/や/か → 連体形, こそ → 已然形) quyết định hình thức vị ngữ cuối câu	Hệ Kết
native_advanced_drafts	batch_0671_0680	R_0671	詠嘆	えいたん	thán phục, cảm thán — chức năng thứ hai của けり bên cạnh quá khứ hồi tưởng	Vịnh Thán
native_advanced_drafts	batch_0671_0680	R_0671	若草	わかくさ	cỏ non — ẩn dụ chỉ cô bé Murasaki (thiếu nữ chưa trưởng thành)	Nhược Thảo
native_advanced_drafts	batch_0671_0680	R_0671	荻の葉	おぎのは	lá lau, nhành lau — biểu tượng mùa thu và nỗi nhớ trong thơ ca Heian	Địch Diệp
native_advanced_drafts	batch_0671_0680	R_0671	おぼろ	おぼろ	mờ nhạt, mơ hồ, không rõ nét — thường dùng về trăng, sao trong văn học Heian	
native_advanced_drafts	batch_0671_0680	R_0671	千代	ちよ	ngàn năm, trường thọ — cụm chúc tụng trong thơ ca Heian	Thiên Đại
native_advanced_drafts	batch_0671_0680	R_0672	純粋経験	じゅんすいけいけん	thuần túy kinh nghiệm — khái niệm trung tâm của Nishida: kinh nghiệm trực tiếp trước khi có sự phân chia chủ-khách	Chuẩn Túy Kinh Nghiệm
native_advanced_drafts	batch_0671_0680	R_0672	場所	ばしょ	basho, trường sở — khái niệm triết học của Nishida: nền tảng tuyệt đối bao hàm tất cả sự đối lập	Tràng Sở
native_advanced_drafts	batch_0671_0680	R_0672	把握	はあく	nắm bắt, nắm giữ (tri thức học: chủ thể nắm bắt đối tượng)	Bả Ác
native_advanced_drafts	batch_0671_0680	R_0672	反省	はんせい	phản tư, sự nhìn lại (triết học: hành vi tư duy nhìn lại chính nó)	Phiên Tỉnh
native_advanced_drafts	batch_0671_0680	R_0672	合一	ごういつ	hợp nhất, trở thành một (sự hợp nhất hoàn toàn — từ Hán-Nhật cổ điển)	Cáp Nhất
native_advanced_drafts	batch_0671_0680	R_0672	包摂	ほうせつ	bao hàm, bao gộp vào (logic và triết học: một khái niệm rộng hơn bao hàm khái niệm hẹp hơn)	Bao Xếp
native_advanced_drafts	batch_0671_0680	R_0672	弁証法	べんしょうほう	phép biện chứng — phương pháp triết học Hegel: đề luận → phản luận → tổng hợp	Biền Chứng Pháp
native_advanced_drafts	batch_0671_0680	R_0672	主観的精神	しゅかんてきせいしん	tinh thần chủ quan — tinh thần còn gắn với chủ thể cá nhân, chưa đạt tới tuyệt đối tinh thần (thuật ngữ Hegel)	Chủ Quan Đích Tinh Thần
native_advanced_drafts	batch_0671_0680	R_0672	道徳法則	どうとくほうそく	quy luật đạo đức — thuật ngữ Kant: quy luật đạo đức phổ quát không phụ thuộc kinh nghiệm	Đáo Đức Pháp Tắc
native_advanced_drafts	batch_0671_0680	R_0672	湧き出る	わきでる	tuôn chảy ra, phun ra (ẩn dụ: chân lý/ý thức trào ra từ chiều sâu)	Dũng Xuất
native_advanced_drafts	batch_0671_0680	R_0672	根底	こんてい	tầng sâu nhất, nền tảng căn bản (文語 — khác với 基礎: nhấn mạnh chiều sâu hơn chiều rộng)	Căn Để
native_advanced_drafts	batch_0671_0680	R_0672	接点	せってん	điểm giao tiếp, điểm tiếp xúc (hình học → triết học: nơi hai hệ thống tư tưởng gặp nhau)	Tiếp Điểm
native_advanced_drafts	batch_0671_0680	R_0672	強制	きょうせい	cưỡng chế, ép buộc từ bên ngoài	Càng Chế
native_advanced_drafts	batch_0671_0680	R_0672	源泉	げんせん	nguồn gốc, suối nguồn (ẩn dụ: nguồn gốc sâu xa nhất của mọi sự)	Nguyên Toàn
native_advanced_drafts	batch_0671_0680	R_0672	可能ならしめる	かのうならしめる	làm cho trở nên khả thi (文語 hình thức nhân quả cổ điển: ならしめる = làm cho trở thành)	Khả Nai
native_advanced_drafts	batch_0671_0680	R_0672	かかる	かかる	như vậy, đó (文語 chỉ thị từ cổ: tương đương với このような trong văn hiện đại)	
native_advanced_drafts	batch_0671_0680	R_0673	奸計	かんけい	mưu mô, âm mưu xảo quyết	Gian Kê
native_advanced_drafts	batch_0671_0680	R_0673	苛責	かしゃく	sự cắn rứt, trách cứ gay gắt (thường dùng trong: 良心の苛責 = lương tâm cắn rứt)	Hà Trách
native_advanced_drafts	batch_0671_0680	R_0673	横取り	よこどり	cướp đoạt, chiếm đoạt của người khác	Hoành Thủ
native_advanced_drafts	batch_0671_0680	R_0673	遺書	いしょ	di thư, thư tuyệt mệnh	Di Thư
native_advanced_drafts	batch_0671_0680	R_0673	懺悔	ざんげ	sám hối, thú tội (gốc Phật giáo)	Sám Hối
native_advanced_drafts	batch_0671_0680	R_0673	殉死	じゅんし	tuẫn tiết, chết theo chủ/quân vương (truyền thống võ sĩ đạo)	Tuẫn Tử
native_advanced_drafts	batch_0671_0680	R_0673	乃木大将	のぎたいしょう	Tướng Nogi (Nogi Maresuke — tuẫn tiết khi Thiên hoàng Minh Trị băng hà năm 1912)	Nãi Mộc Thái Thương
native_advanced_drafts	batch_0671_0680	R_0673	義理	ぎり	nghĩa vụ, ân nghĩa, đạo lý (khái niệm trung tâm văn hóa Nhật)	Nghĩa Lý
native_advanced_drafts	batch_0671_0680	R_0673	疲れ果てる	つかれはてる	kiệt sức hoàn toàn, mệt mỏi đến cùng cực	Bì Quả
native_advanced_drafts	batch_0671_0680	R_0673	締め付けられる	しめつけられる	bị siết chặt, bị bóp nghẹt (cảm giác vật lý diễn tả đau đớn tâm lý)	Đề Phó
native_advanced_drafts	batch_0671_0680	R_0673	宿る	やどる	trú ngụ, ẩn chứa bên trong	Tú
native_advanced_drafts	batch_0671_0680	R_0673	信ずる	しんずる	tin tưởng (dạng cổ của 信じる — văn học Meiji)	Tín
native_advanced_drafts	batch_0671_0680	R_0673	明治の精神	めいじのせいしん	tinh thần Minh Trị — tinh thần của thời đại Meiji, gắn liền với hình ảnh Thiên hoàng Minh Trị và các giá trị trung-trách-danh dự	Minh Trì Tinh Thần
native_advanced_drafts	batch_0671_0680	R_0673	失意	しつい	thất vọng, vỡ mộng, thất tình (文語)	Thất Ý
native_advanced_drafts	batch_0671_0680	R_0673	中間に立つ	ちゅうかんにたつ	đứng ở giữa (hai thế lực, hai giá trị, hai thời đại)	Trung Gian Lập
native_advanced_drafts	batch_0671_0680	R_0673	暗闇	くらやみ	bóng tối, bóng đêm (cả nghĩa đen lẫn ẩn dụ tâm lý)	Ám Ám
native_advanced_drafts	batch_0671_0680	R_0673	もはや	もはや	không còn nữa, đã hết rồi (văn học, formal)	
native_advanced_drafts	batch_0671_0680	R_0673	かかる	かかる	như vậy, kiểu đó (văn ngữ cổ điển, tương đương 'このような')	
native_advanced_drafts	batch_0671_0680	R_0673	御一人	おひとり	ám chỉ một bậc tôn quý duy nhất; trong văn cảnh Kokoro = Thiên hoàng Minh Trị (cái chết của Ngài 1912 mở đầu chuỗi 殉死)	Ngự Nhất Nhân
native_advanced_drafts	batch_0671_0680	R_0674	またぞろ	またぞろ	lại một lần nữa (từ ngữ báo chí có sắc thái chán ngán, quen thuộc với tình trạng lặp lại)	
native_advanced_drafts	batch_0671_0680	R_0674	表舞台	おもてぶたい	vũ đài chính, sân khấu công khai — đối lập với hậu trường	Biểu Vũ Di
native_advanced_drafts	batch_0671_0680	R_0674	発議要件	はつぎようけん	yêu cầu để đề xuất (sửa đổi hiến pháp) — cần 2/3 tổng số nghị sĩ mỗi viện	Bát Nghị Yêu Kiện
native_advanced_drafts	batch_0671_0680	R_0674	立憲主義	りっけんしゅぎ	chủ nghĩa lập hiến — nguyên tắc quyền lực nhà nước bị ràng buộc bởi hiến pháp	Lập Hiến Chủ Nghĩa
native_advanced_drafts	batch_0671_0680	R_0674	最高規範	さいこうきはん	quy phạm tối cao, tiêu chuẩn pháp lý cao nhất	Tối Cao Quy Phạm
native_advanced_drafts	batch_0671_0680	R_0674	熟議	じゅくぎ	thảo luận chín chắn, cân nhắc kỹ lưỡng (khác: bàn qua loa)	Thục Nghị
native_advanced_drafts	batch_0671_0680	R_0674	拙速	せっそく	vội vàng cẩu thả, làm nhanh mà ẩu (thành ngữ Hán-Nhật: 拙速 = vụng + nhanh)	Chuyết Tốc
native_advanced_drafts	batch_0671_0680	R_0674	枚挙にいとまがない	まいきょにいとまがない	vô số kể, không đếm xuể (thành ngữ: không có thời gian để liệt kê hết)	Mai Cử
native_advanced_drafts	batch_0671_0680	R_0674	他山の石	たざんのいし	bài học cảnh tỉnh từ người khác (thành ngữ: đá núi người — lấy gương xấu của người làm răn mình)	Tha San Thạch
native_advanced_drafts	batch_0671_0680	R_0674	平和主義	へいわしゅぎ	chủ nghĩa hòa bình — lý tưởng hiến pháp Nhật từ sau 1945	Biền Hòa Chủ Nghĩa
native_advanced_drafts	batch_0671_0680	R_0674	戦争放棄条項	せんそうほうきじょうこう	điều khoản từ bỏ chiến tranh — cụ thể là Điều 9 Hiến pháp Nhật	Khuyết Chanh Phóng Khí Điêu Hạng
native_advanced_drafts	batch_0671_0680	R_0674	護憲	ごけん	bảo vệ hiến pháp (không sửa đổi) — đối lập với 改憲	Hộ Hiến
native_advanced_drafts	batch_0671_0680	R_0674	二項対立	にこうたいりつ	đối lập nhị phân, lưỡng phân — cách tư duy hoặc cái này hoặc cái kia	Nhị Hạng Đối Lập
native_advanced_drafts	batch_0671_0680	R_0674	憲法秩序	けんぽうちつじょ	trật tự hiến pháp — hệ thống pháp lý và giá trị được hiến pháp xác lập	Hiến Pháp Trật Tự
native_advanced_drafts	batch_0671_0680	R_0674	求心力	きゅうしんりょく	lực hướng tâm, lực thu hút (chính trị: sức lôi cuốn, sức đoàn kết quanh lãnh đạo)	Cầu Tâm Lực
native_advanced_drafts	batch_0671_0680	R_0674	思惑	おもわく	toan tính, ý đồ ngầm (thường có sắc thái không trong sáng)	Tai Hoặc
native_advanced_drafts	batch_0671_0680	R_0674	透けて見える	すけてみえる	thấy rõ xuyên qua, nhìn thấu (ý đồ bị lộ rõ dù cố che đậy)	Thấu Hiện
native_advanced_drafts	batch_0671_0680	R_0674	主権者	しゅけんしゃ	chủ thể quyền lực tối cao — trong dân chủ: chính là nhân dân	Chủ Quyền Giả
native_advanced_drafts	batch_0671_0680	R_0674	根幹	こんかん	nền tảng, cốt lõi (root + trunk — hình ảnh cây: rễ và thân)	Căn Cán
native_advanced_drafts	batch_0671_0680	R_0674	一石を投じる	いっせきをとうじる	ném một viên đá vào (thành ngữ: khơi dậy suy nghĩ, khơi mào tranh luận)	Nhất Thạch Đầu
native_advanced_drafts	batch_0671_0680	R_0675	哲学的人間学	てつがくてきにんげんがく	nhân học triết học (philosophical anthropology)	Triết Học Đích Nhân Gian Học
native_advanced_drafts	batch_0671_0680	R_0675	統合的に把握する	とうごうてきにはあくする	nắm bắt một cách tổng hợp, nhìn nhận toàn diện	Thống Cáp Đích Bả Ác
native_advanced_drafts	batch_0671_0680	R_0675	体系化する	たいけいかする	hệ thống hóa, xây dựng thành hệ thống	Thể Hệ Hóa
native_advanced_drafts	batch_0671_0680	R_0675	間柄	あいだがら	quan hệ-giữa, mối liên hệ giữa người với người (khái niệm triết học của Watsuji)	Gian Bính
native_advanced_drafts	batch_0671_0680	R_0675	内在する	ないざいする	nội tại, ẩn chứa bên trong	Nạp Tại
native_advanced_drafts	batch_0671_0680	R_0675	両極性	りょうきょくせい	tính lưỡng cực, hai cực đối lập	Lạng Cực Tính
native_advanced_drafts	batch_0671_0680	R_0675	洞察	どうさつ	cái nhìn sâu sắc, sự thấu hiểu sâu	Đỗng Sát
native_advanced_drafts	batch_0671_0680	R_0675	現存在	げんそんざい	Dasein — tồn tại hiện tại (thuật ngữ Heidegger)	Hiện Tồn Tại
native_advanced_drafts	batch_0671_0680	R_0675	批判的に受容する	ひはんてきにじゅようする	tiếp nhận có phê phán, không tiếp thu mù quáng	Phê Phán Đích Thụ Dong
native_advanced_drafts	batch_0671_0680	R_0675	存在様式	そんざいようしき	phương thức tồn tại, cách thức tồn tại	Tồn Tại Dạng Thức
native_advanced_drafts	batch_0671_0680	R_0675	現象学的記述	げんしょうがくてききじゅつ	mô tả hiện tượng học (phương pháp của Husserl)	Hiện Tượng Học Đích Kí Thuật
native_advanced_drafts	batch_0671_0680	R_0675	存在論的	そんざいろんてき	thuộc bản thể luận (ontological)	Tồn Tại Luân Đích
native_advanced_drafts	batch_0671_0680	R_0675	間主観性	かんしゅかんせい	liên chủ thể tính, intersubjectivity	Gian Chủ Quan Tính
native_advanced_drafts	batch_0671_0680	R_0675	等閑視する	とうかんしする	coi nhẹ, bỏ qua, không chú trọng đúng mức	Đẳng Nhàn Thị
native_advanced_drafts	batch_0671_0680	R_0675	語り方	かたりかた	cách kể chuyện, cách diễn ngôn	Ngứ Phương
native_advanced_drafts	batch_0671_0680	R_0675	二重の責務	にじゅうのせきむ	trách nhiệm kép, nghĩa vụ gồm hai mặt	Nhị Trùng Trách Vụ
native_advanced_drafts	batch_0671_0680	R_0675	再評価する	さいひょうかする	tái đánh giá, đánh giá lại	Tái Bình Giá
native_advanced_drafts	batch_0671_0680	R_0675	多元化	たげんか	đa nguyên hóa, trở nên đa dạng nhiều chiều	Đa Nguyên Hóa
native_advanced_drafts	batch_0671_0680	R_0675	楽観的な想定	らっかんてきなそうてい	giả định lạc quan, dự đoán tích cực quá mức	Lạc Quan Đích Tưởng Đính
native_advanced_drafts	batch_0671_0680	R_0675	概念の移動	がいねんのいどう	sự di chuyển khái niệm, chuyển dịch khái niệm sang ngữ cảnh khác	Khái Niệm Di Động
native_advanced_drafts	batch_0671_0680	R_0676	猛暑	もうしょ	nắng nóng khốc liệt, nắng hầm hập (trên 35 độ C theo tiêu chuẩn khí tượng Nhật)	Mãnh Thử
native_advanced_drafts	batch_0671_0680	R_0676	温室効果ガス	おんしつこうかガス	khí nhà kính — khí làm tăng nhiệt độ Trái Đất (CO2, CH4 v.v.)	Un Thất Hiệu Quả
native_advanced_drafts	batch_0671_0680	R_0676	据え置かれる	すえおかれる	bị giữ nguyên, bị để yên không thay đổi (thường chỉ chính sách hoặc mức lãi suất)	Cư Trí
native_advanced_drafts	batch_0671_0680	R_0676	パリ協定	パリきょうてい	Hiệp định Paris — thỏa thuận quốc tế về khí hậu ký năm 2015	Hiệp Đính
native_advanced_drafts	batch_0671_0680	R_0676	排出削減	はいしゅつさくげん	cắt giảm phát thải — giảm lượng khí thải ra môi trường	Bài Xuất Tước Giảm
native_advanced_drafts	batch_0671_0680	R_0676	石炭火力発電	せきたんかりょくはつでん	nhiệt điện than — phát điện bằng cách đốt than đá	Thạch Thán Hỏa Lực Bát Điện
native_advanced_drafts	batch_0671_0680	R_0676	転嫁	てんか	chuyển gánh, đổ trách nhiệm hoặc chi phí lên người khác	Chuyển Giá
native_advanced_drafts	batch_0671_0680	R_0676	カーボンニュートラル	カーボンニュートラル	trung hòa carbon — đạt mức phát thải ròng bằng 0	
native_advanced_drafts	batch_0671_0680	R_0676	炭素国境調整メカニズム	たんそこっきょうちょうせいメカニズム	cơ chế điều chỉnh carbon biên giới — đánh thuế hàng nhập khẩu từ nước có quy định carbon lỏng lẻo hơn	Thán Tố Cuốc Cảnh Điều Chỉnh
native_advanced_drafts	batch_0671_0680	R_0676	脱炭素化	だつたんそか	phi carbon hóa — quá trình loại bỏ sự phụ thuộc vào nhiên liệu carbon	Thoát Thán Tố Hóa
native_advanced_drafts	batch_0671_0680	R_0676	法的拘束力	ほうてきこうそくりょく	lực ràng buộc pháp lý — tính cưỡng chế bắt buộc bởi luật pháp	Pháp Đích Câu Thú Lực
native_advanced_drafts	batch_0671_0680	R_0676	棚上げ	たなあげ	để ngỏ, gác lại, hoãn giải quyết vô thời hạn	Bằng Thướng
native_advanced_drafts	batch_0671_0680	R_0676	海面上昇	かいめんじょうしょう	mực nước biển dâng — hậu quả của biến đổi khí hậu	Hải Diện Thướng Thăng
native_advanced_drafts	batch_0671_0680	R_0676	激甚化	げきじんか	sự gia tăng cường độ, trở nên khốc liệt hơn (thường nói về thiên tai)	Kích Thậm Hóa
native_advanced_drafts	batch_0671_0680	R_0676	等閑視	なおざりし	coi nhẹ, bỏ qua, không xem trọng đúng mức	Đẳng Nhàn Thị
native_advanced_drafts	batch_0671_0680	R_0676	小手先	こてさき	vá víu bề ngoài, mẹo vặt tạm thời, không đi vào gốc rễ	Tiểu Thủ Tiên
native_advanced_drafts	batch_0671_0680	R_0676	構造転換	こうぞうてんかん	chuyển đổi cơ cấu — thay đổi nền tảng, không chỉ sửa chữa bề mặt	Cấu Tháo Chuyển Hoán
native_advanced_drafts	batch_0671_0680	R_0676	実効	じっこう	hiệu lực thực sự, tác dụng thực tế (phân biệt với chỉ hình thức)	Thực Hiệu
native_advanced_drafts	batch_0671_0680	R_0677	廃墟	はいきょ	phế tích, đổ nát — nơi bị tàn phá và bị bỏ hoang	Phế Khư
native_advanced_drafts	batch_0671_0680	R_0677	もの派	ものは	phái Mono-ha — phong trào nghệ thuật Nhật Bản thập niên 1960-70 tập trung vào vật chất và không gian	Phái
native_advanced_drafts	batch_0671_0680	R_0677	時間性	じかんせい	tính thời gian — khái niệm triết học về cách thức con người trải nghiệm thời gian	Thì Gian Tính
native_advanced_drafts	batch_0671_0680	R_0677	形而上学	けいじじょうがく	siêu hình học — ngành triết học nghiên cứu bản chất tồn tại, vượt ngoài giới giác quan	Hình Nhi Thướng Học
native_advanced_drafts	batch_0671_0680	R_0677	実存主義	じつぞんしゅぎ	chủ nghĩa hiện sinh — triết học nhấn mạnh sự tồn tại cá nhân và tự do lựa chọn	Thực Tồn Chủ Nghĩa
native_advanced_drafts	batch_0671_0680	R_0677	崇高さ	すうこうさ	cái cao cả, sự trang nghiêm vĩ đại — khái niệm mỹ học về vẻ đẹp gây kinh sợ và kính phục	Sùng Cao
native_advanced_drafts	batch_0671_0680	R_0677	罪責	ざいせき	tội lỗi và trách nhiệm, cảm giác có tội	Tội Trách
native_advanced_drafts	batch_0671_0680	R_0677	喪失	そうしつ	sự mất mát — mất đi thứ quan trọng không thể lấy lại	Tang Thất
native_advanced_drafts	batch_0671_0680	R_0677	存在論	そんざいろん	bản thể luận — ngành triết học nghiên cứu bản chất của sự tồn tại	Tồn Tại Luân
native_advanced_drafts	batch_0671_0680	R_0677	虚無	きょむ	hư vô, cái không — cảm giác trống rỗng tuyệt đối, nihilism	Hơ Mô
native_advanced_drafts	batch_0671_0680	R_0677	葛藤	かっとう	xung đột nội tâm, mâu thuẫn không giải quyết được	Cát Đằng
native_advanced_drafts	batch_0671_0680	R_0677	忘却	ぼうきゃく	sự lãng quên, quên đi (có chủ ý hoặc không)	Vong Khước
native_advanced_drafts	batch_0671_0680	R_0677	昇華	しょうか	thăng hoa — chuyển hóa điều gì đó lên tầng bậc cao hơn về tinh thần hoặc nghệ thuật	Thăng Hoa
native_advanced_drafts	batch_0671_0680	R_0677	有限性	ゆうげんせい	tính hữu hạn — đặc tính bị giới hạn, đặc biệt là sự hữu hạn của đời người	Dựu Hạn Tính
native_advanced_drafts	batch_0671_0680	R_0677	精緻	せいち	tinh tế, tỉ mỉ, chính xác và chi tiết	Tinh Trí
native_advanced_drafts	batch_0671_0680	R_0677	形象	けいしょう	hình tượng — hình ảnh có ý nghĩa biểu tượng trong nghệ thuật/văn học	Hình Tượng
native_advanced_drafts	batch_0671_0680	R_0677	倫理的要請	りんりてきようせい	yêu cầu đạo đức — điều đạo đức đòi hỏi phải làm	Luân Lý Đích Yêu Thỉnh
native_advanced_drafts	batch_0671_0680	R_0677	援用	えんよう	vận dụng, dẫn chiếu — sử dụng lý thuyết/tư tưởng của người khác để phân tích	Viên Dụng
native_advanced_drafts	batch_0671_0680	R_0678	前代未聞	ぜんだいみもん	chưa từng có tiền lệ, chưa từng nghe thấy bao giờ	Tiền Đại Mùi Văn
native_advanced_drafts	batch_0671_0680	R_0678	矛盾	むじゅん	mâu thuẫn, nghịch lý	Mâu Thuẫn
native_advanced_drafts	batch_0671_0680	R_0678	一貫性	いっかんせい	tính nhất quán, sự liên tục logic	Nhất Quán Tính
native_advanced_drafts	batch_0671_0680	R_0678	多声的テクスト	たせいてきテクスト	văn bản đa thanh, polyphonic text (thuật ngữ phê bình văn học)	Đa Thanh Đích
native_advanced_drafts	batch_0671_0680	R_0678	不確定性	ふかくていせい	tính bất định, sự không chắc chắn	Bất Xác Đính Tính
native_advanced_drafts	batch_0671_0680	R_0678	覆す	くつがえす	lật đổ, đảo ngược hoàn toàn	Phú
native_advanced_drafts	batch_0671_0680	R_0678	約束事	やくそくごと	quy ước, điều đã được thỏa thuận ngầm	Ước Thú Sự
native_advanced_drafts	batch_0671_0680	R_0678	倒錯	とうさく	lệch lạc, đảo ngược (tâm lý, đạo đức)	Đảo Thác
native_advanced_drafts	batch_0671_0680	R_0678	精緻	せいち	tinh tế, tỉ mỉ và sâu sắc	Tinh Trí
native_advanced_drafts	batch_0671_0680	R_0678	媒介	ばいかい	trung gian, môi giới (truyền dẫn thông tin)	Môi Giới
native_advanced_drafts	batch_0671_0680	R_0678	自己保存本能	じこほぞんほんのう	bản năng tự bảo vệ bản thân	Tự Kỷ Bảo Tồn Bản Nai
native_advanced_drafts	batch_0671_0680	R_0678	自己欺瞞	じこぎまん	sự tự lừa dối bản thân, self-deception	Tự Kỷ Khi Man
native_advanced_drafts	batch_0671_0680	R_0678	翻案	ほんあん	phóng tác, chuyển thể (từ tác phẩm gốc)	Phiên Án
native_advanced_drafts	batch_0671_0680	R_0678	慣用句	かんようく	thành ngữ, cụm từ cố định trong ngôn ngữ	Quán Dụng Câu
native_advanced_drafts	batch_0671_0680	R_0678	留保する	りゅうほする	bảo lưu, tạm đình, không đưa ra kết luận	Lưu Bảo
native_advanced_drafts	batch_0671_0680	R_0678	構築物	こうちくぶつ	cấu trúc được xây dựng, something constructed	Cấu Trúc Vật
native_advanced_drafts	batch_0671_0680	R_0678	重層的	じゅうそうてき	nhiều tầng lớp, có chiều sâu nhiều lớp	Trùng Tằng Đích
native_advanced_drafts	batch_0671_0680	R_0678	巫女	みこ	miko/itako — nữ pháp sư truyền thống vùng Tōhoku có khả năng gọi hồn người chết để truyền lời (KHÔNG dịch là 'bà đồng' — có sắc thái mê tín tiêu cực ở Việt Nam)	Vu Nhữ
native_advanced_drafts	batch_0671_0680	R_0678	説話	せつわ	câu chuyện dân gian, truyện kể dân gian cổ	Duyệt Thoại
native_advanced_drafts	batch_0671_0680	R_0678	達成	たっせい	thành tựu, sự đạt được (trong nghệ thuật, học thuật)	Đạt Thành
native_advanced_drafts	batch_0671_0680	R_0679	あけぼの	あけぼの	bình minh, lúc trời vừa hé sáng trước khi mặt trời mọc — thời điểm đẹp nhất mùa xuân theo Sei Shonagon	
native_advanced_drafts	batch_0671_0680	R_0679	山ぎは	やまぎわ	đường chân núi, nơi núi tiếp giáp bầu trời — điểm quan sát ánh sáng rạng đông	San
native_advanced_drafts	batch_0671_0680	R_0679	つとめて	つとめて	sáng sớm tinh mơ, ngay từ đầu buổi sáng (cổ văn — khác với 早朝 trang trọng hơn)	
native_advanced_drafts	batch_0671_0680	R_0679	をかし	をかし	thú vị, có duyên, đáng khen — khái niệm thẩm mỹ trung tâm của Sei Shonagon, đối lập với あはれ	
native_advanced_drafts	batch_0671_0680	R_0679	あはれ	あはれ	xúc động, cảm thương trước vẻ đẹp vô thường (aware) — cảm thức thẩm mỹ Heian về sự mỏng manh	
native_advanced_drafts	batch_0671_0680	R_0679	蛍	ほたる	đom đóm — biểu tượng đêm hè trong thơ ca và văn học Heian	Huỳnh
native_advanced_drafts	batch_0671_0680	R_0679	烏	からす	con quạ — trong văn học Heian, quạ bay về tổ lúc chiều tà là hình ảnh gợi buồn	Ô
native_advanced_drafts	batch_0671_0680	R_0679	雁	かり/がん	ngỗng trời, nhạn — loài chim di cư, xuất hiện mùa thu, biểu tượng của nỗi nhớ và sự xa cách	Nhạn
native_advanced_drafts	batch_0671_0680	R_0679	霜	しも	sương muối, băng giá phủ trên mặt đất vào buổi sáng mùa đông	Sương
native_advanced_drafts	batch_0671_0680	R_0679	火桶	ひおけ	lò sưởi dạng thùng tròn — dụng cụ sưởi ấm trong nhà quý tộc Heian	Hỏa Dũng
native_advanced_drafts	batch_0671_0680	R_0679	つきづきし	つきづきし	hợp cảnh, phù hợp, thích hợp với bối cảnh (cổ văn — phán xét thẩm mỹ của Sei Shonagon)	
native_advanced_drafts	batch_0671_0680	R_0679	うつくし	うつくし	đáng yêu, dễ thương, ngây thơ dễ thương (cổ văn — KHÁC với 美しい hiện đại là 'đẹp')	
native_advanced_drafts	batch_0671_0680	R_0679	にくし	にくし	đáng ghét, khó chịu, làm phiền (cổ văn — cảm thức phán xét tiêu cực của Sei Shonagon)	
native_advanced_drafts	batch_0671_0680	R_0679	くちをし	くちをし	buồn bực, tiếc nuối, bực bội khó chịu (cổ văn — diễn tả cảm xúc thất vọng)	
native_advanced_drafts	batch_0671_0680	R_0679	わびし	わびし	khổ tâm, cô đơn buồn bã, tâm trạng chật chội bí bách (cổ văn — liên quan khái niệm wabi)	
native_advanced_drafts	batch_0671_0680	R_0679	そしる	そしる	nói xấu, chê bai, phê phán người khác (cổ văn và hiện đại)	
native_advanced_drafts	batch_0671_0680	R_0679	随筆	ずいひつ	thể loại tùy bút, ghi chép tự do theo cảm hứng — Makura no Soshi là tùy bút đầu tiên của văn học Nhật	Tùy Bút
native_advanced_drafts	batch_0671_0680	R_0679	係り結び	かかりむすび	quy tắc cú pháp cổ văn: 係助詞 (ぞ/なむ/や/か → 連体形; こそ → 已然形) bắt buộc hình thức vị ngữ cuối câu	Hệ Kết
native_advanced_drafts	batch_0671_0680	R_0679	審美眼	しんびがん	con mắt thẩm mỹ, nhãn quan thẩm mỹ — khả năng nhận ra và đánh giá vẻ đẹp	Thẩm Mỹ Nhãn
native_advanced_drafts	batch_0671_0680	R_0679	仮名文字	かなもじ	chữ Kana (hiragana/katakana) — chữ viết tiếng Nhật thuần túy, nữ giới Heian dùng để viết văn học	Phản Danh Văn Tự
native_advanced_drafts	batch_0671_0680	R_0680	下人	げにん	hạ nhân, người phục vụ địa vị thấp — tầng lớp dưới đáy xã hội phong kiến Nhật	Há Nhân
native_advanced_drafts	batch_0671_0680	R_0680	羅生門	らしょうもん	cổng Rashomon — cổng thành phía nam Kinh Đô Heian, biểu tượng của sự suy tàn và ranh giới đạo đức	La Sanh Môn
native_advanced_drafts	batch_0671_0680	R_0680	丹塗	にぬり	sơn màu đỏ son (丹 = chu sa đỏ) — sơn truyền thống trang trí công trình kiến trúc quan trọng	Đan Trà
native_advanced_drafts	batch_0671_0680	R_0680	蟋蟀	こおろぎ	con dế — biểu tượng mùa thu và sự cô đơn trong văn học Nhật	Tất Xuất
native_advanced_drafts	batch_0671_0680	R_0680	朱雀大路	すじゃくおおじ	đại lộ Suzaku — trục đường trung tâm Kinh Đô Heian, nơi đặt những công trình quan trọng nhất	Chu Tước Thái Lộ
native_advanced_drafts	batch_0671_0680	R_0680	市女笠	いちめがさ	nón thị nữ — loại nón rộng vành phụ nữ thường đội thời Heian-Kamakura	Thị Nhữ Lạp
native_advanced_drafts	batch_0671_0680	R_0680	揉烏帽子	もみえぼし	mũ momi — mũ đen mềm dành cho nam giới thời Heian-Kamakura	Nhu Ô Mạo Tý
native_advanced_drafts	batch_0671_0680	R_0680	辻風	つじかぜ	lốc xoáy, gió lốc tại ngã tư đường — thiên tai thường xảy ra ở Kinh Đô	Mời Phong
native_advanced_drafts	batch_0671_0680	R_0680	飢饉	ききん	nạn đói, mất mùa nghiêm trọng	Cơ Cận
native_advanced_drafts	batch_0671_0680	R_0680	旧記	きゅうき	ghi chép cũ, sử liệu cổ — Akutagawa thường trích dẫn nguồn tư liệu lịch sử tạo cảm giác chân thực	Cậu Kí
native_advanced_drafts	batch_0671_0680	R_0680	狐狸	こり	cáo và chồn — biểu tượng của kẻ lén lút, tinh quái trong văn hóa dân gian Nhật	Hồ Li
native_advanced_drafts	batch_0671_0680	R_0680	鴟尾	しび	đuôi nóc (đầu đao) — trang trí hình cá trên đỉnh mái ngói kiến trúc cổ điển Nhật	Si Vĩ
native_advanced_drafts	batch_0671_0680	R_0680	胡麻	ごま	hạt vừng — ẩn dụ so sánh hình ảnh đàn quạ trên nền trời đỏ	Hồ Ma
native_advanced_drafts	batch_0671_0680	R_0680	啄む	ついばむ	mổ, rỉa bằng mỏ — hành động của chim ăn xác chết	Trác
native_advanced_drafts	batch_0671_0680	R_0680	紺の襖	こんのふすま	áo bông chàm xanh đậm — trang phục hạ nhân thời Heian-Kamakura	Cám Áo
native_advanced_drafts	batch_0671_0680	R_0680	山吹色	やまぶきいろ	màu vàng hoa núc nác (hoa yamabuki) — sắc vàng cam đặc trưng trong trang phục truyền thống	San Xuy Sắc
native_advanced_drafts	batch_0671_0680	R_0680	にきび	にきび	mụn trứng cá — chi tiết tả thực nhỏ nhặt Akutagawa đưa vào để khắc họa sự tầm thường của nhân vật	
native_advanced_drafts	batch_0681_0690	R_0681	リスク社会	リスクしゃかい	xã hội rủi ro (khái niệm của Beck — xã hội hiện đại đặc trưng bởi việc phân phối rủi ro thay vì phân phối của cải)	Xã Cối
native_advanced_drafts	batch_0681_0690	R_0681	照射する	しょうしゃする	chiếu vào, chiếu sáng (dùng theo nghĩa bóng: áp dụng lý luận để phân tích)	Chiếu Dạ
native_advanced_drafts	batch_0681_0690	R_0681	顕在化する	けんざいかする	hiện rõ, trở nên rõ ràng (từ tiềm ẩn thành hiện thực)	Hiển Tại Hóa
native_advanced_drafts	batch_0681_0690	R_0681	帰結	きけつ	hệ quả, kết luận cuối cùng (sau một quá trình lý luận hoặc sự kiện)	Quy Kết
native_advanced_drafts	batch_0681_0690	R_0681	可視化する	かしかする	làm hiện rõ, trực quan hóa (làm cho điều vô hình trở nên nhìn thấy được)	Khả Thị Hóa
native_advanced_drafts	batch_0681_0690	R_0681	世代間不均衡	せだいかんふきんこう	bất cân bằng giữa các thế hệ (trong gánh nặng tài chính bảo hiểm xã hội)	Thế Đại Gian Bất Quân Hoành
native_advanced_drafts	batch_0681_0690	R_0681	脆弱性	ぜいじゃくせい	tính dễ tổn thương, sự mong manh (vulnerability)	Thúy Nhược Tính
native_advanced_drafts	batch_0681_0690	R_0681	引受限界	ひきうけげんかい	giới hạn chịu bảo lãnh (mức tối đa mà bảo hiểm có thể chấp nhận rủi ro)	Dấn Thụ Hạn Giới
native_advanced_drafts	batch_0681_0690	R_0681	損害率	そんがいりつ	tỷ lệ tổn thất (loss ratio — tỷ lệ bồi thường so với phí thu được)	Tổn Hại Luật
native_advanced_drafts	batch_0681_0690	R_0681	大数の法則	たいすうのほうそく	quy luật số lớn (law of large numbers — nền tảng toán học của bảo hiểm)	Thái Sác Pháp Tắc
native_advanced_drafts	batch_0681_0690	R_0681	保険数理	ほけんすうり	tính toán bảo hiểm, khoa học bảo hiểm (actuarial science)	Bảo Hiểm Sác Lý
native_advanced_drafts	batch_0681_0690	R_0681	人口動態	じんこうどうたい	nhân khẩu học động (demographics — sự biến đổi về cấu trúc dân số theo thời gian)	Nhân Khẩu Động Thái
native_advanced_drafts	batch_0681_0690	R_0681	罹患率	りかんりつ	tỷ lệ mắc bệnh (morbidity rate)	Li Hoạn Luật
native_advanced_drafts	batch_0681_0690	R_0681	再保険	さいほけん	tái bảo hiểm (reinsurance — bảo hiểm của bảo hiểm)	Tái Bảo Hiểm
native_advanced_drafts	batch_0681_0690	R_0681	リスクの私化	リスクのしか	tư hữu hóa rủi ro (privatization of risk — chuyển giao gánh chịu rủi ro cho cá nhân)	Tư Hóa
native_advanced_drafts	batch_0681_0690	R_0681	社会化	しゃかいか	xã hội hóa (socialization — chuyển giao gánh chịu rủi ro cho tập thể/nhà nước)	Xã Cối Hóa
native_advanced_drafts	batch_0681_0690	R_0681	止揚する	しようする	vượt lên (Aufheben trong triết học Hegel — giải quyết mâu thuẫn ở tầm cao hơn)	Chỉ Dương
native_advanced_drafts	batch_0681_0690	R_0681	規範的価値	きはんてきかち	giá trị chuẩn tắc (normative value — giá trị định hướng về điều nên là)	Quy Phạm Đích Giá Trị
native_advanced_drafts	batch_0681_0690	R_0681	公正配分	こうせいはいぶん	phân phối công bằng (equitable distribution)	Công Chánh Phối Phân
native_advanced_drafts	batch_0681_0690	R_0681	政策パラダイム	せいさくパラダイム	mô hình chính sách, khuôn khổ chính sách (policy paradigm)	Chánh Sách
native_advanced_drafts	batch_0681_0690	R_0682	風土	ふうど	phong thổ — khí hậu và địa lý cùng ảnh hưởng văn hóa (khái niệm triết học Watsuji, khác với 気候 đơn thuần)	Phong Thổ
native_advanced_drafts	batch_0681_0690	R_0682	風土性	ふうどせい	tính phong thổ — đặc tính của phong thổ như phương thức quy định sự tồn tại người (thuật ngữ Watsuji)	Phong Thổ Tính
native_advanced_drafts	batch_0681_0690	R_0682	自己了解	じこりょうかい	tự nhận thức, tự hiểu mình — con người hiểu bản thân đang ở trong tình huống nào (triết học hiện tượng học)	Tự Kỷ Liễu Giái
native_advanced_drafts	batch_0681_0690	R_0682	たらしめる	たらしめる	làm cho trở thành, khiến là như vậy — cấu trúc văn ngữ triết học = にする (nhấn mạnh tính nhân quả bản chất)	
native_advanced_drafts	batch_0681_0690	R_0682	間柄	あいだがら	quan hệ liên chủ thể — khái niệm độc đáo Watsuji: con người vốn tồn tại trong khoảng giữa người với người	Gian Bính
native_advanced_drafts	batch_0681_0690	R_0682	モンスーン型	もんすーんがた	kiểu gió mùa — một trong ba loại phong thổ Watsuji: gió mùa (châu Á), sa mạc (Trung Đông), đồng cỏ (châu Âu)	Hình
native_advanced_drafts	batch_0681_0690	R_0682	把握	はあく	nắm bắt, nắm giữ, hiểu rõ (văn ngữ — dùng trong văn triết học và học thuật)	Bả Ác
native_advanced_drafts	batch_0681_0690	R_0682	時間性	じかんせい	tính thời gian — khái niệm triết học Heidegger (Zeitlichkeit): bản chất tồn tại người là thời gian tính	Thì Gian Tính
native_advanced_drafts	batch_0681_0690	R_0682	空間性	くうかんせい	tính không gian — Watsuji bổ sung vào Heidegger: tồn tại người cũng được quy định bởi không gian/phong thổ	Không Gian Tính
native_advanced_drafts	batch_0681_0690	R_0682	批判的に継承する	ひはんてきにけいしょうする	kế thừa có phê phán — tiếp nhận tư tưởng người khác nhưng đồng thời chỉ ra giới hạn và bổ sung	Phê Phán Đích Bối Thừa
native_advanced_drafts	batch_0681_0690	R_0682	湿潤さ	しつじゅんさ	độ ẩm ướt, tính ẩm — đặc trưng khí hậu châu Á gió mùa theo Watsuji	Chập Nhuận
native_advanced_drafts	batch_0681_0690	R_0682	受容性	じゅようせい	tính tiếp nhận, sự chấp nhận thụ động — thái độ của con người gió mùa trước tự nhiên áp đảo	Thụ Dong Tính
native_advanced_drafts	batch_0681_0690	R_0682	存在様式	そんざいようしき	phương thức tồn tại — cách thức con người tồn tại (Seinsweise trong triết học Đức)	Tồn Tại Dạng Thức
native_advanced_drafts	batch_0681_0690	R_0682	文化相対主義	ぶんかそうたいしゅぎ	chủ nghĩa tương đối văn hóa — quan điểm cho rằng mọi văn hóa đều có giá trị ngang nhau, không thể phán xét	Văn Hóa Tương Đối Chủ Nghĩa
native_advanced_drafts	batch_0681_0690	R_0682	本質主義	ほんしつしゅぎ	chủ nghĩa bản chất — quan điểm cho rằng dân tộc/văn hóa có bản chất cố định, bất biến	Bản Chí Chủ Nghĩa
native_advanced_drafts	batch_0681_0690	R_0682	哲学的企図	てつがくてききと	ý định triết học, dự án triết học — mục đích và kế hoạch của công trình triết học	Triết Học Đích Xí Vi
native_advanced_drafts	batch_0681_0690	R_0682	共同性	きょうどうせい	tính cộng đồng, bản chất chung sống tập thể — con người vốn sống trong cộng đồng, không phải cá nhân cô lập	Cung Đồng Tính
native_advanced_drafts	batch_0681_0690	R_0683	陰翳	いんえい	bóng tối, bóng-mờ — khái niệm thẩm mỹ trung tâm của tùy bút Tanizaki: vẻ đẹp ẩn trong bóng tối	Âm Ế
native_advanced_drafts	batch_0681_0690	R_0683	玄妙	げんみょう	huyền diệu, thâm sâu vi diệu — vẻ đẹp không thể dễ dàng nắm bắt hay giải thích	Huyền Diệu
native_advanced_drafts	batch_0681_0690	R_0683	朧	おぼろ	mờ ảo, lờ mờ — dùng cho trăng mờ, sương mờ; khái niệm thẩm mỹ Nhật ưa vẻ đẹp không rõ nét	Lông
native_advanced_drafts	batch_0681_0690	R_0683	蒔絵	まきえ	mạ vàng lên sơn mài — kỹ thuật rắc vàng bạc lên đồ sơn mài truyền thống Nhật	Thi Gói
native_advanced_drafts	batch_0681_0690	R_0683	漆器	しっき	đồ sơn mài — đồ vật được phủ bằng sơn urushi, đặc sản thủ công mỹ nghệ Nhật	Thế Khí
native_advanced_drafts	batch_0681_0690	R_0683	行燈	あんどん	đèn giấy kiểu truyền thống Nhật — khung gỗ bọc giấy trắng, đốt nến bên trong	Hàng Đăng
native_advanced_drafts	batch_0681_0690	R_0683	床の間	とこのま	Tokonoma — góc trang trí thiêng liêng trong phòng truyền thống Nhật, trưng tranh và hoa	Sàng Gian
native_advanced_drafts	batch_0681_0690	R_0683	掛け軸	かけじく	tranh cuộn — tranh hoặc thư pháp cuộn treo trong Tokonoma	Quải Trục
native_advanced_drafts	batch_0681_0690	R_0683	香炉	こうろ	lư hương — bình đốt hương, thường đặt trong Tokonoma hoặc bàn thờ	Hương Lò
native_advanced_drafts	batch_0681_0690	R_0683	奥ゆかしさ	おくゆかしさ	sự kín đáo, e ấp, thâm trầm — phẩm chất thẩm mỹ Nhật: đẹp ở chỗ không phô trương	Áo
native_advanced_drafts	batch_0681_0690	R_0683	荘厳	そうごん	trang nghiêm, uy nghi — vẻ đẹp có tính thần thánh, đáng kính sợ	Trang Nghiêm
native_advanced_drafts	batch_0681_0690	R_0683	余白	よはく	khoảng trống — trong thư pháp/hội họa Nhật: khoảng trống có chủ ý mang giá trị thẩm mỹ	Dư Bạch
native_advanced_drafts	batch_0681_0690	R_0683	氾濫	はんらん	tràn ngập, lũ lụt — ở đây dùng ẩn dụ: ánh sáng tràn ngập quá mức	Phiếm Cãm
native_advanced_drafts	batch_0681_0690	R_0683	金箔	きんぱく	vàng lá — vàng được dát mỏng thành lá dùng trang trí	Kim Bạc
native_advanced_drafts	batch_0681_0690	R_0683	白日	はくじつ	ánh ban ngày, ánh sáng rực rỡ — thành ngữ: bơi trong ánh sáng hoàn toàn lộ rõ	Bạch Nhật
native_advanced_drafts	batch_0681_0690	R_0684	祇園精舎	ぎおんしょうじゃ	Chùa Kỳ Viên — nơi Đức Phật thuyết pháp ở Ấn Độ, mở đầu biểu tượng của Bình Gia Vật Ngữ	Chi Viên Tinh Xá
native_advanced_drafts	batch_0681_0690	R_0684	諸行無常	しょぎょうむじょう	chư hành vô thường — chân lý Phật giáo: mọi sự vật đều không ngừng biến đổi, không có gì thường hằng	Chư Hàng Mô Thường
native_advanced_drafts	batch_0681_0690	R_0684	盛者必衰	じょうしゃひっすい	thịnh giả tất suy — kẻ đang thịnh vượng ắt sẽ suy tàn, quy luật nhân quả Phật giáo	Thình Giả Tất Suy
native_advanced_drafts	batch_0681_0690	R_0684	沙羅双樹	さらそうじゅ	cây Song Thụ Sa La — loại cây nở hoa trắng khi Đức Phật nhập Niết Bàn, biểu tượng vô thường	Sa La Song Thụ
native_advanced_drafts	batch_0681_0690	R_0684	おごる	おごる	kiêu ngạo, hợm hĩnh, ngạo mạn (cổ văn: おごれる người = kẻ kiêu ngạo)	
native_advanced_drafts	batch_0681_0690	R_0684	塵	ちり	bụi bặm — ẩn dụ cho sự nhỏ bé, phù du, không đáng kể trước sức mạnh tự nhiên	Trần
native_advanced_drafts	batch_0681_0690	R_0684	禄山	ろくざん	An Lộc Sơn — tướng nhà Đường nổi loạn, ví dụ kẻ kiêu ngạo bị diệt vong trong lịch sử Trung Quốc	Lộc San
native_advanced_drafts	batch_0681_0690	R_0684	六波羅	ろくはら	Lục Ba La — địa danh Kyoto, nơi đặt cứ điểm dòng họ Taira, biểu tượng quyền lực	Lục Ba La
native_advanced_drafts	batch_0681_0690	R_0684	入道前太政大臣	にゅうどうさきのだいじょうだいじん	cựu Thái chính đại thần đã xuất gia — danh hiệu của Taira no Kiyomori sau khi cạo đầu theo đạo Phật	Nhập Đáo Tiền Thái Chánh Thái Thần
native_advanced_drafts	batch_0681_0690	R_0684	桓武天皇	かんむてんのう	Hoàng đế Kammu — tổ tiên hoàng tộc mà Taira no Kiyomori tự nhận là hậu duệ	Hoàn Võ Thiên Hoàng
native_advanced_drafts	batch_0681_0690	R_0684	後胤	こういん	hậu duệ, dòng dõi con cháu đời sau	Hấu Dận
native_advanced_drafts	batch_0681_0690	R_0684	栄花	えいが	vinh hoa, phồn hoa — sự phú quý tột đỉnh (cổ văn: thường chỉ sự thịnh vượng của quý tộc)	Vinh Hoa
native_advanced_drafts	batch_0681_0690	R_0684	はかなし	はかなし	mong manh, phù du, vô thường (cổ văn: sự vật không bền vững, dễ tan biến)	
native_advanced_drafts	batch_0681_0690	R_0684	無常	むじょう	vô thường — khái niệm Phật giáo: không có gì tồn tại mãi mãi, mọi thứ đều thay đổi	Mô Thường
native_advanced_drafts	batch_0681_0690	R_0684	係り結び	かかりむすび	luật ràng buộc cú pháp cổ văn: 係助詞 (ぞ/なむ/や/か → 連体形, こそ → 已然形) quyết định hình thức vị ngữ cuối câu	Hệ Kết
native_advanced_drafts	batch_0681_0690	R_0684	詠嘆	えいたん	thán phục, cảm thán — chức năng thứ hai của けり bên cạnh quá khứ hồi tưởng	Vịnh Thán
native_advanced_drafts	batch_0681_0690	R_0684	朝臣	あそん	tước hiệu quý tộc cao cấp thời Heian-Kamakura, đứng sau tên dòng họ	Triêu Thần
native_advanced_drafts	batch_0681_0690	R_0684	繁栄	はんえい	phồn thịnh, hưng thịnh — trạng thái đỉnh cao của quyền lực và của cải	Bàn Vinh
native_advanced_drafts	batch_0681_0690	R_0685	存在論的	そんざいろんてき	mang tính tồn tại luận, liên quan đến ontology — triết học về bản chất tồn tại	Tồn Tại Luân Đích
native_advanced_drafts	batch_0681_0690	R_0685	契機	けいき	cơ hội, thời cơ, điểm khởi đầu — đặc biệt dùng trong văn học thuật	Khiết Cơ
native_advanced_drafts	batch_0681_0690	R_0685	焦土	しょうど	đất cháy thành than, đất hoang tàn sau bom đạn — biểu tượng hậu chiến Nhật Bản	Tiêu Thổ
native_advanced_drafts	batch_0681_0690	R_0685	瓦礫	がれき	đống gạch vụn, đổ nát — nghĩa vật lý và ẩn dụ cho sự sụp đổ giá trị	Ngõa Lịch
native_advanced_drafts	batch_0681_0690	R_0685	逆説的	ぎゃくせつてき	mang tính nghịch lý, paradoxical — kỹ thuật lập luận phổ biến trong văn phê bình Nhật	Nghịch Duyệt Đích
native_advanced_drafts	batch_0681_0690	R_0685	堕落	だらく	sa đọa, suy đồi — trong Ango dùng theo nghĩa tích cực: trở về trạng thái tự nhiên của người	Huy Lạc
native_advanced_drafts	batch_0681_0690	R_0685	実存的	じつぞんてき	mang tính hiện sinh, existential — triết học hiện sinh Sartre ảnh hưởng mạnh văn học hậu chiến Nhật	Thực Tồn Đích
native_advanced_drafts	batch_0681_0690	R_0685	自己疎外	じこそがい	tự tha hóa bản thân, self-alienation — khái niệm triết học Marx và tâm lý học	Tự Kỷ Sơ Ngoại
native_advanced_drafts	batch_0681_0690	R_0685	表象	ひょうしょう	biểu trưng, representation — khái niệm lý luận văn học: cách tác phẩm hình dung hóa ý nghĩa	Biểu Tượng
native_advanced_drafts	batch_0681_0690	R_0685	閉鎖的権力装置	へいさてきけんりょくそうち	bộ máy quyền lực khép kín — thuật ngữ xã hội học dùng trong phê bình văn học	Bế Tỏa Đích Quyền Lực Trang Trí
native_advanced_drafts	batch_0681_0690	R_0685	通底する	つうていする	liên thông ngầm ở tầng sâu, có điểm chung ở cơ tầng — từ đặc trưng văn phê bình cao cấp	Thông Để
native_advanced_drafts	batch_0681_0690	R_0685	身体性	しんたいせい	tính thân xác, corporeality — khái niệm lý luận: tầm quan trọng của thân xác trong ý nghĩa	Quyên Thể Tính
native_advanced_drafts	batch_0681_0690	R_0685	彫琢する	ちょうたくする	chạm khắc, gọt giũa tinh tế — ẩn dụ chỉ công phu nghệ thuật của nhà văn	Điêu Trác
native_advanced_drafts	batch_0681_0690	R_0685	知的誠実さ	ちてきせいじつさ	sự trung thực trí tuệ, intellectual honesty — phẩm chất phê bình quan trọng	Tri Đích Thành Thực
native_advanced_drafts	batch_0681_0690	R_0685	権威的回答	けんいてきかいとう	câu trả lời quyền uy, authoritative answer — cái mà văn học phế tích từ chối	Quyền Uy Đích Hối Đáp
native_advanced_drafts	batch_0681_0690	R_0685	拒否	きょひ	từ chối, phủ nhận — trong văn phê bình thường đi cùng với 権威	Củ Bĩ
native_advanced_drafts	batch_0681_0690	R_0685	妥当	だとう	hợp lý, phù hợp, xác đáng — từ đánh giá học thuật	Thỏa Đang
native_advanced_drafts	batch_0681_0690	R_0685	解体	かいたい	phân rã, tháo dỡ, giải thể — dùng cho quá trình bị phá vỡ từ bên trong	Giái Thể
native_advanced_drafts	batch_0681_0690	R_0685	様式	ようしき	khuôn mẫu, hình thức — trong văn học chỉ convention nghệ thuật hoặc đạo đức	Dạng Thức
native_advanced_drafts	batch_0681_0690	R_0685	テクスト	テクスト	văn bản, text — từ lý luận văn học hiện đại (khác với 文章: nhấn mạnh chiều cấu trúc)	
native_advanced_drafts	batch_0681_0690	R_0686	朱子学	しゅしがく	Tống Nho, học phái Chu Tử — hệ thống tư tưởng Nho giáo do Chu Hy (1130-1200) sáng lập, thống trị Nhật Bản thời Edo	Chu Tý Học
native_advanced_drafts	batch_0681_0690	R_0686	天理	てんり	thiên lý — nguyên lý vũ trụ tối cao trong Tống Nho, quy luật của trời đất chi phối cả tự nhiên lẫn đạo đức xã hội	Thiên Lý
native_advanced_drafts	batch_0681_0690	R_0686	作為	さくい	tác vi — hành động chủ ý, sự tạo dựng có mục đích của con người; đối lập với 自然 (tự nhiên tự phát)	Tác Vi
native_advanced_drafts	batch_0681_0690	R_0686	荻生徂徠	おぎゅうそらい	Ogyuu Sorai (1666-1728) — học giả Nho học Nhật Bản thời Edo, người phát triển Cổ văn từ phái, đặt nền móng cho triết học chính trị tự luật	Địch Sanh Tồ Lai
native_advanced_drafts	batch_0681_0690	R_0686	礼楽刑政	れいがくけいせい	lễ nhạc hình chính — bốn lĩnh vực chế độ xã hội trong Nho học: lễ nghi, âm nhạc, hình phạt, chính sự	Lễ Lạc Hình Chánh
native_advanced_drafts	batch_0681_0690	R_0686	正統性	せいとうせい	tính chính thống, tính hợp pháp — legitimacy trong triết học chính trị	Chánh Thống Tính
native_advanced_drafts	batch_0681_0690	R_0686	伊藤仁斎	いとうじんさい	Itoo Jinsai (1627-1705) — học giả Nho học Nhật Bản, người sáng lập Cổ nghĩa học phái, chú trọng giải thích trực tiếp kinh điển Khổng Mạnh	Y Đằng Nhân Chay
native_advanced_drafts	batch_0681_0690	R_0686	人倫	じんりん	nhân luân — quan hệ đạo đức giữa người với người theo Nho học: quân thần, phụ tử, phu phụ, huynh đệ, bằng hữu	Nhân Luân
native_advanced_drafts	batch_0681_0690	R_0686	析出	せきしゅつ	tách chiết, phân ly ra — thuật ngữ khoa học (vật lý/hóa học) được Maruyama dùng ẩn dụ chỉ quá trình chính trị tách rời khỏi tôn giáo/đạo đức	Tích Xuất
native_advanced_drafts	batch_0681_0690	R_0686	萌芽	ほうが	mầm mống, phôi thai — hình ảnh ẩn dụ chỉ giai đoạn sơ khai của một tư tưởng hay phong trào	Manh Nha
native_advanced_drafts	batch_0681_0690	R_0686	先王之道	せんのうのみち	tiên vương chi đạo — đạo của các vương triều xưa, tiền lệ lịch sử được dùng làm chuẩn mực trong học phái Sorai	Tiên Vương Chi Đáo
native_advanced_drafts	batch_0681_0690	R_0686	残滓	ざんし	tàn dư, cặn bã còn sót lại — residue trong văn học thuật, chỉ yếu tố cũ còn lại trong tư tưởng mới	Tàn Chỉ
native_advanced_drafts	batch_0681_0690	R_0686	宇宙論	うちゅうろん	vũ trụ luận, cosmology — học thuyết về cấu trúc và trật tự của vũ trụ, nền tảng siêu hình cho trật tự xã hội Tống Nho	Vũ Trụ Luân
native_advanced_drafts	batch_0681_0690	R_0686	内在的	ないざいてき	nội tại, immanent — tính chất nằm bên trong, từ bên trong phát sinh (đối lập với ngoại tại 外在的)	Nạp Tại Đích
native_advanced_drafts	batch_0681_0690	R_0686	看取	かんしゅ	nhận thấy, đọc ra, nhận ra — thuật ngữ học thuật chỉ hành động nhận thức qua phân tích tư liệu	Khán Thủ
native_advanced_drafts	batch_0681_0690	R_0686	画期的	かっきてき	đột phá, mang tính bước ngoặt — epoch-making, đánh dấu giai đoạn mới trong lịch sử tư tưởng	Hoạch Ky Đích
native_advanced_drafts	batch_0681_0690	R_0686	早計	そうけい	kết luận vội vã, nhận định hấp tấp — premature conclusion trong lập luận học thuật	Tảo Kê
native_advanced_drafts	batch_0681_0690	R_0687	燦然	さんぜん	rực rỡ, lấp lánh huy hoàng — từ Hán Việt, thường dùng trong văn học cao cấp để tả ánh sáng mạnh mẽ	Xán Nhiên
native_advanced_drafts	batch_0681_0690	R_0687	際立つ	きわだつ	nổi bật, trở nên nổi trội so với xung quanh	Tế Lập
native_advanced_drafts	batch_0681_0690	R_0687	吃音	きつおん	tật nói lắp — trong 金閣寺, đây là biểu tượng cho sự cô lập của nhân vật 'tôi' với thế giới	Cật Âm
native_advanced_drafts	batch_0681_0690	R_0687	縁側	えんがわ	hiên nhà (Nhật truyền thống) — hành lang gỗ dọc mặt ngoài nhà, nơi ngồi ngắm vườn	Duyên Trắc
native_advanced_drafts	batch_0681_0690	R_0687	逆説的	ぎゃくせつてき	mang tính nghịch lý, paradox	Nghịch Duyệt Đích
native_advanced_drafts	batch_0681_0690	R_0687	確信	かくしん	niềm xác tín, sự tin tưởng chắc chắn hoàn toàn	Xác Tín
native_advanced_drafts	batch_0681_0690	R_0687	拷問	ごうもん	tra tấn, cực hình — dùng nghĩa bóng: điều hành hạ cực độ về tinh thần	Khảo Vấn
native_advanced_drafts	batch_0681_0690	R_0687	執着	しゅうちゃく	chấp trước, sự bám víu vào điều gì không buông — khái niệm Phật giáo	Chấp Khán
native_advanced_drafts	batch_0681_0690	R_0687	焼却	しょうきゃく	thiêu hủy, đốt cháy hoàn toàn	Thiêu Khước
native_advanced_drafts	batch_0681_0690	R_0687	洞察	どうさつ	sự thấu hiểu sâu sắc, insight — nhìn thấu bản chất bên trong	Đỗng Sát
native_advanced_drafts	batch_0681_0690	R_0687	宿る	やどる	trú ngụ, ẩn chứa — thường dùng khi nói bản chất/tinh thần ẩn trong vật	Tú
native_advanced_drafts	batch_0681_0690	R_0687	老師	ろうし	vị hòa thượng lớn tuổi, sư phụ — trong 金閣寺 chỉ trụ trì kim các tự	Lão Sư
native_advanced_drafts	batch_0681_0690	R_0687	本質	ほんしつ	bản chất, cốt lõi — điều tạo nên một sự vật đúng như nó là	Bản Chí
native_advanced_drafts	batch_0681_0690	R_0687	象徴	しょうちょう	biểu tượng — vật/hình ảnh mang ý nghĩa vượt ra ngoài bản thân nó	Tượng Chuỷ
native_advanced_drafts	batch_0681_0690	R_0687	炎	ほのお	ngọn lửa — trong 金閣寺, lửa là hành động tuyệt đỉnh của nhân vật chính	Diễm
native_advanced_drafts	batch_0681_0690	R_0687	揺らぎ	ゆらぎ	sự lung lay, dao động — biểu tượng Cái Đẹp sống động đối lập với tĩnh lặng chết	Dao
native_advanced_drafts	batch_0681_0690	R_0687	醜さ	みにくさ	sự xấu xa, vẻ xấu xí — trong bài dùng theo nghĩa nội tâm: cảm giác tự ti, thiếu sót	Xú
native_advanced_drafts	batch_0681_0690	R_0687	刻まれる	きざまれる	được khắc vào, in sâu — hình ảnh ký ức/lời nói đóng dấu không thể xóa vào tâm trí	Khắc
native_advanced_drafts	batch_0681_0690	R_0688	超高齢社会	ちょうこうれいしゃかい	xã hội siêu già hóa — thuật ngữ chỉ xã hội có tỷ lệ người từ 65 tuổi trở lên vượt 21%	Siêu Cao Linh Xã Cối
native_advanced_drafts	batch_0681_0690	R_0688	持続可能性	じぞくかのうせい	tính bền vững, khả năng duy trì lâu dài	Trì Tục Khả Nai Tính
native_advanced_drafts	batch_0681_0690	R_0688	現役世代	げんえきせだい	thế hệ đang làm việc, thế hệ đang hoạt động (ngược với người về hưu)	Hiện Dịch Thế Đại
native_advanced_drafts	batch_0681_0690	R_0688	財源	ざいげん	nguồn tài chính, nguồn kinh phí	Tài Nguyên
native_advanced_drafts	batch_0681_0690	R_0688	逼迫	ひっぱく	căng thẳng, ở tình trạng cấp bách, bị dồn vào thế bí	Bức Bách
native_advanced_drafts	batch_0681_0690	R_0688	抜本的	ばっぽんてき	triệt để, căn bản, nhổ tận gốc rễ (改革 = cải cách triệt để)	Bạt Bản Đích
native_advanced_drafts	batch_0681_0690	R_0688	対症療法	たいしょうりょうほう	điều trị triệu chứng (không chữa gốc bệnh) — ẩn dụ chỉ chính sách chắp vá	Đối Chứng Liệu Pháp
native_advanced_drafts	batch_0681_0690	R_0688	小手先	こてさき	mang tính chắp vá, giải pháp vụn vặt bề ngoài (phê phán chính sách thiếu căn cơ)	Tiểu Thủ Tiên
native_advanced_drafts	batch_0681_0690	R_0688	高年齢者雇用安定法	こうねんれいしゃこようあんていほう	Luật Ổn định việc làm người cao tuổi — luật quy định doanh nghiệp phải có biện pháp đảm bảo việc làm đến 70 tuổi	Cao Niên Linh Giả Cố Dụng An Đính Pháp
native_advanced_drafts	batch_0681_0690	R_0688	絵に描いた餅	えにかいたもち	bánh vẽ — thành ngữ chỉ kế hoạch/luật pháp đẹp trên giấy nhưng không thực thi được	Gói Miêu Bính
native_advanced_drafts	batch_0681_0690	R_0688	担い手	にないて	người đảm nhận, nhân lực chịu trách nhiệm (担い手不足 = thiếu nhân lực)	Dằng Thủ
native_advanced_drafts	batch_0681_0690	R_0688	定着率	ていちゃくりつ	tỷ lệ gắn bó lâu dài, tỷ lệ ở lại (dùng cho lao động, nhân viên)	Đính Khán Luật
native_advanced_drafts	batch_0681_0690	R_0688	産業構造	さんぎょうこうぞう	cơ cấu công nghiệp, cấu trúc nền công nghiệp	Sản Nghiệp Cấu Tháo
native_advanced_drafts	batch_0681_0690	R_0688	終末期医療	しゅうまつきいりょう	y tế cuối đời, chăm sóc giai đoạn cuối (liên quan đến quyết định ngừng điều trị)	Chung Mạt Ky I Liệu
native_advanced_drafts	batch_0681_0690	R_0688	轍	てつ	vết xe, dấu bánh xe — thành ngữ 轍を踏む = lặp lại sai lầm của người đi trước	Triệt
native_advanced_drafts	batch_0681_0690	R_0688	票田	ひょうでん	ruộng phiếu — ẩn dụ chỉ nhóm cử tri mà đảng phái khai thác để lấy phiếu bầu	Phiêu Điền
native_advanced_drafts	batch_0681_0690	R_0688	覚悟	かくご	sự sẵn sàng, quyết tâm chấp nhận khó khăn	Dác Ngộ
native_advanced_drafts	batch_0681_0690	R_0688	説明責任	せつめいせきにん	trách nhiệm giải trình (accountability — thuật ngữ hành chính công)	Duyệt Minh Trách Nhâm
native_advanced_drafts	batch_0681_0690	R_0688	余儀なくされる	よぎなくされる	bị buộc phải, không có lựa chọn nào khác (受け身 + áp lực ngoại cảnh)	Dư Nghi
native_advanced_drafts	batch_0681_0690	R_0688	腰を据える	こしをすえる	nghiêm túc ngồi xuống giải quyết, kiên trì đối mặt không vội vàng	Yêu Cư
native_advanced_drafts	batch_0681_0690	R_0689	弥生時代	やよいじだい	thời đại Yayoi — theo định tuổi C14 mới (国立歴史民俗博物館 2003) khoảng 1000-900 TCN đến 300 SCN; thời kỳ canh tác lúa nước du nhập vào Nhật Bản	Di Sanh Thì Đại
native_advanced_drafts	batch_0681_0690	R_0689	水田稲作	すいでんいなさく	canh tác lúa nước — trồng lúa trên ruộng ngập nước, phân biệt với lúa cạn	Thủy Điền Đạo Tác
native_advanced_drafts	batch_0681_0690	R_0689	伝播経路	でんぱけいろ	con đường truyền bá, lộ trình lan truyền (của văn hóa, kỹ thuật)	Vân Bá Kinh Lộ
native_advanced_drafts	batch_0681_0690	R_0689	炭化米	たんかまい	gạo than hóa — hạt gạo đã cháy thành than, bảo tồn trong di chỉ khảo cổ	Thán Hóa Mễ
native_advanced_drafts	batch_0681_0690	R_0689	蓋然性	がいぜんせい	độ xác thực, xác suất hợp lý — khả năng một mệnh đề là đúng	Cái Nhiên Tính
native_advanced_drafts	batch_0681_0690	R_0689	無文土器	むもんどき	gốm không văn — loại gốm đặc trưng thời đồ đồng bán đảo Triều Tiên, bề mặt nhẵn không hoa văn	Mô Văn Thổ Khí
native_advanced_drafts	batch_0681_0690	R_0689	板付遺跡	いたづけいせき	di chỉ Itazuke — di chỉ khảo cổ quan trọng ở Fukuoka, có dấu vết ruộng lúa sớm nhất Nhật Bản	Bản Phó Di Tích
native_advanced_drafts	batch_0681_0690	R_0689	石包丁	いしぼうちょう	dao gặt đá / lưỡi cắt lúa bằng đá (stone reaping knife) — công cụ thu hoạch lúa bằng đá mài, đặc trưng của văn hóa lúa nước Yayoi (KHÁC với 鎌 = liềm)	Thạch Bao Chênh
native_advanced_drafts	batch_0681_0690	R_0689	磨製石器	ませいせっき	đồ đá mài — công cụ đá được mài nhẵn (phân biệt với đồ đá đẽo thời Paleolithic)	Ma Chế Thạch Khí
native_advanced_drafts	batch_0681_0690	R_0689	温帯ジャポニカ種	おんたいじゃぽにかしゅ	giống lúa Japonica ôn đới — thích nghi khí hậu mùa vụ, phân biệt với Japonica nhiệt đới	Un Đai Chúng
native_advanced_drafts	batch_0681_0690	R_0689	渡来集団	とらいしゅうだん	nhóm di cư đến — những người từ bán đảo Triều Tiên hoặc đại lục di cư sang Nhật Bản	Độ Lai Tập Đoàn
native_advanced_drafts	batch_0681_0690	R_0689	縄文系	じょうもんけい	dòng Jomon — cư dân bản địa Nhật Bản trước khi người Yayoi di cư đến	Mẫn Văn Hệ
native_advanced_drafts	batch_0681_0690	R_0689	ゲノムワイド解析	げのむわいどかいせき	phân tích genome-wide — phân tích toàn bộ bộ gen, phương pháp di truyền học hiện đại	Giái Tích
native_advanced_drafts	batch_0681_0690	R_0689	形態的特徴	けいたいてきとくちょう	đặc điểm hình thái — đặc trưng về hình dạng, cấu trúc có thể quan sát trực tiếp	Hình Thái Đích Đặc Chuỷ
native_advanced_drafts	batch_0681_0690	R_0689	混血過程	こんけつかてい	quá trình hòa huyết — sự pha trộn gen giữa hai nhóm dân cư khác nhau	Cổn Huyết Qua Trình
native_advanced_drafts	batch_0681_0690	R_0689	一元説	いちげんせつ	thuyết một nguồn — học thuyết cho rằng hiện tượng có một nguồn gốc duy nhất	Nhất Nguyên Duyệt
native_advanced_drafts	batch_0681_0690	R_0689	懐疑論	かいぎろん	thuyết hoài nghi — lập trường nghi ngờ, không tin chắc vào điều gì	Hoài Nghi Luân
native_advanced_drafts	batch_0681_0690	R_0690	比類なき	ひるいなき	không ai sánh kịp, vô song — 比類 (vật để so sánh) + なき (không có)	Bì Loại
native_advanced_drafts	batch_0681_0690	R_0690	到達点	とうたつてん	đỉnh cao đạt tới, điểm đến sau quá trình nỗ lực	Đáo Đạt Điểm
native_advanced_drafts	batch_0681_0690	R_0690	マルチカメラ方式	まるちかめらほうしき	phương pháp quay đa camera — kỹ thuật đặc trưng Kurosawa	Phương Thức
native_advanced_drafts	batch_0681_0690	R_0690	漲る	みなぎる	tràn đầy, đầy ắp (dùng cho cảm giác, năng lượng, sức sống)	Trướng
native_advanced_drafts	batch_0681_0690	R_0690	被写体	ひしゃたい	vật thể được chụp/quay — đối tượng của máy ảnh hoặc camera	Bí Tả Thể
native_advanced_drafts	batch_0681_0690	R_0690	斜光	しゃこう	ánh sáng xiên — chiếu từ góc nghiêng để tạo bóng đổ, làm nổi bật kết cấu	Gia Quang
native_advanced_drafts	batch_0681_0690	R_0690	逆光	ぎゃっこう	ánh sáng ngược — nguồn sáng phía sau đối tượng, tạo hiệu ứng silhouette	Nghịch Quang
native_advanced_drafts	batch_0681_0690	R_0690	モンタージュ	もんたーじゅ	montage — kỹ thuật cắt ghép cảnh quay tạo nghĩa mới từ sự kết hợp	
native_advanced_drafts	batch_0681_0690	R_0690	長回し	ながまわし	cảnh quay liên tục dài không cắt — kỹ thuật tạo cảm giác thời gian thực	Trướng Hối
native_advanced_drafts	batch_0681_0690	R_0690	緩急	かんきゅう	nhanh chậm — sự thay đổi tốc độ nhịp điệu trong âm nhạc, phim, văn chương	Hoãn Cấp
native_advanced_drafts	batch_0681_0690	R_0690	相克	そうこく	mâu thuẫn, xung đột giữa hai lực tương phản — mạnh hơn 対立, hàm ý đấu tranh liên tục	Tương Khắc
native_advanced_drafts	batch_0681_0690	R_0690	証左	しょうさ	bằng chứng, chứng cứ (văn nghị luận, trang trọng hơn 証拠)	Chứng Tá
native_advanced_drafts	batch_0681_0690	R_0690	連帯	れんたい	sự đoàn kết, liên đới — cùng nhau chia sẻ trách nhiệm và số phận	Liên Đai
native_advanced_drafts	batch_0681_0690	R_0690	不可分	ふかぶん	bất khả phân, không thể tách rời	Bất Khả Phân
native_advanced_drafts	batch_0681_0690	R_0690	稀有	けう / きゆう	hiếm có, hiếm thấy — rất ít tồn tại trong thực tế	Hi Dựu
native_advanced_drafts	batch_0681_0690	R_0690	階級の流動性	かいきゅうのりゅうどうせい	tính lưu động của giai cấp — khả năng dịch chuyển giữa các tầng lớp xã hội	Giai Cấp Lưu Động Tính
native_advanced_drafts	batch_0681_0690	R_0690	視覚言語	しかくげんご	ngôn ngữ thị giác — hệ thống biểu đạt ý nghĩa bằng hình ảnh thay vì ngôn từ	Thị Dác Ngân Ngứ
native_advanced_drafts	batch_0681_0690	R_0690	翻訳する	ほんやくする	dịch (ở đây nghĩa mở rộng: chuyển đổi từ phương tiện này sang phương tiện khác)	Phiên Dịch
native_advanced_drafts	batch_0691_0700	R_0691	京都学派	きょうとがくは	Trường phái Kyoto — trường phái triết học Nhật Bản thế kỷ 20 gắn với Nishida Kitaro, Nishitani Keiji, đặc trưng bởi đối thoại Đông-Tây	Kinh Đô Học Phái
native_advanced_drafts	batch_0691_0700	R_0691	虚無	きょむ	hư vô — trạng thái vắng bặt ý nghĩa và nền tảng; khái niệm trung tâm trong tư tưởng Nishitani	Hơ Mô
native_advanced_drafts	batch_0691_0700	R_0691	宗教性	しゅうきょうせい	tính tôn giáo — tư chất hoặc chiều kích tôn giáo của con người, phân biệt với tôn giáo thể chế	Tông Giáo Tính
native_advanced_drafts	batch_0691_0700	R_0691	根源的	こんげんてき	mang tính căn nguyên, thuộc về nguồn gốc sâu xa nhất	Căn Nguyên Đích
native_advanced_drafts	batch_0691_0700	R_0691	転化	てんか	chuyển hóa, biến đổi sang dạng khác về chất	Chuyển Hóa
native_advanced_drafts	batch_0691_0700	R_0691	深淵	しんえん	vực thẳm sâu — ẩn dụ triết học chỉ chiều sâu không đáy của vấn đề	Thâm Uyên
native_advanced_drafts	batch_0691_0700	R_0691	自明性	じめいせい	tính hiển nhiên tự thân — trạng thái không cần giải thích, được mọi người mặc nhiên thừa nhận	Tự Minh Tính
native_advanced_drafts	batch_0691_0700	R_0691	契機	けいき	cơ duyên, nhân tố kích hoạt — yếu tố mang tính quyết định cho sự chuyển biến	Khiết Cơ
native_advanced_drafts	batch_0691_0700	R_0691	ニヒリズム	ニヒリズム	chủ nghĩa hư vô (nihilism) — học thuyết phủ nhận mọi giá trị, ý nghĩa và chân lý tuyệt đối	
native_advanced_drafts	batch_0691_0700	R_0691	空の立場	くうのたちば	lập trường của không — khái niệm trung tâm của Nishitani: tiếp cận thực tại từ không tính (sunyata)	Không Lập Tràng
native_advanced_drafts	batch_0691_0700	R_0691	空性	くうしょう	không tính (sunyata) — khái niệm Phật giáo: mọi sự vật đều vắng bặt tự ngã cố định, tồn tại trong quan hệ tương duyên	Không Tính
native_advanced_drafts	batch_0691_0700	R_0691	存在論	そんざいろん	bản thể luận (ontology) — nhánh triết học nghiên cứu bản chất của sự tồn tại	Tồn Tại Luân
native_advanced_drafts	batch_0691_0700	R_0691	啓示	けいじ	sự mặc khải (revelation) — trong thần học: sự Thần linh tự bày tỏ với con người	Khải Kì
native_advanced_drafts	batch_0691_0700	R_0691	産婆役	さんばやく	vai trò người đỡ đẻ — ẩn dụ chỉ tác nhân giúp điều gì đó ra đời (maieutics của Socrates)	Sản Bà Dịch
native_advanced_drafts	batch_0691_0700	R_0691	逆説	ぎゃくせつ	nghịch lý (paradox) — mệnh đề trông như mâu thuẫn nhưng chứa đựng chân lý sâu hơn	Nghịch Duyệt
native_advanced_drafts	batch_0691_0700	R_0691	根拠づける	こんきょづける	căn cứ hóa, thiết lập nền tảng luận chứng cho	Căn Cứ
native_advanced_drafts	batch_0691_0700	R_0691	特筆すべき	とくひつすべき	đáng ghi chú đặc biệt, đáng chú ý nổi bật	Đặc Bút
native_advanced_drafts	batch_0691_0700	R_0691	シューニャター	シューニャター	sunyata — từ Sanskrit, hệ niệm không tính trong triết học Phật giáo Đại thừa	
native_advanced_drafts	batch_0691_0700	R_0692	国境	くにざかい	ranh giới tỉnh, ranh giới vùng (ở đây: ranh giới giữa hai tỉnh Niigata và Gunma)	Cuốc Cảnh
native_advanced_drafts	batch_0691_0700	R_0692	信号所	しんごうじょ	trạm tín hiệu đường sắt nhỏ, điểm dừng tạm không phải ga chính	Tín Hiệu Sở
native_advanced_drafts	batch_0691_0700	R_0692	客車	きゃくしゃ	toa tàu hành khách (phân biệt với toa hàng hoá)	Khách Xa
native_advanced_drafts	batch_0691_0700	R_0692	瞼の裏	まぶたのうら	sau mí mắt, mặt trong của mí mắt — không gian hình ảnh tồn tại sau khi nhắm mắt	Him Lý
native_advanced_drafts	batch_0691_0700	R_0692	ひっそり	ひっそり	vắng lặng, yên tĩnh tuyệt đối, không một tiếng động (trạng thái vắng vẻ hoàn toàn)	
native_advanced_drafts	batch_0691_0700	R_0692	芸者	げいしゃ	geisha — nghệ nhân tiếp đãi được đào tạo về âm nhạc, khiêu vũ, trà đạo	Vân Giả
native_advanced_drafts	batch_0691_0700	R_0692	幻	まぼろし	ảo ảnh, hình ảnh hư ảo không có thực, ảo giác	Huyễn
native_advanced_drafts	batch_0691_0700	R_0692	遠ざかる	とおざかる	dần xa đi, lùi ra xa, trở nên xa hơn (vừa nghĩa không gian vừa nghĩa tâm lý)	Viển
native_advanced_drafts	batch_0691_0700	R_0692	闇	やみ	bóng tối, màn đêm tăm tối — trong văn Kawabata: biểu tượng vô thức và cái chưa biết	Ám
native_advanced_drafts	batch_0691_0700	R_0692	夜の底	よのそこ	đáy đêm — hình ảnh ẩn dụ của Kawabata: đêm như một chiều sâu có đáy	Dạ Để
native_advanced_drafts	batch_0691_0700	R_0692	重なる	かさなる	chồng lên nhau, trùng lên nhau (hình ảnh: hai khuôn mặt hiện lên chồng nhau)	Trùng
native_advanced_drafts	batch_0691_0700	R_0692	体言止め	たいげんどめ	kỹ thuật kết câu bằng danh từ không có vị ngữ — tạo dư âm và khoảng trống cảm xúc	Thể Ngân Chỉ
native_advanced_drafts	batch_0691_0700	R_0692	省略	しょうりゃく	lược bỏ, tỉnh lược — trong văn học: cố tình bỏ thông tin để người đọc tự suy luận	Tỉnh Lược
native_advanced_drafts	batch_0691_0700	R_0692	象徴	しょうちょう	biểu tượng — vật/hình ảnh mang ý nghĩa ẩn dụ sâu hơn nghĩa đen	Tượng Chuỷ
native_advanced_drafts	batch_0691_0700	R_0692	暗示	あんじ	ám chỉ, ngụ ý — nói gián tiếp, để người đọc tự suy ra ý nghĩa	Ám Kì
native_advanced_drafts	batch_0691_0700	R_0692	感覚的	かんかくてき	thuộc về cảm giác, mang tính cảm quan — văn Kawabata đặc biệt nhấn mạnh trải nghiệm giác quan	Cảm Dác Đích
native_advanced_drafts	batch_0691_0700	R_0692	駒子	こまこ	Komako — nhân vật nữ chính trong Tuyết Quốc, geisha tại vùng tuyết Niigata	Câu Tý
native_advanced_drafts	batch_0691_0700	R_0693	精緻	せいち	tinh tế, tỉ mỉ, công phu (về hệ thống, kỹ thuật)	Tinh Trí
native_advanced_drafts	batch_0691_0700	R_0693	骨格	こっかく	bộ khung, cốt lõi, cấu trúc nền tảng	Cốt Các
native_advanced_drafts	batch_0691_0700	R_0693	尊敬語	そんけいご	kính ngữ tôn xưng — dùng khi nói về hành động của người địa vị cao	Tôn Kính Ngứ
native_advanced_drafts	batch_0691_0700	R_0693	謙譲語	けんじょうご	khiêm tốn ngữ — dùng khi nói về hành động của bản thân để hạ thấp mình	Khiêm Nhường Ngứ
native_advanced_drafts	batch_0691_0700	R_0693	丁寧語	ていねいご	lịch sự ngữ — dùng để nói lịch sự với người nghe (ます/です)	Chênh Ninh Ngứ
native_advanced_drafts	batch_0691_0700	R_0693	可視化	かしか	hiện thị hóa, làm cho thấy được, trực quan hóa	Khả Thị Hóa
native_advanced_drafts	batch_0691_0700	R_0693	台頭	たいとう	sự trỗi dậy, nổi lên có thế lực (thường dùng cho giai cấp, thế lực)	Di Đầu
native_advanced_drafts	batch_0691_0700	R_0693	結束	けっそく	sự đoàn kết, gắn kết (trong nhóm, tổ chức)	Kết Thú
native_advanced_drafts	batch_0691_0700	R_0693	町人文化	ちょうにんぶんか	văn hóa thị dân thời Edo — văn hóa do thương nhân, thợ thủ công sáng tạo	Đinh Nhân Văn Hóa
native_advanced_drafts	batch_0691_0700	R_0693	存在意義	そんざいいぎ	ý nghĩa tồn tại, lý do tồn tại, raison d'être	Tồn Tại Ý Nghĩa
native_advanced_drafts	batch_0691_0700	R_0693	親疎関係	しんそかんけい	mức độ thân thiết hay xa cách trong mối quan hệ (thân — sơ)	Thân Sơ Quan Hệ
native_advanced_drafts	batch_0691_0700	R_0693	文化審議会	ぶんかしんぎかい	Hội đồng Thẩm định Văn hóa — cơ quan tư vấn của Bộ Giáo dục Nhật Bản	Văn Hóa Thẩm Nghị Cối
native_advanced_drafts	batch_0691_0700	R_0693	丁重語	ていちょうご	lịch sự trọng thể ngữ — khiêm tốn ngữ loại II, dùng để nói trang trọng với người nghe	Chênh Trùng Ngứ
native_advanced_drafts	batch_0691_0700	R_0693	美化語	びかご	mỹ hóa ngữ — thêm お/ご để nói đẹp hơn, trang nhã hơn (vd お菓子, おビール)	Mỹ Hóa Ngứ
native_advanced_drafts	batch_0691_0700	R_0693	バイト敬語	バイトけいご	kính ngữ thời vụ — cách nói kính ngữ xuất hiện ở nhân viên bán thời gian, đôi khi bị chỉ trích là sai chuẩn	Kính Ngứ
native_advanced_drafts	batch_0691_0700	R_0693	過剰敬語	かじょうけいご	kính ngữ thái quá — dùng kính ngữ quá mức cần thiết, gây cảm giác cứng nhắc	Qua Thặng Kính Ngứ
native_advanced_drafts	batch_0691_0700	R_0693	適応過程	てきおうかてい	quá trình thích ứng, quá trình điều chỉnh phù hợp với hoàn cảnh	Thích Ứng Qua Trình
native_advanced_drafts	batch_0691_0700	R_0693	動的	どうてき	động, có tính thay đổi, không cố định (đối lập với 静的 — tĩnh)	Động Đích
native_advanced_drafts	batch_0691_0700	R_0694	踏絵	ふみえ	tấm ảnh đạp — tranh thánh hoặc thánh giá bằng đồng dùng để thử người Nhật có theo đạo Ki-tô không (Nhật Bản thế kỷ 17)	Đạp Gói
native_advanced_drafts	batch_0691_0700	R_0694	棄教	ききょう	bỏ đạo, từ bỏ tôn giáo — hành động tuyên bố từ chối đức tin dưới áp lực	Khí Giáo
native_advanced_drafts	batch_0691_0700	R_0694	殉教	じゅんきょう	tử đạo — chấp nhận cái chết để bảo vệ đức tin tôn giáo	Tuẫn Giáo
native_advanced_drafts	batch_0691_0700	R_0694	切支丹	きりしたん	Ki-tô hữu (từ thời Edo, phiên âm từ Cristão tiếng Bồ Đào Nha) — người theo đạo Ki-tô ở Nhật Bản thời bị cấm	Thiết Chi Đan
native_advanced_drafts	batch_0691_0700	R_0694	司祭	しさい	linh mục, tư tế — chức vụ tôn giáo trong Công giáo	Ti Sái
native_advanced_drafts	batch_0691_0700	R_0694	変質	へんしつ	biến chất, thay đổi bản chất — mất đi tính nguyên gốc	Bén Chí
native_advanced_drafts	batch_0691_0700	R_0694	沼地	ぬまち	đầm lầy — vùng đất lầy lội, ẩm ướt; ở đây là ẩn dụ cho văn hoá Nhật Bản không tiếp nhận được Ki-tô giáo nguyên gốc	Chiểu Địa
native_advanced_drafts	batch_0691_0700	R_0694	刹那	せつな	khoảnh khắc, tích tắc — đơn vị thời gian cực ngắn (gốc Phật giáo Sanskrit: ksana)	Sát Na
native_advanced_drafts	batch_0691_0700	R_0694	感触	かんしょく	cảm giác xúc giác, cảm xúc tiếp xúc — cảm nhận qua da thịt	Cảm Xúc
native_advanced_drafts	batch_0691_0700	R_0694	耐えがたい	たえがたい	khó chịu đựng, không thể chịu nổi — がたい = khó có thể (từ 難い)	Nại
native_advanced_drafts	batch_0691_0700	R_0694	試練	しれん	thử thách, gian khổ rèn luyện — đặc biệt trong bối cảnh tôn giáo: thử thách của Chúa	Thí Luyện
native_advanced_drafts	batch_0691_0700	R_0694	純粋	じゅんすい	thuần khiết, trong sáng không pha tạp	Chuẩn Túy
native_advanced_drafts	batch_0691_0700	R_0694	腐らせる	くさらせる	làm thối rữa, làm hư hỏng — thể sai khiến của 腐る (thối rữa)	Hủ
native_advanced_drafts	batch_0691_0700	R_0694	即座に	そくざに	lập tức, ngay tức thì — phó từ chỉ tốc độ phản ứng	Tức Tọa
native_advanced_drafts	batch_0691_0700	R_0694	目撃	もくげき	chứng kiến tận mắt — quan sát trực tiếp sự kiện	Mục Kích
native_advanced_drafts	batch_0691_0700	R_0694	語りかける	かたりかける	thì thầm với, nói chuyện trực tiếp với — hàm ý giao tiếp thân mật, hướng về đối tượng cụ thể	Ngứ
native_advanced_drafts	batch_0691_0700	R_0694	十字架	じゅうじか	thập giá — biểu tượng Ki-tô giáo; ở đây còn là ẩn dụ cho gánh nặng đau khổ	Thập Tự Giá
native_advanced_drafts	batch_0691_0700	R_0694	分かつ	わかつ	chia sẻ, phân chia — mang nghĩa chia gánh nặng hoặc niềm vui cùng người khác	Phân
native_advanced_drafts	batch_0691_0700	R_0695	錯覚	さっかく	ảo giác, nhận thức sai lầm về thực tại	Thác Dác
native_advanced_drafts	batch_0691_0700	R_0695	実感	じっかん	cảm nhận thực sự, thực sự cảm thấy (phân biệt với chỉ biết bằng lý trí)	Thực Cảm
native_advanced_drafts	batch_0691_0700	R_0695	障害	しょうがい	khiếm khuyết, tật nguyền (ở đây: khiếm khuyết bẩm sinh)	Chướng Hại
native_advanced_drafts	batch_0691_0700	R_0695	奥底	おくそこ	đáy sâu, chiều sâu nhất (奥 = sâu bên trong + 底 = đáy)	Áo Để
native_advanced_drafts	batch_0691_0700	R_0695	色褪せる	いろあせる	phai màu, trở nên nhợt nhạt (ẩn dụ: mất đi sức hút, vẻ hấp dẫn)	Sắc Thốn
native_advanced_drafts	batch_0691_0700	R_0695	確信	かくしん	tin chắc, niềm tin vững chắc không nghi ngờ	Xác Tín
native_advanced_drafts	batch_0691_0700	R_0695	明白	めいはく	rõ ràng, hiển nhiên, không thể nhầm lẫn	Minh Bạch
native_advanced_drafts	batch_0691_0700	R_0695	遮断	しゃだん	chặn đứng, cắt đứt, ngăn cách hoàn toàn	Già Đoán
native_advanced_drafts	batch_0691_0700	R_0695	迫られる	せまられる	bị buộc phải, bị áp lực dồn đến (bị động — không có lựa chọn khác)	Bách
native_advanced_drafts	batch_0691_0700	R_0695	折りたたむ	おりたたむ	gấp lại, gấp nhỏ (bản đồ, quần áo, giấy tờ)	Chiết
native_advanced_drafts	batch_0691_0700	R_0695	引き出し	ひきだし	ngăn kéo (đồ vật) / cũng nghĩa bóng: khả năng tiềm ẩn	Dấn Xuất
native_advanced_drafts	batch_0691_0700	R_0695	果たす	はたす	hoàn thành, thực hiện đến cùng (nghĩa vụ, trách nhiệm)	Quả
native_advanced_drafts	batch_0691_0700	R_0695	ぼんやりと	ぼんやりと	lờ đờ, thẫn thờ, không tập trung (trạng thái tâm trí phân tán)	
native_advanced_drafts	batch_0691_0700	R_0695	廊下	ろうか	hành lang (trong tòa nhà, bệnh viện)	Lang Há
native_advanced_drafts	batch_0691_0700	R_0695	向き合う	むきあう	đối mặt, đứng đối diện (nghĩa bóng: không trốn tránh)	Hướng Cáp
native_advanced_drafts	batch_0691_0700	R_0695	ヒミコ	ヒミコ	Himiko — nhân vật nữ trong tiểu thuyết, người bạn kỳ lạ của Bird	
native_advanced_drafts	batch_0691_0700	R_0695	バード	バード	Bird — tên biệt hiệu của nhân vật chính, có nghĩa là chim — biểu tượng khao khát tự do	
native_advanced_drafts	batch_0691_0700	R_0695	個人的な体験	こじんてきなたいけん	trải nghiệm cá nhân — nhan đề tác phẩm, đối lập với 'trải nghiệm tập thể' hay 'lịch sử'	Cá Nhân Đích Thể Nghiệm
native_advanced_drafts	batch_0691_0700	R_0696	枕詞	まくらことば	gối từ — từ cố định dẫn vào từ khoá cụ thể trong thơ ca cổ Nhật, có số âm tiết cố định thường là 5 âm	Chấm Từ
native_advanced_drafts	batch_0691_0700	R_0696	序詞	じょことば	nhập đề mở rộng — đoạn nhiều câu dẫn vào từ khoá bằng sự liên tưởng âm thanh hoặc hình ảnh	Tự Từ
native_advanced_drafts	batch_0691_0700	R_0696	長歌	ちょうか	trường ca — thể thơ Man'yoshu: nhiều câu 5-7 xen kẽ, kết bằng 5-7-7	Trướng Ca
native_advanced_drafts	batch_0691_0700	R_0696	反歌	はんか	phản ca — bài thơ ngắn (短歌) đi kèm sau trường ca, tóm tắt hoặc bổ sung cảm xúc	Phiên Ca
native_advanced_drafts	batch_0691_0700	R_0696	万葉仮名	まんようがな	Man'yogana — hệ thống ghi âm Nhật Bản bằng chữ Hán dùng như ký hiệu ngữ âm, tiền thân của kana	Mặc Diệp Phản Danh
native_advanced_drafts	batch_0691_0700	R_0696	ひさかたの	ひさかたの	makura-kotoba dẫn vào: trời, bầu không, trăng, ánh sáng, mưa — gợi không gian cao xa thiêng liêng	
native_advanced_drafts	batch_0691_0700	R_0696	あしひきの	あしひきの	makura-kotoba dẫn vào: núi, đỉnh núi, dãy núi — gợi vẻ hiểm trở kéo dài của núi non	
native_advanced_drafts	batch_0691_0700	R_0696	ぬばたまの	ぬばたまの	makura-kotoba dẫn vào: đêm, đen, tối — ぬばたま là hạt đen của cây hiôgi, màu đen tuyền	
native_advanced_drafts	batch_0691_0700	R_0696	係り結び	かかりむすび	luật ràng buộc cú pháp cổ văn: 係助詞 (ぞ/なむ/や/か → 連体形, こそ → 已然形) bắt buộc hình thức vị ngữ cuối	Hệ Kết
native_advanced_drafts	batch_0691_0700	R_0696	〜らし	らし	suy đoán dựa trên bằng chứng giác quan (cổ văn): có lẽ, hình như — khác với む (suy đoán thuần túy)	
native_advanced_drafts	batch_0691_0700	R_0696	体言止め	たいげんどめ	kết câu thơ bằng danh từ — thủ pháp để cảm xúc lơ lửng, không đóng lại hoàn toàn, tạo dư âm	Thể Ngân Chỉ
native_advanced_drafts	batch_0691_0700	R_0696	かも	かも	thán từ nghi vấn cổ văn: tự hỏi mình + cảm thán — cô đơn, bất lực, băn khoăn không có lời giải	
native_advanced_drafts	batch_0691_0700	R_0696	ますらおぶり	ますらおぶり	phong cách thơ hùng mạnh, trực tiếp, nam tính — đặc trưng Man'yoshu, đối lập với たをやめぶり	
native_advanced_drafts	batch_0691_0700	R_0696	たをやめぶり	たをやめぶり	phong cách thơ thanh lịch, tinh tế, nữ tính — đặc trưng Kokinwakashu, đối lập với ますらおぶり	
native_advanced_drafts	batch_0691_0700	R_0696	真白にそ	ましろにそ	trắng tinh — そ là 係助詞 trong kakari-musubi, hiện đại仮名遣いでは「ぞ」, nhấn mạnh màu trắng thuần khiết của tuyết Phú Sĩ; 万葉仮名 chưa có dakuten	Chân Bạch
native_advanced_drafts	batch_0691_0700	R_0696	しだり尾	しだりお	đuôi rủ xuống, đuôi thõng dài — hình ảnh đặc trưng của chim sơn kê (山鳥) trong thơ cổ Nhật	Vĩ
native_advanced_drafts	batch_0691_0700	R_0696	雄渾	ゆうこん	hùng hồn, tráng lệ, mạnh mẽ và uyển chuyển — thuật ngữ phê bình văn học khen phong cách thơ Man'yoshu	Hùng Hồn
native_advanced_drafts	batch_0691_0700	R_0697	デジタルトランスフォーメーション	でじたるとらんすふぉーめーしょん	chuyển đổi số (DX) — tái cấu trúc toàn bộ hoạt động kinh doanh bằng công nghệ số	
native_advanced_drafts	batch_0691_0700	R_0697	レガシーシステム	れがしーしすてむ	hệ thống cũ lỗi thời (legacy system) — hệ thống IT đã cũ, khó nâng cấp, cản trở DX	
native_advanced_drafts	batch_0691_0700	R_0697	サイロ化	さいろか	silo hóa — tình trạng các phòng ban hoạt động cô lập, không chia sẻ thông tin với nhau	Hóa
native_advanced_drafts	batch_0691_0700	R_0697	刷新	さっしん	cải tạo triệt để, canh tân — thay thế hoàn toàn cái cũ bằng cái mới	Loát Tân
native_advanced_drafts	batch_0691_0700	R_0697	侵食	しんしょく	xâm lấn, ăn mòn dần — (thị trường bị) xâm chiếm từng bước	Xâm Thực
native_advanced_drafts	batch_0691_0700	R_0697	スマートファクトリー	すまーとふぁくとりー	nhà máy thông minh — nhà máy ứng dụng IoT/AI để tự động hóa và tối ưu hóa sản xuất	
native_advanced_drafts	batch_0691_0700	R_0697	フィンテック	ふぃんてっく	fintech (financial technology) — công ty ứng dụng công nghệ vào dịch vụ tài chính	
native_advanced_drafts	batch_0691_0700	R_0697	不可逆的	ふかぎゃくてき	không thể đảo ngược — thiệt hại hoặc thay đổi một khi xảy ra không thể khôi phục lại	Bất Khả Nghịch Đích
native_advanced_drafts	batch_0691_0700	R_0697	牽引	けんいん	kéo dắt, dẫn dắt — lãnh đạo hoặc động lực thúc đẩy phía trước	Khiên Dấn
native_advanced_drafts	batch_0691_0700	R_0697	喫緊	きっきん	cấp bách, cấp thiết — vấn đề không thể chờ đợi, cần giải quyết ngay	Khiết Khẩn
native_advanced_drafts	batch_0691_0700	R_0697	醸成	じょうせい	nuôi dưỡng, tạo ra dần dần — hình thành bầu không khí, văn hóa qua thời gian	Nhường Thành
native_advanced_drafts	batch_0691_0700	R_0697	試行錯誤	しこうさくご	thử nghiệm và sai lầm (trial and error) — quá trình học hỏi qua thử nghiệm nhiều lần	Thí Hàng Thác Ngộ
native_advanced_drafts	batch_0691_0700	R_0697	足かせ	あしかせ	xiềng xích, rào cản — thứ cản trở sự tiến bộ hoặc tự do hành động	Túc
native_advanced_drafts	batch_0691_0700	R_0697	縦割り行政	たてわりぎょうせい	hành chính cát cứ — tình trạng các cơ quan hành chính hoạt động riêng rẽ, không phối hợp	Sỉ Cát Hàng Chánh
native_advanced_drafts	batch_0691_0700	R_0697	過言	かごん	lời nói quá, phóng đại — dùng trong 〜と言っても過言ではない: có thể nói không ngoa rằng	Qua Ngân
native_advanced_drafts	batch_0691_0700	R_0697	果断	かだん	quyết đoán, dứt khoát — hành động nhanh và kiên quyết không do dự	Quả Đoán
native_advanced_drafts	batch_0691_0700	R_0697	厳然たる	げんぜんたる	hiển nhiên, rõ ràng không thể phủ nhận — sự thật tuyệt đối không có ngoại lệ	Nghiêm Nhiên
native_advanced_drafts	batch_0691_0700	R_0697	実効性	じっこうせい	hiệu quả thực tế — khả năng phát huy tác dụng thực sự trong thực tiễn	Thực Hiệu Tính
native_advanced_drafts	batch_0691_0700	R_0697	エコシステム	えこしすてむ	hệ sinh thái (ecosystem) — mạng lưới các chủ thể liên kết và hỗ trợ nhau	
native_advanced_drafts	batch_0691_0700	R_0697	データ駆動型	でーたくどうがた	kiểu dựa trên dữ liệu (data-driven) — ra quyết định và vận hành dựa vào phân tích dữ liệu	Khu Động Hình
native_advanced_drafts	batch_0691_0700	R_0698	間柄	あいだがら	mối quan hệ, khoảng giữa người với người — khái niệm trung tâm của Watsuji Tetsuro: con người chỉ tồn tại thông qua và trong aidagara	Gian Bính
native_advanced_drafts	batch_0691_0700	R_0698	人倫	じんりん	nhân luân — trật tự đạo đức giữa người với người, nền tảng của đạo đức học Watsuji	Nhân Luân
native_advanced_drafts	batch_0691_0700	R_0698	洞察	どうさつ	trí tuệ sâu sắc, sự nhìn thấu, insight triết học	Đỗng Sát
native_advanced_drafts	batch_0691_0700	R_0698	命題	めいだい	mệnh đề, luận điểm — thuật ngữ triết học: khẳng định có thể kiểm chứng đúng/sai	Mệnh Đề
native_advanced_drafts	batch_0691_0700	R_0698	思惟	しい	tư duy, hành động suy nghĩ — thuật ngữ triết học học thuật (khác tư tưởng thông thường)	Tai Duy
native_advanced_drafts	batch_0691_0700	R_0698	空	くう	ku — trong triết học Watsuji: không phải hư vô mà là sự mở rộng nguồn gốc trước khi có phân biệt tự-tha; khác với sự trống rỗng đơn thuần	Không
native_advanced_drafts	batch_0691_0700	R_0698	分節	ぶんせつ	sự phân mảnh, phân chia — quá trình phân biệt xẻ ra từ một tổng thể ban đầu thống nhất	Phân Tiết
native_advanced_drafts	batch_0691_0700	R_0698	根底	こんてい	nền tảng, căn rễ, chiều sâu căn bản nhất	Căn Để
native_advanced_drafts	batch_0691_0700	R_0698	地平	ちへい	chân trời — thuật ngữ hiện tượng học: khung cảnh nền tạo khả năng xuất hiện của kinh nghiệm	Địa Biền
native_advanced_drafts	batch_0691_0700	R_0698	人倫の理法	じんりんのりほう	lẽ pháp của nhân luân — quy luật trật tự đạo đức chi phối mối quan hệ người với người	Nhân Luân Lý Pháp
native_advanced_drafts	batch_0691_0700	R_0698	抽象	ちゅうしょう	trừu tượng — thứ tách ra khỏi hiện thực cụ thể, chỉ có trong tư duy	Trừu Tượng
native_advanced_drafts	batch_0691_0700	R_0698	応答	おうとう	phản hồi, hỏi đáp — trong triết học Watsuji: mối quan hệ là quá trình hành động và phản hồi liên tục	Ứng Đáp
native_advanced_drafts	batch_0691_0700	R_0698	更新	こうしん	đổi mới, cập nhật — aidagara được không ngừng tái tạo qua tương tác hàng ngày	Canh Tân
native_advanced_drafts	batch_0691_0700	R_0698	動態	どうたい	động thái (dōtai) — tính chất luôn biến đổi, không cố định; đối lập với seitai (tĩnh thái 静態)	Động Thái
native_advanced_drafts	batch_0691_0700	R_0698	存在様式	そんざいようしき	phương thức tồn tại — cách thức cụ thể mà một tồn tại hiện diện và vận hành trong thế giới	Tồn Tại Dạng Thức
native_advanced_drafts	batch_0691_0700	R_0698	主著	しゅちょ	tác phẩm chính — tác phẩm quan trọng nhất của một học giả, thể hiện tư tưởng trung tâm	Chủ Trứ
native_advanced_drafts	batch_0691_0700	R_0698	孤立した個体	こりつしたこたい	cá thể độc lập — mô hình người đơn lẻ của triết học phương Tây hiện đại mà Watsuji phê phán	Cô Lập Cá Thể
native_advanced_drafts	batch_0691_0700	R_0698	証示	しょうじ	chứng tỏ, biểu thị — cho thấy một điều gì đó là đúng qua bằng chứng hiện thực	Chứng Kì
native_advanced_drafts	batch_0691_0700	R_0698	根本的な問い直し	こんぽんてきなといなおし	sự vấn nạn từ căn bản — đặt lại câu hỏi ở mức nền tảng, không phải chỉ phản phê bề mặt	Căn Bản Đích Vấn Trực
native_advanced_drafts	batch_0691_0700	R_0699	流動	りゅうどう	sự trôi chảy, lưu động — ở đây dùng về cát luôn chuyển dịch, không bao giờ tĩnh	Lưu Động
native_advanced_drafts	batch_0691_0700	R_0699	執拗	しつよう	dai dẳng, bền bỉ không buông — cường độ mạnh hơn しつこい	Chấp Húc
native_advanced_drafts	batch_0691_0700	R_0699	無目的	むもくてき	vô mục đích, không có mục tiêu — đối lập với ý chí có định hướng của sinh vật	Mô Mục Đích
native_advanced_drafts	batch_0691_0700	R_0699	飲み込まれる	のみこまれる	bị nuốt chửng, bị hấp thu hoàn toàn — cả nghĩa đen lẫn nghĩa bóng hiện sinh	Hẩm Liêu
native_advanced_drafts	batch_0691_0700	R_0699	シジフォス	シジフォス	Sisyphus — nhân vật thần thoại Hy Lạp bị phạt đẩy đá lên đỉnh núi vĩnh cửu, biểu tượng lao động vô nghĩa của Camus	
native_advanced_drafts	batch_0691_0700	R_0699	連帯	れんたい	liên đới, đoàn kết — ở đây dùng nghĩa triết học: cát từ chối kết nối với con người hoặc với nhau	Liên Đai
native_advanced_drafts	batch_0691_0700	R_0699	摩擦音	まさつおん	tiếng ma sát — âm thanh khi các hạt cát cọ vào nhau	Ma Sát Âm
native_advanced_drafts	batch_0691_0700	R_0699	同化	どうか	sự đồng hóa, hòa tan vào — trong ngữ cảnh hiện sinh: mất đi bản ngã khi thích nghi với hoàn cảnh	Đồng Hóa
native_advanced_drafts	batch_0691_0700	R_0699	アイデンティティ	アイデンティティ	danh tính, bản sắc cá nhân — từ tiếng Anh identity, trung tâm của triết học hiện sinh	
native_advanced_drafts	batch_0691_0700	R_0699	辛うじて	からうじて	chật vật mà, vừa đủ mà không hơn — hàm ý sức lực gần kiệt	Tân
native_advanced_drafts	batch_0691_0700	R_0699	暴力	ぼうりょく	bạo lực — ở đây dùng ẩn dụ: màu xanh bầu trời quá cường độ, tạo cảm giác tấn công	Bạo Lực
native_advanced_drafts	batch_0691_0700	R_0699	斜面	しゃめん	sườn dốc, mặt nghiêng — sườn cát trong hố không thể leo lên	Gia Diện
native_advanced_drafts	batch_0691_0700	R_0699	不条理	ふじょうり	phi lý, vô lý — thuật ngữ triết học Camus/Sartre chỉ thế giới không có nghĩa lý gì cả	Bất Điêu Lý
native_advanced_drafts	batch_0691_0700	R_0699	閉塞	へいそく	bế tắc, bít kín — trạng thái không có lối ra, cả nghĩa vật lý lẫn tâm lý	Bế Tái
native_advanced_drafts	batch_0691_0700	R_0699	横顔	よこがお	khuôn mặt nhìn nghiêng, profil — thường dùng khi nhân vật nhìn mà không đối diện	Hoành Nhan
native_advanced_drafts	batch_0691_0700	R_0699	梯子	はしご	cái thang — phương tiện duy nhất nối đáy hố với thế giới bên ngoài, biểu tượng quyền lực	Thê Tý
native_advanced_drafts	batch_0691_0700	R_0699	実存	じつぞん	hiện sinh, sự tồn tại thực tế — thuật ngữ triết học: existenz, đối lập với bản chất (本質)	Thực Tồn
native_advanced_drafts	batch_0691_0700	R_0700	角が立つ	かどがたつ	gây phật lòng, làm mất hòa khí, trở nên gay gắt — cạnh sắc nhô lên ẩn dụ cho xung đột xã hội	Giác Lập
native_advanced_drafts	batch_0691_0700	R_0700	棹させば	さおさせば	nếu chèo theo, nếu thuận theo (棹さす = dùng sào đẩy thuyền đi theo dòng → ẩn dụ cho thuận theo tình cảm)	Trác
native_advanced_drafts	batch_0691_0700	R_0700	意地を通す	いじをとおす	cố giữ lấy ý chí, bảo vệ lập trường đến cùng, không nhượng bộ	Ý Địa Thông
native_advanced_drafts	batch_0691_0700	R_0700	兎角に	とかくに	dù thế nào, dù sao đi nữa, luôn luôn (thành ngữ cổ: 兎の角 = sừng thỏ, vốn không có → nghĩa: chuyện khó tránh khỏi)	Thỏ Giác
native_advanced_drafts	batch_0691_0700	R_0700	高じる	こうじる	tăng cao, trở nên trầm trọng hơn, leo thang (cảm xúc hoặc tình trạng)	Cao
native_advanced_drafts	batch_0691_0700	R_0700	向う三軒両隣り	むこうさんげんりょうどなり	ba nhà đối diện và hai nhà hai bên — cách nói dân gian chỉ hàng xóm láng giềng thân cận	Hướng Tam Hiên Lạng Lân
native_advanced_drafts	batch_0691_0700	R_0700	束の間	つかのま	thoáng qua, chốc lát, khoảnh khắc ngắn ngủi — khái niệm vô thường trong văn hóa Nhật	Thú Gian
native_advanced_drafts	batch_0691_0700	R_0700	目睹する	もくとする	nhìn thấy tận mắt, chiêm nghiệm bằng mắt (mục đổ — Hán tự văn ngôn cổ, hiếm trong văn hiện đại)	Mục Đổ
native_advanced_drafts	batch_0691_0700	R_0700	非人情	ひにんじょう	phi nhân tình — khái niệm thẩm mỹ của Soseki: thái độ tách khỏi cảm xúc cá nhân để nhìn sự vật thuần túy, như họa sĩ hay thi nhân	Phi Nhân Tình
native_advanced_drafts	batch_0691_0700	R_0700	鑑賞	かんしょう	thưởng thức, thưởng ngoạn (nghệ thuật, thiên nhiên) — quan chiêm có chiều sâu cảm nhận	Giám Thưởng
native_advanced_drafts	batch_0691_0700	R_0700	鋭敏	えいびん	sắc bén, nhạy cảm, tinh tế (trí tuệ hoặc giác quan)	Duệ Mẫn
native_advanced_drafts	batch_0691_0700	R_0700	執着	しゅうちゃく	chấp niệm, bám víu, sự gắn chặt không buông bỏ được — khái niệm Phật giáo về nguồn gốc khổ đau	Chấp Khán
native_advanced_drafts	batch_0691_0700	R_0700	摩擦	まさつ	ma sát, xung đột, sự cọ xát (giữa ý chí cá nhân và thế giới)	Ma Sát
native_advanced_drafts	batch_0691_0700	R_0700	俗世	ぞくせ	cõi trần tục, thế gian với những chuyện được mất danh lợi — đối lập với cảnh giới nghệ thuật thuần khiết	Tục Thế
native_advanced_drafts	batch_0691_0700	R_0700	損得	そんとく	được mất, lời lỗ, tính toán lợi hại — quan niệm tục thế mà nghệ thuật cần thoát ra khỏi	Tổn Đắc
native_advanced_drafts	batch_0691_0700	R_0700	喜怒哀楽	きどあいらく	hỉ nộ ái lạc — bốn cảm xúc căn bản của con người: vui, giận, buồn, vui thích	Hí Nộ Ai Lạc
native_advanced_drafts	batch_0691_0700	R_0700	波濤	はとう	sóng gió, sóng to gió lớn — ẩn dụ cho cảm xúc mãnh liệt cuốn trôi con người	Ba Đào
native_advanced_drafts	batch_0691_0700	R_0700	対峙する	たいじする	đối diện, đối mặt trực tiếp (giữa hai thực thể ngang nhau về tư thế)	Đối Trĩ
native_advanced_drafts	batch_0691_0700	R_0700	穿つ	うがつ	xuyên qua, đâm thủng, phá vỡ — dùng cho âm thanh xuyên qua tĩnh lặng	Xuyên
native_advanced_drafts	batch_0691_0700	R_0700	邂逅	かいこう	cuộc gặp gỡ tình cờ, hội ngộ không hẹn trước — thường mang sắc thái định mệnh	Giải Cấu
native_advanced_drafts	batch_0691_0700	R_0700	悲哀	ひあい	bi ai, nỗi buồn thương sâu sắc — khác với 悲しみ ở chỗ mang tính triết lý, phổ quát hơn	Bi Ai
