level	batch	reading_id	word	reading	meaning	han_viet
n3_advanced_drafts	batch_0241_0250	R_0241	少子高齢化	しょうしこうれいか	tình trạng sinh ít, già hóa dân số	Thiểu Tử Cao Linh Hóa
n3_advanced_drafts	batch_0241_0250	R_0241	社会保障	しゃかいほしょう	an sinh xã hội	Xã Hội Bảo Chướng
n3_advanced_drafts	batch_0241_0250	R_0241	政策立案	せいさくりつあん	hoạch định chính sách	Chánh Sách Lập Án
n3_advanced_drafts	batch_0241_0250	R_0241	生活実態	せいかつじったい	thực trạng cuộc sống	Sanh Hoạt Thực Thái
n3_advanced_drafts	batch_0241_0250	R_0241	拡充	かくじゅう	mở rộng, tăng cường	Khuếch Sung
n3_advanced_drafts	batch_0241_0250	R_0241	無償化	むしょうか	miễn phí hóa, không mất phí	Vô Thường Hóa
n3_advanced_drafts	batch_0241_0250	R_0241	財政	ざいせい	tài chính (nhà nước)	Tài Chánh
n3_advanced_drafts	batch_0241_0250	R_0241	段階的	だんかいてき	theo từng giai đoạn	Đoạn Giai Đích
n3_advanced_drafts	batch_0241_0250	R_0241	実効性	じっこうせい	hiệu quả thực tế, tính thực thi	Thực Hiệu Tính
n3_advanced_drafts	batch_0241_0250	R_0241	持続可能	じぞくかのう	bền vững, có thể duy trì lâu dài	Trì Tục Khả Năng
n3_advanced_drafts	batch_0241_0250	R_0242	山積み	やまづみ	chồng chất, đống như núi	San Tích
n3_advanced_drafts	batch_0241_0250	R_0242	締め切り	しめきり	hạn chót, deadline	Đế Thiết
n3_advanced_drafts	batch_0241_0250	R_0242	愚痴	ぐち	lời ca thán, nỗi lòng bức bối	Ngu Si
n3_advanced_drafts	batch_0241_0250	R_0242	漂う	ただよう	lan tỏa, phảng phất, lơ lửng	Phiếu
n3_advanced_drafts	batch_0241_0250	R_0242	消耗	しょうもう	kiệt sức, hao mòn	Tiêu Háo
n3_advanced_drafts	batch_0241_0250	R_0242	限界	げんかい	giới hạn	Hạn Giới
n3_advanced_drafts	batch_0241_0250	R_0242	焦り	あせり	sự nôn nóng, bứt rứt	Tiêu
n3_advanced_drafts	batch_0241_0250	R_0242	向き合う	むきあう	đối mặt, đối diện (với cảm xúc)	Hướng Hợp
n3_advanced_drafts	batch_0241_0250	R_0242	意識的	いしきてき	có ý thức, chủ động	Ý Thức Đích
n3_advanced_drafts	batch_0241_0250	R_0242	深呼吸	しんこきゅう	thở sâu	Thâm Hô Hấp
n3_advanced_drafts	batch_0241_0250	R_0243	遺産	いさん	di sản	Di Sản
n3_advanced_drafts	batch_0241_0250	R_0243	結晶化	けっしょうか	sự kết tinh, trở thành tinh chất	Kết Tinh Hóa
n3_advanced_drafts	batch_0241_0250	R_0243	担い手	にないて	người kế thừa, người gánh vác	Đam Thủ
n3_advanced_drafts	batch_0241_0250	R_0243	後継者	こうけいしゃ	người kế thừa, người nối nghiệp	Hậu Kế Giả
n3_advanced_drafts	batch_0241_0250	R_0243	形骸化	けいがいか	hình thức hóa, trở thành vỏ rỗng	Hình Hai Hóa
n3_advanced_drafts	batch_0241_0250	R_0243	共生	きょうせい	cộng sinh, cùng tồn tại	Cộng Sanh
n3_advanced_drafts	batch_0241_0250	R_0243	鍛錬	たんれん	rèn luyện, mài giũa	Đoán Luyện
n3_advanced_drafts	batch_0241_0250	R_0243	対抗軸	たいこうじく	trục đối kháng, lực đối trọng	Đối Kháng Trục
n3_advanced_drafts	batch_0241_0250	R_0243	存続	そんぞく	sự tồn tục, tiếp tục tồn tại	Tồn Tục
n3_advanced_drafts	batch_0241_0250	R_0243	問い直す	といなおす	đặt câu hỏi lại, xem xét lại	Vấn Trực
n3_advanced_drafts	batch_0241_0250	R_0244	批判的思考	ひはんてきしこう	tư duy phản biện	Phê Phán Đích Tư Khảo
n3_advanced_drafts	batch_0241_0250	R_0244	体験学習	たいけんがくしゅう	học tập trải nghiệm	Thể Nghiệm Học Tập
n3_advanced_drafts	batch_0241_0250	R_0244	主体的・対話的で深い学び	しゅたいてき・たいわてきでふかいまなび	học tập chủ động, đối thoại và sâu sắc (khái niệm trọng tâm của chương trình học 2020)	Chủ Thể Đích Đối Thoại Đích Thâm Học
n3_advanced_drafts	batch_0241_0250	R_0244	学習指導要領	がくしゅうしどうようりょう	chương trình giảng dạy (quy định của Bộ Giáo dục)	Học Tập Chỉ Đạo Yếu Lĩnh
n3_advanced_drafts	batch_0241_0250	R_0244	意欲	いよく	tinh thần, ý chí, động lực	Ý Dục
n3_advanced_drafts	batch_0241_0250	R_0244	研修制度	けんしゅうせいど	chế độ đào tạo, bồi dưỡng	Nghiên Tu Chế Độ
n3_advanced_drafts	batch_0241_0250	R_0244	課題解決型	かだいかいけつがた	kiểu giải quyết vấn đề	Khóa Đề Giải Quyết Hình
n3_advanced_drafts	batch_0241_0250	R_0244	雰囲気	ふんいき	bầu không khí, không khí	Phân Vi Khí
n3_advanced_drafts	batch_0241_0250	R_0244	連携	れんけい	hợp tác, phối hợp	Liên Huề
n3_advanced_drafts	batch_0241_0250	R_0244	着実に	ちゃくじつに	vững chắc, từng bước chắc chắn	Trứ Thực
n3_advanced_drafts	batch_0241_0250	R_0244	根本	こんぽん	căn bản, gốc rễ	Căn Bản
n3_advanced_drafts	batch_0241_0250	R_0245	再生可能エネルギー	さいせいかのうエネルギー	năng lượng tái tạo	Tái Sanh Khả Năng
n3_advanced_drafts	batch_0241_0250	R_0245	CO2排出量	シーオーツーはいしゅつりょう	lượng phát thải CO2	Bài Xuất Lượng
n3_advanced_drafts	batch_0241_0250	R_0245	化石燃料	かせきねんりょう	nhiên liệu hóa thạch	Hóa Thạch Nhiên Liêu
n3_advanced_drafts	batch_0241_0250	R_0245	温室効果ガス	おんしつこうかガス	khí nhà kính	Ôn Thất Hiệu Quả
n3_advanced_drafts	batch_0241_0250	R_0245	安定供給	あんていきょうきゅう	cung cấp ổn định	An Định Cung Cấp
n3_advanced_drafts	batch_0241_0250	R_0245	景観	けいかん	cảnh quan	Cảnh Quan
n3_advanced_drafts	batch_0241_0250	R_0245	恩恵	おんけい	lợi ích, ân huệ	Ân Huệ
n3_advanced_drafts	batch_0241_0250	R_0245	技術革新	ぎじゅつかくしん	đổi mới công nghệ	Kĩ Thuật Cách Tân
n3_advanced_drafts	batch_0241_0250	R_0245	エネルギー安全保障	エネルギーあんぜんほしょう	an ninh năng lượng	An Toàn Bảo Chướng
n3_advanced_drafts	batch_0241_0250	R_0245	移行	いこう	chuyển đổi, di chuyển sang	Di Hành
n3_advanced_drafts	batch_0241_0250	R_0246	余裕	よゆう	sự thong thả, thoải mái; khoảng thời gian/tinh thần dư dả	Dư Dụ
n3_advanced_drafts	batch_0241_0250	R_0246	栄養バランス	えいようバランス	cân bằng dinh dưỡng	Vinh Dưỡng
n3_advanced_drafts	batch_0241_0250	R_0246	腹八分目	はらはちぶんめ	ăn no bảy tám phần (không ăn quá no)	Phúc Bát Phân Mục
n3_advanced_drafts	batch_0241_0250	R_0246	生活リズム	せいかつリズム	nhịp sinh hoạt	Sanh Hoạt
n3_advanced_drafts	batch_0241_0250	R_0246	気分転換	きぶんてんかん	giải trí, thay đổi không khí	Khí Phân Chuyển Hoán
n3_advanced_drafts	batch_0241_0250	R_0246	くじける	くじける	bỏ cuộc, nản lòng, khuỵu ngã	
n3_advanced_drafts	batch_0241_0250	R_0246	積み重なる	つみかさなる	tích lũy, chồng chất lên	Tích Trọng
n3_advanced_drafts	batch_0241_0250	R_0246	充実感	じゅうじつかん	cảm giác thỏa mãn, cảm giác sung mãn	Sung Thực Cảm
n3_advanced_drafts	batch_0241_0250	R_0246	規則正しい	きそくただしい	đều đặn, có quy tắc	Quy Tắc Chánh
n3_advanced_drafts	batch_0241_0250	R_0246	集中力	しゅうちゅうりょく	khả năng tập trung	Tập Trung Lực
n3_advanced_drafts	batch_0241_0250	R_0247	優先する	ゆうせんする	ưu tiên	Ưu Tiên
n3_advanced_drafts	batch_0241_0250	R_0247	不可欠	ふかけつ	không thể thiếu, cần thiết	Bất Khả Khiếm
n3_advanced_drafts	batch_0241_0250	R_0247	締め切り	しめきり	thời hạn, hạn chót	Đế Thiết
n3_advanced_drafts	batch_0241_0250	R_0247	リソース	リソース	nguồn lực, tài nguyên	
n3_advanced_drafts	batch_0241_0250	R_0247	分担	ぶんたん	phân công, chia sẻ	Phân Đam
n3_advanced_drafts	batch_0241_0250	R_0247	重複	ちょうふく	trùng lặp, trùng nhau	Trọng Phức
n3_advanced_drafts	batch_0241_0250	R_0247	洗い出す	あらいだす	liệt kê, phát hiện ra, làm rõ	Tẩy Xuất
n3_advanced_drafts	batch_0241_0250	R_0247	アジェンダ	アジェンダ	chương trình nghị sự	
n3_advanced_drafts	batch_0241_0250	R_0247	生産性	せいさんせい	năng suất	Sanh Sản Tính
n3_advanced_drafts	batch_0241_0250	R_0247	有限	ゆうげん	hữu hạn	Hữu Hạn
n3_advanced_drafts	batch_0241_0250	R_0248	配慮する	はいりょする	quan tâm, tôn trọng, chú ý đến	Phối Lự
n3_advanced_drafts	batch_0241_0250	R_0248	使い捨て	つかいすて	dùng một lần rồi bỏ	Sử Xá
n3_advanced_drafts	batch_0241_0250	R_0248	持続可能	じぞくかのう	bền vững, có thể duy trì	Trì Tục Khả Năng
n3_advanced_drafts	batch_0241_0250	R_0248	公共交通機関	こうきょうこうつうきかん	phương tiện giao thông công cộng	Công Cộng Giao Thông Ki Quan
n3_advanced_drafts	batch_0241_0250	R_0248	立ち入り禁止	たちいりきんし	khu vực cấm vào, cấm xâm nhập	Lập Nhập Cấm Chỉ
n3_advanced_drafts	batch_0241_0250	R_0248	振る舞う	ふるまう	cư xử, hành động, xử sự	Chấn Vũ
n3_advanced_drafts	batch_0241_0250	R_0248	野生動物	やせいどうぶつ	động vật hoang dã	Dã Sanh Động Vật
n3_advanced_drafts	batch_0241_0250	R_0248	積み重ね	つみかさね	sự tích lũy, chồng chất	Tích Trọng
n3_advanced_drafts	batch_0241_0250	R_0248	贈り物	おくりもの	món quà	Tặng Vật
n3_advanced_drafts	batch_0241_0250	R_0248	確信する	かくしんする	tin chắc, xác tín	Xác Tín
n3_advanced_drafts	batch_0241_0250	R_0249	人工知能	じんこうちのう	trí tuệ nhân tạo	Nhân Công Tri Năng
n3_advanced_drafts	batch_0241_0250	R_0249	生成AI	せいせいエーアイ	AI tạo sinh (generative AI); các mô hình AI tạo ra nội dung mới như văn bản, hình ảnh	Sanh Thành
n3_advanced_drafts	batch_0241_0250	R_0249	診断支援	しんだんしえん	hỗ trợ chẩn đoán	Chẩn Đoạn Chi Viên
n3_advanced_drafts	batch_0241_0250	R_0249	自動化	じどうか	tự động hóa	Tự Động Hóa
n3_advanced_drafts	batch_0241_0250	R_0249	情報リテラシー	じょうほうリテラシー	trình độ hiểu biết thông tin, năng lực đọc hiểu thông tin	Tình Báo
n3_advanced_drafts	batch_0241_0250	R_0249	意思決定	いしけってい	ra quyết định, quyết định	Ý Tư Quyết Định
n3_advanced_drafts	batch_0241_0250	R_0249	倫理	りんり	đạo đức, luân lý	Luân Lí
n3_advanced_drafts	batch_0241_0250	R_0249	先端技術	せんたんぎじゅつ	công nghệ tiên tiến, công nghệ đầu ngành	Tiên Đoan Kĩ Thuật
n3_advanced_drafts	batch_0241_0250	R_0249	偏る	かたよる	thiên lệch, nghiêng về một phía	Thiên
n3_advanced_drafts	batch_0241_0250	R_0249	縮小する	しゅくしょうする	thu hẹp, giảm quy mô	Súc Tiểu
n3_advanced_drafts	batch_0241_0250	R_0249	感性	かんせい	cảm thụ, nhạy cảm, cảm xúc	Cảm Tính
n3_advanced_drafts	batch_0241_0250	R_0250	子育て	こそだて	việc nuôi dạy con cái	Tử Dục
n3_advanced_drafts	batch_0241_0250	R_0250	育児休業	いくじきゅうぎょう	nghỉ chăm sóc con (nghỉ thai sản/parental leave)	Dục Nhi Hưu Nghiệp
n3_advanced_drafts	batch_0241_0250	R_0250	忍耐力	にんたいりょく	sức kiên nhẫn, khả năng chịu đựng	Nhẫn Nại Lực
n3_advanced_drafts	batch_0241_0250	R_0250	観察力	かんさつりょく	khả năng quan sát	Quan Sát Lực
n3_advanced_drafts	batch_0241_0250	R_0250	個性	こせい	cá tính, tính cách riêng	Cá Tính
n3_advanced_drafts	batch_0241_0250	R_0250	育児	いくじ	nuôi dưỡng trẻ em, chăm sóc trẻ nhỏ	Dục Nhi
n3_advanced_drafts	batch_0241_0250	R_0250	方針	ほうしん	phương châm, chính sách	Phương Châm
n3_advanced_drafts	batch_0241_0250	R_0250	挫折	ざせつ	sự vấp ngã, thất bại nặng nề	Toa Chiết
n3_advanced_drafts	batch_0241_0250	R_0250	育む	はぐくむ	nuôi dưỡng, vun đắp	Dục
n3_advanced_drafts	batch_0241_0250	R_0250	深み	ふかみ	sự sâu sắc, chiều sâu	Thâm
n3_advanced_drafts	batch_0241_0250	R_0250	本質	ほんしつ	bản chất, cốt lõi	Bản Chất
n3_advanced_drafts	batch_0251_0260	R_0251	発酵食品	はっこうしょくひん	thực phẩm lên men	Phát Diếu Thực Phẩm
n3_advanced_drafts	batch_0251_0260	R_0251	油脂	ゆし	dầu mỡ, chất béo	Du Chi
n3_advanced_drafts	batch_0251_0260	R_0251	移民	いみん	người nhập cư, dân di cư	Di Dân
n3_advanced_drafts	batch_0251_0260	R_0251	融合料理	ゆうごうりょうり	món ăn kết hợp, ẩm thực fusion	Dung Hợp Liêu Lí
n3_advanced_drafts	batch_0251_0260	R_0251	外来	がいらい	ngoại lai, xuất xứ từ nước ngoài	Ngoại Lai
n3_advanced_drafts	batch_0251_0260	R_0251	唐辛子	とうがらし	ớt	Đường Tân Tử
n3_advanced_drafts	batch_0251_0260	R_0251	旬	しゅん	mùa vụ, thời điểm ngon nhất của thực phẩm	Tuần
n3_advanced_drafts	batch_0251_0260	R_0251	美意識	びいしき	quan niệm thẩm mỹ, ý thức về cái đẹp	Mĩ Ý Thức
n3_advanced_drafts	batch_0251_0260	R_0251	アイデンティティ	アイデンティティ	bản sắc, căn tính	
n3_advanced_drafts	batch_0251_0260	R_0251	営み	いとなみ	hoạt động, sinh hoạt (trang trọng)	Doanh
n3_advanced_drafts	batch_0251_0260	R_0251	無形文化遺産	むけいぶんかいさん	di sản văn hóa phi vật thể	Vô Hình Văn Hóa Di Sản
n3_advanced_drafts	batch_0251_0260	R_0252	拡散する	かくさんする	lan truyền, phát tán	Khuếch Tán
n3_advanced_drafts	batch_0251_0260	R_0252	誤解を招く	ごかいをまねく	dẫn đến hiểu lầm, gây ra hiểu nhầm	Ngộ Giải Chiêu
n3_advanced_drafts	batch_0251_0260	R_0252	一面的	いちめんてき	phiến diện, một chiều	Nhất Diện Đích
n3_advanced_drafts	batch_0251_0260	R_0252	アルゴリズム	アルゴリズム	thuật toán	
n3_advanced_drafts	batch_0251_0260	R_0252	選別する	せんべつする	lọc lựa, phân loại	Tuyển Biệt
n3_advanced_drafts	batch_0251_0260	R_0252	フェイクニュース	フェイクニュース	tin giả, tin tức giả mạo	
n3_advanced_drafts	batch_0251_0260	R_0252	見極める	みきわめる	nhận ra, phân biệt được, xác định chính xác	Kiến Cực
n3_advanced_drafts	batch_0251_0260	R_0252	批判的思考力	ひはんてきしこうりょく	tư duy phê phán, năng lực tư duy phản biện	Phê Phán Đích Tư Khảo Lực
n3_advanced_drafts	batch_0251_0260	R_0252	文脈	ぶんみゃく	ngữ cảnh, mạch văn	Văn Mạch
n3_advanced_drafts	batch_0251_0260	R_0252	付き合い方	つきあいかた	cách ứng xử, cách giao tiếp với	Phó Hợp Phương
n3_advanced_drafts	batch_0251_0260	R_0252	生成AI	せいせいエーアイ	AI tạo sinh (generative AI)	Sanh Thành
n3_advanced_drafts	batch_0251_0260	R_0252	ディープフェイク	ディープフェイク	deepfake (hình ảnh/video giả mạo bằng AI)	
n3_advanced_drafts	batch_0251_0260	R_0253	昇進	しょうしん	thăng tiến	Thăng Tiến
n3_advanced_drafts	batch_0251_0260	R_0253	本格的	ほんかくてき	nghiêm túc, thực sự	Bản Cách Đích
n3_advanced_drafts	batch_0251_0260	R_0253	不十分	ふじゅうぶん	không đủ, chưa đủ	Bất Thập Phân
n3_advanced_drafts	batch_0251_0260	R_0253	きっかけ	きっかけ	cơ duyên, điểm khởi đầu	
n3_advanced_drafts	batch_0251_0260	R_0253	反省	はんせい	phản tỉnh, tự kiểm điểm	Phản Tỉnh
n3_advanced_drafts	batch_0251_0260	R_0253	案件	あんけん	dự án, vụ việc	Án Kiện
n3_advanced_drafts	batch_0251_0260	R_0253	実感	じっかん	cảm nhận thực sự	Thực Cảm
n3_advanced_drafts	batch_0251_0260	R_0253	フィードバック	フィードバック	phản hồi	
n3_advanced_drafts	batch_0251_0260	R_0253	覚悟	かくご	quyết tâm, sự chuẩn bị tâm lý	Giác Ngộ
n3_advanced_drafts	batch_0251_0260	R_0253	豊か	ゆたか	phong phú, giàu có	Phong
n3_advanced_drafts	batch_0251_0260	R_0254	都市計画	としけいかく	quy hoạch đô thị	Đô Thị Kế Họa
n3_advanced_drafts	batch_0251_0260	R_0254	無秩序	むちつじょ	vô trật tự	Vô Trật Tự
n3_advanced_drafts	batch_0251_0260	R_0254	自治体	じちたい	chính quyền địa phương	Tự Trì Thể
n3_advanced_drafts	batch_0251_0260	R_0254	策定	さくてい	xây dựng, soạn thảo (kế hoạch)	Sách Định
n3_advanced_drafts	batch_0251_0260	R_0254	公共交通機関	こうきょうこうつうきかん	phương tiện giao thông công cộng	Công Cộng Giao Thông Ki Quan
n3_advanced_drafts	batch_0251_0260	R_0254	徒歩圏内	とほけんない	trong phạm vi đi bộ	Đồ Bộ Quyển Nội
n3_advanced_drafts	batch_0251_0260	R_0254	緑地	りょくち	khu xanh, vùng cây xanh	Lục Địa
n3_advanced_drafts	batch_0251_0260	R_0254	保育所	ほいくしょ	nhà trẻ	Bảo Dục Sở
n3_advanced_drafts	batch_0251_0260	R_0254	指標	しひょう	chỉ số, tiêu chí	Chỉ Tiêu
n3_advanced_drafts	batch_0251_0260	R_0254	満足度	まんぞくど	mức độ hài lòng	Mãn Túc Độ
n3_advanced_drafts	batch_0251_0260	R_0255	絶滅危惧種	ぜつめつきぐしゅ	loài có nguy cơ tuyệt chủng	Tuyệt Diệt Nguy Cụ Chủng
n3_advanced_drafts	batch_0251_0260	R_0255	生息地	せいそくち	môi trường sống, nơi sinh sống	Sanh Tức Địa
n3_advanced_drafts	batch_0251_0260	R_0255	伐採	ばっさい	khai thác gỗ, chặt cây	Phạt Thải
n3_advanced_drafts	batch_0251_0260	R_0255	自然保護区	しぜんほごく	khu bảo tồn thiên nhiên	Tự Nhiên Bảo Hộ Khu
n3_advanced_drafts	batch_0251_0260	R_0255	密猟	みつりょう	săn trộm, săn bắt trái phép	Mật Liệp
n3_advanced_drafts	batch_0251_0260	R_0255	個体数	こたいすう	số lượng cá thể	Cá Thể Sổ
n3_advanced_drafts	batch_0251_0260	R_0255	外来種	がいらいしゅ	loài ngoại lai	Ngoại Lai Chủng
n3_advanced_drafts	batch_0251_0260	R_0255	在来種	ざいらいしゅ	loài bản địa	Tại Lai Chủng
n3_advanced_drafts	batch_0251_0260	R_0255	生態系	せいたいけい	hệ sinh thái	Sanh Thái Hệ
n3_advanced_drafts	batch_0251_0260	R_0255	生物多様性	せいぶつたようせい	đa dạng sinh học	Sanh Vật Đa Dạng Tính
n3_advanced_drafts	batch_0251_0260	R_0256	シェアリングエコノミー	シェアリングエコノミー	kinh tế chia sẻ	
n3_advanced_drafts	batch_0251_0260	R_0256	仕組み	しくみ	cơ chế, cách hoạt động	Sĩ Tổ
n3_advanced_drafts	batch_0251_0260	R_0256	従来	じゅうらい	truyền thống, từ trước đến nay	Tùng Lai
n3_advanced_drafts	batch_0251_0260	R_0256	民泊	みんぱく	lưu trú tại nhà dân (Airbnb-style)	Dân Bạc
n3_advanced_drafts	batch_0251_0260	R_0256	普及	ふきゅう	sự phổ biến, sự lan rộng	Phổ Cập
n3_advanced_drafts	batch_0251_0260	R_0256	プラットフォーム	プラットフォーム	nền tảng (công nghệ)	
n3_advanced_drafts	batch_0251_0260	R_0256	リソース	リソース	tài nguyên, nguồn lực	
n3_advanced_drafts	batch_0251_0260	R_0256	有効活用	ゆうこうかつよう	tận dụng hiệu quả	Hữu Hiệu Hoạt Dụng
n3_advanced_drafts	batch_0251_0260	R_0256	規制	きせい	quy định, quy chế	Quy Chế
n3_advanced_drafts	batch_0251_0260	R_0256	在り方	ありかた	cách thức tồn tại, hình thái	Tại Phương
n3_advanced_drafts	batch_0251_0260	R_0256	民泊新法	みんぱくしんぽう	Luật Minpaku Mới (住宅宿泊事業法 2018)	Dân Bạc Tân Pháp
n3_advanced_drafts	batch_0251_0260	R_0257	望遠鏡	ぼうえんきょう	kính thiên văn	Vọng Viễn Kính
n3_advanced_drafts	batch_0251_0260	R_0257	探査機	たんさき	tàu thăm dò	Tham Tra Ki
n3_advanced_drafts	batch_0251_0260	R_0257	銀河	ぎんが	thiên hà	Ngân Hà
n3_advanced_drafts	batch_0251_0260	R_0257	形成過程	けいせいかてい	quá trình hình thành	Hình Thành Quá Trình
n3_advanced_drafts	batch_0251_0260	R_0257	ブラックホール	ブラックホール	hố đen	
n3_advanced_drafts	batch_0251_0260	R_0257	重力波	じゅうりょくは	sóng hấp dẫn	Trọng Lực Ba
n3_advanced_drafts	batch_0251_0260	R_0257	膨張	ぼうちょう	sự giãn nở, sự phình ra	Bành Trương
n3_advanced_drafts	batch_0251_0260	R_0257	暗黒物質	あんこくぶっしつ	vật chất tối	Ám Hắc Vật Chất
n3_advanced_drafts	batch_0251_0260	R_0257	原動力	げんどうりょく	động lực, nguồn sức mạnh	Nguyên Động Lực
n3_advanced_drafts	batch_0251_0260	R_0257	知的好奇心	ちてきこうきしん	trí tò mò, tính hiếu kỳ trí tuệ	Tri Đích Hảo Kì Tâm
n3_advanced_drafts	batch_0251_0260	R_0257	月面着陸	げつめんちゃくりく	hạ cánh lên mặt trăng	Nguyệt Diện Trứ Lục
n3_advanced_drafts	batch_0251_0260	R_0258	多言語話者	たげんごわしゃ	người đa ngôn ngữ	Đa Ngôn Ngữ Thoại Giả
n3_advanced_drafts	batch_0251_0260	R_0258	グローバル化	グローバルか	toàn cầu hóa	Hóa
n3_advanced_drafts	batch_0251_0260	R_0258	国際交渉	こくさいこうしょう	đàm phán quốc tế	Quốc Tế Giao Thiệp
n3_advanced_drafts	batch_0251_0260	R_0258	意思疎通	いしそつう	giao tiếp, thông hiểu nhau	Ý Tư Sơ Thông
n3_advanced_drafts	batch_0251_0260	R_0258	翻訳	ほんやく	dịch thuật, phiên dịch	Phiên Dịch
n3_advanced_drafts	batch_0251_0260	R_0258	ニュアンス	ニュアンス	sắc thái, hàm ý tinh tế	
n3_advanced_drafts	batch_0251_0260	R_0258	認知能力	にんちのうりょく	khả năng nhận thức	Nhận Tri Năng Lực
n3_advanced_drafts	batch_0251_0260	R_0258	多様性	たようせい	sự đa dạng	Đa Dạng Tính
n3_advanced_drafts	batch_0251_0260	R_0258	異文化理解	いぶんかりかい	sự hiểu biết giữa các nền văn hóa	Dị Văn Hóa Lí Giải
n3_advanced_drafts	batch_0251_0260	R_0258	橋を架ける	はしをかける	bắc cầu, tạo kết nối	Kiều Giá
n3_advanced_drafts	batch_0251_0260	R_0258	やさしい日本語	やさしいにほんご	tiếng Nhật dễ hiểu (đơn giản hóa cho người nước ngoài)	Nhật Bản Ngữ
n3_advanced_drafts	batch_0251_0260	R_0258	在留外国人	ざいりゅうがいこくじん	người nước ngoài cư trú (tại Nhật)	Tại Lưu Ngoại Quốc Nhân
n3_advanced_drafts	batch_0251_0260	R_0259	復興	ふっこう	tái thiết, phục hồi	Phục Hưng
n3_advanced_drafts	batch_0251_0260	R_0259	被災地	ひさいち	vùng thiệt hại (do thiên tai)	Bị Tai Địa
n3_advanced_drafts	batch_0251_0260	R_0259	仮設住宅	かせつじゅうたく	nhà ở tạm, nhà tiền chế tạm thời	Giả Thiết Trụ Trạch
n3_advanced_drafts	batch_0251_0260	R_0259	余儀なくされる	よぎなくされる	bị buộc phải (làm gì)	Dư Nghi
n3_advanced_drafts	batch_0251_0260	R_0259	慣れ親しむ	なれしたしむ	quen thuộc, thân quen	Quán Thân
n3_advanced_drafts	batch_0251_0260	R_0259	語り継ぐ	かたりつぐ	truyền lại (câu chuyện, ký ức)	Ngữ Kế
n3_advanced_drafts	batch_0251_0260	R_0259	絆	きずな	sợi dây gắn kết, tình cảm gắn bó	Bán
n3_advanced_drafts	batch_0251_0260	R_0259	避難	ひなん	sơ tán, lánh nạn	Tị Nan
n3_advanced_drafts	batch_0251_0260	R_0259	格差	かくさ	sự chênh lệch, khoảng cách	Cách Soa
n3_advanced_drafts	batch_0251_0260	R_0259	使命	しめい	sứ mệnh, nhiệm vụ thiêng liêng	Sử Mệnh
n3_advanced_drafts	batch_0251_0260	R_0259	能登半島地震	のとはんとうじしん	động đất bán đảo Noto (2024)	Năng Đăng Bán Đảo Địa Chấn
n3_advanced_drafts	batch_0251_0260	R_0260	インスタレーション	インスタレーション	installation (nghệ thuật sắp đặt)	
n3_advanced_drafts	batch_0251_0260	R_0260	内なる	うちなる	nội tâm, bên trong	Nội
n3_advanced_drafts	batch_0251_0260	R_0260	解釈	かいしゃく	diễn giải, giải thích	Giải Thích
n3_advanced_drafts	batch_0251_0260	R_0260	矛盾	むじゅん	mâu thuẫn	Mâu Thuẫn
n3_advanced_drafts	batch_0251_0260	R_0260	揺さぶる	ゆさぶる	lay động, rung chuyển (cảm xúc)	Dao
n3_advanced_drafts	batch_0251_0260	R_0260	完成度	かんせいど	mức độ hoàn thiện	Hoàn Thành Độ
n3_advanced_drafts	batch_0251_0260	R_0260	思想	しそう	tư tưởng	Tư Tưởng
n3_advanced_drafts	batch_0251_0260	R_0260	画廊	がろう	phòng tranh, gallery	Họa Lang
n3_advanced_drafts	batch_0251_0260	R_0260	姿勢	しせい	thái độ, tư thế	Tư Thế
n3_advanced_drafts	batch_0251_0260	R_0260	投げかける	なげかける	đặt ra (câu hỏi), ném về phía	Đầu
n3_advanced_drafts	batch_0251_0260	R_0260	デジタルアート	デジタルアート	nghệ thuật kỹ thuật số	
n3_advanced_drafts	batch_0261_0270	R_0261	高齢化社会	こうれいかしゃかい	xã hội già hóa	Cao Linh Hóa Xã Hội
n3_advanced_drafts	batch_0261_0270	R_0261	寄り添う	よりそう	đồng hành, ở bên cạnh (để hỗ trợ tinh thần)	Kí Thiêm
n3_advanced_drafts	batch_0261_0270	R_0261	孤独	こどく	sự cô đơn	Cô Độc
n3_advanced_drafts	batch_0261_0270	R_0261	通院	つういん	đi khám bệnh định kỳ	Thông Viện
n3_advanced_drafts	batch_0261_0270	R_0261	自立	じりつ	tự lập, độc lập	Tự Lập
n3_advanced_drafts	batch_0261_0270	R_0261	欠かせない	かかせない	không thể thiếu, không thể bỏ qua	Khiếm
n3_advanced_drafts	batch_0261_0270	R_0261	善意	ぜんい	thiện chí, lòng tốt	Thiện Ý
n3_advanced_drafts	batch_0261_0270	R_0261	やりがい	やりがい	nguồn động lực, ý nghĩa khi làm việc	
n3_advanced_drafts	batch_0261_0270	R_0261	連携	れんけい	hợp tác, liên kết	Liên Huề
n3_advanced_drafts	batch_0261_0270	R_0261	仕組み	しくみ	cơ chế, hệ thống	Sĩ Tổ
n3_advanced_drafts	batch_0261_0270	R_0261	介護保険制度	かいごほけんせいど	chế độ bảo hiểm chăm sóc điều dưỡng (chính sách công của Nhật từ năm 2000)	Giới Hộ Bảo Hiểm Chế Độ
n3_advanced_drafts	batch_0261_0270	R_0261	民生委員	みんせいいいん	dân sinh ủy viên (tình nguyện viên phúc lợi do Bộ Phúc lợi Nhật chỉ định)	Dân Sanh Ủy Viên
n3_advanced_drafts	batch_0261_0270	R_0262	取り入れる	とりいれる	kết hợp, áp dụng, đưa vào	Thủ Nhập
n3_advanced_drafts	batch_0261_0270	R_0262	天然素材	てんねんそざい	vật liệu tự nhiên	Thiên Nhiên Tố Tài
n3_advanced_drafts	batch_0261_0270	R_0262	間取り	まどり	mặt bằng, bố trí phòng	Gian Thủ
n3_advanced_drafts	batch_0261_0270	R_0262	バリアフリー	バリアフリー	thiết kế không rào cản (cho người cao tuổi, người khuyết tật)	
n3_advanced_drafts	batch_0261_0270	R_0262	施主	せしゅ	chủ nhà, người đặt xây dựng	Thi Chủ
n3_advanced_drafts	batch_0261_0270	R_0262	断熱設計	だんねつせっけい	thiết kế cách nhiệt	Đoạn Nhiệt Thiết Kế
n3_advanced_drafts	batch_0261_0270	R_0262	収納	しゅうのう	lưu trữ, không gian cất đồ	Thu Nạp
n3_advanced_drafts	batch_0261_0270	R_0262	維持	いじ	bảo trì, duy trì	Duy Trì
n3_advanced_drafts	batch_0261_0270	R_0262	温かみ	あたたかみ	sự ấm áp, cảm giác ấm cúng	Ôn
n3_advanced_drafts	batch_0261_0270	R_0262	豊かさ	ゆたかさ	sự phong phú, sự giàu có (cảm xúc)	Phong
n3_advanced_drafts	batch_0261_0270	R_0262	省エネ基準	しょうエネきじゅん	tiêu chuẩn tiết kiệm năng lượng	Tỉnh Cơ Chuẩn
n3_advanced_drafts	batch_0261_0270	R_0263	教訓	きょうくん	bài học, giáo huấn	Giáo Huấn
n3_advanced_drafts	batch_0261_0270	R_0263	敗北	はいぼく	thất bại, thua cuộc	Bại Bắc
n3_advanced_drafts	batch_0261_0270	R_0263	糧	かて	hành trang/dưỡng chất tinh thần (nuôi dưỡng tâm hồn, không chỉ là cảm hứng)	Lương
n3_advanced_drafts	batch_0261_0270	R_0263	限界	げんかい	giới hạn	Hạn Giới
n3_advanced_drafts	batch_0261_0270	R_0263	試練	しれん	thử thách, thử thách gian nan	Thí Luyện
n3_advanced_drafts	batch_0261_0270	R_0263	決意	けつい	quyết tâm, quyết định	Quyết Ý
n3_advanced_drafts	batch_0261_0270	R_0263	ライバル	ライバル	đối thủ, tình địch	
n3_advanced_drafts	batch_0261_0270	R_0263	自信	じしん	sự tự tin	Tự Tín
n3_advanced_drafts	batch_0261_0270	R_0263	口を揃える	くちをそろえる	đồng thanh, cùng nói một giọng	Khẩu Tiễn
n3_advanced_drafts	batch_0261_0270	R_0263	精神的	せいしんてき	thuộc về tinh thần	Tinh Thần Đích
n3_advanced_drafts	batch_0261_0270	R_0264	創造力	そうぞうりょく	khả năng sáng tạo	Sang Tạo Lực
n3_advanced_drafts	batch_0261_0270	R_0264	育まれる	はぐくまれる	được nuôi dưỡng, được phát triển	Dục
n3_advanced_drafts	batch_0261_0270	R_0264	好奇心	こうきしん	sự tò mò	Hảo Kì Tâm
n3_advanced_drafts	batch_0261_0270	R_0264	試行錯誤	しこうさくご	thử và sai, phương pháp thử nghiệm	Thí Hành Thác Ngộ
n3_advanced_drafts	batch_0261_0270	R_0264	自己表現	じこひょうげん	tự biểu đạt, bộc lộ bản thân	Tự Kỉ Biểu Hiện
n3_advanced_drafts	batch_0261_0270	R_0264	自立心	じりつしん	tinh thần tự lập	Tự Lập Tâm
n3_advanced_drafts	batch_0261_0270	R_0264	責任感	せきにんかん	ý thức trách nhiệm	Trách Nhâm Cảm
n3_advanced_drafts	batch_0261_0270	R_0264	干渉	かんしょう	can thiệp	Kiền Thiệp
n3_advanced_drafts	batch_0261_0270	R_0264	見守る	みまもる	theo dõi, nhìn trông	Kiến Thủ
n3_advanced_drafts	batch_0261_0270	R_0264	想像力	そうぞうりょく	trí tưởng tượng	Tưởng Tượng Lực
n3_advanced_drafts	batch_0261_0270	R_0264	主体的・対話的で深い学び	しゅたいてき・たいわてきでふかいまなび	học tập chủ động, đối thoại và sâu sắc (phương châm trong chương trình học mới của Nhật)	Chủ Thể Đích Đối Thoại Đích Thâm Học
n3_advanced_drafts	batch_0261_0270	R_0265	意識する	いしきする	ý thức, chú tâm đến	Ý Thức
n3_advanced_drafts	batch_0261_0270	R_0265	うなずく	うなずく	gật đầu (đồng ý, đồng cảm)	
n3_advanced_drafts	batch_0261_0270	R_0265	信頼関係	しんらいかんけい	mối quan hệ tin tưởng	Tín Lại Quan Hệ
n3_advanced_drafts	batch_0261_0270	R_0265	押しつける	おしつける	áp đặt, ép buộc	Áp
n3_advanced_drafts	batch_0261_0270	R_0265	誠実	せいじつ	thành thật, trung thực	Thành Thực
n3_advanced_drafts	batch_0261_0270	R_0265	誤解	ごかい	hiểu lầm, nhầm lẫn	Ngộ Giải
n3_advanced_drafts	batch_0261_0270	R_0265	耳を傾ける	みみをかたむける	lắng tai, chú ý lắng nghe	Nhĩ Khuynh
n3_advanced_drafts	batch_0261_0270	R_0265	基礎	きそ	nền tảng, cơ sở	Cơ Sở
n3_advanced_drafts	batch_0261_0270	R_0265	本質	ほんしつ	bản chất, cốt lõi	Bản Chất
n3_advanced_drafts	batch_0261_0270	R_0265	確信する	かくしんする	tin chắc, xác tín	Xác Tín
n3_advanced_drafts	batch_0261_0270	R_0266	サステナブル	サステナブル	bền vững (sustainable)	
n3_advanced_drafts	batch_0261_0270	R_0266	消費行動	しょうひこうどう	hành vi tiêu dùng	Tiêu Phí Hành Động
n3_advanced_drafts	batch_0261_0270	R_0266	廃棄	はいき	thải bỏ, vứt bỏ	Phế Khí
n3_advanced_drafts	batch_0261_0270	R_0266	リサイクル素材	リサイクルそざい	vật liệu tái chế	Tố Tài
n3_advanced_drafts	batch_0261_0270	R_0266	生産工程	せいさんこうてい	quy trình sản xuất	Sanh Sản Công Trình
n3_advanced_drafts	batch_0261_0270	R_0266	過剰	かじょう	quá mức, dư thừa	Quá Thặng
n3_advanced_drafts	batch_0261_0270	R_0266	倫理的	りんりてき	có đạo đức, thuộc về đạo đức	Luân Lí Đích
n3_advanced_drafts	batch_0261_0270	R_0266	持続可能性	じぞくかのうせい	tính bền vững (sustainability)	Trì Tục Khả Năng Tính
n3_advanced_drafts	batch_0261_0270	R_0266	潮流	ちょうりゅう	xu hướng, trào lưu	Triều Lưu
n3_advanced_drafts	batch_0261_0270	R_0266	見直す	みなおす	xem lại, xét lại, đánh giá lại	Kiến Trực
n3_advanced_drafts	batch_0261_0270	R_0266	エシカル消費	エシカルしょうひ	tiêu dùng có đạo đức (chọn sản phẩm xem xét tác động đến môi trường, xã hội, người lao động)	Tiêu Phí
n3_advanced_drafts	batch_0261_0270	R_0266	レジ袋有料化	レジぶくろゆうりょうか	việc tính phí túi nhựa tại quầy thu ngân (Nhật áp dụng từ tháng 7/2020)	Đại Hữu Liêu Hóa
n3_advanced_drafts	batch_0261_0270	R_0267	遺産	いさん	di sản, tài sản để lại	Di Sản
n3_advanced_drafts	batch_0261_0270	R_0267	後世	こうせい	thế hệ sau, hậu thế	Hậu Thế
n3_advanced_drafts	batch_0261_0270	R_0267	結晶	けっしょう	tinh hoa, kết tinh	Kết Tinh
n3_advanced_drafts	batch_0261_0270	R_0267	遺跡	いせき	di tích, tàn tích	Di Tích
n3_advanced_drafts	batch_0261_0270	R_0267	普遍的	ふへんてき	phổ quát, có giá trị chung	Phổ Biến Đích
n3_advanced_drafts	batch_0261_0270	R_0267	架け橋	かけはし	cầu nối, nhịp cầu	Giá Kiều
n3_advanced_drafts	batch_0261_0270	R_0267	修復	しゅうふく	trùng tu, sửa chữa, phục hồi	Tu Phục
n3_advanced_drafts	batch_0261_0270	R_0267	誇り	ほこり	niềm tự hào	Khoa
n3_advanced_drafts	batch_0261_0270	R_0267	受け継ぐ	うけつぐ	kế thừa, tiếp nhận và truyền lại	Thụ Kế
n3_advanced_drafts	batch_0261_0270	R_0267	象徴する	しょうちょうする	là biểu tượng của, tượng trưng cho	Tượng Trưng
n3_advanced_drafts	batch_0261_0270	R_0268	締め切り	しめきり	hạn chót, deadline	Đế Thiết
n3_advanced_drafts	batch_0261_0270	R_0268	追われる	おわれる	bị đuổi theo, bị dồn ép (thụ động)	Truy
n3_advanced_drafts	batch_0261_0270	R_0268	抱える	かかえる	ôm đồm, gánh chịu (nhiều vấn đề)	Bão
n3_advanced_drafts	batch_0261_0270	R_0268	焦り	あせり	sự lo lắng, sự nóng vội	Tiêu
n3_advanced_drafts	batch_0261_0270	R_0268	心地よい	ここちよい	dễ chịu, thoải mái	Tâm Địa
n3_advanced_drafts	batch_0261_0270	R_0268	プレッシャー	プレッシャー	áp lực	
n3_advanced_drafts	batch_0261_0270	R_0268	怠ける	なまける	lười biếng, lười nhác	Đãi
n3_advanced_drafts	batch_0261_0270	R_0268	回復	かいふく	sự hồi phục	Hồi Phục
n3_advanced_drafts	batch_0261_0270	R_0268	冷静に	れいせいに	một cách điềm tĩnh, bình tĩnh	Lãnh Tĩnh
n3_advanced_drafts	batch_0261_0270	R_0268	優先順位	ゆうせんじゅんい	thứ tự ưu tiên	Ưu Tiên Thuận Vị
n3_advanced_drafts	batch_0261_0270	R_0268	働き方改革	はたらきかたかいかく	cải cách cách làm việc (chính sách Nhật nhằm giảm giờ làm thêm, cải thiện môi trường lao động)	Động Phương Cải Cách
n3_advanced_drafts	batch_0261_0270	R_0269	機能性食品	きのうせいしょくひん	thực phẩm chức năng	Ki Năng Tính Thực Phẩm
n3_advanced_drafts	batch_0261_0270	R_0269	乳酸菌	にゅうさんきん	vi khuẩn lactic, lợi khuẩn	Nhũ Toan Khuẩn
n3_advanced_drafts	batch_0261_0270	R_0269	腸内環境	ちょうないかんきょう	môi trường đường ruột	Tràng Nội Hoàn Cảnh
n3_advanced_drafts	batch_0261_0270	R_0269	イソフラボン	イソフラボン	isoflavone (chất trong đậu nành)	
n3_advanced_drafts	batch_0261_0270	R_0269	抗酸化作用	こうさんかさよう	tác dụng chống oxy hóa	Kháng Toan Hóa Tác Dụng
n3_advanced_drafts	batch_0261_0270	R_0269	生活習慣病	せいかつしゅうかんびょう	bệnh lối sống (tiểu đường, cao huyết áp, v.v.)	Sanh Hoạt Tập Quán Bệnh
n3_advanced_drafts	batch_0261_0270	R_0269	過剰に	かじょうに	một cách quá mức, thái quá	Quá Thặng
n3_advanced_drafts	batch_0261_0270	R_0269	逆効果	ぎゃっこうか	phản tác dụng	Nghịch Hiệu Quả
n3_advanced_drafts	batch_0261_0270	R_0269	穏やか	おだやか	nhẹ nhàng, ôn hòa	Ổn
n3_advanced_drafts	batch_0261_0270	R_0269	万能	ばんのう	vạn năng, toàn năng	Vạn Năng
n3_advanced_drafts	batch_0261_0270	R_0269	特定保健用食品	とくていほけんようしょくひん	thực phẩm tốt cho sức khỏe đặc định (Tokuho) — loại thực phẩm chức năng được nhà nước Nhật phê duyệt nghiêm ngặt nhất	Đặc Định Bảo Kiện Dụng Thực Phẩm
n3_advanced_drafts	batch_0261_0270	R_0269	紅麹問題	べにこうじもんだい	vấn đề gạo đỏ nấm mốc (bê bối 2024: sản phẩm Kobayashi Pharmaceutical gây tử vong, dẫn đến cải cách quy định)	Hồng Khúc Vấn Đề
n3_advanced_drafts	batch_0261_0270	R_0270	少子高齢化	しょうしこうれいか	tình trạng ít con nhiều người già	Thiểu Tử Cao Linh Hóa
n3_advanced_drafts	batch_0261_0270	R_0270	割合	わりあい	tỷ lệ, tỷ phần	Cát Hợp
n3_advanced_drafts	batch_0261_0270	R_0270	介護費	かいごひ	chi phí chăm sóc điều dưỡng	Giới Hộ Phí
n3_advanced_drafts	batch_0261_0270	R_0270	財政	ざいせい	tài chính (quốc gia)	Tài Chánh
n3_advanced_drafts	batch_0261_0270	R_0270	鈍化	どんか	sự chậm lại, sự trì trệ	Độn Hóa
n3_advanced_drafts	batch_0261_0270	R_0270	過疎化	かそか	tình trạng dân số thưa thớt	Quá Sơ Hóa
n3_advanced_drafts	batch_0261_0270	R_0270	空き家	あきや	nhà bỏ hoang, nhà không có người ở	Không Gia
n3_advanced_drafts	batch_0261_0270	R_0270	共生社会	きょうせいしゃかい	xã hội cộng sinh, xã hội cùng tồn tại	Cộng Sanh Xã Hội
n3_advanced_drafts	batch_0261_0270	R_0270	長寿社会	ちょうじゅしゃかい	xã hội trường thọ	Trường Thọ Xã Hội
n3_advanced_drafts	batch_0261_0270	R_0270	過度な	かど	quá mức, thái quá	Quá Độ
n3_advanced_drafts	batch_0261_0270	R_0270	特定技能	とくていぎのう	kỹ năng đặc định (visa lao động Nhật cho 14 ngành thiếu nhân lực, cải cách 2024 → 育成就労)	Đặc Định Kĩ Năng
n3_advanced_drafts	batch_0261_0270	R_0270	2025年問題	にせんにじゅうごねんもんだい	vấn đề năm 2025 — khi thế hệ đoàn khối (đoàn塊 世代, sinh 1947-49) đều trên 75 tuổi, áp lực y tế/điều dưỡng tăng đột biến	Niên Vấn Đề
n3_advanced_drafts	batch_0271_0280	R_0271	定着	ていちゃく	trở thành thói quen, ổn định, định hình	Định Trứ
n3_advanced_drafts	batch_0271_0280	R_0271	在宅勤務	ざいたくきんむ	làm việc tại nhà	Tại Trạch Cần Vụ
n3_advanced_drafts	batch_0271_0280	R_0271	両立	りょうりつ	cân bằng hai việc, dung hòa	Lưỡng Lập
n3_advanced_drafts	batch_0271_0280	R_0271	自己管理	じこかんり	tự quản lý bản thân	Tự Kỉ Quản Lí
n3_advanced_drafts	batch_0271_0280	R_0271	信頼	しんらい	sự tin tưởng, niềm tin	Tín Lại
n3_advanced_drafts	batch_0271_0280	R_0271	成果	せいか	kết quả, thành quả	Thành Quả
n3_advanced_drafts	batch_0271_0280	R_0271	ガイドライン	ガイドライン	hướng dẫn, quy định	
n3_advanced_drafts	batch_0271_0280	R_0271	双方	そうほう	cả hai phía, đôi bên	Song Phương
n3_advanced_drafts	batch_0271_0280	R_0271	効率	こうりつ	hiệu quả, hiệu suất	Hiệu Suất
n3_advanced_drafts	batch_0271_0280	R_0271	取り組み	とりくみ	cách tiếp cận, nỗ lực xử lý	Thủ Tổ
n3_advanced_drafts	batch_0271_0280	R_0271	働き方改革	はたらきかたかいかく	cải cách cách làm việc (chính sách nhà nước Nhật Bản)	Động Phương Cải Cách
n3_advanced_drafts	batch_0271_0280	R_0272	活用	かつよう	tận dụng, sử dụng hiệu quả	Hoạt Dụng
n3_advanced_drafts	batch_0271_0280	R_0272	個別化	こべつか	cá nhân hóa	Cá Biệt Hóa
n3_advanced_drafts	batch_0271_0280	R_0272	主体的	しゅたいてき	chủ động, tự giác	Chủ Thể Đích
n3_advanced_drafts	batch_0271_0280	R_0272	双方向	そうほうこう	hai chiều, tương tác qua lại	Song Phương Hướng
n3_advanced_drafts	batch_0271_0280	R_0272	均一	きんいつ	đồng đều, nhất quán	Quân Nhất
n3_advanced_drafts	batch_0271_0280	R_0272	継続	けいぞく	tiếp tục, duy trì	Kế Tục
n3_advanced_drafts	batch_0271_0280	R_0272	制約	せいやく	ràng buộc, hạn chế	Chế Ước
n3_advanced_drafts	batch_0271_0280	R_0272	進度	しんど	tiến độ, mức tiến triển	Tiến Độ
n3_advanced_drafts	batch_0271_0280	R_0272	コンテンツ	コンテンツ	nội dung (content)	
n3_advanced_drafts	batch_0271_0280	R_0272	意欲	いよく	động lực, ham muốn, ý chí	Ý Dục
n3_advanced_drafts	batch_0271_0280	R_0272	生成AI	せいせいエーアイ	AI tạo sinh (generative AI)	Sanh Thành
n3_advanced_drafts	batch_0271_0280	R_0273	育む	はぐくむ	nuôi dưỡng, vun trồng	Dục
n3_advanced_drafts	batch_0271_0280	R_0273	共存	きょうぞん	cùng tồn tại, chung sống	Cộng Tồn
n3_advanced_drafts	batch_0271_0280	R_0273	恩恵	おんけい	ân huệ, lợi ích được ban	Ân Huệ
n3_advanced_drafts	batch_0271_0280	R_0273	生物多様性	せいぶつたようせい	đa dạng sinh học	Sanh Vật Đa Dạng Tính
n3_advanced_drafts	batch_0271_0280	R_0273	伐採	ばっさい	khai thác gỗ, chặt cây	Phạt Thải
n3_advanced_drafts	batch_0271_0280	R_0273	生息地	せいそくち	môi trường sống, nơi cư trú của sinh vật	Sanh Tức Địa
n3_advanced_drafts	batch_0271_0280	R_0273	持続可能	じぞくかのう	bền vững, có thể duy trì lâu dài	Trì Tục Khả Năng
n3_advanced_drafts	batch_0271_0280	R_0273	安らぎ	やすらぎ	sự bình yên, sự thư thái	An
n3_advanced_drafts	batch_0271_0280	R_0273	光合成	こうごうせい	quang hợp	Quang Hợp Thành
n3_advanced_drafts	batch_0271_0280	R_0273	引き継ぐ	ひきつぐ	truyền lại, kế thừa	Dẫn Kế
n3_advanced_drafts	batch_0271_0280	R_0274	習慣化	しゅうかんか	biến thành thói quen, thói quen hóa	Tập Quán Hóa
n3_advanced_drafts	batch_0271_0280	R_0274	継続	けいぞく	tiếp tục, duy trì	Kế Tục
n3_advanced_drafts	batch_0271_0280	R_0274	怠さ	だるさ	uể oải, mệt mỏi rã rời	Đãi
n3_advanced_drafts	batch_0271_0280	R_0274	意欲	いよく	nhiệt huyết, ý chí, động lực	Ý Dục
n3_advanced_drafts	batch_0271_0280	R_0274	繰り返し	くりかえし	sự lặp lại, việc làm đi làm lại	Sào Phản
n3_advanced_drafts	batch_0271_0280	R_0274	性質	せいしつ	tính chất, đặc tính	Tính Chất
n3_advanced_drafts	batch_0271_0280	R_0274	ルーティン	ルーティン	thói quen hằng ngày, quy trình cố định	
n3_advanced_drafts	batch_0271_0280	R_0274	左右される	さゆうされる	bị ảnh hưởng, bị chi phối	Tả Hữu
n3_advanced_drafts	batch_0271_0280	R_0274	確信	かくしん	sự xác tín, niềm tin chắc chắn	Xác Tín
n3_advanced_drafts	batch_0271_0280	R_0274	積み重なる	つみかさなる	tích lũy, chồng chất dần	Tích Trọng
n3_advanced_drafts	batch_0271_0280	R_0275	踏み切る	ふみきる	quyết định dứt khoát, liều mình bước vào	Đạp Thiết
n3_advanced_drafts	batch_0271_0280	R_0275	見つめ直す	みつめなおす	nhìn lại, xem xét lại một cách nghiêm túc	Kiến Trực
n3_advanced_drafts	batch_0271_0280	R_0275	転職	てんしょく	chuyển nghề, thay đổi công việc	Chuyển Chức
n3_advanced_drafts	batch_0271_0280	R_0275	手放す	てばなす	buông bỏ, từ bỏ	Thủ Phóng
n3_advanced_drafts	batch_0271_0280	R_0275	上達	じょうたつ	sự tiến bộ (về kỹ năng)	Thượng Đạt
n3_advanced_drafts	batch_0271_0280	R_0275	インターンシップ	インターンシップ	thực tập (internship)	
n3_advanced_drafts	batch_0271_0280	R_0275	向き合い方	むきあいかた	cách đối mặt, cách tiếp cận	Hướng Hợp Phương
n3_advanced_drafts	batch_0271_0280	R_0275	価値観	かちかん	hệ giá trị, quan niệm về giá trị	Giá Trị Quan
n3_advanced_drafts	batch_0271_0280	R_0275	踏み出す	ふみだす	bước ra, bước tiếp, khởi động	Đạp Xuất
n3_advanced_drafts	batch_0271_0280	R_0275	内側	うちがわ	bên trong, nội tâm	Nội Trắc
n3_advanced_drafts	batch_0271_0280	R_0276	異文化	いぶんか	văn hóa khác, dị văn hóa	Dị Văn Hóa
n3_advanced_drafts	batch_0271_0280	R_0276	尊重	そんちょう	sự tôn trọng	Tôn Trọng
n3_advanced_drafts	batch_0271_0280	R_0276	適応	てきおう	sự thích nghi	Thích Ứng
n3_advanced_drafts	batch_0271_0280	R_0276	戸惑い	とまどい	sự bối rối, ngỡ ngàng	Hộ Hoặc
n3_advanced_drafts	batch_0271_0280	R_0276	敬意	けいい	sự kính trọng, lòng tôn kính	Kính Ý
n3_advanced_drafts	batch_0271_0280	R_0276	思い込み	おもいこみ	sự khư khư tin tưởng, định kiến	Tư Nhập
n3_advanced_drafts	batch_0271_0280	R_0276	視野	しや	tầm nhìn, góc nhìn	Thị Dã
n3_advanced_drafts	batch_0271_0280	R_0276	共感	きょうかん	sự đồng cảm, đồng điệu	Cộng Cảm
n3_advanced_drafts	batch_0271_0280	R_0276	国際交流	こくさいこうりゅう	giao lưu quốc tế	Quốc Tế Giao Lưu
n3_advanced_drafts	batch_0271_0280	R_0276	身振り	みぶり	cử chỉ, ngôn ngữ cơ thể	Thân Chấn
n3_advanced_drafts	batch_0271_0280	R_0277	急速	きゅうそく	nhanh chóng, khẩn cấp	Cấp Tốc
n3_advanced_drafts	batch_0271_0280	R_0277	精密	せいみつ	chính xác, tỉ mỉ	Tinh Mật
n3_advanced_drafts	batch_0271_0280	R_0277	短縮	たんしゅく	rút ngắn	Đoản Súc
n3_advanced_drafts	batch_0271_0280	R_0277	発症メカニズム	はっしょうメカニズム	cơ chế phát sinh bệnh	Phát Chứng
n3_advanced_drafts	batch_0271_0280	R_0277	衝撃	しょうげき	cú sốc, chấn động	Xung Kích
n3_advanced_drafts	batch_0271_0280	R_0277	遺伝子治療	いでんしちりょう	liệu pháp gen	Di Truyền Tử Trì Liệu
n3_advanced_drafts	batch_0271_0280	R_0277	個別化医療	こべつかいりょう	y học cá thể hóa	Cá Biệt Hóa Y Liệu
n3_advanced_drafts	batch_0271_0280	R_0277	膨大	ぼうだい	khổng lồ, rất lớn	Bành Đại
n3_advanced_drafts	batch_0271_0280	R_0277	補助	ほじょ	hỗ trợ, bổ trợ	Bổ Trợ
n3_advanced_drafts	batch_0271_0280	R_0277	慎重	しんちょう	thận trọng, cẩn thận	Thận Trọng
n3_advanced_drafts	batch_0271_0280	R_0277	iPS細胞	アイピーエスさいぼう	tế bào iPS (tế bào gốc cảm ứng đa năng)	Tế Bào
n3_advanced_drafts	batch_0271_0280	R_0277	国民皆保険	こくみんかいほけん	bảo hiểm y tế toàn dân (hệ thống y tế đặc trưng Nhật Bản)	Quốc Dân Giai Bảo Hiểm
n3_advanced_drafts	batch_0271_0280	R_0278	決意	けつい	quyết tâm, quyết định	Quyết Ý
n3_advanced_drafts	batch_0271_0280	R_0278	資金不足	しきんぶそく	thiếu vốn	Tư Kim Bất Túc
n3_advanced_drafts	batch_0271_0280	R_0278	人材確保	じんざいかくほ	tuyển dụng và giữ chân nhân tài	Nhân Tài Xác Bảo
n3_advanced_drafts	batch_0271_0280	R_0278	障害	しょうがい	trở ngại, cản trở	Chướng Hại
n3_advanced_drafts	batch_0271_0280	R_0278	試行錯誤	しこうさくご	thử nghiệm và rút kinh nghiệm (thử sai)	Thí Hành Thác Ngộ
n3_advanced_drafts	batch_0271_0280	R_0278	フィードバック	フィードバック	phản hồi	
n3_advanced_drafts	batch_0271_0280	R_0278	口コミ	くちコミ	truyền miệng, đánh giá	Khẩu
n3_advanced_drafts	batch_0271_0280	R_0278	黒字化	くろじか	đạt lợi nhuận, có lãi	Hắc Tự Hóa
n3_advanced_drafts	batch_0271_0280	R_0278	軌道に乗る	きどうにのる	đi vào quỹ đạo, đi vào ổn định	Quỹ Đạo Thừa
n3_advanced_drafts	batch_0271_0280	R_0278	諦める	あきらめる	từ bỏ, bỏ cuộc	Đế
n3_advanced_drafts	batch_0271_0280	R_0279	絆	きずな	tình thân, sợi dây liên kết	Bán
n3_advanced_drafts	batch_0271_0280	R_0279	瞬間	しゅんかん	khoảnh khắc, thời điểm	Thuấn Gian
n3_advanced_drafts	batch_0271_0280	R_0279	運動会	うんどうかい	lễ hội thể thao (ở trường)	Vận Động Hội
n3_advanced_drafts	batch_0271_0280	R_0279	欠席	けっせき	vắng mặt	Khiếm Tịch
n3_advanced_drafts	batch_0271_0280	R_0279	我慢	がまん	chịu đựng, nhịn	Ngã Mạn
n3_advanced_drafts	batch_0271_0280	R_0279	寂しがる	さびしがる	tỏ ra/cảm thấy cô đơn, nhớ ai	Tịch
n3_advanced_drafts	batch_0271_0280	R_0279	刺さる	ささる	cắm vào, đâm vào (nghĩa bóng: cảm xúc sâu sắc)	Thứ
n3_advanced_drafts	batch_0271_0280	R_0279	見直す	みなおす	xem xét lại, đánh giá lại	Kiến Trực
n3_advanced_drafts	batch_0271_0280	R_0279	残業	ざんぎょう	làm thêm giờ, tăng ca	Tàn Nghiệp
n3_advanced_drafts	batch_0271_0280	R_0279	効率	こうりつ	hiệu suất, hiệu quả	Hiệu Suất
n3_advanced_drafts	batch_0271_0280	R_0279	産後パパ育休	さんごパパいくきゅう	nghỉ phép thai sản cho bố sau sinh (chế độ Nhật Bản từ 2022)	Sản Hậu Dục Hưu
n3_advanced_drafts	batch_0271_0280	R_0280	農村	のうそん	nông thôn, vùng quê	Nông Thôn
n3_advanced_drafts	batch_0271_0280	R_0280	さえずり	さえずり	tiếng chim hót, tiếng líu lo	
n3_advanced_drafts	batch_0271_0280	R_0280	農作業	のうさぎょう	công việc đồng áng, nông nghiệp	Nông Tác Nghiệp
n3_advanced_drafts	batch_0271_0280	R_0280	稲	いね	cây lúa	Đạo
n3_advanced_drafts	batch_0271_0280	R_0280	感触	かんしょく	cảm giác, cảm xúc khi chạm vào	Cảm Xúc
n3_advanced_drafts	batch_0271_0280	R_0280	戸惑う	とまどう	bối rối, lúng túng	Hộ Hoặc
n3_advanced_drafts	batch_0271_0280	R_0280	夕焼け	ゆうやけ	ánh hoàng hôn, ráng chiều	Tịch Thiêu
n3_advanced_drafts	batch_0271_0280	R_0280	共存	きょうぞん	cùng tồn tại, chung sống	Cộng Tồn
n3_advanced_drafts	batch_0271_0280	R_0280	手間	てま	công sức, sự cố gắng	Thủ Gian
n3_advanced_drafts	batch_0271_0280	R_0280	見落とす	みおとす	bỏ qua, không nhận ra	Kiến Lạc
n3_advanced_drafts	batch_0281_0290	R_0281	情報漏洩	じょうほうろうえい	rò rỉ thông tin	Tình Báo Lậu Lệu
n3_advanced_drafts	batch_0281_0290	R_0281	サイバー攻撃	サイバーこうげき	tấn công mạng	Công Kích
n3_advanced_drafts	batch_0281_0290	R_0281	ランサムウェア	ランサムウェア	ransomware, phần mềm tống tiền	
n3_advanced_drafts	batch_0281_0290	R_0281	アクセス権限	アクセスけんげん	quyền truy cập	Quyền Hạn
n3_advanced_drafts	batch_0281_0290	R_0281	外部委託先	がいぶいたくさき	đối tác thuê ngoài	Ngoại Bộ Ủy Thác Tiên
n3_advanced_drafts	batch_0281_0290	R_0281	セキュリティポリシー	セキュリティポリシー	chính sách bảo mật	
n3_advanced_drafts	batch_0281_0290	R_0281	インシデント	インシデント	sự cố (bảo mật)	
n3_advanced_drafts	batch_0281_0290	R_0281	個人情報保護法	こじんじょうほうほごほう	Luật bảo vệ thông tin cá nhân (sửa đổi 2022)	Cá Nhân Tình Báo Bảo Hộ Pháp
n3_advanced_drafts	batch_0281_0290	R_0281	存続	そんぞく	sự tồn tại, sự duy trì	Tồn Tục
n3_advanced_drafts	batch_0281_0290	R_0281	巧妙	こうみょう	tinh vi, khéo léo	Xảo Diệu
n3_advanced_drafts	batch_0281_0290	R_0282	神経伝達物質	しんけいでんたつぶっしつ	chất dẫn truyền thần kinh	Thần Kinh Truyền Đạt Vật Chất
n3_advanced_drafts	batch_0281_0290	R_0282	ドーパミン	ドーパミン	dopamine (chất dẫn truyền thần kinh)	
n3_advanced_drafts	batch_0281_0290	R_0282	心拍数	しんぱくすう	nhịp tim	Tâm Phách Sổ
n3_advanced_drafts	batch_0281_0290	R_0282	音楽療法	おんがくりょうほう	âm nhạc trị liệu	Âm Lạc Liệu Pháp
n3_advanced_drafts	batch_0281_0290	R_0282	臨床試験	りんしょうしけん	thử nghiệm lâm sàng	Lâm Sàng Thí Nghiệm
n3_advanced_drafts	batch_0281_0290	R_0282	認知症	にんちしょう	chứng sa sút trí tuệ, bệnh mất trí nhớ	Nhận Tri Chứng
n3_advanced_drafts	batch_0281_0290	R_0282	鎮痛剤	ちんつうざい	thuốc giảm đau	Trấn Thống Tễ
n3_advanced_drafts	batch_0281_0290	R_0282	普遍性	ふへんせい	tính phổ quát	Phổ Biến Tính
n3_advanced_drafts	batch_0281_0290	R_0282	解明	かいめい	làm sáng tỏ, giải mã (vấn đề khoa học)	Giải Minh
n3_advanced_drafts	batch_0281_0290	R_0282	うつ病	うつびょう	bệnh trầm cảm	Bệnh
n3_advanced_drafts	batch_0281_0290	R_0283	障害	しょうがい	khuyết tật, trở ngại	Chướng Hại
n3_advanced_drafts	batch_0281_0290	R_0283	並外れた	なみはずれた	phi thường, vượt trội	Tịnh Ngoại
n3_advanced_drafts	batch_0281_0290	R_0283	義足	ぎそく	chân giả	Nghĩa Túc
n3_advanced_drafts	batch_0281_0290	R_0283	挫折	ざせつ	thất bại, bỏ cuộc	Toa Chiết
n3_advanced_drafts	batch_0281_0290	R_0283	励まし	はげまし	sự động viên, khích lệ	Lệ
n3_advanced_drafts	batch_0281_0290	R_0283	宿る	やどる	trú ngụ, ẩn chứa	Túc
n3_advanced_drafts	batch_0281_0290	R_0283	自己ベスト	じこベスト	kỷ lục cá nhân	Tự Kỉ
n3_advanced_drafts	batch_0281_0290	R_0283	表彰台	ひょうしょうだい	bục vinh quang, bục khen thưởng	Biểu Chương Thai
n3_advanced_drafts	batch_0281_0290	R_0283	勝敗	しょうはい	thắng thua	Thắng Bại
n3_advanced_drafts	batch_0281_0290	R_0283	象徴	しょうちょう	biểu tượng	Tượng Trưng
n3_advanced_drafts	batch_0281_0290	R_0284	志願者	しがんしゃ	tình nguyện viên, người tự nguyện	Chí Nguyện Giả
n3_advanced_drafts	batch_0281_0290	R_0284	派遣	はけん	sự phái cử, cử đi	Phái Khiển
n3_advanced_drafts	batch_0281_0290	R_0284	分野	ぶんや	lĩnh vực	Phân Dã
n3_advanced_drafts	batch_0281_0290	R_0284	課題	かだい	vấn đề, nhiệm đề	Khóa Đề
n3_advanced_drafts	batch_0281_0290	R_0284	貢献	こうけん	sự đóng góp, cống hiến	Cống Hiến
n3_advanced_drafts	batch_0281_0290	R_0284	読み聞かせる	よみきかせる	đọc cho nghe (truyện)	Độc Văn
n3_advanced_drafts	batch_0281_0290	R_0284	言葉の壁	ことばのかべ	rào cản ngôn ngữ	Ngôn Diệp Bích
n3_advanced_drafts	batch_0281_0290	R_0284	実感する	じっかんする	thực sự cảm nhận được, cảm thấy thực sự	Thực Cảm
n3_advanced_drafts	batch_0281_0290	R_0284	証言する	しょうげんする	chứng nhận, làm chứng	Chứng Ngôn
n3_advanced_drafts	batch_0281_0290	R_0284	積み重なる	つみかさなる	tích lũy, chồng chất lên	Tích Trọng
n3_advanced_drafts	batch_0281_0290	R_0285	特別支援教育	とくべつしえんきょういく	giáo dục đặc biệt, giáo dục hỗ trợ đặc biệt	Đặc Biệt Chi Viên Giáo Dục
n3_advanced_drafts	batch_0281_0290	R_0285	発達	はったつ	sự phát triển	Phát Đạt
n3_advanced_drafts	batch_0281_0290	R_0285	特性	とくせい	đặc tính, đặc điểm riêng	Đặc Tính
n3_advanced_drafts	batch_0281_0290	R_0285	寄り添う	よりそう	đồng hành, sát cánh bên cạnh	Kí Thiêm
n3_advanced_drafts	batch_0281_0290	R_0285	尊重する	そんちょうする	tôn trọng	Tôn Trọng
n3_advanced_drafts	batch_0281_0290	R_0285	自閉スペクトラム症	じへいスペクトラムしょう	rối loạn phổ tự kỷ	Tự Bế Chứng
n3_advanced_drafts	batch_0281_0290	R_0285	忍耐	にんたい	sự kiên nhẫn, nhẫn nại	Nhẫn Nại
n3_advanced_drafts	batch_0281_0290	R_0285	見守る	みまもる	quan sát bảo hộ, theo dõi bảo vệ	Kiến Thủ
n3_advanced_drafts	batch_0281_0290	R_0285	引き出す	ひきだす	kéo ra, khai thác, phát huy	Dẫn Xuất
n3_advanced_drafts	batch_0281_0290	R_0285	輝く	かがやく	tỏa sáng, rực rỡ	Huy
n3_advanced_drafts	batch_0281_0290	R_0286	精神性	せいしんせい	tính chất tinh thần, chiều sâu tinh thần	Tinh Thần Tính
n3_advanced_drafts	batch_0281_0290	R_0286	にじり口	にじりぐち	cửa nhỏ trong phòng trà (buộc người vào phải cúi người)	Khẩu
n3_advanced_drafts	batch_0281_0290	R_0286	身分	みぶん	địa vị xã hội, thân phận	Thân Phân
n3_advanced_drafts	batch_0281_0290	R_0286	一期一会	いちごいちえ	một lần gặp gỡ duy nhất trong đời (triết lý trà đạo)	Nhất Kì Nhất Hội
n3_advanced_drafts	batch_0281_0290	R_0286	お点前	おてまえ	nghi thức pha trà, cách pha trà chuẩn mực	Điểm Tiền
n3_advanced_drafts	batch_0281_0290	R_0286	心遣い	こころづかい	sự quan tâm, sự chăm sóc ân cần	Tâm Khiển
n3_advanced_drafts	batch_0281_0290	R_0286	茶杓	ちゃしゃく	muỗng trà (dụng cụ múc bột matcha)	Trà Thược
n3_advanced_drafts	batch_0281_0290	R_0286	間	ま	khoảng trống, khoảng lặng (khái niệm thẩm mỹ Nhật)	Gian
n3_advanced_drafts	batch_0281_0290	R_0286	情報過多	じょうほうかた	tràn ngập thông tin, quá nhiều thông tin	Tình Báo Quá Đa
n3_advanced_drafts	batch_0281_0290	R_0286	静寂	せいじゃく	sự tĩnh lặng, sự im ắng hoàn toàn	Tĩnh Tịch
n3_advanced_drafts	batch_0281_0290	R_0287	公共交通機関	こうきょうこうつうきかん	phương tiện giao thông công cộng	Công Cộng Giao Thông Ki Quan
n3_advanced_drafts	batch_0281_0290	R_0287	地方自治体	ちほうじちたい	chính quyền địa phương	Địa Phương Tự Trì Thể
n3_advanced_drafts	batch_0281_0290	R_0287	莫大	ばくだい	khổng lồ, to lớn (về số lượng/giá trị)	Mạc Đại
n3_advanced_drafts	batch_0281_0290	R_0287	自家用車	じかようしゃ	xe riêng, xe cá nhân	Tự Gia Dụng Xa
n3_advanced_drafts	batch_0281_0290	R_0287	排気ガス	はいきガス	khí thải (từ phương tiện giao thông)	Bài Khí
n3_advanced_drafts	batch_0281_0290	R_0287	二酸化炭素	にさんかたんそ	carbon dioxide, khí CO₂	Nhị Toan Hóa Thán Tố
n3_advanced_drafts	batch_0281_0290	R_0287	持続可能	じぞくかのう	bền vững, có thể duy trì lâu dài	Trì Tục Khả Năng
n3_advanced_drafts	batch_0281_0290	R_0287	パークアンドライド	パークアンドライド	hệ thống đỗ xe + đi tàu (park-and-ride)	
n3_advanced_drafts	batch_0281_0290	R_0287	好循環	こうじゅんかん	vòng tròn tích cực, chu kỳ thuận lợi	Hảo Tuần Hoàn
n3_advanced_drafts	batch_0281_0290	R_0287	都市計画	としけいかく	quy hoạch đô thị	Đô Thị Kế Họa
n3_advanced_drafts	batch_0281_0290	R_0287	ライドシェア	ライドシェア	ride-share, dịch vụ chia sẻ chuyến xe	
n3_advanced_drafts	batch_0281_0290	R_0287	MaaS	マース	Mobility as a Service - dịch vụ di chuyển tích hợp	
n3_advanced_drafts	batch_0281_0290	R_0288	認知機能	にんちきのう	chức năng nhận thức (trí nhớ, tư duy, phán đoán)	Nhận Tri Ki Năng
n3_advanced_drafts	batch_0281_0290	R_0288	オメガ3脂肪酸	オメガスリーしぼうさん	axit béo omega-3	Chi Phương Toan
n3_advanced_drafts	batch_0281_0290	R_0288	神経細胞	しんけいさいぼう	tế bào thần kinh	Thần Kinh Tế Bào
n3_advanced_drafts	batch_0281_0290	R_0288	腸内環境	ちょうないかんきょう	môi trường đường ruột, hệ vi sinh đường ruột	Tràng Nội Hoàn Cảnh
n3_advanced_drafts	batch_0281_0290	R_0288	発酵食品	はっこうしょくひん	thực phẩm lên men (sữa chua, miso, tương...)	Phát Diếu Thực Phẩm
n3_advanced_drafts	batch_0281_0290	R_0288	ブドウ糖	ブドウとう	glucose, đường nho	Đường
n3_advanced_drafts	batch_0281_0290	R_0288	脱水	だっすい	mất nước, thiếu nước trong cơ thể	Thoát Thủy
n3_advanced_drafts	batch_0281_0290	R_0288	炎症	えんしょう	tình trạng viêm, viêm nhiễm	Viêm Chứng
n3_advanced_drafts	batch_0281_0290	R_0288	裏付ける	うらづける	chứng minh, xác nhận bằng bằng chứng	Lí Phó
n3_advanced_drafts	batch_0281_0290	R_0288	解明	かいめい	làm sáng tỏ, giải mã (vấn đề khoa học)	Giải Minh
n3_advanced_drafts	batch_0281_0290	R_0288	機能性表示食品	きのうせいひょうじしょくひん	thực phẩm khai báo chức năng (nhãn do DN tự công bố)	Ki Năng Tính Biểu Kì Thực Phẩm
n3_advanced_drafts	batch_0281_0290	R_0289	師匠	ししょう	người thầy, bậc thầy (trong nghề)	Sư Tượng
n3_advanced_drafts	batch_0281_0290	R_0289	寡黙	かもく	ít nói, trầm lặng	Quả Mặc
n3_advanced_drafts	batch_0281_0290	R_0289	姿勢	しせい	thái độ, tư thế, cách đối xử	Tư Thế
n3_advanced_drafts	batch_0281_0290	R_0289	思いやる	おもいやる	quan tâm, thông cảm với người khác	Tư
n3_advanced_drafts	batch_0281_0290	R_0289	積み重ね	つみかさね	sự tích lũy, dồn dần	Tích Trọng
n3_advanced_drafts	batch_0281_0290	R_0289	黙々と	もくもくと	lặng lẽ, âm thầm, không nói gì	Mặc
n3_advanced_drafts	batch_0281_0290	R_0289	後輩	こうはい	đàn em, người đến sau	Hậu Bối
n3_advanced_drafts	batch_0281_0290	R_0289	言語化	げんごか	diễn đạt bằng ngôn ngữ, ngôn ngữ hóa	Ngôn Ngữ Hóa
n3_advanced_drafts	batch_0281_0290	R_0289	近況	きんきょう	tình hình gần đây, tin tức mới nhất	Cận Huống
n3_advanced_drafts	batch_0281_0290	R_0289	恩返し	おんがえし	sự đền ơn, báo đáp ân tình	Ân Phản
n3_advanced_drafts	batch_0281_0290	R_0289	後継者	こうけいしゃ	người kế thừa, người nối nghề	Hậu Kế Giả
n3_advanced_drafts	batch_0281_0290	R_0290	生き残る	いきのこる	sống sót, còn sống	Sanh Tàn
n3_advanced_drafts	batch_0281_0290	R_0290	瞬く間に	またたくまに	trong chớp mắt, rất nhanh	Thuấn Gian
n3_advanced_drafts	batch_0281_0290	R_0290	取り残される	とりのこされる	bị bỏ lại, bị bỏ rơi	Thủ Tàn
n3_advanced_drafts	batch_0281_0290	R_0290	絆	きずな	mối liên kết, dây kết nối cảm xúc	Bán
n3_advanced_drafts	batch_0281_0290	R_0290	分かち合う	わかちあう	cùng chia sẻ, san sẻ với nhau	Phân Hợp
n3_advanced_drafts	batch_0281_0290	R_0290	癒す	いやす	chữa lành, xoa dịu	Dũ
n3_advanced_drafts	batch_0281_0290	R_0290	見いだす	みいだす	tìm thấy, khám phá ra	Kiến
n3_advanced_drafts	batch_0281_0290	R_0290	復興	ふっこう	phục hồi, tái thiết	Phục Hưng
n3_advanced_drafts	batch_0281_0290	R_0290	刻み込む	きざみこむ	khắc sâu, ghi nhớ sâu sắc	Khắc Nhập
n3_advanced_drafts	batch_0281_0290	R_0290	互いに	たがいに	lẫn nhau, qua lại	Hỗ
n3_advanced_drafts	batch_0281_0290	R_0290	こころのケア	こころのケア	chăm sóc tâm lý, chăm sóc sức khỏe tâm thần	
n3_advanced_drafts	batch_0291_0300	R_0291	協働	きょうどう	sự hợp tác, cùng làm việc	Hiệp Động
n3_advanced_drafts	batch_0291_0300	R_0291	目覚ましい	めざましい	đáng chú ý, nổi bật, ấn tượng	Mục Giác
n3_advanced_drafts	batch_0291_0300	R_0291	点検	てんけん	kiểm tra, xem xét	Điểm Kiểm
n3_advanced_drafts	batch_0291_0300	R_0291	反復作業	はんぷくさぎょう	công việc lặp đi lặp lại	Phản Phục Tác Nghiệp
n3_advanced_drafts	batch_0291_0300	R_0291	不可欠	ふかけつ	không thể thiếu, cần thiết	Bất Khả Khiếm
n3_advanced_drafts	batch_0291_0300	R_0291	補助	ほじょ	hỗ trợ, bổ trợ	Bổ Trợ
n3_advanced_drafts	batch_0291_0300	R_0291	相互補完	そうごほかん	bổ sung lẫn nhau, tương hỗ	Tương Hỗ Bổ Hoàn
n3_advanced_drafts	batch_0291_0300	R_0291	普及	ふきゅう	sự phổ biến, lan rộng	Phổ Cập
n3_advanced_drafts	batch_0291_0300	R_0291	再訓練	さいくんれん	đào tạo lại, huấn luyện lại	Tái Huấn Luyện
n3_advanced_drafts	batch_0291_0300	R_0291	意識改革	いしきかいかく	cải cách nhận thức, thay đổi tư duy	Ý Thức Cải Cách
n3_advanced_drafts	batch_0291_0300	R_0291	生成AI	せいせいエーアイ	AI tạo sinh (generative AI)	Sanh Thành
n3_advanced_drafts	batch_0291_0300	R_0292	彩る	いろどる	tô điểm, trang trí rực rỡ	Thải
n3_advanced_drafts	batch_0291_0300	R_0292	提灯	ちょうちん	đèn lồng	Đề Đăng
n3_advanced_drafts	batch_0291_0300	R_0292	活気	かっき	sức sống, sinh khí	Hoạt Khí
n3_advanced_drafts	batch_0291_0300	R_0292	根ざす	ねざす	bắt nguồn từ, có gốc rễ ở (根ざした = dạng quá khứ, dùng như tính từ)	Căn
n3_advanced_drafts	batch_0291_0300	R_0292	習わし	ならわし	phong tục, tập quán	Tập
n3_advanced_drafts	batch_0291_0300	R_0292	受け継がれる	うけつがれる	được kế thừa, được truyền lại	Thụ Kế
n3_advanced_drafts	batch_0291_0300	R_0292	一丸となる	いちがんとなる	cùng nhau đoàn kết thành một khối (一丸となって = dạng て, kết hợp hành động)	Nhất Hoàn
n3_advanced_drafts	batch_0291_0300	R_0292	絆	きずな	sợi dây gắn kết, tình nghĩa	Bán
n3_advanced_drafts	batch_0291_0300	R_0292	象徴する	しょうちょうする	tượng trưng, biểu tượng cho	Tượng Trưng
n3_advanced_drafts	batch_0291_0300	R_0292	固有の	こゆうの	đặc trưng, riêng có	Cố Hữu
n3_advanced_drafts	batch_0291_0300	R_0293	生態系	せいたいけい	hệ sinh thái	Sanh Thái Hệ
n3_advanced_drafts	batch_0291_0300	R_0293	削減する	さくげんする	giảm thiểu, cắt giảm	Tước Giảm
n3_advanced_drafts	batch_0291_0300	R_0293	レジ袋	レジぶくろ	túi nilon (túi thanh toán)	Đại
n3_advanced_drafts	batch_0291_0300	R_0293	有料化	ゆうりょうか	việc thu phí, chuyển sang có tính tiền	Hữu Liêu Hóa
n3_advanced_drafts	batch_0291_0300	R_0293	廃止	はいし	bãi bỏ, hủy bỏ	Phế Chỉ
n3_advanced_drafts	batch_0291_0300	R_0293	取り組む	とりくむ	nỗ lực giải quyết, dấn thân vào	Thủ Tổ
n3_advanced_drafts	batch_0291_0300	R_0293	啓発	けいはつ	nâng cao nhận thức, khai sáng	Khải Phát
n3_advanced_drafts	batch_0291_0300	R_0293	マイクロプラスチック	マイクロプラスチック	vi nhựa, hạt nhựa siêu nhỏ	
n3_advanced_drafts	batch_0291_0300	R_0293	食物連鎖	しょくもつれんさ	chuỗi thức ăn	Thực Vật Liên Tỏa
n3_advanced_drafts	batch_0291_0300	R_0293	依存	いぞん	sự phụ thuộc	Y Tồn
n3_advanced_drafts	batch_0291_0300	R_0293	プラスチック資源循環促進法	プラスチックしげんじゅんかんそくしんほう	Luật Thúc đẩy Tuần hoàn Tài nguyên Nhựa (ban hành 2022)	Tư Nguyên Tuần Hoàn Xúc Tiến Pháp
n3_advanced_drafts	batch_0291_0300	R_0294	幸福感	こうふくかん	cảm giác hạnh phúc	Hạnh Phúc Cảm
n3_advanced_drafts	batch_0291_0300	R_0294	相関する	そうかんする	tương quan với nhau	Tương Quan
n3_advanced_drafts	batch_0291_0300	R_0294	集団主義	しゅうだんしゅぎ	chủ nghĩa tập thể	Tập Đoàn Chủ Nghĩa
n3_advanced_drafts	batch_0291_0300	R_0294	個人主義	こじんしゅぎ	chủ nghĩa cá nhân	Cá Nhân Chủ Nghĩa
n3_advanced_drafts	batch_0291_0300	R_0294	達成感	たっせいかん	cảm giác thành tựu, cảm giác hoàn thành	Đạt Thành Cảm
n3_advanced_drafts	batch_0291_0300	R_0294	精神的	せいしんてき	thuộc về tinh thần, tâm lý	Tinh Thần Đích
n3_advanced_drafts	batch_0291_0300	R_0294	遺伝的	いでんてき	thuộc về di truyền	Di Truyền Đích
n3_advanced_drafts	batch_0291_0300	R_0294	双子研究	ふたごけんきゅう	nghiên cứu trên cặp sinh đôi	Song Tử Nghiên Cứu
n3_advanced_drafts	batch_0291_0300	R_0294	明らかになる	あきらかになる	được làm rõ, trở nên rõ ràng	Minh
n3_advanced_drafts	batch_0291_0300	R_0294	一致して	いっちして	một cách nhất quán, đồng thuận	Nhất Trí
n3_advanced_drafts	batch_0291_0300	R_0295	見守る	みまもる	theo dõi, trông chừng (với sự quan tâm)	Kiến Thủ
n3_advanced_drafts	batch_0291_0300	R_0295	活用する	かつようする	tận dụng, sử dụng hiệu quả	Hoạt Dụng
n3_advanced_drafts	batch_0291_0300	R_0295	繋がる	つながる	kết nối, liên lạc được với nhau	Hệ
n3_advanced_drafts	batch_0291_0300	R_0295	血圧	けつあつ	huyết áp	Huyết Áp
n3_advanced_drafts	batch_0291_0300	R_0295	歩数	ほすう	số bước chân	Bộ Sổ
n3_advanced_drafts	batch_0291_0300	R_0295	体調	たいちょう	tình trạng sức khỏe, thể trạng	Thể Điều
n3_advanced_drafts	batch_0291_0300	R_0295	帰省	きせい	về thăm quê, về nhà	Quy Tỉnh
n3_advanced_drafts	batch_0291_0300	R_0295	緊急時	きんきゅうじ	lúc khẩn cấp, trường hợp khẩn cấp	Khẩn Cấp Thì
n3_advanced_drafts	batch_0291_0300	R_0295	絆	きずな	sợi dây gắn kết, mối liên kết	Bán
n3_advanced_drafts	batch_0291_0300	R_0295	体制	たいせい	hệ thống, cơ chế, thể chế	Thể Chế
n3_advanced_drafts	batch_0291_0300	R_0295	介護保険	かいごほけん	bảo hiểm chăm sóc (chế độ bảo hiểm chăm sóc người cao tuổi của Nhật, bắt đầu 2000)	Giới Hộ Bảo Hiểm
n3_advanced_drafts	batch_0291_0300	R_0296	根付く	ねづく	ăn sâu, bén rễ, trở nên thấm nhuần	Căn Phó
n3_advanced_drafts	batch_0291_0300	R_0296	形成する	けいせいする	hình thành, tạo nên	Hình Thành
n3_advanced_drafts	batch_0291_0300	R_0296	関わる	かかわる	liên quan đến, có dính líu đến	Quan
n3_advanced_drafts	batch_0291_0300	R_0296	理念	りねん	triết lý, lý tưởng, nguyên tắc	Lí Niệm
n3_advanced_drafts	batch_0291_0300	R_0296	行動指針	こうどうししん	phương châm hành động, kim chỉ nam	Hành Động Chỉ Châm
n3_advanced_drafts	batch_0291_0300	R_0296	一体感	いったいかん	cảm giác đoàn kết, cảm giác hợp nhất	Nhất Thể Cảm
n3_advanced_drafts	batch_0291_0300	R_0296	浸透する	しんとうする	thấm nhuần, lan rộng, thâm nhập	Tẩm Thấu
n3_advanced_drafts	batch_0291_0300	R_0296	一朝一夕	いっちょういっせき	trong một sớm một chiều (thường dùng phủ định)	Nhất Triêu Nhất Tịch
n3_advanced_drafts	batch_0291_0300	R_0296	継承	けいしょう	sự kế thừa, tiếp nối	Kế Thừa
n3_advanced_drafts	batch_0291_0300	R_0296	端々	はしばし	từng góc khuất, từng chi tiết nhỏ, đây đó	Đoan
n3_advanced_drafts	batch_0291_0300	R_0297	広げる	ひろげる	mở rộng, khuếch đại	Quảng
n3_advanced_drafts	batch_0291_0300	R_0297	深める	ふかめる	làm sâu thêm, làm phong phú thêm	Thâm
n3_advanced_drafts	batch_0291_0300	R_0297	気づく	きづく	nhận ra, nhận thức được (気づかせる = thể sai khiến: khiến người khác nhận ra)	Khí
n3_advanced_drafts	batch_0291_0300	R_0297	視野	しや	tầm nhìn, góc nhìn, phạm vi quan sát	Thị Dã
n3_advanced_drafts	batch_0291_0300	R_0297	対話	たいわ	đối thoại, trò chuyện hai chiều	Đối Thoại
n3_advanced_drafts	batch_0291_0300	R_0297	常識	じょうしき	thường thức, lẽ thường, điều hiển nhiên	Thường Thức
n3_advanced_drafts	batch_0291_0300	R_0297	共感する	きょうかんする	đồng cảm, cảm thông	Cộng Cảm
n3_advanced_drafts	batch_0291_0300	R_0297	醍醐味	だいごみ	điều thú vị nhất, hương vị đích thực, tinh túy	Đề Cô Vị
n3_advanced_drafts	batch_0291_0300	R_0297	電子書籍	でんししょせき	sách điện tử	Điện Tử Thư Tịch
n3_advanced_drafts	batch_0291_0300	R_0297	普及する	ふきゅうする	phổ biến, lan rộng, trở nên thông dụng	Phổ Cập
n3_advanced_drafts	batch_0291_0300	R_0298	忍耐力	にんたいりょく	sức chịu đựng, sức kiên nhẫn	Nhẫn Nại Lực
n3_advanced_drafts	batch_0291_0300	R_0298	積み重ね	つみかさね	sự tích lũy, dồn dần	Tích Trọng
n3_advanced_drafts	batch_0291_0300	R_0298	痛感する	つうかんする	nhận ra sâu sắc, thấm thía	Thống Cảm
n3_advanced_drafts	batch_0291_0300	R_0298	不快感	ふかいかん	cảm giác khó chịu, cảm giác bất ổn	Bất Khoái Cảm
n3_advanced_drafts	batch_0291_0300	R_0298	逆境	ぎゃっきょう	nghịch cảnh, hoàn cảnh bất lợi	Nghịch Cảnh
n3_advanced_drafts	batch_0291_0300	R_0298	粘り強い	ねばりづよい	bền bỉ, kiên trì, dai	Niêm Cường
n3_advanced_drafts	batch_0291_0300	R_0298	有意義	ゆういぎ	có ý nghĩa, bổ ích	Hữu Ý Nghĩa
n3_advanced_drafts	batch_0291_0300	R_0298	我慢	がまん	nhẫn nhịn, chịu đựng	Ngã Mạn
n3_advanced_drafts	batch_0291_0300	R_0298	試練	しれん	thử thách, sự thử thách	Thí Luyện
n3_advanced_drafts	batch_0291_0300	R_0298	精神的	せいしんてき	thuộc tinh thần, về mặt tinh thần	Tinh Thần Đích
n3_advanced_drafts	batch_0291_0300	R_0298	燃え尽き症候群	もえつきしょうこうぐん	hội chứng kiệt sức (burnout), tình trạng kiệt sức tinh thần do cố gắng quá mức	Nhiên Tẫn Chứng Hậu Quần
n3_advanced_drafts	batch_0291_0300	R_0299	教訓	きょうくん	bài học, bài học kinh nghiệm	Giáo Huấn
n3_advanced_drafts	batch_0291_0300	R_0299	裏付け	うらづけ	nền tảng, căn cứ, sự chứng thực	Lí Phó
n3_advanced_drafts	batch_0291_0300	R_0299	定着する	ていちゃくする	định hình, bám chắc, trở nên ổn định	Định Trứ
n3_advanced_drafts	batch_0291_0300	R_0299	実力	じつりょく	thực lực, năng lực thực sự	Thực Lực
n3_advanced_drafts	batch_0291_0300	R_0299	当てはめる	あてはめる	áp dụng, đặt vào, gắn vào	Đương
n3_advanced_drafts	batch_0291_0300	R_0299	養われる	やしなわれる	được nuôi dưỡng, được phát triển (bị động)	Dưỡng
n3_advanced_drafts	batch_0291_0300	R_0299	問題解決能力	もんだいかいけつのうりょく	năng lực giải quyết vấn đề	Vấn Đề Giải Quyết Năng Lực
n3_advanced_drafts	batch_0291_0300	R_0299	実践	じっせん	thực tiễn, thực hành	Thực Tiễn
n3_advanced_drafts	batch_0291_0300	R_0299	戸惑う	とまどう	bối rối, lúng túng	Hộ Hoặc
n3_advanced_drafts	batch_0291_0300	R_0299	条件	じょうけん	điều kiện, yêu cầu	Điều Kiện
n3_advanced_drafts	batch_0291_0300	R_0299	リスキリング	リスキリング	reskilling, đào tạo lại kỹ năng (học kỹ năng mới để thích nghi với thị trường lao động thay đổi)	
n3_advanced_drafts	batch_0291_0300	R_0300	ジェンダー平等	びょうどう	bình đẳng giới (ジェンダー là lối từ tiếng Anh 'gender'; 平等 đọc là びょうどう)	Bình Đẳng
n3_advanced_drafts	batch_0291_0300	R_0300	管理職	かんりしょく	vị trí quản lý, chức vụ quản lý	Quản Lí Chức
n3_advanced_drafts	batch_0291_0300	R_0300	育児休暇	いくじきゅうか	nghỉ phép nuôi con, nghỉ thai sản	Dục Nhi Hưu Hạ
n3_advanced_drafts	batch_0291_0300	R_0300	固定化	こていか	sự cố định hóa, trở nên cứng nhắc	Cố Định Hóa
n3_advanced_drafts	batch_0291_0300	R_0300	性別役割	せいべつやくわり	vai trò giới tính, phân công vai trò theo giới	Tính Biệt Dịch Cát
n3_advanced_drafts	batch_0291_0300	R_0300	一朝一夕	いっちょういっせき	chỉ sau một sớm một chiều (thành ngữ)	Nhất Triêu Nhất Tịch
n3_advanced_drafts	batch_0291_0300	R_0300	両立	りょうりつ	cân bằng, duy trì cả hai cùng lúc	Lưỡng Lập
n3_advanced_drafts	batch_0291_0300	R_0300	偏る	かたよる	thiên lệch, nghiêng về một phía	Thiên
n3_advanced_drafts	batch_0291_0300	R_0300	変革	へんかく	sự đổi thay, cải cách	Biến Cách
n3_advanced_drafts	batch_0291_0300	R_0300	主体的	しゅたいてき	chủ động, tự chủ	Chủ Thể Đích
n3_advanced_drafts	batch_0291_0300	R_0300	LGBT理解増進法	エルジービーティーりかいぞうしんほう	Luật xúc tiến hiểu biết về LGBT (thành lập năm 2023, nhằm tăng cường hiểu biết và thúc đẩy bình đẳng cho cộng đồng LGBT)	Lí Giải Tăng Tiến Pháp
n3_advanced_drafts	batch_0301_0310	R_0301	干ばつ	かんばつ	hạn hán	Kiền
n3_advanced_drafts	batch_0301_0310	R_0301	貯水池	ちょすいち	hồ chứa nước, bể chứa nước	Trữ Thủy Trì
n3_advanced_drafts	batch_0301_0310	R_0301	収穫量	しゅうかくりょう	sản lượng thu hoạch	Thu Hoạch Lượng
n3_advanced_drafts	batch_0301_0310	R_0301	砂漠化	さばくか	sa mạc hóa	Sa Mạc Hóa
n3_advanced_drafts	batch_0301_0310	R_0301	廃業	はいぎょう	đóng cửa kinh doanh, ngừng hoạt động	Phế Nghiệp
n3_advanced_drafts	batch_0301_0310	R_0301	飼料	しりょう	thức ăn chăn nuôi, thức ăn gia súc	Tự Liêu
n3_advanced_drafts	batch_0301_0310	R_0301	荒地	あれち	đất hoang, đất bỏ hoang	Hoang Địa
n3_advanced_drafts	batch_0301_0310	R_0301	頻度	ひんど	tần suất, tần số	Tần Độ
n3_advanced_drafts	batch_0301_0310	R_0301	持続可能	じぞくかのう	bền vững, có thể duy trì lâu dài	Trì Tục Khả Năng
n3_advanced_drafts	batch_0301_0310	R_0301	余儀なくされる	よぎなくされる	bị buộc phải, không có lựa chọn nào khác	Dư Nghi
n3_advanced_drafts	batch_0301_0310	R_0301	線状降水帯	せんじょうこうすいたい	dải mưa tuyến tính — vùng mưa cực lớn hình thành do đối lưu liên tiếp, gây lũ lụt nghiêm trọng	Tuyến Trạng Hàng Thủy Đới
n3_advanced_drafts	batch_0301_0310	R_0302	概日リズム	がいじつリズム	nhịp sinh học, nhịp điệu ngày đêm (circadian rhythm)	Khái Nhật
n3_advanced_drafts	batch_0301_0310	R_0302	メラトニン	メラトニン	melatonin (hormone điều chỉnh giấc ngủ)	
n3_advanced_drafts	batch_0301_0310	R_0302	免疫力	めんえきりょく	sức miễn dịch, khả năng miễn dịch	Miễn Dịch Lực
n3_advanced_drafts	batch_0301_0310	R_0302	慢性的	まんせいてき	mãn tính, kéo dài	Mạn Tính Đích
n3_advanced_drafts	batch_0301_0310	R_0302	定着する	ていちゃくする	định hình, bám rễ, được củng cố	Định Trứ
n3_advanced_drafts	batch_0301_0310	R_0302	成長ホルモン	せいちょうホルモン	hormone tăng trưởng	Thành Trường
n3_advanced_drafts	batch_0301_0310	R_0302	割合	わりあい	tỷ lệ, tỷ phần	Cát Hợp
n3_advanced_drafts	batch_0301_0310	R_0302	放置する	ほうちする	bỏ qua, để mặc, không xử lý	Phóng Trí
n3_advanced_drafts	batch_0301_0310	R_0302	短眠	たんみん	thiếu ngủ, ngủ ít	Đoản Miên
n3_advanced_drafts	batch_0301_0310	R_0302	不可欠	ふかけつ	không thể thiếu, cần thiết tuyệt đối	Bất Khả Khiếm
n3_advanced_drafts	batch_0301_0310	R_0303	無形文化遺産	むけいぶんかいさん	Di sản Văn hóa Phi vật thể	Vô Hình Văn Hóa Di Sản
n3_advanced_drafts	batch_0301_0310	R_0303	美食家	びしょくか	người sành ăn, thực khách sành ăn	Mĩ Thực Gia
n3_advanced_drafts	batch_0301_0310	R_0303	調理哲学	ちょうりてつがく	triết lý nấu ăn, tư tưởng về việc nấu ăn	Điều Lí Triết Học
n3_advanced_drafts	batch_0301_0310	R_0303	好循環	こうじゅんかん	vòng tuần hoàn tích cực, vòng lặp tốt	Hảo Tuần Hoàn
n3_advanced_drafts	batch_0301_0310	R_0303	存在感	そんざいかん	sự hiện diện, cảm giác tồn tại đáng kể	Tồn Tại Cảm
n3_advanced_drafts	batch_0301_0310	R_0303	普及	ふきゅう	sự phổ biến, sự lan rộng	Phổ Cập
n3_advanced_drafts	batch_0301_0310	R_0303	素材	そざい	nguyên liệu thô, thực phẩm tươi nguyên bản	Tố Tài
n3_advanced_drafts	batch_0301_0310	R_0303	継承	けいしょう	kế thừa, truyền lại	Kế Thừa
n3_advanced_drafts	batch_0301_0310	R_0303	確固たる	かっこたる	vững chắc, kiên định, không lay chuyển	Xác Cố
n3_advanced_drafts	batch_0301_0310	R_0303	認定	にんてい	sự công nhận, chứng nhận (chính thức)	Nhận Định
n3_advanced_drafts	batch_0301_0310	R_0303	伝統的酒造り	でんとうてきさけづくり	nghề nấu rượu truyền thống Nhật Bản (được UNESCO công nhận 12/2024)	Truyền Thống Đích Tửu Tạo
n3_advanced_drafts	batch_0301_0310	R_0304	移行	いこう	sự chuyển đổi, sự dịch chuyển sang	Di Hành
n3_advanced_drafts	batch_0301_0310	R_0304	電動化	でんどうか	điện khí hóa, chuyển sang dùng điện	Điện Động Hóa
n3_advanced_drafts	batch_0301_0310	R_0304	航続距離	こうぞくきょり	phạm vi di chuyển, tầm hoạt động	Hàng Tục Cự Li
n3_advanced_drafts	batch_0301_0310	R_0304	充電インフラ	じゅうでんインフラ	hạ tầng sạc điện	Sung Điện
n3_advanced_drafts	batch_0301_0310	R_0304	排気ガス	はいきガス	khí thải	Bài Khí
n3_advanced_drafts	batch_0301_0310	R_0304	燃料電池車	ねんりょうでんちしゃ	xe pin nhiên liệu	Nhiên Liêu Điện Trì Xa
n3_advanced_drafts	batch_0301_0310	R_0304	補助金	ほじょきん	tiền trợ cấp, tiền hỗ trợ	Bổ Trợ Kim
n3_advanced_drafts	batch_0301_0310	R_0304	税制優遇	ぜいせいゆうぐう	ưu đãi thuế	Thuế Chế Ưu Ngộ
n3_advanced_drafts	batch_0301_0310	R_0304	技術革新	ぎじゅつかくしん	đổi mới công nghệ, cách mạng kỹ thuật	Kĩ Thuật Cách Tân
n3_advanced_drafts	batch_0301_0310	R_0304	都市計画	としけいかく	quy hoạch đô thị	Đô Thị Kế Họa
n3_advanced_drafts	batch_0301_0310	R_0304	全固体電池	ぜんこたいでんち	pin toàn thể rắn (công nghệ pin thế hệ mới, an toàn hơn pin lithium-ion)	Toàn Cố Thể Điện Trì
n3_advanced_drafts	batch_0301_0310	R_0305	非言語的	ひげんごてき	phi ngôn ngữ, không dùng lời nói	Phi Ngôn Ngữ Đích
n3_advanced_drafts	batch_0301_0310	R_0305	身振り	みぶり	cử chỉ tay chân, điệu bộ	Thân Chấn
n3_advanced_drafts	batch_0301_0310	R_0305	視線	しせん	ánh mắt, tầm nhìn	Thị Tuyến
n3_advanced_drafts	batch_0301_0310	R_0305	本心	ほんしん	tâm tư thực sự, lòng thực	Bản Tâm
n3_advanced_drafts	batch_0301_0310	R_0305	誠実さ	せいじつさ	sự chân thành, tính thành thật	Thành Thực
n3_advanced_drafts	batch_0301_0310	R_0305	すれ違い	すれちがい	sự hiểu lầm, sự không gặp nhau về ý kiến	Vi
n3_advanced_drafts	batch_0301_0310	R_0305	補完的	ほかんてき	mang tính bổ sung, bổ trợ	Bổ Hoàn Đích
n3_advanced_drafts	batch_0301_0310	R_0305	ニュアンス	ニュアンス	sắc thái, màu sắc tinh tế	
n3_advanced_drafts	batch_0301_0310	R_0305	絵文字	えもじ	biểu tượng cảm xúc, emoji	Hội Văn Tự
n3_advanced_drafts	batch_0301_0310	R_0305	個人差	こじんさ	sự khác biệt cá nhân	Cá Nhân Soa
n3_advanced_drafts	batch_0301_0310	R_0306	グローバル化	グローバルか	toàn cầu hóa	Hóa
n3_advanced_drafts	batch_0301_0310	R_0306	多様	たよう	đa dạng, phong phú	Đa Dạng
n3_advanced_drafts	batch_0301_0310	R_0306	相互理解	そうごりかい	sự hiểu biết lẫn nhau	Tương Hỗ Lí Giải
n3_advanced_drafts	batch_0301_0310	R_0306	専門知識	せんもんちしき	kiến thức chuyên môn	Chuyên Môn Tri Thức
n3_advanced_drafts	batch_0301_0310	R_0306	適応力	てきおうりょく	khả năng thích nghi	Thích Ứng Lực
n3_advanced_drafts	batch_0301_0310	R_0306	誠実	せいじつ	chân thành, thành thật	Thành Thực
n3_advanced_drafts	batch_0301_0310	R_0306	継続的	けいぞくてき	liên tục, mang tính duy trì	Kế Tục Đích
n3_advanced_drafts	batch_0301_0310	R_0306	存在感	そんざいかん	sự hiện diện, sức ảnh hưởng	Tồn Tại Cảm
n3_advanced_drafts	batch_0301_0310	R_0306	舞台	ぶたい	sân khấu, đấu trường	Vũ Thai
n3_advanced_drafts	batch_0301_0310	R_0306	繋がり	つながり	mối liên kết, sự kết nối	Hệ
n3_advanced_drafts	batch_0301_0310	R_0306	リスキリング	リスキリング	tái đào tạo kỹ năng — học kỹ năng mới để thích nghi với sự thay đổi trong công việc	
n3_advanced_drafts	batch_0301_0310	R_0307	両立	りょうりつ	cân bằng, dung hòa hai điều	Lưỡng Lập
n3_advanced_drafts	batch_0301_0310	R_0307	機能性	きのうせい	tính năng, tính chức năng	Ki Năng Tính
n3_advanced_drafts	batch_0301_0310	R_0307	細部	さいぶ	chi tiết nhỏ	Tế Bộ
n3_advanced_drafts	batch_0301_0310	R_0307	素材	そざい	vật liệu, chất liệu	Tố Tài
n3_advanced_drafts	batch_0301_0310	R_0307	質感	しっかん	cảm giác về chất liệu, kết cấu	Chất Cảm
n3_advanced_drafts	batch_0301_0310	R_0307	哲学	てつがく	triết lý, triết học	Triết Học
n3_advanced_drafts	batch_0301_0310	R_0307	無意識	むいしき	vô thức	Vô Ý Thức
n3_advanced_drafts	batch_0301_0310	R_0307	美意識	びいしき	thẩm mỹ quan, ý thức về cái đẹp	Mĩ Ý Thức
n3_advanced_drafts	batch_0301_0310	R_0307	余計	よけい	thừa, không cần thiết	Dư Kế
n3_advanced_drafts	batch_0301_0310	R_0307	日用品	にちようひん	đồ dùng hàng ngày	Nhật Dụng Phẩm
n3_advanced_drafts	batch_0301_0310	R_0307	わびさび	わびさび	tinh thần wabi-sabi — vẻ đẹp giản dị, mộc mạc và phù du trong thẩm mỹ Nhật Bản	
n3_advanced_drafts	batch_0301_0310	R_0308	孤独	こどく	sự cô đơn	Cô Độc
n3_advanced_drafts	batch_0301_0310	R_0308	表面的	ひょうめんてき	mang tính bề ngoài, hời hợt	Biểu Diện Đích
n3_advanced_drafts	batch_0301_0310	R_0308	初対面	しょたいめん	lần đầu gặp mặt	Sơ Đối Diện
n3_advanced_drafts	batch_0301_0310	R_0308	競争	きょうそう	sự cạnh tranh	Cạnh Tranh
n3_advanced_drafts	batch_0301_0310	R_0308	激しさ	はげしさ	mức độ gay gắt, dữ dội	Kích
n3_advanced_drafts	batch_0301_0310	R_0308	長期的	ちょうきてき	mang tính lâu dài	Trường Kì Đích
n3_advanced_drafts	batch_0301_0310	R_0308	孤立	こりつ	sự cô lập	Cô Lập
n3_advanced_drafts	batch_0301_0310	R_0308	役職	やくしょく	chức vụ, vai trò	Dịch Chức
n3_advanced_drafts	batch_0301_0310	R_0308	推進	すいしん	thúc đẩy, xúc tiến	Thôi Tiến
n3_advanced_drafts	batch_0301_0310	R_0308	取り組む	とりくむ	chung tay giải quyết, đối phó với	Thủ Tổ
n3_advanced_drafts	batch_0301_0310	R_0308	孤独・孤立対策推進法	こどく・こりつたいさくすいしんほう	Luật thúc đẩy đối sách cô đơn cô lập (ban hành 4/2024)	Cô Độc Cô Lập Đối Sách Thôi Tiến Pháp
n3_advanced_drafts	batch_0301_0310	R_0309	感染症	かんせんしょう	bệnh truyền nhiễm	Cảm Nhiễm Chứng
n3_advanced_drafts	batch_0301_0310	R_0309	免疫	めんえき	miễn dịch	Miễn Dịch
n3_advanced_drafts	batch_0301_0310	R_0309	病原体	びょうげんたい	mầm bệnh, tác nhân gây bệnh	Bệnh Nguyên Thể
n3_advanced_drafts	batch_0301_0310	R_0309	天然痘	てんねんとう	bệnh đậu mùa	Thiên Nhiên Đậu
n3_advanced_drafts	batch_0301_0310	R_0309	撲滅	ぼくめつ	thanh toán, diệt trừ hoàn toàn	Phác Diệt
n3_advanced_drafts	batch_0301_0310	R_0309	実証	じっしょう	chứng minh thực tế, kiểm chứng	Thực Chứng
n3_advanced_drafts	batch_0301_0310	R_0309	公衆衛生	こうしゅうえいせい	sức khỏe cộng đồng, y tế công cộng	Công Chúng Vệ Sanh
n3_advanced_drafts	batch_0301_0310	R_0309	集団免疫	しゅうだんめんえき	miễn dịch cộng đồng	Tập Đoàn Miễn Dịch
n3_advanced_drafts	batch_0301_0310	R_0309	接種率	せっしゅりつ	tỷ lệ tiêm chủng	Tiếp Chủng Suất
n3_advanced_drafts	batch_0301_0310	R_0309	不可欠	ふかけつ	không thể thiếu, thiết yếu	Bất Khả Khiếm
n3_advanced_drafts	batch_0301_0310	R_0310	発酵	はっこう	sự lên men	Phát Diếu
n3_advanced_drafts	batch_0301_0310	R_0310	微生物	びせいぶつ	vi sinh vật	Vi Sanh Vật
n3_advanced_drafts	batch_0301_0310	R_0310	増殖	ぞうしょく	sự sinh sôi, nhân lên	Tăng Thực
n3_advanced_drafts	batch_0301_0310	R_0310	腸内環境	ちょうないかんきょう	môi trường đường ruột	Tràng Nội Hoàn Cảnh
n3_advanced_drafts	batch_0301_0310	R_0310	乳酸菌	にゅうさんきん	vi khuẩn lactic	Nhũ Toan Khuẩn
n3_advanced_drafts	batch_0301_0310	R_0310	栄養素	えいようそ	chất dinh dưỡng	Vinh Dưỡng Tố
n3_advanced_drafts	batch_0301_0310	R_0310	免疫力	めんえきりょく	sức đề kháng, khả năng miễn dịch	Miễn Dịch Lực
n3_advanced_drafts	batch_0301_0310	R_0310	食物繊維	しょくもつせんい	chất xơ thực phẩm	Thực Vật Tiêm Duy
n3_advanced_drafts	batch_0301_0310	R_0310	根付く	ねづく	ăn sâu bén rễ, trở thành một phần của	Căn Phó
n3_advanced_drafts	batch_0301_0310	R_0310	解明	かいめい	làm sáng tỏ, giải mã	Giải Minh
n3_advanced_drafts	batch_0301_0310	R_0310	麹菌	こうじきん	nấm kōji — vi nấm được chỉ định là 'quốc nấm' Nhật Bản, dùng làm miso, nước tương, rượu sake	Khúc Khuẩn
n3_advanced_drafts	batch_0311_0320	R_0311	介護	かいご	sự chăm sóc người già/bệnh, điều dưỡng	Giới Hộ
n3_advanced_drafts	batch_0311_0320	R_0311	中年層	ちゅうねんそう	tầng lớp trung niên	Trung Niên Tằng
n3_advanced_drafts	batch_0311_0320	R_0311	消耗	しょうもう	sự tiêu hao, kiệt sức	Tiêu Háo
n3_advanced_drafts	batch_0311_0320	R_0311	家計	かけい	tài chính gia đình, ngân sách gia đình	Gia Kế
n3_advanced_drafts	batch_0311_0320	R_0311	介護離職	かいごりしょく	nghỉ việc để chăm sóc người thân	Giới Hộ Li Chức
n3_advanced_drafts	batch_0311_0320	R_0311	核家族	かくかぞく	gia đình hạt nhân (bố mẹ và con)	Hạch Gia Tộc
n3_advanced_drafts	batch_0311_0320	R_0311	介護保険	かいごほけん	bảo hiểm chăm sóc	Giới Hộ Bảo Hiểm
n3_advanced_drafts	batch_0311_0320	R_0311	負担軽減	ふたんけいげん	giảm nhẹ gánh nặng	Phụ Đam Khinh Giảm
n3_advanced_drafts	batch_0311_0320	R_0311	申請	しんせい	đơn xin, việc đăng ký nộp đơn	Thân Thỉnh
n3_advanced_drafts	batch_0311_0320	R_0311	抱え込む	かかえこむ	ôm đồm, gánh chịu một mình	Bão Nhập
n3_advanced_drafts	batch_0311_0320	R_0311	2025年問題	にせんにじゅうごねんもんだい	vấn đề năm 2025 — khi toàn bộ thế hệ baby boomer bước qua 75 tuổi	Niên Vấn Đề
n3_advanced_drafts	batch_0311_0320	R_0312	感情知性	かんじょうちせい	trí tuệ cảm xúc (EQ)	Cảm Tình Tri Tính
n3_advanced_drafts	batch_0311_0320	R_0312	共感力	きょうかんりょく	năng lực đồng cảm	Cộng Cảm Lực
n3_advanced_drafts	batch_0311_0320	R_0312	自己理解	じこりかい	sự hiểu bản thân, tự nhận thức	Tự Kỉ Lí Giải
n3_advanced_drafts	batch_0311_0320	R_0312	意思決定	いしけってい	sự ra quyết định	Ý Tư Quyết Định
n3_advanced_drafts	batch_0311_0320	R_0312	道徳教育	どうとくきょういく	giáo dục đạo đức	Đạo Đức Giáo Dục
n3_advanced_drafts	batch_0311_0320	R_0312	社会情動的	しゃかいじょうどうてき	mang tính xã hội-cảm xúc	Xã Hội Tình Động Đích
n3_advanced_drafts	batch_0311_0320	R_0312	対人関係	たいじんかんけい	quan hệ giữa người với người	Đối Nhân Quan Hệ
n3_advanced_drafts	batch_0311_0320	R_0312	基盤	きばん	nền tảng, cơ sở	Cơ Bàn
n3_advanced_drafts	batch_0311_0320	R_0312	生涯	しょうがい	suốt cuộc đời, cả cuộc đời	Sanh Nhai
n3_advanced_drafts	batch_0311_0320	R_0312	幸福感	こうふくかん	cảm giác hạnh phúc	Hạnh Phúc Cảm
n3_advanced_drafts	batch_0311_0320	R_0312	非認知能力	ひにんちのうりょく	năng lực phi nhận thức (cảm xúc, ý chí, xã hội)	Phi Nhận Tri Năng Lực
n3_advanced_drafts	batch_0311_0320	R_0313	記録する	きろくする	ghi lại, ghi chép	Kí Lục
n3_advanced_drafts	batch_0311_0320	R_0313	振り返る	ふりかえる	nhìn lại, hồi tưởng	Chấn Phản
n3_advanced_drafts	batch_0311_0320	R_0313	向き合う	むきあう	đối mặt, đương đầu	Hướng Hợp
n3_advanced_drafts	batch_0311_0320	R_0313	思考	しこう	tư duy, suy nghĩ	Tư Khảo
n3_advanced_drafts	batch_0311_0320	R_0313	整理する	せいりする	sắp xếp, dọn dẹp, chỉnh lý	Chỉnh Lí
n3_advanced_drafts	batch_0311_0320	R_0313	瞬間	しゅんかん	khoảnh khắc	Thuấn Gian
n3_advanced_drafts	batch_0311_0320	R_0313	実感	じっかん	cảm nhận thực sự	Thực Cảm
n3_advanced_drafts	batch_0311_0320	R_0313	弱さ	よわさ	điểm yếu, sự yếu đuối	Nhược
n3_advanced_drafts	batch_0311_0320	R_0313	もやもや	もやもや	cảm giác mơ hồ, bứt rứt trong lòng	
n3_advanced_drafts	batch_0311_0320	R_0313	丁寧に	ていねいに	một cách cẩn thận, tỉ mỉ	Đinh Ninh
n3_advanced_drafts	batch_0311_0320	R_0314	緑地	りょくち	không gian xanh, đất xanh	Lục Địa
n3_advanced_drafts	batch_0311_0320	R_0314	設ける	もうける	thiết lập, tạo ra, lập nên	Thiết
n3_advanced_drafts	batch_0311_0320	R_0314	恩恵	おんけい	ân huệ, lợi ích, phúc lợi	Ân Huệ
n3_advanced_drafts	batch_0311_0320	R_0314	もたらす	もたらす	mang lại, đem đến	
n3_advanced_drafts	batch_0311_0320	R_0314	ヒートアイランド現象	ヒートアイランドげんしょう	hiện tượng đảo nhiệt đô thị	Hiện Tượng
n3_advanced_drafts	batch_0311_0320	R_0314	緩和	かんわ	giảm nhẹ, làm dịu	Hoãn Hòa
n3_advanced_drafts	batch_0311_0320	R_0314	高齢化	こうれいか	già hóa (dân số)	Cao Linh Hóa
n3_advanced_drafts	batch_0311_0320	R_0314	必要	ひつよう	sự cần thiết, cần thiết	Tất Yếu
n3_advanced_drafts	batch_0311_0320	R_0314	緑化	りょっか	xanh hóa, trồng cây phủ xanh	Lục Hóa
n3_advanced_drafts	batch_0311_0320	R_0314	持続可能	じぞくかのう	bền vững, có thể duy trì lâu dài	Trì Tục Khả Năng
n3_advanced_drafts	batch_0311_0320	R_0315	踏み切る	ふみきる	quyết dứt khoát thực hiện, cắt đứt do dự	Đạp Thiết
n3_advanced_drafts	batch_0311_0320	R_0315	手放す	てばなす	buông bỏ, từ bỏ	Thủ Phóng
n3_advanced_drafts	batch_0311_0320	R_0315	疑問	ぎもん	câu hỏi, sự nghi ngờ, điều băn khoăn	Nghi Vấn
n3_advanced_drafts	batch_0311_0320	R_0315	向き合う	むきあう	đối mặt, đương đầu	Hướng Hợp
n3_advanced_drafts	batch_0311_0320	R_0315	採用情報	さいようじょうほう	thông tin tuyển dụng	Thải Dụng Tình Báo
n3_advanced_drafts	batch_0311_0320	R_0315	応募書類	おうぼしょるい	hồ sơ ứng tuyển	Ứng Mộ Thư Loại
n3_advanced_drafts	batch_0311_0320	R_0315	熱意	ねつい	nhiệt huyết, sự nhiệt tình	Nhiệt Ý
n3_advanced_drafts	batch_0311_0320	R_0315	内定	ないてい	thông báo trúng tuyển (không chính thức)	Nội Định
n3_advanced_drafts	batch_0311_0320	R_0315	覚悟	かくご	quyết tâm, sự sẵn sàng đối mặt	Giác Ngộ
n3_advanced_drafts	batch_0311_0320	R_0315	居場所	いばしょ	chỗ đứng, nơi thuộc về mình	Cư Tràng Sở
n3_advanced_drafts	batch_0311_0320	R_0315	リスキリング	リスキリング	tái đào tạo kỹ năng (reskilling) để chuyển sang công việc mới	
n3_advanced_drafts	batch_0311_0320	R_0316	実用化	じつようか	ứng dụng thực tế, đưa vào thực dụng	Thực Dụng Hóa
n3_advanced_drafts	batch_0311_0320	R_0316	グラフェン	グラフェン	graphene (vật liệu carbon dạng tấm đơn nguyên tử)	
n3_advanced_drafts	batch_0311_0320	R_0316	形状記憶合金	けいじょうきおくごうきん	hợp kim ghi nhớ hình dạng	Hình Trạng Kí Ức Hợp Kim
n3_advanced_drafts	batch_0311_0320	R_0316	炭素繊維	たんそせんい	sợi carbon	Thán Tố Tiêm Duy
n3_advanced_drafts	batch_0311_0320	R_0316	半導体	はんどうたい	chất bán dẫn	Bán Đạo Thể
n3_advanced_drafts	batch_0311_0320	R_0316	再生可能エネルギー	さいせいかのうエネルギー	năng lượng tái tạo	Tái Sanh Khả Năng
n3_advanced_drafts	batch_0311_0320	R_0316	航空宇宙	こうくううちゅう	hàng không vũ trụ	Hàng Không Vũ Trụ
n3_advanced_drafts	batch_0311_0320	R_0316	丈夫	じょうぶ	bền, chắc chắn	Trượng Phu
n3_advanced_drafts	batch_0311_0320	R_0316	注力	ちゅうりょく	tập trung nỗ lực, chú trọng	Chú Lực
n3_advanced_drafts	batch_0311_0320	R_0316	持続可能	じぞくかのう	bền vững, có thể duy trì lâu dài	Trì Tục Khả Năng
n3_advanced_drafts	batch_0311_0320	R_0316	全固体電池	ぜんこたいでんち	pin toàn chất rắn (all-solid-state battery)	Toàn Cố Thể Điện Trì
n3_advanced_drafts	batch_0311_0320	R_0317	瞑想	めいそう	thiền định, thiền	Minh Tưởng
n3_advanced_drafts	batch_0311_0320	R_0317	修行	しゅぎょう	tu tập, rèn luyện tâm linh	Tu Hành
n3_advanced_drafts	batch_0311_0320	R_0317	メンタルヘルス	メンタルヘルス	sức khỏe tinh thần	
n3_advanced_drafts	batch_0311_0320	R_0317	ストレスホルモン	ストレスホルモン	hormone căng thẳng	
n3_advanced_drafts	batch_0311_0320	R_0317	神経科学	しんけいかがく	thần kinh học	Thần Kinh Khoa Học
n3_advanced_drafts	batch_0311_0320	R_0317	裏付け	うらづけ	bằng chứng xác nhận, cơ sở chứng minh	Lí Phó
n3_advanced_drafts	batch_0311_0320	R_0317	うつ病	うつびょう	bệnh trầm cảm	Bệnh
n3_advanced_drafts	batch_0311_0320	R_0317	不安障害	ふあんしょうがい	rối loạn lo âu	Bất An Chướng Hại
n3_advanced_drafts	batch_0311_0320	R_0317	薬物療法	やくぶつりょうほう	liệu pháp thuốc, điều trị bằng thuốc	Dược Vật Liệu Pháp
n3_advanced_drafts	batch_0311_0320	R_0317	継続	けいぞく	sự tiếp tục, tiếp tục, duy trì liên tục	Kế Tục
n3_advanced_drafts	batch_0311_0320	R_0317	マインドフルネス	マインドフルネス	mindfulness — thực hành chánh niệm, dạng thiền hiện đại	
n3_advanced_drafts	batch_0311_0320	R_0318	格差	かくさ	sự chênh lệch, khoảng cách bất bình đẳng	Cách Soa
n3_advanced_drafts	batch_0311_0320	R_0318	悪循環	あくじゅんかん	vòng xoáy xấu, vòng luẩn quẩn	Ác Tuần Hoàn
n3_advanced_drafts	batch_0311_0320	R_0318	累進課税	るいしんかぜい	thuế lũy tiến	Lũy Tiến Khóa Thuế
n3_advanced_drafts	batch_0311_0320	R_0318	社会保障	しゃかいほしょう	an sinh xã hội	Xã Hội Bảo Chướng
n3_advanced_drafts	batch_0311_0320	R_0318	再分配	さいぶんぱい	phân phối lại	Tái Phân Phối
n3_advanced_drafts	batch_0311_0320	R_0318	包括的	ほうかつてき	toàn diện, bao quát	Bao Quát Đích
n3_advanced_drafts	batch_0311_0320	R_0318	デジタル格差	デジタルかくさ	khoảng cách kỹ thuật số	Cách Soa
n3_advanced_drafts	batch_0311_0320	R_0318	市民社会	しみんしゃかい	xã hội dân sự	Thị Dân Xã Hội
n3_advanced_drafts	batch_0311_0320	R_0318	生活水準	せいかつすいじゅん	mức sống	Sanh Hoạt Thủy Chuẩn
n3_advanced_drafts	batch_0311_0320	R_0318	富裕層	ふゆうそう	tầng lớp giàu có	Phú Dụ Tằng
n3_advanced_drafts	batch_0311_0320	R_0318	こども家庭庁	こどもかていちょう	Cơ quan Gia đình Trẻ em (thành lập năm 2023)	Gia Đình Sảnh
n3_advanced_drafts	batch_0311_0320	R_0319	社会保障	しゃかいほしょう	an sinh xã hội	Xã Hội Bảo Chướng
n3_advanced_drafts	batch_0311_0320	R_0319	少子高齢化	しょうしこうれいか	già hóa và giảm sinh	Thiểu Tử Cao Linh Hóa
n3_advanced_drafts	batch_0311_0320	R_0319	現役世代	げんえきせだい	thế hệ đang lao động	Hiện Dịch Thế Đại
n3_advanced_drafts	batch_0311_0320	R_0319	給付	きゅうふ	phúc lợi, trợ cấp	Cấp Phó
n3_advanced_drafts	batch_0311_0320	R_0319	保険料	ほけんりょう	phí bảo hiểm	Bảo Hiểm Liêu
n3_advanced_drafts	batch_0311_0320	R_0319	持続性	じぞくせい	tính bền vững	Trì Tục Tính
n3_advanced_drafts	batch_0311_0320	R_0319	賄う	まかなう	chi trả, trang trải	Hối
n3_advanced_drafts	batch_0311_0320	R_0319	公平性	こうへいせい	tính công bằng	Công Bình Tính
n3_advanced_drafts	batch_0311_0320	R_0319	削減	さくげん	cắt giảm	Tước Giảm
n3_advanced_drafts	batch_0311_0320	R_0319	基盤	きばん	nền tảng, cơ sở	Cơ Bàn
n3_advanced_drafts	batch_0311_0320	R_0319	全世代型社会保障	ぜんせだいがたしゃかいほしょう	an sinh xã hội toàn thế hệ (chương trình cải cách Nhật)	Toàn Thế Đại Hình Xã Hội Bảo Chướng
n3_advanced_drafts	batch_0311_0320	R_0320	企業倫理	きぎょうりんり	đạo đức doanh nghiệp	Xí Nghiệp Luân Lí
n3_advanced_drafts	batch_0311_0320	R_0320	不祥事	ふしょうじ	vụ bê bối, sự cố tai tiếng	Bất Tường Sự
n3_advanced_drafts	batch_0311_0320	R_0320	経営者	けいえいしゃ	nhà quản lý doanh nghiệp	Kinh Doanh Giả
n3_advanced_drafts	batch_0311_0320	R_0320	効率化	こうりつか	việc nâng cao hiệu quả	Hiệu Suất Hóa
n3_advanced_drafts	batch_0311_0320	R_0320	発覚する	はっかくする	bị phát hiện, lộ ra	Phát Giác
n3_advanced_drafts	batch_0311_0320	R_0320	目先	めさき	trước mắt, ngắn hạn	Mục Tiên
n3_advanced_drafts	batch_0311_0320	R_0320	軽視する	けいしする	coi nhẹ, xem thường	Khinh Thị
n3_advanced_drafts	batch_0311_0320	R_0320	理想論	りそうろん	lý thuyết suông, lý tưởng	Lí Tưởng Luận
n3_advanced_drafts	batch_0311_0320	R_0320	経営戦略	けいえいせんりゃく	chiến lược kinh doanh	Kinh Doanh Chiến Lược
n3_advanced_drafts	batch_0311_0320	R_0320	対立	たいりつ	sự đối lập, mâu thuẫn	Đối Lập
n3_advanced_drafts	batch_0311_0320	R_0320	ESG投資	ESGとうし	đầu tư ESG (môi trường, xã hội, quản trị doanh nghiệp)	Đầu Tư
n3_advanced_drafts	batch_0321_0330	R_0321	暗号資産	あんごうしさん	tài sản mã hóa, tiền điện tử	Ám Hào Tư Sản
n3_advanced_drafts	batch_0321_0330	R_0321	改ざん	かいざん	việc giả mạo, sửa đổi gian lận	Cải
n3_advanced_drafts	batch_0321_0330	R_0321	信頼性	しんらいせい	độ tin cậy	Tín Lại Tính
n3_advanced_drafts	batch_0321_0330	R_0321	活用する	かつようする	tận dụng, vận dụng	Hoạt Dụng
n3_advanced_drafts	batch_0321_0330	R_0321	損失	そんしつ	thua lỗ, tổn thất	Tổn Thất
n3_advanced_drafts	batch_0321_0330	R_0321	変動する	へんどうする	biến động	Biến Động
n3_advanced_drafts	batch_0321_0330	R_0321	欲望	よくぼう	ham muốn, dục vọng	Dục Vọng
n3_advanced_drafts	batch_0321_0330	R_0321	規制	きせい	quy định, sự kiểm soát	Quy Chế
n3_advanced_drafts	batch_0321_0330	R_0321	普及	ふきゅう	sự phổ biến	Phổ Cập
n3_advanced_drafts	batch_0321_0330	R_0321	発揮する	はっきする	phát huy	Phát Huy
n3_advanced_drafts	batch_0321_0330	R_0322	哲学者	てつがくしゃ	triết gia, nhà triết học	Triết Học Giả
n3_advanced_drafts	batch_0321_0330	R_0322	追求	ついきゅう	sự theo đuổi	Truy Cầu
n3_advanced_drafts	batch_0321_0330	R_0322	見出す	みいだす	tìm ra, phát hiện	Kiến Xuất
n3_advanced_drafts	batch_0321_0330	R_0322	空しさ	むなしさ	sự trống rỗng, hư vô	Không
n3_advanced_drafts	batch_0321_0330	R_0322	絆	きずな	sợi dây liên kết, mối ràng buộc	Bán
n3_advanced_drafts	batch_0321_0330	R_0322	情熱を注ぐ	じょうねつをそそぐ	dồn nhiệt huyết, đặt đam mê	Tình Nhiệt Chú
n3_advanced_drafts	batch_0321_0330	R_0322	乗り越える	のりこえる	vượt qua	Thừa Việt
n3_advanced_drafts	batch_0321_0330	R_0322	価値観	かちかん	quan niệm giá trị, hệ giá trị	Giá Trị Quan
n3_advanced_drafts	batch_0321_0330	R_0322	生涯	しょうがい	cả đời, cuộc đời	Sanh Nhai
n3_advanced_drafts	batch_0321_0330	R_0322	味わう	あじわう	thưởng thức, nếm trải	Vị
n3_advanced_drafts	batch_0321_0330	R_0323	引きこもり	ひきこもり	hikikomori, người tự cô lập trong nhà	Dẫn
n3_advanced_drafts	batch_0321_0330	R_0323	陥る	おちいる	rơi vào (tình trạng xấu)	Hãm
n3_advanced_drafts	batch_0321_0330	R_0323	叱責	しっせき	sự khiển trách, quở mắng	Sất Trách
n3_advanced_drafts	batch_0321_0330	R_0323	当事者	とうじしゃ	người trong cuộc, đương sự	Đương Sự Giả
n3_advanced_drafts	batch_0321_0330	R_0323	閉じこもる	とじこもる	đóng cửa ở yên trong, tự nhốt mình	Bế
n3_advanced_drafts	batch_0321_0330	R_0323	踏み出す	ふみだす	bước ra, bước tới	Đạp Xuất
n3_advanced_drafts	batch_0321_0330	R_0323	蓄積	ちくせき	sự tích tụ, tích lũy	Súc Tích
n3_advanced_drafts	batch_0321_0330	R_0323	自治体	じちたい	chính quyền địa phương, tự trị thể	Tự Trì Thể
n3_advanced_drafts	batch_0321_0330	R_0323	居場所	いばしょ	nơi thuộc về, chỗ dung thân	Cư Tràng Sở
n3_advanced_drafts	batch_0321_0330	R_0323	孤立	こりつ	sự cô lập, đơn độc	Cô Lập
n3_advanced_drafts	batch_0321_0330	R_0323	抱え込む	かかえこむ	ôm hết vào lòng, một mình gánh chịu	Bão Nhập
n3_advanced_drafts	batch_0321_0330	R_0323	8050問題	はちまるごーまるもんだい	vấn đề 8050: cha mẹ 80 tuổi phải nuôi con 50 tuổi cô lập	Vấn Đề
n3_advanced_drafts	batch_0321_0330	R_0324	本来	ほんらい	vốn dĩ, vốn là	Bản Lai
n3_advanced_drafts	batch_0321_0330	R_0324	進学塾	しんがくじゅく	trung tâm luyện thi vào trường	Tiến Học Thục
n3_advanced_drafts	batch_0321_0330	R_0324	選択肢	せんたくし	lựa chọn, sự lựa chọn	Tuyển Trạch Chi
n3_advanced_drafts	batch_0321_0330	R_0324	自己肯定感	じここうていかん	cảm giác tự khẳng định bản thân	Tự Kỉ Khẳng Định Cảm
n3_advanced_drafts	batch_0321_0330	R_0324	伸び悩む	のびなやむ	không tiến triển, bế tắc	Thân Não
n3_advanced_drafts	batch_0321_0330	R_0324	思い込む	おもいこむ	ngộ nhận, đinh ninh	Tư Nhập
n3_advanced_drafts	batch_0321_0330	R_0324	奨学金	しょうがくきん	học bổng	Tưởng Học Kim
n3_advanced_drafts	batch_0321_0330	R_0324	免除	めんじょ	miễn (giảm), bãi miễn	Miễn Trừ
n3_advanced_drafts	batch_0321_0330	R_0324	機会均等	きかいきんとう	bình đẳng về cơ hội	Ki Hội Quân Đẳng
n3_advanced_drafts	batch_0321_0330	R_0324	使命	しめい	sứ mệnh	Sử Mệnh
n3_advanced_drafts	batch_0321_0330	R_0324	コロナ禍	コロナか	đại dịch corona, thời kỳ khó khăn vì corona	Họa
n3_advanced_drafts	batch_0321_0330	R_0325	海洋	かいよう	đại dương, biển khơi	Hải Dương
n3_advanced_drafts	batch_0321_0330	R_0325	汚染	おせん	ô nhiễm	Ô Nhiễm
n3_advanced_drafts	batch_0321_0330	R_0325	粒子	りゅうし	hạt, phân tử	Lạp Tử
n3_advanced_drafts	batch_0321_0330	R_0325	分解	ぶんかい	phân hủy, phân giải	Phân Giải
n3_advanced_drafts	batch_0321_0330	R_0325	蓄積	ちくせき	tích tụ, dồn lại	Súc Tích
n3_advanced_drafts	batch_0321_0330	R_0325	生態系	せいたいけい	hệ sinh thái	Sanh Thái Hệ
n3_advanced_drafts	batch_0321_0330	R_0325	使い捨て	つかいすて	dùng một lần rồi vứt	Sử Xá
n3_advanced_drafts	batch_0321_0330	R_0325	素材	そざい	vật liệu, chất liệu	Tố Tài
n3_advanced_drafts	batch_0321_0330	R_0325	国境	こっきょう	biên giới quốc gia	Quốc Cảnh
n3_advanced_drafts	batch_0321_0330	R_0325	連携	れんけい	sự hợp tác, liên kết	Liên Huề
n3_advanced_drafts	batch_0321_0330	R_0326	優越的	ゆうえつてき	có tính ưu thế, vượt trội	Ưu Việt Đích
n3_advanced_drafts	batch_0321_0330	R_0326	苦痛	くつう	đau khổ, đau đớn	Khổ Thống
n3_advanced_drafts	batch_0321_0330	R_0326	怒鳴る	どなる	la mắng, quát tháo	Nộ Minh
n3_advanced_drafts	batch_0321_0330	R_0326	人格	じんかく	nhân cách	Nhân Cách
n3_advanced_drafts	batch_0321_0330	R_0326	加害者	かがいしゃ	kẻ gây hại, thủ phạm	Gia Hại Giả
n3_advanced_drafts	batch_0321_0330	R_0326	意欲	いよく	ý chí, động lực	Ý Dục
n3_advanced_drafts	batch_0321_0330	R_0326	精神疾患	せいしんしっかん	bệnh tâm thần	Tinh Thần Tật Hoạn
n3_advanced_drafts	batch_0321_0330	R_0326	泣き寝入り	なきねいり	nuốt nước mắt chịu đựng, ngậm bồ hòn	Khấp Tẩm Nhập
n3_advanced_drafts	batch_0321_0330	R_0326	施行	しこう	thi hành, ban hành	Thi Hành
n3_advanced_drafts	batch_0321_0330	R_0326	義務づける	ぎむづける	bắt buộc, quy định nghĩa vụ	Nghĩa Vụ
n3_advanced_drafts	batch_0321_0330	R_0326	抱え込む	かかえこむ	ôm trong lòng, gánh một mình	Bão Nhập
n3_advanced_drafts	batch_0321_0330	R_0326	カスタマーハラスメント	カスタマーハラスメント	quấy rối từ phía khách hàng (kashira)	
n3_advanced_drafts	batch_0321_0330	R_0327	略	りゃく	viết tắt, giản lược	Lược
n3_advanced_drafts	batch_0321_0330	R_0327	普及	ふきゅう	sự phổ biến, lan rộng	Phổ Cập
n3_advanced_drafts	batch_0321_0330	R_0327	のぞく	のぞく	nhìn vào, lén nhìn	
n3_advanced_drafts	batch_0321_0330	R_0327	投稿	とうこう	bài đăng, sự đăng tải	Đầu Cảo
n3_advanced_drafts	batch_0321_0330	R_0327	孤独感	こどくかん	cảm giác cô độc	Cô Độc Cảm
n3_advanced_drafts	batch_0321_0330	R_0327	皮肉	ひにく	mỉa mai, châm biếm	Bì Nhục
n3_advanced_drafts	batch_0321_0330	R_0327	傾向	けいこう	xu hướng	Khuynh Hướng
n3_advanced_drafts	batch_0321_0330	R_0327	焦り	あせり	sự sốt ruột, vội vàng	Tiêu
n3_advanced_drafts	batch_0321_0330	R_0327	余裕	よゆう	sự thư thái, dư dả	Dư Dụ
n3_advanced_drafts	batch_0321_0330	R_0327	ハイライト	ハイライト	điểm sáng, khoảnh khắc nổi bật	
n3_advanced_drafts	batch_0321_0330	R_0327	穏やか	おだやか	bình yên, êm dịu	Ổn
n3_advanced_drafts	batch_0321_0330	R_0327	デジタルデトックス	デジタルデトックス	digital detox — tách khỏi thiết bị số có chủ đích	
n3_advanced_drafts	batch_0321_0330	R_0328	個人情報	こじんじょうほう	thông tin cá nhân	Cá Nhân Tình Báo
n3_advanced_drafts	batch_0321_0330	R_0328	保護法	ほごほう	luật bảo vệ	Bảo Hộ Pháp
n3_advanced_drafts	batch_0321_0330	R_0328	行政機関	ぎょうせいきかん	cơ quan hành chính	Hành Chánh Ki Quan
n3_advanced_drafts	batch_0321_0330	R_0328	流出	りゅうしゅつ	sự rò rỉ, sự thoát ra ngoài	Lưu Xuất
n3_advanced_drafts	batch_0321_0330	R_0328	第三者	だいさんしゃ	bên thứ ba	Đệ Tam Giả
n3_advanced_drafts	batch_0321_0330	R_0328	漏えい	ろうえい	sự rò rỉ (thông tin)	Lậu
n3_advanced_drafts	batch_0321_0330	R_0328	監督機関	かんとくきかん	cơ quan giám sát	Giam Đốc Ki Quan
n3_advanced_drafts	batch_0321_0330	R_0328	義務付ける	ぎむづける	bắt buộc, quy định nghĩa vụ	Nghĩa Vụ Phó
n3_advanced_drafts	batch_0321_0330	R_0328	規制	きせい	quy định, sự điều chỉnh	Quy Chế
n3_advanced_drafts	batch_0321_0330	R_0328	出所	しゅっしょ	nguồn gốc, xuất xứ	Xuất Sở
n3_advanced_drafts	batch_0321_0330	R_0328	マイナンバーカード	マイナンバーカード	thẻ My Number (thẻ số định danh cá nhân Nhật Bản)	
n3_advanced_drafts	batch_0321_0330	R_0329	断り方	ことわりかた	cách từ chối	Đoạn Phương
n3_advanced_drafts	batch_0321_0330	R_0329	曖昧	あいまい	mơ hồ, không rõ ràng	Ái Muội
n3_advanced_drafts	batch_0321_0330	R_0329	遠回し	とおまわし	vòng vo, gián tiếp	Viễn Hồi
n3_advanced_drafts	batch_0321_0330	R_0329	思いやり	おもいやり	sự quan tâm, sự ân cần	Tư
n3_advanced_drafts	batch_0321_0330	R_0329	本音	ほんね	suy nghĩ thật, lòng thật	Bản Âm
n3_advanced_drafts	batch_0321_0330	R_0329	手がかり	てがかり	manh mối, đầu mối	Thủ
n3_advanced_drafts	batch_0321_0330	R_0329	繊細	せんさい	tinh tế, nhạy cảm	Tiêm Tế
n3_advanced_drafts	batch_0321_0330	R_0329	依然として	いぜんとして	vẫn còn (như cũ), vẫn	Y Nhiên
n3_advanced_drafts	batch_0321_0330	R_0329	円滑	えんかつ	suôn sẻ, trơn tru	Viên Hoạt
n3_advanced_drafts	batch_0321_0330	R_0329	本音と建前	ほんねとたてまえ	suy nghĩ thật (honne) và thái độ bên ngoài (tatemae) — hai mặt của giao tiếp Nhật	Bản Âm Kiến Tiền
n3_advanced_drafts	batch_0321_0330	R_0330	異常気象	いじょうきしょう	thời tiết cực đoan, thời tiết bất thường	Dị Thường Khí Tượng
n3_advanced_drafts	batch_0321_0330	R_0330	猛暑	もうしょ	nắng nóng dữ dội	Mãnh Thử
n3_advanced_drafts	batch_0321_0330	R_0330	干ばつ	かんばつ	hạn hán	Kiền
n3_advanced_drafts	batch_0321_0330	R_0330	豪雨	ごうう	mưa lớn, mưa xối xả	Hào Vũ
n3_advanced_drafts	batch_0321_0330	R_0330	産業革命	さんぎょうかくめい	cuộc cách mạng công nghiệp	Sản Nghiệp Cách Mệnh
n3_advanced_drafts	batch_0321_0330	R_0330	侵食	しんしょく	sự xói mòn	Xâm Thực
n3_advanced_drafts	batch_0321_0330	R_0330	余儀なくされる	よぎなくされる	bị buộc phải, không còn lựa chọn nào khác	Dư Nghi
n3_advanced_drafts	batch_0321_0330	R_0330	生態系	せいたいけい	hệ sinh thái	Sanh Thái Hệ
n3_advanced_drafts	batch_0321_0330	R_0330	温室効果ガス	おんしつこうかガス	khí nhà kính	Ôn Thất Hiệu Quả
n3_advanced_drafts	batch_0321_0330	R_0330	排出	はいしゅつ	sự phát thải, sự thải ra	Bài Xuất
n3_advanced_drafts	batch_0321_0330	R_0330	省エネ	しょうエネ	tiết kiệm năng lượng	Tỉnh
n3_advanced_drafts	batch_0321_0330	R_0330	熱中症警戒アラート	ねっちゅうしょうけいかいアラート	cảnh báo say nắng (hệ thống cảnh báo quốc gia Nhật từ 2021, cấp đặc biệt từ 2024)	Nhiệt Trung Chứng Cảnh Giới
n3_advanced_drafts	batch_0331_0340	R_0331	人工知能	じんこうちのう	trí tuệ nhân tạo	Nhân Công Tri Năng
n3_advanced_drafts	batch_0331_0340	R_0331	偽物	にせもの	đồ giả, hàng giả	Ngụy Vật
n3_advanced_drafts	batch_0331_0340	R_0331	鮮明	せんめい	rõ nét, rõ ràng	Tiên Minh
n3_advanced_drafts	batch_0331_0340	R_0331	詐欺	さぎ	lừa đảo	Trá Khi
n3_advanced_drafts	batch_0331_0340	R_0331	送金	そうきん	chuyển tiền	Tống Kim
n3_advanced_drafts	batch_0331_0340	R_0331	悪用	あくよう	lợi dụng cho mục đích xấu	Ác Dụng
n3_advanced_drafts	batch_0331_0340	R_0331	情報源	じょうほうげん	nguồn thông tin	Tình Báo Nguyên
n3_advanced_drafts	batch_0331_0340	R_0331	賢明	けんめい	khôn ngoan, sáng suốt	Hiền Minh
n3_advanced_drafts	batch_0331_0340	R_0331	真偽	しんぎ	thật giả, tính xác thực	Chân Ngụy
n3_advanced_drafts	batch_0331_0340	R_0331	見極める	みきわめる	phân biệt rõ, nhìn thấu	Kiến Cực
n3_advanced_drafts	batch_0331_0340	R_0331	生成AI	せいせいAI	AI tạo sinh (Generative AI, vd ChatGPT)	Sanh Thành
n3_advanced_drafts	batch_0331_0340	R_0332	起業家	きぎょうか	doanh nhân, người khởi nghiệp	Khởi Nghiệp Gia
n3_advanced_drafts	batch_0331_0340	R_0332	貧困	ひんこん	nghèo đói	Bần Khốn
n3_advanced_drafts	batch_0331_0340	R_0332	環境破壊	かんきょうはかい	phá hoại môi trường	Hoàn Cảnh Phá Hoại
n3_advanced_drafts	batch_0331_0340	R_0332	発展途上国	はってんとじょうこく	nước đang phát triển	Phát Triển Đồ Thượng Quốc
n3_advanced_drafts	batch_0331_0340	R_0332	手工芸品	しゅこうげいひん	đồ thủ công mỹ nghệ	Thủ Công Vân Phẩm
n3_advanced_drafts	batch_0331_0340	R_0332	公正	こうせい	công bằng, minh bạch	Công Chánh
n3_advanced_drafts	batch_0331_0340	R_0332	継承	けいしょう	kế thừa, tiếp nối	Kế Thừa
n3_advanced_drafts	batch_0331_0340	R_0332	資金調達	しきんちょうたつ	huy động vốn	Tư Kim Điều Đạt
n3_advanced_drafts	batch_0331_0340	R_0332	理念	りねん	triết lý, tư tưởng cốt lõi	Lí Niệm
n3_advanced_drafts	batch_0331_0340	R_0332	投資	とうし	đầu tư	Đầu Tư
n3_advanced_drafts	batch_0331_0340	R_0332	SDGs	エスディージーズ	Mục tiêu phát triển bền vững (Sustainable Development Goals)	
n3_advanced_drafts	batch_0331_0340	R_0332	掲げる	かかげる	giương cao, đề ra (lý tưởng, mục tiêu)	Yết
n3_advanced_drafts	batch_0331_0340	R_0333	書道	しょどう	thư pháp	Thư Đạo
n3_advanced_drafts	batch_0331_0340	R_0333	墨	すみ	mực tàu	Mặc
n3_advanced_drafts	batch_0331_0340	R_0333	筆	ふで	bút lông	Bút
n3_advanced_drafts	batch_0331_0340	R_0333	書道家	しょどうか	nhà thư pháp	Thư Đạo Gia
n3_advanced_drafts	batch_0331_0340	R_0333	迷い	まよい	sự do dự, phân vân	Mê
n3_advanced_drafts	batch_0331_0340	R_0333	茶道	さどう	trà đạo	Trà Đạo
n3_advanced_drafts	batch_0331_0340	R_0333	華道	かどう	hoa đạo	Hoa Đạo
n3_advanced_drafts	batch_0331_0340	R_0333	人格	じんかく	nhân cách	Nhân Cách
n3_advanced_drafts	batch_0331_0340	R_0333	濃淡	のうたん	đậm nhạt	Nùng Đạm
n3_advanced_drafts	batch_0331_0340	R_0333	精神性	せいしんせい	tính tinh thần, đời sống tinh thần	Tinh Thần Tính
n3_advanced_drafts	batch_0331_0340	R_0333	習字	しゅうじ	tập viết chữ đẹp (thường dùng cho trẻ em học ở trường, khác với 書道 = thư pháp nghệ thuật)	Tập Tự
n3_advanced_drafts	batch_0331_0340	R_0334	共生	きょうせい	cùng chung sống	Cộng Sanh
n3_advanced_drafts	batch_0331_0340	R_0334	少子高齢化	しょうしこうれいか	ít trẻ em và già hóa dân số	Thiểu Tử Cao Linh Hóa
n3_advanced_drafts	batch_0331_0340	R_0334	摩擦	まさつ	sự ma sát, xung đột	Ma Sát
n3_advanced_drafts	batch_0331_0340	R_0334	遠回しな表現	とおまわしなひょうげん	cách diễn đạt vòng vo	Viễn Hồi Biểu Hiện
n3_advanced_drafts	batch_0331_0340	R_0334	排除する	はいじょする	loại bỏ, gạt ra	Bài Trừ
n3_advanced_drafts	batch_0331_0340	R_0334	多様性	たようせい	tính đa dạng	Đa Dạng Tính
n3_advanced_drafts	batch_0331_0340	R_0334	歩み寄る	あゆみよる	cùng nhường nhịn, gặp nhau ở giữa	Bộ Kí
n3_advanced_drafts	batch_0331_0340	R_0334	配慮	はいりょ	sự quan tâm chu đáo	Phối Lự
n3_advanced_drafts	batch_0331_0340	R_0334	競争力	きょうそうりょく	sức cạnh tranh	Cạnh Tranh Lực
n3_advanced_drafts	batch_0331_0340	R_0334	創造性	そうぞうせい	tính sáng tạo	Sang Tạo Tính
n3_advanced_drafts	batch_0331_0340	R_0334	特定技能	とくていぎのう	kỹ năng đặc định (hệ thống thị thực lao động Nhật 2019)	Đặc Định Kĩ Năng
n3_advanced_drafts	batch_0331_0340	R_0335	頭文字	かしらもじ	chữ cái đầu, viết tắt	Đầu Văn Tự
n3_advanced_drafts	batch_0331_0340	R_0335	国家戦略	こっかせんりゃく	chiến lược quốc gia	Quốc Gia Chiến Lược
n3_advanced_drafts	batch_0331_0340	R_0335	必修化	ひっしゅうか	việc đưa vào bắt buộc	Tất Tu Hóa
n3_advanced_drafts	batch_0331_0340	R_0335	工作	こうさく	thủ công, chế tác	Công Tác
n3_advanced_drafts	batch_0331_0340	R_0335	思考方法	しこうほうほう	phương pháp tư duy	Tư Khảo Phương Pháp
n3_advanced_drafts	batch_0331_0340	R_0335	普及する	ふきゅうする	phổ biến, lan rộng	Phổ Cập
n3_advanced_drafts	batch_0331_0340	R_0335	不可欠	ふかけつ	không thể thiếu	Bất Khả Khiếm
n3_advanced_drafts	batch_0331_0340	R_0335	理系	りけい	khối khoa học (tự nhiên, kỹ thuật)	Lí Hệ
n3_advanced_drafts	batch_0331_0340	R_0335	進学率	しんがくりつ	tỷ lệ tiếp tục lên học cao hơn	Tiến Học Suất
n3_advanced_drafts	batch_0331_0340	R_0335	偏見	へんけん	định kiến	Thiên Kiến
n3_advanced_drafts	batch_0331_0340	R_0335	論理的	ろんりてき	tính logic	Luận Lí Đích
n3_advanced_drafts	batch_0331_0340	R_0335	GIGAスクール構想	ギガスクールこうそう	Chương trình GIGA School - mỗi học sinh một thiết bị (chính sách giáo dục Nhật)	Cấu Tưởng
n3_advanced_drafts	batch_0331_0340	R_0336	口腔ケア	こうくうケア	chăm sóc răng miệng	Khẩu Khang
n3_advanced_drafts	batch_0331_0340	R_0336	虫歯	むしば	sâu răng	Trùng Xỉ
n3_advanced_drafts	batch_0331_0340	R_0336	歯周病	ししゅうびょう	viêm nha chu	Xỉ Chu Bệnh
n3_advanced_drafts	batch_0331_0340	R_0336	肺炎	はいえん	viêm phổi	Phế Viêm
n3_advanced_drafts	batch_0331_0340	R_0336	唾液	だえき	nước bọt	Thóa Dịch
n3_advanced_drafts	batch_0331_0340	R_0336	入れ歯	いれば	răng giả	Nhập Xỉ
n3_advanced_drafts	batch_0331_0340	R_0336	誤嚥性肺炎	ごえんせいはいえん	viêm phổi do hít sặc	Ngộ Yết Tính Phế Viêm
n3_advanced_drafts	batch_0331_0340	R_0336	免疫力	めんえきりょく	sức đề kháng, miễn dịch	Miễn Dịch Lực
n3_advanced_drafts	batch_0331_0340	R_0336	認知症	にんちしょう	sa sút trí tuệ	Nhận Tri Chứng
n3_advanced_drafts	batch_0331_0340	R_0336	歯科検診	しかけんしん	khám nha khoa	Xỉ Khoa Kiểm Chẩn
n3_advanced_drafts	batch_0331_0340	R_0336	健康寿命	けんこうじゅみょう	tuổi thọ khỏe mạnh	Kiện Khang Thọ Mệnh
n3_advanced_drafts	batch_0331_0340	R_0336	8020運動	はちまるにいまるうんどう	Phong trào 8020 - mục tiêu giữ 20 răng đến 80 tuổi	Vận Động
n3_advanced_drafts	batch_0331_0340	R_0336	悪循環	あくじゅんかん	vòng luẩn quẩn	Ác Tuần Hoàn
n3_advanced_drafts	batch_0331_0340	R_0337	光熱費	こうねつひ	chi phí điện nước, chi phí năng lượng sinh hoạt	Quang Nhiệt Phí
n3_advanced_drafts	batch_0331_0340	R_0337	圧迫	あっぱく	siết chặt, đè nén	Áp Bách
n3_advanced_drafts	batch_0331_0340	R_0337	高騰	こうとう	tăng vọt, leo thang	Cao Đằng
n3_advanced_drafts	batch_0331_0340	R_0337	実質的	じっしつてき	mang tính thực chất, thực tế	Thực Chất Đích
n3_advanced_drafts	batch_0331_0340	R_0337	打撃	だげき	cú đánh, tổn hại	Đả Kích
n3_advanced_drafts	batch_0331_0340	R_0337	補助	ほじょ	trợ cấp, hỗ trợ	Bổ Trợ
n3_advanced_drafts	batch_0331_0340	R_0337	生産性	せいさんせい	năng suất	Sanh Sản Tính
n3_advanced_drafts	batch_0331_0340	R_0337	還元	かんげん	hoàn lại, trả về	Hoàn Nguyên
n3_advanced_drafts	batch_0331_0340	R_0337	節約	せつやく	tiết kiệm	Tiết Ước
n3_advanced_drafts	batch_0331_0340	R_0337	年金	ねんきん	lương hưu	Niên Kim
n3_advanced_drafts	batch_0331_0340	R_0337	春闘	しゅんとう	đàm phán lương xuân (đàm phán tăng lương hàng năm giữa công đoàn và doanh nghiệp Nhật)	Xuân Đấu
n3_advanced_drafts	batch_0331_0340	R_0337	賃金	ちんぎん	tiền lương, lương công nhân	Nhẫm Kim
n3_advanced_drafts	batch_0331_0340	R_0338	陳列	ちんれつ	trưng bày, sắp xếp hàng hóa	Trần Liệt
n3_advanced_drafts	batch_0331_0340	R_0338	衝動買い	しょうどうがい	mua hàng theo bản năng, mua bốc đồng	Xung Động Mãi
n3_advanced_drafts	batch_0331_0340	R_0338	仕掛け	しかけ	mẹo, sắp đặt có chủ đích	Sĩ Quải
n3_advanced_drafts	batch_0331_0340	R_0338	購買意欲	こうばいいよく	ý muốn mua, ham muốn tiêu dùng	Cấu Mãi Ý Dục
n3_advanced_drafts	batch_0331_0340	R_0338	動機づけ	どうきづけ	sự tạo động lực	Động Ki
n3_advanced_drafts	batch_0331_0340	R_0338	フィードバック	フィードバック	phản hồi	
n3_advanced_drafts	batch_0331_0340	R_0338	生活習慣	せいかつしゅうかん	thói quen sinh hoạt	Sanh Hoạt Tập Quán
n3_advanced_drafts	batch_0331_0340	R_0338	操る	あやつる	thao túng, điều khiển	Thao
n3_advanced_drafts	batch_0331_0340	R_0338	倫理的	りんりてき	mang tính đạo đức	Luân Lí Đích
n3_advanced_drafts	batch_0331_0340	R_0338	警鐘を鳴らす	けいしょうをならす	gióng hồi chuông cảnh báo	Cảnh Chung Minh
n3_advanced_drafts	batch_0331_0340	R_0338	ナッジ理論	ナッジりろん	Lý thuyết Nudge - khuyến khích hành vi bằng cách thiết kế lựa chọn (Nobel Kinh tế 2017)	Lí Luận
n3_advanced_drafts	batch_0331_0340	R_0339	ハクビシン	ハクビシン	cầy hương (động vật)	
n3_advanced_drafts	batch_0331_0340	R_0339	生活圏	せいかつけん	vùng sinh hoạt	Sanh Hoạt Quyển
n3_advanced_drafts	batch_0331_0340	R_0339	残飯	ざんぱん	đồ ăn thừa, cơm thừa	Tàn Phạn
n3_advanced_drafts	batch_0331_0340	R_0339	生物多様性	せいぶつたようせい	đa dạng sinh học	Sanh Vật Đa Dạng Tính
n3_advanced_drafts	batch_0331_0340	R_0339	媒介	ばいかい	lây truyền, trung gian truyền	Môi Giới
n3_advanced_drafts	batch_0331_0340	R_0339	自治体	じちたい	chính quyền địa phương	Tự Trì Thể
n3_advanced_drafts	batch_0331_0340	R_0339	依存	いぞん	phụ thuộc	Y Tồn
n3_advanced_drafts	batch_0331_0340	R_0339	共生	きょうせい	cộng sinh, sống chung	Cộng Sanh
n3_advanced_drafts	batch_0331_0340	R_0339	衝突	しょうとつ	xung đột, va chạm	Xung Đột
n3_advanced_drafts	batch_0331_0340	R_0339	調和	ちょうわ	sự hài hòa	Điều Hòa
n3_advanced_drafts	batch_0331_0340	R_0339	鳥獣保護管理法	ちょうじゅうほごかんりほう	Luật bảo vệ và quản lý chim thú hoang dã (sửa đổi 2024)	Điểu Thú Bảo Hộ Quản Lí Pháp
n3_advanced_drafts	batch_0331_0340	R_0340	人工知能	じんこうちのう	trí tuệ nhân tạo	Nhân Công Tri Năng
n3_advanced_drafts	batch_0331_0340	R_0340	自動化	じどうか	tự động hóa	Tự Động Hóa
n3_advanced_drafts	batch_0331_0340	R_0340	人件費	じんけんひ	chi phí nhân sự	Nhân Kiện Phí
n3_advanced_drafts	batch_0331_0340	R_0340	削減	さくげん	cắt giảm	Tước Giảm
n3_advanced_drafts	batch_0331_0340	R_0340	単純作業	たんじゅんさぎょう	công việc thao tác đơn giản	Đơn Thuần Tác Nghiệp
n3_advanced_drafts	batch_0331_0340	R_0340	共感	きょうかん	đồng cảm	Cộng Cảm
n3_advanced_drafts	batch_0331_0340	R_0340	判断力	はんだんりょく	khả năng phán đoán	Phán Đoạn Lực
n3_advanced_drafts	batch_0331_0340	R_0340	倫理	りんり	đạo đức, luân lý	Luân Lí
n3_advanced_drafts	batch_0331_0340	R_0340	左右される	さゆうされる	bị chi phối, bị tác động	Tả Hữu
n3_advanced_drafts	batch_0331_0340	R_0340	覚悟	かくご	quyết tâm, sự sẵn sàng	Giác Ngộ
n3_advanced_drafts	batch_0331_0340	R_0340	生成AI	せいせいAI	AI tạo sinh (Generative AI, vd ChatGPT, Gemini)	Sanh Thành
n3_advanced_drafts	batch_0331_0340	R_0340	奪う	うばう	cướp đoạt, lấy đi	Đoạt
